  0
SECTION
  2
HEADER
  9
$ANGBASE
  50
0.0
  9
$ANGDIR
  70
1
  9
$MEASUREMENT
  70
0
  0
ENDSEC
  0
SECTION
  2
TABLES
  0
TABLE
  2
LTYPE
  70
4
  0
LTYPE
  5
40F
  2
CONTINUOUS
  70
0
  3
Solid line
  72
65
  73
0
  40
0.0
  0
LTYPE
  5
410
  2
DASHDOT
 70
0
  3
Dash Dot ____ _ ____ _
 72
65
 73
4
 40
2.0
 49
1.25
 49
-0.25
 49
0.25
 49
-0.25
  0
LTYPE
  5
411
  2
DASHED
 70
0
  3
Dashed __ __ __ __ __
 72
65
 73
2
 40
0.75
 49
0.5
 49
-0.25
  0
LTYPE
  5
43B
  2
DOTTED
 70
0
  3
Dotted .  .  .  .
 72
65
 73
2
 40
0.2
 49
0.0
 49
-0.2
  0
ENDTAB
  0
TABLE
  2
STYLE
  70
4
  0
STYLE
  2
KICAD
  70
0
  40
0
  41
1
  42
1
  50
0
  71
0
  3
isocp.shx
  0
STYLE
  2
KICADB
  70
0
  40
0
  41
1
  42
1
  50
0
  71
0
  3
isocp.shx
  0
STYLE
  2
KICADI
  70
0
  40
0
  41
1
  42
1
  50
15
  71
0
  3
isocp.shx
  0
STYLE
  2
KICADBI
  70
0
  40
0
  41
1
  42
1
  50
15
  71
0
  3
isocp.shx
  0
ENDTAB
  0
TABLE
  2
LAYER
  70
1
  0
LAYER
  2
BLACK
  70
0
  62
7
  6
CONTINUOUS
  0
ENDTAB
  0
ENDSEC
  0
SECTION
  2
ENTITIES
0
LINE
8
BLACK
6
CONTINUOUS
10
5.9300994881889766
20
-4.6336871259842516
11
5.8700994881889761
21
-4.6336871259842516
0
LINE
8
BLACK
6
CONTINUOUS
10
5.8700994881889761
20
-4.6336871259842516
11
5.8700994881889761
21
-4.573687125984252
0
LINE
8
BLACK
6
CONTINUOUS
10
5.8700994881889761
20
-4.573687125984252
11
5.9300994881889766
21
-4.573687125984252
0
LINE
8
BLACK
6
CONTINUOUS
10
5.9300994881889766
20
-4.573687125984252
11
5.9300994881889766
21
-4.6336871259842516
0
LINE
8
BLACK
6
CONTINUOUS
10
6.3300994881889761
20
-4.7336871259842521
11
6.2700994881889764
21
-4.7336871259842521
0
LINE
8
BLACK
6
CONTINUOUS
10
6.2700994881889764
20
-4.7336871259842521
11
6.2700994881889764
21
-4.6736871259842516
0
LINE
8
BLACK
6
CONTINUOUS
10
6.2700994881889764
20
-4.6736871259842516
11
6.3300994881889761
21
-4.6736871259842516
0
LINE
8
BLACK
6
CONTINUOUS
10
6.3300994881889761
20
-4.6736871259842516
11
6.3300994881889761
21
-4.7336871259842521
0
LINE
8
BLACK
6
CONTINUOUS
10
6.3300994881889761
20
-4.6336871259842516
11
6.2700994881889764
21
-4.6336871259842516
0
LINE
8
BLACK
6
CONTINUOUS
10
6.2700994881889764
20
-4.6336871259842516
11
6.2700994881889764
21
-4.573687125984252
0
LINE
8
BLACK
6
CONTINUOUS
10
6.2700994881889764
20
-4.573687125984252
11
6.3300994881889761
21
-4.573687125984252
0
LINE
8
BLACK
6
CONTINUOUS
10
6.3300994881889761
20
-4.573687125984252
11
6.3300994881889761
21
-4.6336871259842516
0
LINE
8
BLACK
6
CONTINUOUS
10
5.9300994881889766
20
-4.7336871259842521
11
5.8700994881889761
21
-4.7336871259842521
0
LINE
8
BLACK
6
CONTINUOUS
10
5.8700994881889761
20
-4.7336871259842521
11
5.8700994881889761
21
-4.6736871259842516
0
LINE
8
BLACK
6
CONTINUOUS
10
5.8700994881889761
20
-4.6736871259842516
11
5.9300994881889766
21
-4.6736871259842516
0
LINE
8
BLACK
6
CONTINUOUS
10
5.9300994881889766
20
-4.6736871259842516
11
5.9300994881889766
21
-4.7336871259842521
0
LINE
8
BLACK
6
CONTINUOUS
10
6.0300994881889762
20
-4.7336871259842521
11
5.9700994881889766
21
-4.7336871259842521
0
LINE
8
BLACK
6
CONTINUOUS
10
5.9700994881889766
20
-4.7336871259842521
11
5.9700994881889766
21
-4.6736871259842516
0
LINE
8
BLACK
6
CONTINUOUS
10
5.9700994881889766
20
-4.6736871259842516
11
6.0300994881889762
21
-4.6736871259842516
0
LINE
8
BLACK
6
CONTINUOUS
10
6.0300994881889762
20
-4.6736871259842516
11
6.0300994881889762
21
-4.7336871259842521
0
LINE
8
BLACK
6
CONTINUOUS
10
6.1300994881889759
20
-4.7336871259842521
11
6.0700994881889763
21
-4.7336871259842521
0
LINE
8
BLACK
6
CONTINUOUS
10
6.0700994881889763
20
-4.7336871259842521
11
6.0700994881889763
21
-4.6736871259842516
0
LINE
8
BLACK
6
CONTINUOUS
10
6.0700994881889763
20
-4.6736871259842516
11
6.1300994881889759
21
-4.6736871259842516
0
LINE
8
BLACK
6
CONTINUOUS
10
6.1300994881889759
20
-4.6736871259842516
11
6.1300994881889759
21
-4.7336871259842521
0
LINE
8
BLACK
6
CONTINUOUS
10
6.1300994881889759
20
-4.6336871259842516
11
6.0700994881889763
21
-4.6336871259842516
0
LINE
8
BLACK
6
CONTINUOUS
10
6.0700994881889763
20
-4.6336871259842516
11
6.0700994881889763
21
-4.573687125984252
0
LINE
8
BLACK
6
CONTINUOUS
10
6.0700994881889763
20
-4.573687125984252
11
6.1300994881889759
21
-4.573687125984252
0
LINE
8
BLACK
6
CONTINUOUS
10
6.1300994881889759
20
-4.573687125984252
11
6.1300994881889759
21
-4.6336871259842516
0
LINE
8
BLACK
6
CONTINUOUS
10
6.4300994881889766
20
-4.7336871259842521
11
6.3700994881889761
21
-4.7336871259842521
0
LINE
8
BLACK
6
CONTINUOUS
10
6.3700994881889761
20
-4.7336871259842521
11
6.3700994881889761
21
-4.6736871259842516
0
LINE
8
BLACK
6
CONTINUOUS
10
6.3700994881889761
20
-4.6736871259842516
11
6.4300994881889766
21
-4.6736871259842516
0
LINE
8
BLACK
6
CONTINUOUS
10
6.4300994881889766
20
-4.6736871259842516
11
6.4300994881889766
21
-4.7336871259842521
0
LINE
8
BLACK
6
CONTINUOUS
10
6.0300994881889762
20
-4.6336871259842516
11
5.9700994881889766
21
-4.6336871259842516
0
LINE
8
BLACK
6
CONTINUOUS
10
5.9700994881889766
20
-4.6336871259842516
11
5.9700994881889766
21
-4.573687125984252
0
LINE
8
BLACK
6
CONTINUOUS
10
5.9700994881889766
20
-4.573687125984252
11
6.0300994881889762
21
-4.573687125984252
0
LINE
8
BLACK
6
CONTINUOUS
10
6.0300994881889762
20
-4.573687125984252
11
6.0300994881889762
21
-4.6336871259842516
0
LINE
8
BLACK
6
CONTINUOUS
10
6.4300994881889766
20
-4.6336871259842516
11
6.3700994881889761
21
-4.6336871259842516
0
LINE
8
BLACK
6
CONTINUOUS
10
6.3700994881889761
20
-4.6336871259842516
11
6.3700994881889761
21
-4.573687125984252
0
LINE
8
BLACK
6
CONTINUOUS
10
6.3700994881889761
20
-4.573687125984252
11
6.4300994881889766
21
-4.573687125984252
0
LINE
8
BLACK
6
CONTINUOUS
10
6.4300994881889766
20
-4.573687125984252
11
6.4300994881889766
21
-4.6336871259842516
0
LINE
8
BLACK
6
CONTINUOUS
10
4.2419576377952755
20
-4.4682072440944882
11
4.2473909842519681
21
-4.4704578346456696
0
LINE
8
BLACK
6
CONTINUOUS
10
4.2473909842519681
20
-4.4704578346456696
11
4.2522809055118111
21
-4.473725157480315
0
LINE
8
BLACK
6
CONTINUOUS
10
4.2522809055118111
20
-4.473725157480315
11
4.2564394094488192
21
-4.477883661417323
0
LINE
8
BLACK
6
CONTINUOUS
10
4.2564394094488192
20
-4.477883661417323
11
4.2597067322834645
21
-4.4827735826771651
0
LINE
8
BLACK
6
CONTINUOUS
10
4.2597067322834645
20
-4.4827735826771651
11
4.2619573228346459
21
-4.4882069291338578
0
LINE
8
BLACK
6
CONTINUOUS
10
4.2619573228346459
20
-4.4882069291338578
11
4.2631046456692916
21
-4.4939749606299211
0
LINE
8
BLACK
6
CONTINUOUS
10
4.2631046456692916
20
-4.4939749606299211
11
4.2631046456692916
21
-4.4998559842519681
0
LINE
8
BLACK
6
CONTINUOUS
10
4.2631046456692916
20
-4.4998559842519681
11
4.2619573228346459
21
-4.5056240157480314
0
LINE
8
BLACK
6
CONTINUOUS
10
4.2619573228346459
20
-4.5056240157480314
11
4.2597067322834645
21
-4.5110573622047241
0
LINE
8
BLACK
6
CONTINUOUS
10
4.2597067322834645
20
-4.5110573622047241
11
4.2564394094488192
21
-4.5159472834645671
0
LINE
8
BLACK
6
CONTINUOUS
10
4.2564394094488192
20
-4.5159472834645671
11
4.2522809055118111
21
-4.5201057874015751
0
LINE
8
BLACK
6
CONTINUOUS
10
4.2522809055118111
20
-4.5201057874015751
11
4.2473909842519681
21
-4.5233731102362205
0
LINE
8
BLACK
6
CONTINUOUS
10
4.2473909842519681
20
-4.5233731102362205
11
4.2419576377952755
21
-4.5256237007874018
0
LINE
8
BLACK
6
CONTINUOUS
10
4.2419576377952755
20
-4.5256237007874018
11
4.2361896062992122
21
-4.5267710236220475
0
LINE
8
BLACK
6
CONTINUOUS
10
4.2361896062992122
20
-4.5267710236220475
11
4.2303085826771651
21
-4.5267710236220475
0
LINE
8
BLACK
6
CONTINUOUS
10
4.2303085826771651
20
-4.5267710236220475
11
4.2245405511811018
21
-4.5256237007874018
0
LINE
8
BLACK
6
CONTINUOUS
10
4.2245405511811018
20
-4.5256237007874018
11
4.2191072047244091
21
-4.5233731102362205
0
LINE
8
BLACK
6
CONTINUOUS
10
4.2191072047244091
20
-4.5233731102362205
11
4.214217283464567
21
-4.5201057874015751
0
LINE
8
BLACK
6
CONTINUOUS
10
4.214217283464567
20
-4.5201057874015751
11
4.210058779527559
21
-4.5159472834645671
0
LINE
8
BLACK
6
CONTINUOUS
10
4.210058779527559
20
-4.5159472834645671
11
4.2067914566929137
21
-4.5110573622047241
0
LINE
8
BLACK
6
CONTINUOUS
10
4.2067914566929137
20
-4.5110573622047241
11
4.2045408661417323
21
-4.5056240157480314
0
LINE
8
BLACK
6
CONTINUOUS
10
4.2045408661417323
20
-4.5056240157480314
11
4.2033935433070866
21
-4.4998559842519681
0
LINE
8
BLACK
6
CONTINUOUS
10
4.2033935433070866
20
-4.4998559842519681
11
4.2033935433070866
21
-4.4939749606299211
0
LINE
8
BLACK
6
CONTINUOUS
10
4.2033935433070866
20
-4.4939749606299211
11
4.2045408661417323
21
-4.4882069291338578
0
LINE
8
BLACK
6
CONTINUOUS
10
4.2045408661417323
20
-4.4882069291338578
11
4.2067914566929137
21
-4.4827735826771651
0
LINE
8
BLACK
6
CONTINUOUS
10
4.2067914566929137
20
-4.4827735826771651
11
4.210058779527559
21
-4.477883661417323
0
LINE
8
BLACK
6
CONTINUOUS
10
4.210058779527559
20
-4.477883661417323
11
4.214217283464567
21
-4.473725157480315
0
LINE
8
BLACK
6
CONTINUOUS
10
4.214217283464567
20
-4.473725157480315
11
4.2191072047244091
21
-4.4704578346456696
0
LINE
8
BLACK
6
CONTINUOUS
10
4.2191072047244091
20
-4.4704578346456696
11
4.2245405511811018
21
-4.4682072440944882
0
LINE
8
BLACK
6
CONTINUOUS
10
4.2245405511811018
20
-4.4682072440944882
11
4.2303085826771651
21
-4.4670599212598425
0
LINE
8
BLACK
6
CONTINUOUS
10
4.2303085826771651
20
-4.4670599212598425
11
4.2361896062992122
21
-4.4670599212598425
0
LINE
8
BLACK
6
CONTINUOUS
10
4.2361896062992122
20
-4.4670599212598425
11
4.2419576377952755
21
-4.4682072440944882
0
LINE
8
BLACK
6
CONTINUOUS
10
4.4388080314960625
20
-4.4682072440944882
11
4.4442413779527561
21
-4.4704578346456696
0
LINE
8
BLACK
6
CONTINUOUS
10
4.4442413779527561
20
-4.4704578346456696
11
4.4491312992125982
21
-4.473725157480315
0
LINE
8
BLACK
6
CONTINUOUS
10
4.4491312992125982
20
-4.473725157480315
11
4.4532898031496062
21
-4.477883661417323
0
LINE
8
BLACK
6
CONTINUOUS
10
4.4532898031496062
20
-4.477883661417323
11
4.4565571259842516
21
-4.4827735826771651
0
LINE
8
BLACK
6
CONTINUOUS
10
4.4565571259842516
20
-4.4827735826771651
11
4.458807716535433
21
-4.4882069291338578
0
LINE
8
BLACK
6
CONTINUOUS
10
4.458807716535433
20
-4.4882069291338578
11
4.4599550393700786
21
-4.4939749606299211
0
LINE
8
BLACK
6
CONTINUOUS
10
4.4599550393700786
20
-4.4939749606299211
11
4.4599550393700786
21
-4.4998559842519681
0
LINE
8
BLACK
6
CONTINUOUS
10
4.4599550393700786
20
-4.4998559842519681
11
4.458807716535433
21
-4.5056240157480314
0
LINE
8
BLACK
6
CONTINUOUS
10
4.458807716535433
20
-4.5056240157480314
11
4.4565571259842516
21
-4.5110573622047241
0
LINE
8
BLACK
6
CONTINUOUS
10
4.4565571259842516
20
-4.5110573622047241
11
4.4532898031496062
21
-4.5159472834645671
0
LINE
8
BLACK
6
CONTINUOUS
10
4.4532898031496062
20
-4.5159472834645671
11
4.4491312992125982
21
-4.5201057874015751
0
LINE
8
BLACK
6
CONTINUOUS
10
4.4491312992125982
20
-4.5201057874015751
11
4.4442413779527561
21
-4.5233731102362205
0
LINE
8
BLACK
6
CONTINUOUS
10
4.4442413779527561
20
-4.5233731102362205
11
4.4388080314960625
21
-4.5256237007874018
0
LINE
8
BLACK
6
CONTINUOUS
10
4.4388080314960625
20
-4.5256237007874018
11
4.4330400000000001
21
-4.5267710236220475
0
LINE
8
BLACK
6
CONTINUOUS
10
4.4330400000000001
20
-4.5267710236220475
11
4.4271589763779531
21
-4.5267710236220475
0
LINE
8
BLACK
6
CONTINUOUS
10
4.4271589763779531
20
-4.5267710236220475
11
4.4213909448818898
21
-4.5256237007874018
0
LINE
8
BLACK
6
CONTINUOUS
10
4.4213909448818898
20
-4.5256237007874018
11
4.4159575984251971
21
-4.5233731102362205
0
LINE
8
BLACK
6
CONTINUOUS
10
4.4159575984251971
20
-4.5233731102362205
11
4.4110676771653541
21
-4.5201057874015751
0
LINE
8
BLACK
6
CONTINUOUS
10
4.4110676771653541
20
-4.5201057874015751
11
4.4069091732283461
21
-4.5159472834645671
0
LINE
8
BLACK
6
CONTINUOUS
10
4.4069091732283461
20
-4.5159472834645671
11
4.4036418503937007
21
-4.5110573622047241
0
LINE
8
BLACK
6
CONTINUOUS
10
4.4036418503937007
20
-4.5110573622047241
11
4.4013912598425193
21
-4.5056240157480314
0
LINE
8
BLACK
6
CONTINUOUS
10
4.4013912598425193
20
-4.5056240157480314
11
4.4002439370078736
21
-4.4998559842519681
0
LINE
8
BLACK
6
CONTINUOUS
10
4.4002439370078736
20
-4.4998559842519681
11
4.4002439370078736
21
-4.4939749606299211
0
LINE
8
BLACK
6
CONTINUOUS
10
4.4002439370078736
20
-4.4939749606299211
11
4.4013912598425193
21
-4.4882069291338578
0
LINE
8
BLACK
6
CONTINUOUS
10
4.4013912598425193
20
-4.4882069291338578
11
4.4036418503937007
21
-4.4827735826771651
0
LINE
8
BLACK
6
CONTINUOUS
10
4.4036418503937007
20
-4.4827735826771651
11
4.4069091732283461
21
-4.477883661417323
0
LINE
8
BLACK
6
CONTINUOUS
10
4.4069091732283461
20
-4.477883661417323
11
4.4110676771653541
21
-4.473725157480315
0
LINE
8
BLACK
6
CONTINUOUS
10
4.4110676771653541
20
-4.473725157480315
11
4.4159575984251971
21
-4.4704578346456696
0
LINE
8
BLACK
6
CONTINUOUS
10
4.4159575984251971
20
-4.4704578346456696
11
4.4213909448818898
21
-4.4682072440944882
0
LINE
8
BLACK
6
CONTINUOUS
10
4.4213909448818898
20
-4.4682072440944882
11
4.4271589763779531
21
-4.4670599212598425
0
LINE
8
BLACK
6
CONTINUOUS
10
4.4271589763779531
20
-4.4670599212598425
11
4.4330400000000001
21
-4.4670599212598425
0
LINE
8
BLACK
6
CONTINUOUS
10
4.4330400000000001
20
-4.4670599212598425
11
4.4388080314960625
21
-4.4682072440944882
0
LINE
8
BLACK
6
CONTINUOUS
10
5.2661259842519685
20
-4.1391378346456689
11
5.2696862992125979
21
-4.1411933858267718
0
LINE
8
BLACK
6
CONTINUOUS
10
5.2696862992125979
20
-4.1411933858267718
11
5.2725932283464569
21
-4.1441003149606299
0
LINE
8
BLACK
6
CONTINUOUS
10
5.2725932283464569
20
-4.1441003149606299
11
5.274648779527559
21
-4.1476606299212602
0
LINE
8
BLACK
6
CONTINUOUS
10
5.274648779527559
20
-4.1476606299212602
11
5.2757127952755907
21
-4.1516316141732279
0
LINE
8
BLACK
6
CONTINUOUS
10
5.2757127952755907
20
-4.1516316141732279
11
5.2757127952755907
21
-4.1557426377952753
0
LINE
8
BLACK
6
CONTINUOUS
10
5.2757127952755907
20
-4.1557426377952753
11
5.274648779527559
21
-4.1597136220472439
0
LINE
8
BLACK
6
CONTINUOUS
10
5.274648779527559
20
-4.1597136220472439
11
5.2725932283464569
21
-4.1632739370078742
0
LINE
8
BLACK
6
CONTINUOUS
10
5.2725932283464569
20
-4.1632739370078742
11
5.2696862992125979
21
-4.1661808661417323
0
LINE
8
BLACK
6
CONTINUOUS
10
5.2696862992125979
20
-4.1661808661417323
11
5.2679735039370081
21
-4.1671697244094483
0
LINE
8
BLACK
6
CONTINUOUS
10
5.2679735039370081
20
-4.1671697244094483
11
5.2679735039370081
21
-4.3488991732283466
0
LINE
8
BLACK
6
CONTINUOUS
10
5.2679735039370081
20
-4.3488991732283466
11
5.3437068110236217
21
-4.4246324803149601
0
LINE
8
BLACK
6
CONTINUOUS
10
5.3437068110236217
20
-4.4246324803149601
11
5.3437069685039367
21
-4.4246326771653539
0
LINE
8
BLACK
6
CONTINUOUS
10
5.3437069685039367
20
-4.4246326771653539
11
5.3499210629921254
21
-4.4308467716535436
0
LINE
8
BLACK
6
CONTINUOUS
10
5.3499210629921254
20
-4.4308467716535436
11
5.3518314960629922
21
-4.4303349212598429
0
LINE
8
BLACK
6
CONTINUOUS
10
5.3518314960629922
20
-4.4303349212598429
11
5.3559425196850396
21
-4.4303349212598429
0
LINE
8
BLACK
6
CONTINUOUS
10
5.3559425196850396
20
-4.4303349212598429
11
5.3599135039370074
21
-4.4313989370078737
0
LINE
8
BLACK
6
CONTINUOUS
10
5.3599135039370074
20
-4.4313989370078737
11
5.3634738188976376
21
-4.4334544881889766
0
LINE
8
BLACK
6
CONTINUOUS
10
5.3634738188976376
20
-4.4334544881889766
11
5.3663807480314958
21
-4.4363614173228347
0
LINE
8
BLACK
6
CONTINUOUS
10
5.3663807480314958
20
-4.4363614173228347
11
5.3684362992125987
21
-4.4399217322834641
0
LINE
8
BLACK
6
CONTINUOUS
10
5.3684362992125987
20
-4.4399217322834641
11
5.3695003149606295
21
-4.4438927165354327
0
LINE
8
BLACK
6
CONTINUOUS
10
5.3695003149606295
20
-4.4438927165354327
11
5.3695003149606295
21
-4.4480037401574801
0
LINE
8
BLACK
6
CONTINUOUS
10
5.3695003149606295
20
-4.4480037401574801
11
5.3684362992125987
21
-4.4519747244094487
0
LINE
8
BLACK
6
CONTINUOUS
10
5.3684362992125987
20
-4.4519747244094487
11
5.3663807480314958
21
-4.455535039370079
0
LINE
8
BLACK
6
CONTINUOUS
10
5.3663807480314958
20
-4.455535039370079
11
5.3634738188976376
21
-4.4584419685039371
0
LINE
8
BLACK
6
CONTINUOUS
10
5.3634738188976376
20
-4.4584419685039371
11
5.3599135039370074
21
-4.4604975196850392
0
LINE
8
BLACK
6
CONTINUOUS
10
5.3599135039370074
20
-4.4604975196850392
11
5.3559425196850396
21
-4.4615615354330709
0
LINE
8
BLACK
6
CONTINUOUS
10
5.3559425196850396
20
-4.4615615354330709
11
5.3518314960629922
21
-4.4615615354330709
0
LINE
8
BLACK
6
CONTINUOUS
10
5.3518314960629922
20
-4.4615615354330709
11
5.3478605118110236
21
-4.4604975196850392
0
LINE
8
BLACK
6
CONTINUOUS
10
5.3478605118110236
20
-4.4604975196850392
11
5.3443001968503934
21
-4.4584419685039371
0
LINE
8
BLACK
6
CONTINUOUS
10
5.3443001968503934
20
-4.4584419685039371
11
5.3413932677165352
21
-4.455535039370079
0
LINE
8
BLACK
6
CONTINUOUS
10
5.3413932677165352
20
-4.455535039370079
11
5.3393377165354332
21
-4.4519747244094487
0
LINE
8
BLACK
6
CONTINUOUS
10
5.3393377165354332
20
-4.4519747244094487
11
5.3382737007874015
21
-4.4480037401574801
0
LINE
8
BLACK
6
CONTINUOUS
10
5.3382737007874015
20
-4.4480037401574801
11
5.3382737007874015
21
-4.4438927165354327
0
LINE
8
BLACK
6
CONTINUOUS
10
5.3382737007874015
20
-4.4438927165354327
11
5.3387855511811022
21
-4.4419822834645668
0
LINE
8
BLACK
6
CONTINUOUS
10
5.3387855511811022
20
-4.4419822834645668
11
5.3325714566929134
21
-4.435768188976378
0
LINE
8
BLACK
6
CONTINUOUS
10
5.3325714566929134
20
-4.435768188976378
11
5.3325712598425197
21
-4.435768031496063
0
LINE
8
BLACK
6
CONTINUOUS
10
5.3325712598425197
20
-4.435768031496063
11
5.2545317322834642
21
-4.3577284645669287
0
LINE
8
BLACK
6
CONTINUOUS
10
5.2545317322834642
20
-4.3577284645669287
11
5.2535524803149602
21
-4.3565352755905513
0
LINE
8
BLACK
6
CONTINUOUS
10
5.2535524803149602
20
-4.3565352755905513
11
5.2523767716535428
21
-4.3536968503937006
0
LINE
8
BLACK
6
CONTINUOUS
10
5.2523767716535428
20
-4.3536968503937006
11
5.2522254724409452
21
-4.3521607086614171
0
LINE
8
BLACK
6
CONTINUOUS
10
5.2522254724409452
20
-4.3521607086614171
11
5.2522254724409452
21
-4.1671697244094483
0
LINE
8
BLACK
6
CONTINUOUS
10
5.2522254724409452
20
-4.1671697244094483
11
5.2505126771653545
21
-4.1661808661417323
0
LINE
8
BLACK
6
CONTINUOUS
10
5.2505126771653545
20
-4.1661808661417323
11
5.2476057480314964
21
-4.1632739370078742
0
LINE
8
BLACK
6
CONTINUOUS
10
5.2476057480314964
20
-4.1632739370078742
11
5.2455501968503935
21
-4.1597136220472439
0
LINE
8
BLACK
6
CONTINUOUS
10
5.2455501968503935
20
-4.1597136220472439
11
5.2444861811023618
21
-4.1557426377952753
0
LINE
8
BLACK
6
CONTINUOUS
10
5.2444861811023618
20
-4.1557426377952753
11
5.2444861811023618
21
-4.1516316141732279
0
LINE
8
BLACK
6
CONTINUOUS
10
5.2444861811023618
20
-4.1516316141732279
11
5.2455501968503935
21
-4.1476606299212602
0
LINE
8
BLACK
6
CONTINUOUS
10
5.2455501968503935
20
-4.1476606299212602
11
5.2476057480314964
21
-4.1441003149606299
0
LINE
8
BLACK
6
CONTINUOUS
10
5.2476057480314964
20
-4.1441003149606299
11
5.2505126771653545
21
-4.1411933858267718
0
LINE
8
BLACK
6
CONTINUOUS
10
5.2505126771653545
20
-4.1411933858267718
11
5.2540729921259839
21
-4.1391378346456689
0
LINE
8
BLACK
6
CONTINUOUS
10
5.2540729921259839
20
-4.1391378346456689
11
5.2580439763779525
21
-4.138073818897638
0
LINE
8
BLACK
6
CONTINUOUS
10
5.2580439763779525
20
-4.138073818897638
11
5.2621549999999999
21
-4.138073818897638
0
LINE
8
BLACK
6
CONTINUOUS
10
5.2621549999999999
20
-4.138073818897638
11
5.2661259842519685
21
-4.1391378346456689
0
LINE
8
BLACK
6
CONTINUOUS
10
4.9689251968503934
20
-3.8794016141732284
11
4.9724855118110236
21
-3.8814571653543308
0
LINE
8
BLACK
6
CONTINUOUS
10
4.9724855118110236
20
-3.8814571653543308
11
4.9753924409448818
21
-3.884364094488189
0
LINE
8
BLACK
6
CONTINUOUS
10
4.9753924409448818
20
-3.884364094488189
11
4.9774479921259838
21
-3.8879244094488188
0
LINE
8
BLACK
6
CONTINUOUS
10
4.9774479921259838
20
-3.8879244094488188
11
4.9785120078740155
21
-3.8918953937007874
0
LINE
8
BLACK
6
CONTINUOUS
10
4.9785120078740155
20
-3.8918953937007874
11
4.9786467322834644
21
-3.8939509055118111
0
LINE
8
BLACK
6
CONTINUOUS
10
4.9786467322834644
20
-3.8939509055118111
11
4.9786467322834644
21
-4.3839509055118109
0
LINE
8
BLACK
6
CONTINUOUS
10
4.9786467322834644
20
-4.3839509055118109
11
4.9785120078740155
21
-4.3860064173228341
0
LINE
8
BLACK
6
CONTINUOUS
10
4.9785120078740155
20
-4.3860064173228341
11
4.9774479921259838
21
-4.3899774015748028
0
LINE
8
BLACK
6
CONTINUOUS
10
4.9774479921259838
20
-4.3899774015748028
11
4.9753924409448818
21
-4.393537716535433
0
LINE
8
BLACK
6
CONTINUOUS
10
4.9753924409448818
20
-4.393537716535433
11
4.9724855118110236
21
-4.3964446456692912
0
LINE
8
BLACK
6
CONTINUOUS
10
4.9724855118110236
20
-4.3964446456692912
11
4.9689251968503934
21
-4.3985001968503932
0
LINE
8
BLACK
6
CONTINUOUS
10
4.9689251968503934
20
-4.3985001968503932
11
4.9649542125984247
21
-4.3995642125984249
0
LINE
8
BLACK
6
CONTINUOUS
10
4.9649542125984247
20
-4.3995642125984249
11
4.9608431889763782
21
-4.3995642125984249
0
LINE
8
BLACK
6
CONTINUOUS
10
4.9608431889763782
20
-4.3995642125984249
11
4.9568722047244096
21
-4.3985001968503932
0
LINE
8
BLACK
6
CONTINUOUS
10
4.9568722047244096
20
-4.3985001968503932
11
4.9533118897637793
21
-4.3964446456692912
0
LINE
8
BLACK
6
CONTINUOUS
10
4.9533118897637793
20
-4.3964446456692912
11
4.9504049606299212
21
-4.393537716535433
0
LINE
8
BLACK
6
CONTINUOUS
10
4.9504049606299212
20
-4.393537716535433
11
4.9483494094488192
21
-4.3899774015748028
0
LINE
8
BLACK
6
CONTINUOUS
10
4.9483494094488192
20
-4.3899774015748028
11
4.9472853937007875
21
-4.3860064173228341
0
LINE
8
BLACK
6
CONTINUOUS
10
4.9472853937007875
20
-4.3860064173228341
11
4.9471506692913385
21
-4.3839509055118109
0
LINE
8
BLACK
6
CONTINUOUS
10
4.9471506692913385
20
-4.3839509055118109
11
4.9471506692913385
21
-3.8939509055118111
0
LINE
8
BLACK
6
CONTINUOUS
10
4.9471506692913385
20
-3.8939509055118111
11
4.9472853937007875
21
-3.8918953937007874
0
LINE
8
BLACK
6
CONTINUOUS
10
4.9472853937007875
20
-3.8918953937007874
11
4.9483494094488192
21
-3.8879244094488188
0
LINE
8
BLACK
6
CONTINUOUS
10
4.9483494094488192
20
-3.8879244094488188
11
4.9504049606299212
21
-3.884364094488189
0
LINE
8
BLACK
6
CONTINUOUS
10
4.9504049606299212
20
-3.884364094488189
11
4.9533118897637793
21
-3.8814571653543308
0
LINE
8
BLACK
6
CONTINUOUS
10
4.9533118897637793
20
-3.8814571653543308
11
4.9568722047244096
21
-3.8794016141732284
0
LINE
8
BLACK
6
CONTINUOUS
10
4.9568722047244096
20
-3.8794016141732284
11
4.9608431889763782
21
-3.8783375984251967
0
LINE
8
BLACK
6
CONTINUOUS
10
4.9608431889763782
20
-3.8783375984251967
11
4.9649542125984247
21
-3.8783375984251967
0
LINE
8
BLACK
6
CONTINUOUS
10
4.9649542125984247
20
-3.8783375984251967
11
4.9689251968503934
21
-3.8794016141732284
0
LINE
8
BLACK
6
CONTINUOUS
10
5.8861259842519686
20
-4.3461338976377952
11
5.889686299212598
21
-4.3481894488188972
0
LINE
8
BLACK
6
CONTINUOUS
10
5.889686299212598
20
-4.3481894488188972
11
5.8925932283464562
21
-4.3510963779527554
0
LINE
8
BLACK
6
CONTINUOUS
10
5.8925932283464562
20
-4.3510963779527554
11
5.8946487795275591
21
-4.3546566929133856
0
LINE
8
BLACK
6
CONTINUOUS
10
5.8946487795275591
20
-4.3546566929133856
11
5.8957127952755908
21
-4.3586276771653543
0
LINE
8
BLACK
6
CONTINUOUS
10
5.8957127952755908
20
-4.3586276771653543
11
5.8957127952755908
21
-4.3627387007874017
0
LINE
8
BLACK
6
CONTINUOUS
10
5.8957127952755908
20
-4.3627387007874017
11
5.8946487795275591
21
-4.3667096850393703
0
LINE
8
BLACK
6
CONTINUOUS
10
5.8946487795275591
20
-4.3667096850393703
11
5.8945861023622044
21
-4.3668181496062992
0
LINE
8
BLACK
6
CONTINUOUS
10
5.8945861023622044
20
-4.3668181496062992
11
5.9655495669291341
21
-4.437781614173228
0
LINE
8
BLACK
6
CONTINUOUS
10
5.9655495669291341
20
-4.437781614173228
11
6.0578284251968499
21
-4.437781614173228
0
LINE
8
BLACK
6
CONTINUOUS
10
6.0578284251968499
20
-4.437781614173228
11
6.0655177952755901
21
-4.437781614173228
0
LINE
8
BLACK
6
CONTINUOUS
10
6.0655177952755901
20
-4.437781614173228
11
6.0655501968503938
21
-4.4376606299212593
0
LINE
8
BLACK
6
CONTINUOUS
10
6.0655501968503938
20
-4.4376606299212593
11
6.0676057480314958
21
-4.43410031496063
0
LINE
8
BLACK
6
CONTINUOUS
10
6.0676057480314958
20
-4.43410031496063
11
6.0705126771653539
21
-4.4311933858267718
0
LINE
8
BLACK
6
CONTINUOUS
10
6.0705126771653539
20
-4.4311933858267718
11
6.0740729921259842
21
-4.4291378346456689
0
LINE
8
BLACK
6
CONTINUOUS
10
6.0740729921259842
20
-4.4291378346456689
11
6.0780439763779528
21
-4.4280738188976381
0
LINE
8
BLACK
6
CONTINUOUS
10
6.0780439763779528
20
-4.4280738188976381
11
6.0821550000000002
21
-4.4280738188976381
0
LINE
8
BLACK
6
CONTINUOUS
10
6.0821550000000002
20
-4.4280738188976381
11
6.0861259842519679
21
-4.4291378346456689
0
LINE
8
BLACK
6
CONTINUOUS
10
6.0861259842519679
20
-4.4291378346456689
11
6.0896862992125982
21
-4.4311933858267718
0
LINE
8
BLACK
6
CONTINUOUS
10
6.0896862992125982
20
-4.4311933858267718
11
6.0925932283464563
21
-4.43410031496063
0
LINE
8
BLACK
6
CONTINUOUS
10
6.0925932283464563
20
-4.43410031496063
11
6.0946487795275592
21
-4.4376606299212593
0
LINE
8
BLACK
6
CONTINUOUS
10
6.0946487795275592
20
-4.4376606299212593
11
6.0957127952755901
21
-4.4416316141732279
0
LINE
8
BLACK
6
CONTINUOUS
10
6.0957127952755901
20
-4.4416316141732279
11
6.0957127952755901
21
-4.4457426377952753
0
LINE
8
BLACK
6
CONTINUOUS
10
6.0957127952755901
20
-4.4457426377952753
11
6.0946487795275592
21
-4.449713622047244
0
LINE
8
BLACK
6
CONTINUOUS
10
6.0946487795275592
20
-4.449713622047244
11
6.0925932283464563
21
-4.4532739370078742
0
LINE
8
BLACK
6
CONTINUOUS
10
6.0925932283464563
20
-4.4532739370078742
11
6.0896862992125982
21
-4.4561808661417324
0
LINE
8
BLACK
6
CONTINUOUS
10
6.0896862992125982
20
-4.4561808661417324
11
6.0861259842519679
21
-4.4582364173228344
0
LINE
8
BLACK
6
CONTINUOUS
10
6.0861259842519679
20
-4.4582364173228344
11
6.0821550000000002
21
-4.4593004330708661
0
LINE
8
BLACK
6
CONTINUOUS
10
6.0821550000000002
20
-4.4593004330708661
11
6.0780439763779528
21
-4.4593004330708661
0
LINE
8
BLACK
6
CONTINUOUS
10
6.0780439763779528
20
-4.4593004330708661
11
6.0740729921259842
21
-4.4582364173228344
0
LINE
8
BLACK
6
CONTINUOUS
10
6.0740729921259842
20
-4.4582364173228344
11
6.0705126771653539
21
-4.4561808661417324
0
LINE
8
BLACK
6
CONTINUOUS
10
6.0705126771653539
20
-4.4561808661417324
11
6.0676057480314958
21
-4.4532739370078742
0
LINE
8
BLACK
6
CONTINUOUS
10
6.0676057480314958
20
-4.4532739370078742
11
6.0655501968503938
21
-4.449713622047244
0
LINE
8
BLACK
6
CONTINUOUS
10
6.0655501968503938
20
-4.449713622047244
11
6.0655177952755901
21
-4.4495926377952753
0
LINE
8
BLACK
6
CONTINUOUS
10
6.0655177952755901
20
-4.4495926377952753
11
6.0578284251968499
21
-4.4495926377952753
0
LINE
8
BLACK
6
CONTINUOUS
10
6.0578284251968499
20
-4.4495926377952753
11
5.9631034251968504
21
-4.4495926377952753
0
LINE
8
BLACK
6
CONTINUOUS
10
5.9631034251968504
20
-4.4495926377952753
11
5.9619512992125987
21
-4.4494791732283465
0
LINE
8
BLACK
6
CONTINUOUS
10
5.9619512992125987
20
-4.4494791732283465
11
5.9607042519685036
21
-4.4489625984251964
0
LINE
8
BLACK
6
CONTINUOUS
10
5.9607042519685036
20
-4.4489625984251964
11
5.9598224803149602
21
-4.4485974015748031
0
LINE
8
BLACK
6
CONTINUOUS
10
5.9598224803149602
20
-4.4485974015748031
11
5.9589275984251966
21
-4.447862952755905
0
LINE
8
BLACK
6
CONTINUOUS
10
5.9589275984251966
20
-4.447862952755905
11
5.8862344488188976
21
-4.375169803149606
0
LINE
8
BLACK
6
CONTINUOUS
10
5.8862344488188976
20
-4.375169803149606
11
5.8861259842519686
21
-4.3752324803149607
0
LINE
8
BLACK
6
CONTINUOUS
10
5.8861259842519686
20
-4.3752324803149607
11
5.882155
21
-4.3762964960629924
0
LINE
8
BLACK
6
CONTINUOUS
10
5.882155
20
-4.3762964960629924
11
5.8780439763779526
21
-4.3762964960629924
0
LINE
8
BLACK
6
CONTINUOUS
10
5.8780439763779526
20
-4.3762964960629924
11
5.874072992125984
21
-4.3752324803149607
0
LINE
8
BLACK
6
CONTINUOUS
10
5.874072992125984
20
-4.3752324803149607
11
5.8705126771653546
21
-4.3731769291338578
0
LINE
8
BLACK
6
CONTINUOUS
10
5.8705126771653546
20
-4.3731769291338578
11
5.8676057480314956
21
-4.3702699999999997
0
LINE
8
BLACK
6
CONTINUOUS
10
5.8676057480314956
20
-4.3702699999999997
11
5.8655501968503936
21
-4.3667096850393703
0
LINE
8
BLACK
6
CONTINUOUS
10
5.8655501968503936
20
-4.3667096850393703
11
5.8644861811023619
21
-4.3627387007874017
0
LINE
8
BLACK
6
CONTINUOUS
10
5.8644861811023619
20
-4.3627387007874017
11
5.8644861811023619
21
-4.3586276771653543
0
LINE
8
BLACK
6
CONTINUOUS
10
5.8644861811023619
20
-4.3586276771653543
11
5.8655501968503936
21
-4.3546566929133856
0
LINE
8
BLACK
6
CONTINUOUS
10
5.8655501968503936
20
-4.3546566929133856
11
5.8676057480314956
21
-4.3510963779527554
0
LINE
8
BLACK
6
CONTINUOUS
10
5.8676057480314956
20
-4.3510963779527554
11
5.8705126771653546
21
-4.3481894488188972
0
LINE
8
BLACK
6
CONTINUOUS
10
5.8705126771653546
20
-4.3481894488188972
11
5.874072992125984
21
-4.3461338976377952
0
LINE
8
BLACK
6
CONTINUOUS
10
5.874072992125984
20
-4.3461338976377952
11
5.8780439763779526
21
-4.3450698818897635
0
LINE
8
BLACK
6
CONTINUOUS
10
5.8780439763779526
20
-4.3450698818897635
11
5.882155
21
-4.3450698818897635
0
LINE
8
BLACK
6
CONTINUOUS
10
5.882155
20
-4.3450698818897635
11
5.8861259842519686
21
-4.3461338976377952
0
LINE
8
BLACK
6
CONTINUOUS
10
5.9934349212598423
20
-4.3889029133858264
11
5.9969952362204726
21
-4.3909584645669293
0
LINE
8
BLACK
6
CONTINUOUS
10
5.9969952362204726
20
-4.3909584645669293
11
5.9999021653543307
21
-4.3938653937007874
0
LINE
8
BLACK
6
CONTINUOUS
10
5.9999021653543307
20
-4.3938653937007874
11
6.0019577165354328
21
-4.3974257086614168
0
LINE
8
BLACK
6
CONTINUOUS
10
6.0019577165354328
20
-4.3974257086614168
11
6.0019901181102364
21
-4.3975466929133855
0
LINE
8
BLACK
6
CONTINUOUS
10
6.0019901181102364
20
-4.3975466929133855
11
6.0096794881889766
21
-4.3975466929133855
0
LINE
8
BLACK
6
CONTINUOUS
10
6.0096794881889766
20
-4.3975466929133855
11
6.0108316141732283
21
-4.3976601574803151
0
LINE
8
BLACK
6
CONTINUOUS
10
6.0108316141732283
20
-4.3976601574803151
11
6.0117133858267717
21
-4.3980253937007872
0
LINE
8
BLACK
6
CONTINUOUS
10
6.0117133858267717
20
-4.3980253937007872
11
6.0129603937007872
21
-4.3985419291338586
0
LINE
8
BLACK
6
CONTINUOUS
10
6.0129603937007872
20
-4.3985419291338586
11
6.0138553149606295
21
-4.3992763779527557
0
LINE
8
BLACK
6
CONTINUOUS
10
6.0138553149606295
20
-4.3992763779527557
11
6.0228329527559055
21
-4.4082540157480317
0
LINE
8
BLACK
6
CONTINUOUS
10
6.0228329527559055
20
-4.4082540157480317
11
6.1184881496062991
21
-4.4082540157480317
0
LINE
8
BLACK
6
CONTINUOUS
10
6.1184881496062991
20
-4.4082540157480317
11
6.1192853149606297
21
-4.4074568503937011
0
LINE
8
BLACK
6
CONTINUOUS
10
6.1192853149606297
20
-4.4074568503937011
11
6.1228456299212599
21
-4.4054012992125982
0
LINE
8
BLACK
6
CONTINUOUS
10
6.1228456299212599
20
-4.4054012992125982
11
6.1268166141732285
21
-4.4043372834645664
0
LINE
8
BLACK
6
CONTINUOUS
10
6.1268166141732285
20
-4.4043372834645664
11
6.1309276377952751
21
-4.4043372834645664
0
LINE
8
BLACK
6
CONTINUOUS
10
6.1309276377952751
20
-4.4043372834645664
11
6.1348986220472437
21
-4.4054012992125982
0
LINE
8
BLACK
6
CONTINUOUS
10
6.1348986220472437
20
-4.4054012992125982
11
6.1384589370078739
21
-4.4074568503937011
0
LINE
8
BLACK
6
CONTINUOUS
10
6.1384589370078739
20
-4.4074568503937011
11
6.1413658661417321
21
-4.4103637795275592
0
LINE
8
BLACK
6
CONTINUOUS
10
6.1413658661417321
20
-4.4103637795275592
11
6.1434214173228341
21
-4.4139240944881886
0
LINE
8
BLACK
6
CONTINUOUS
10
6.1434214173228341
20
-4.4139240944881886
11
6.1444854330708658
21
-4.4178950787401572
0
LINE
8
BLACK
6
CONTINUOUS
10
6.1444854330708658
20
-4.4178950787401572
11
6.1444854330708658
21
-4.4220061023622046
0
LINE
8
BLACK
6
CONTINUOUS
10
6.1444854330708658
20
-4.4220061023622046
11
6.1434214173228341
21
-4.4259770866141732
0
LINE
8
BLACK
6
CONTINUOUS
10
6.1434214173228341
20
-4.4259770866141732
11
6.1413658661417321
21
-4.4295374015748035
0
LINE
8
BLACK
6
CONTINUOUS
10
6.1413658661417321
20
-4.4295374015748035
11
6.1384589370078739
21
-4.4324443307086616
0
LINE
8
BLACK
6
CONTINUOUS
10
6.1384589370078739
20
-4.4324443307086616
11
6.1348986220472437
21
-4.4344998818897636
0
LINE
8
BLACK
6
CONTINUOUS
10
6.1348986220472437
20
-4.4344998818897636
11
6.1309276377952751
21
-4.4355638976377953
0
LINE
8
BLACK
6
CONTINUOUS
10
6.1309276377952751
20
-4.4355638976377953
11
6.1268166141732285
21
-4.4355638976377953
0
LINE
8
BLACK
6
CONTINUOUS
10
6.1268166141732285
20
-4.4355638976377953
11
6.1228456299212599
21
-4.4344998818897636
0
LINE
8
BLACK
6
CONTINUOUS
10
6.1228456299212599
20
-4.4344998818897636
11
6.1192853149606297
21
-4.4324443307086616
0
LINE
8
BLACK
6
CONTINUOUS
10
6.1192853149606297
20
-4.4324443307086616
11
6.1163783858267715
21
-4.4295374015748035
0
LINE
8
BLACK
6
CONTINUOUS
10
6.1163783858267715
20
-4.4295374015748035
11
6.1143228346456695
21
-4.4259770866141732
0
LINE
8
BLACK
6
CONTINUOUS
10
6.1143228346456695
20
-4.4259770866141732
11
6.1132588188976378
21
-4.4220061023622046
0
LINE
8
BLACK
6
CONTINUOUS
10
6.1132588188976378
20
-4.4220061023622046
11
6.1132588188976378
21
-4.4200650393700789
0
LINE
8
BLACK
6
CONTINUOUS
10
6.1132588188976378
20
-4.4200650393700789
11
6.0203868110236218
21
-4.4200650393700789
0
LINE
8
BLACK
6
CONTINUOUS
10
6.0203868110236218
20
-4.4200650393700789
11
6.0192346850393701
21
-4.4199515748031493
0
LINE
8
BLACK
6
CONTINUOUS
10
6.0192346850393701
20
-4.4199515748031493
11
6.0183529133858267
21
-4.4195862992125985
0
LINE
8
BLACK
6
CONTINUOUS
10
6.0183529133858267
20
-4.4195862992125985
11
6.0171059055118112
21
-4.4190698031496058
0
LINE
8
BLACK
6
CONTINUOUS
10
6.0171059055118112
20
-4.4190698031496058
11
6.016210984251968
21
-4.4183353543307087
0
LINE
8
BLACK
6
CONTINUOUS
10
6.016210984251968
20
-4.4183353543307087
11
6.0072333464566929
21
-4.4093577165354327
0
LINE
8
BLACK
6
CONTINUOUS
10
6.0072333464566929
20
-4.4093577165354327
11
6.0019901181102364
21
-4.4093577165354327
0
LINE
8
BLACK
6
CONTINUOUS
10
6.0019901181102364
20
-4.4093577165354327
11
6.0019577165354328
21
-4.4094787007874015
0
LINE
8
BLACK
6
CONTINUOUS
10
6.0019577165354328
20
-4.4094787007874015
11
5.9999021653543307
21
-4.4130390157480317
0
LINE
8
BLACK
6
CONTINUOUS
10
5.9999021653543307
20
-4.4130390157480317
11
5.9969952362204726
21
-4.4159459448818899
0
LINE
8
BLACK
6
CONTINUOUS
10
5.9969952362204726
20
-4.4159459448818899
11
5.9934349212598423
21
-4.4180014960629919
0
LINE
8
BLACK
6
CONTINUOUS
10
5.9934349212598423
20
-4.4180014960629919
11
5.9894639370078737
21
-4.4190655118110236
0
LINE
8
BLACK
6
CONTINUOUS
10
5.9894639370078737
20
-4.4190655118110236
11
5.9853529133858263
21
-4.4190655118110236
0
LINE
8
BLACK
6
CONTINUOUS
10
5.9853529133858263
20
-4.4190655118110236
11
5.9813819291338577
21
-4.4180014960629919
0
LINE
8
BLACK
6
CONTINUOUS
10
5.9813819291338577
20
-4.4180014960629919
11
5.9778216141732283
21
-4.4159459448818899
0
LINE
8
BLACK
6
CONTINUOUS
10
5.9778216141732283
20
-4.4159459448818899
11
5.9749146850393702
21
-4.4130390157480317
0
LINE
8
BLACK
6
CONTINUOUS
10
5.9749146850393702
20
-4.4130390157480317
11
5.9728591338582673
21
-4.4094787007874015
0
LINE
8
BLACK
6
CONTINUOUS
10
5.9728591338582673
20
-4.4094787007874015
11
5.9717951181102364
21
-4.4055077165354328
0
LINE
8
BLACK
6
CONTINUOUS
10
5.9717951181102364
20
-4.4055077165354328
11
5.9717951181102364
21
-4.4013966929133854
0
LINE
8
BLACK
6
CONTINUOUS
10
5.9717951181102364
20
-4.4013966929133854
11
5.9728591338582673
21
-4.3974257086614168
0
LINE
8
BLACK
6
CONTINUOUS
10
5.9728591338582673
20
-4.3974257086614168
11
5.9749146850393702
21
-4.3938653937007874
0
LINE
8
BLACK
6
CONTINUOUS
10
5.9749146850393702
20
-4.3938653937007874
11
5.9778216141732283
21
-4.3909584645669293
0
LINE
8
BLACK
6
CONTINUOUS
10
5.9778216141732283
20
-4.3909584645669293
11
5.9813819291338577
21
-4.3889029133858264
0
LINE
8
BLACK
6
CONTINUOUS
10
5.9813819291338577
20
-4.3889029133858264
11
5.9853529133858263
21
-4.3878388976377956
0
LINE
8
BLACK
6
CONTINUOUS
10
5.9853529133858263
20
-4.3878388976377956
11
5.9894639370078737
21
-4.3878388976377956
0
LINE
8
BLACK
6
CONTINUOUS
10
5.9894639370078737
20
-4.3878388976377956
11
5.9934349212598423
21
-4.3889029133858264
0
LINE
8
BLACK
6
CONTINUOUS
10
5.9587757874015743
20
-4.3517876377952751
11
5.9623361023622046
21
-4.353843188976378
0
LINE
8
BLACK
6
CONTINUOUS
10
5.9623361023622046
20
-4.353843188976378
11
5.9652430314960627
21
-4.3567501181102362
0
LINE
8
BLACK
6
CONTINUOUS
10
5.9652430314960627
20
-4.3567501181102362
11
5.9672985826771656
21
-4.3603104330708664
0
LINE
8
BLACK
6
CONTINUOUS
10
5.9672985826771656
20
-4.3603104330708664
11
5.9673309842519684
21
-4.3604314173228342
0
LINE
8
BLACK
6
CONTINUOUS
10
5.9673309842519684
20
-4.3604314173228342
11
6.0729598818897639
21
-4.3604314173228342
0
LINE
8
BLACK
6
CONTINUOUS
10
6.0729598818897639
20
-4.3604314173228342
11
6.0741120078740156
21
-4.3605448818897639
0
LINE
8
BLACK
6
CONTINUOUS
10
6.0741120078740156
20
-4.3605448818897639
11
6.0749937401574803
21
-4.3609100787401571
0
LINE
8
BLACK
6
CONTINUOUS
10
6.0749937401574803
20
-4.3609100787401571
11
6.0762407480314957
21
-4.3614266141732285
0
LINE
8
BLACK
6
CONTINUOUS
10
6.0762407480314957
20
-4.3614266141732285
11
6.0771356692913381
21
-4.3621610629921257
0
LINE
8
BLACK
6
CONTINUOUS
10
6.0771356692913381
20
-4.3621610629921257
11
6.079682362204724
21
-4.3647077165354329
0
LINE
8
BLACK
6
CONTINUOUS
10
6.079682362204724
20
-4.3647077165354329
11
6.0796824015748028
21
-4.3647077559055116
0
LINE
8
BLACK
6
CONTINUOUS
10
6.0796824015748028
20
-4.3647077559055116
11
6.0851195669291336
21
-4.3701449212598424
0
LINE
8
BLACK
6
CONTINUOUS
10
6.0851195669291336
20
-4.3701449212598424
11
6.0852280708661413
21
-4.3700822834645665
0
LINE
8
BLACK
6
CONTINUOUS
10
6.0852280708661413
20
-4.3700822834645665
11
6.0891990551181099
21
-4.3690182677165357
0
LINE
8
BLACK
6
CONTINUOUS
10
6.0891990551181099
20
-4.3690182677165357
11
6.0933100787401573
21
-4.3690182677165357
0
LINE
8
BLACK
6
CONTINUOUS
10
6.0933100787401573
20
-4.3690182677165357
11
6.0972810629921259
21
-4.3700822834645665
0
LINE
8
BLACK
6
CONTINUOUS
10
6.0972810629921259
20
-4.3700822834645665
11
6.1008413779527562
21
-4.3721378346456694
0
LINE
8
BLACK
6
CONTINUOUS
10
6.1008413779527562
20
-4.3721378346456694
11
6.1037483070866143
21
-4.3750447637795276
0
LINE
8
BLACK
6
CONTINUOUS
10
6.1037483070866143
20
-4.3750447637795276
11
6.1058038582677163
21
-4.3786050787401578
0
LINE
8
BLACK
6
CONTINUOUS
10
6.1058038582677163
20
-4.3786050787401578
11
6.106867874015748
21
-4.3825760629921255
0
LINE
8
BLACK
6
CONTINUOUS
10
6.106867874015748
20
-4.3825760629921255
11
6.106867874015748
21
-4.3866870866141729
0
LINE
8
BLACK
6
CONTINUOUS
10
6.106867874015748
20
-4.3866870866141729
11
6.1058038582677163
21
-4.3906580708661416
0
LINE
8
BLACK
6
CONTINUOUS
10
6.1058038582677163
20
-4.3906580708661416
11
6.1037483070866143
21
-4.3942183858267718
0
LINE
8
BLACK
6
CONTINUOUS
10
6.1037483070866143
20
-4.3942183858267718
11
6.1008413779527562
21
-4.39712531496063
0
LINE
8
BLACK
6
CONTINUOUS
10
6.1008413779527562
20
-4.39712531496063
11
6.0972810629921259
21
-4.399180866141732
0
LINE
8
BLACK
6
CONTINUOUS
10
6.0972810629921259
20
-4.399180866141732
11
6.0933100787401573
21
-4.4002448818897637
0
LINE
8
BLACK
6
CONTINUOUS
10
6.0933100787401573
20
-4.4002448818897637
11
6.0891990551181099
21
-4.4002448818897637
0
LINE
8
BLACK
6
CONTINUOUS
10
6.0891990551181099
20
-4.4002448818897637
11
6.0852280708661413
21
-4.399180866141732
0
LINE
8
BLACK
6
CONTINUOUS
10
6.0852280708661413
20
-4.399180866141732
11
6.0816677559055119
21
-4.39712531496063
0
LINE
8
BLACK
6
CONTINUOUS
10
6.0816677559055119
20
-4.39712531496063
11
6.0787608267716537
21
-4.3942183858267718
0
LINE
8
BLACK
6
CONTINUOUS
10
6.0787608267716537
20
-4.3942183858267718
11
6.0767052755905508
21
-4.3906580708661416
0
LINE
8
BLACK
6
CONTINUOUS
10
6.0767052755905508
20
-4.3906580708661416
11
6.0756412598425191
21
-4.3866870866141729
0
LINE
8
BLACK
6
CONTINUOUS
10
6.0756412598425191
20
-4.3866870866141729
11
6.0756412598425191
21
-4.3825760629921255
0
LINE
8
BLACK
6
CONTINUOUS
10
6.0756412598425191
20
-4.3825760629921255
11
6.0767052755905508
21
-4.3786050787401578
0
LINE
8
BLACK
6
CONTINUOUS
10
6.0767052755905508
20
-4.3786050787401578
11
6.0767679133858268
21
-4.3784965748031492
0
LINE
8
BLACK
6
CONTINUOUS
10
6.0767679133858268
20
-4.3784965748031492
11
6.071330748031496
21
-4.3730594094488184
0
LINE
8
BLACK
6
CONTINUOUS
10
6.071330748031496
20
-4.3730594094488184
11
6.070513779527559
21
-4.3722424409448815
0
LINE
8
BLACK
6
CONTINUOUS
10
6.070513779527559
20
-4.3722424409448815
11
5.9673309842519684
21
-4.3722424409448815
0
LINE
8
BLACK
6
CONTINUOUS
10
5.9673309842519684
20
-4.3722424409448815
11
5.9672985826771656
21
-4.3723634251968502
0
LINE
8
BLACK
6
CONTINUOUS
10
5.9672985826771656
20
-4.3723634251968502
11
5.9652430314960627
21
-4.3759237401574804
0
LINE
8
BLACK
6
CONTINUOUS
10
5.9652430314960627
20
-4.3759237401574804
11
5.9623361023622046
21
-4.3788306692913386
0
LINE
8
BLACK
6
CONTINUOUS
10
5.9623361023622046
20
-4.3788306692913386
11
5.9587757874015743
21
-4.3808862204724406
0
LINE
8
BLACK
6
CONTINUOUS
10
5.9587757874015743
20
-4.3808862204724406
11
5.9548048031496066
21
-4.3819502362204723
0
LINE
8
BLACK
6
CONTINUOUS
10
5.9548048031496066
20
-4.3819502362204723
11
5.9506937795275592
21
-4.3819502362204723
0
LINE
8
BLACK
6
CONTINUOUS
10
5.9506937795275592
20
-4.3819502362204723
11
5.9467227952755906
21
-4.3808862204724406
0
LINE
8
BLACK
6
CONTINUOUS
10
5.9467227952755906
20
-4.3808862204724406
11
5.9431624803149603
21
-4.3788306692913386
0
LINE
8
BLACK
6
CONTINUOUS
10
5.9431624803149603
20
-4.3788306692913386
11
5.9402555511811022
21
-4.3759237401574804
0
LINE
8
BLACK
6
CONTINUOUS
10
5.9402555511811022
20
-4.3759237401574804
11
5.9382000000000001
21
-4.3723634251968502
0
LINE
8
BLACK
6
CONTINUOUS
10
5.9382000000000001
20
-4.3723634251968502
11
5.9371359842519684
21
-4.3683924409448815
0
LINE
8
BLACK
6
CONTINUOUS
10
5.9371359842519684
20
-4.3683924409448815
11
5.9371359842519684
21
-4.3642814173228341
0
LINE
8
BLACK
6
CONTINUOUS
10
5.9371359842519684
20
-4.3642814173228341
11
5.9382000000000001
21
-4.3603104330708664
0
LINE
8
BLACK
6
CONTINUOUS
10
5.9382000000000001
20
-4.3603104330708664
11
5.9402555511811022
21
-4.3567501181102362
0
LINE
8
BLACK
6
CONTINUOUS
10
5.9402555511811022
20
-4.3567501181102362
11
5.9431624803149603
21
-4.353843188976378
0
LINE
8
BLACK
6
CONTINUOUS
10
5.9431624803149603
20
-4.353843188976378
11
5.9467227952755906
21
-4.3517876377952751
0
LINE
8
BLACK
6
CONTINUOUS
10
5.9467227952755906
20
-4.3517876377952751
11
5.9506937795275592
21
-4.3507236220472443
0
LINE
8
BLACK
6
CONTINUOUS
10
5.9506937795275592
20
-4.3507236220472443
11
5.9548048031496066
21
-4.3507236220472443
0
LINE
8
BLACK
6
CONTINUOUS
10
5.9548048031496066
20
-4.3507236220472443
11
5.9587757874015743
21
-4.3517876377952751
0
LINE
8
BLACK
6
CONTINUOUS
10
6.2763065354330712
20
-4.1393183858267717
11
6.2798668503937005
21
-4.1413739370078737
0
LINE
8
BLACK
6
CONTINUOUS
10
6.2798668503937005
20
-4.1413739370078737
11
6.2827737795275587
21
-4.1442808661417319
0
LINE
8
BLACK
6
CONTINUOUS
10
6.2827737795275587
20
-4.1442808661417319
11
6.2848293307086616
21
-4.1478411811023621
0
LINE
8
BLACK
6
CONTINUOUS
10
6.2848293307086616
20
-4.1478411811023621
11
6.2858933464566924
21
-4.1518121653543307
0
LINE
8
BLACK
6
CONTINUOUS
10
6.2858933464566924
20
-4.1518121653543307
11
6.2858933464566924
21
-4.1559231889763781
0
LINE
8
BLACK
6
CONTINUOUS
10
6.2858933464566924
20
-4.1559231889763781
11
6.2848293307086616
21
-4.1598941732283468
0
LINE
8
BLACK
6
CONTINUOUS
10
6.2848293307086616
20
-4.1598941732283468
11
6.2827737795275587
21
-4.1634544881889761
0
LINE
8
BLACK
6
CONTINUOUS
10
6.2827737795275587
20
-4.1634544881889761
11
6.2798668503937005
21
-4.1663614173228343
0
LINE
8
BLACK
6
CONTINUOUS
10
6.2798668503937005
20
-4.1663614173228343
11
6.2763065354330712
21
-4.1684169685039372
0
LINE
8
BLACK
6
CONTINUOUS
10
6.2763065354330712
20
-4.1684169685039372
11
6.2723355511811025
21
-4.169480984251968
0
LINE
8
BLACK
6
CONTINUOUS
10
6.2723355511811025
20
-4.169480984251968
11
6.2682245275590551
21
-4.169480984251968
0
LINE
8
BLACK
6
CONTINUOUS
10
6.2682245275590551
20
-4.169480984251968
11
6.266314133858268
21
-4.1689690944881885
0
LINE
8
BLACK
6
CONTINUOUS
10
6.266314133858268
20
-4.1689690944881885
11
6.1075244881889761
21
-4.3277587401574804
0
LINE
8
BLACK
6
CONTINUOUS
10
6.1075244881889761
20
-4.3277587401574804
11
6.1063312992125987
21
-4.3287379921259843
0
LINE
8
BLACK
6
CONTINUOUS
10
6.1063312992125987
20
-4.3287379921259843
11
6.1034928740157479
21
-4.3299137007874018
0
LINE
8
BLACK
6
CONTINUOUS
10
6.1034928740157479
20
-4.3299137007874018
11
6.1019567322834645
21
-4.3300650000000003
0
LINE
8
BLACK
6
CONTINUOUS
10
6.1019567322834645
20
-4.3300650000000003
11
5.9586033464566928
21
-4.3300650000000003
0
LINE
8
BLACK
6
CONTINUOUS
10
5.9586033464566928
20
-4.3300650000000003
11
5.5618571259842522
21
-4.3300650000000003
0
LINE
8
BLACK
6
CONTINUOUS
10
5.5618571259842522
20
-4.3300650000000003
11
5.5417009055118109
21
-4.3502211811023619
0
LINE
8
BLACK
6
CONTINUOUS
10
5.5417009055118109
20
-4.3502211811023619
11
5.5422127952755904
21
-4.3521316141732287
0
LINE
8
BLACK
6
CONTINUOUS
10
5.5422127952755904
20
-4.3521316141732287
11
5.5422127952755904
21
-4.3562426377952752
0
LINE
8
BLACK
6
CONTINUOUS
10
5.5422127952755904
20
-4.3562426377952752
11
5.5411487795275587
21
-4.3602136220472438
0
LINE
8
BLACK
6
CONTINUOUS
10
5.5411487795275587
20
-4.3602136220472438
11
5.5390932283464567
21
-4.3637739370078741
0
LINE
8
BLACK
6
CONTINUOUS
10
5.5390932283464567
20
-4.3637739370078741
11
5.5361862992125985
21
-4.3666808661417322
0
LINE
8
BLACK
6
CONTINUOUS
10
5.5361862992125985
20
-4.3666808661417322
11
5.5326259842519683
21
-4.3687364173228342
0
LINE
8
BLACK
6
CONTINUOUS
10
5.5326259842519683
20
-4.3687364173228342
11
5.5286549999999997
21
-4.369800433070866
0
LINE
8
BLACK
6
CONTINUOUS
10
5.5286549999999997
20
-4.369800433070866
11
5.5245439763779522
21
-4.369800433070866
0
LINE
8
BLACK
6
CONTINUOUS
10
5.5245439763779522
20
-4.369800433070866
11
5.5205729921259845
21
-4.3687364173228342
0
LINE
8
BLACK
6
CONTINUOUS
10
5.5205729921259845
20
-4.3687364173228342
11
5.5170126771653543
21
-4.3666808661417322
0
LINE
8
BLACK
6
CONTINUOUS
10
5.5170126771653543
20
-4.3666808661417322
11
5.5141057480314961
21
-4.3637739370078741
0
LINE
8
BLACK
6
CONTINUOUS
10
5.5141057480314961
20
-4.3637739370078741
11
5.5120501968503932
21
-4.3602136220472438
0
LINE
8
BLACK
6
CONTINUOUS
10
5.5120501968503932
20
-4.3602136220472438
11
5.5109861811023624
21
-4.3562426377952752
0
LINE
8
BLACK
6
CONTINUOUS
10
5.5109861811023624
20
-4.3562426377952752
11
5.5109861811023624
21
-4.3521316141732287
0
LINE
8
BLACK
6
CONTINUOUS
10
5.5109861811023624
20
-4.3521316141732287
11
5.5120501968503932
21
-4.3481606299212601
0
LINE
8
BLACK
6
CONTINUOUS
10
5.5120501968503932
20
-4.3481606299212601
11
5.5141057480314961
21
-4.3446003149606298
0
LINE
8
BLACK
6
CONTINUOUS
10
5.5141057480314961
20
-4.3446003149606298
11
5.5170126771653543
21
-4.3416933858267717
0
LINE
8
BLACK
6
CONTINUOUS
10
5.5170126771653543
20
-4.3416933858267717
11
5.5205729921259845
21
-4.3396378346456688
0
LINE
8
BLACK
6
CONTINUOUS
10
5.5205729921259845
20
-4.3396378346456688
11
5.5245439763779522
21
-4.3385738188976379
0
LINE
8
BLACK
6
CONTINUOUS
10
5.5245439763779522
20
-4.3385738188976379
11
5.5286549999999997
21
-4.3385738188976379
0
LINE
8
BLACK
6
CONTINUOUS
10
5.5286549999999997
20
-4.3385738188976379
11
5.5305653937007877
21
-4.3390856692913387
0
LINE
8
BLACK
6
CONTINUOUS
10
5.5305653937007877
20
-4.3390856692913387
11
5.5530278740157479
21
-4.3166232283464563
0
LINE
8
BLACK
6
CONTINUOUS
10
5.5530278740157479
20
-4.3166232283464563
11
5.5542210629921263
21
-4.3156439763779524
0
LINE
8
BLACK
6
CONTINUOUS
10
5.5542210629921263
20
-4.3156439763779524
11
5.5570594881889761
21
-4.3144682677165349
0
LINE
8
BLACK
6
CONTINUOUS
10
5.5570594881889761
20
-4.3144682677165349
11
5.5585956299212596
21
-4.3143169685039373
0
LINE
8
BLACK
6
CONTINUOUS
10
5.5585956299212596
20
-4.3143169685039373
11
5.9586033464566928
21
-4.3143169685039373
0
LINE
8
BLACK
6
CONTINUOUS
10
5.9586033464566928
20
-4.3143169685039373
11
6.0986952362204727
21
-4.3143169685039373
0
LINE
8
BLACK
6
CONTINUOUS
10
6.0986952362204727
20
-4.3143169685039373
11
6.2551785826771651
21
-4.1578335433070865
0
LINE
8
BLACK
6
CONTINUOUS
10
6.2551785826771651
20
-4.1578335433070865
11
6.2546667322834644
21
-4.1559231889763781
0
LINE
8
BLACK
6
CONTINUOUS
10
6.2546667322834644
20
-4.1559231889763781
11
6.2546667322834644
21
-4.1518121653543307
0
LINE
8
BLACK
6
CONTINUOUS
10
6.2546667322834644
20
-4.1518121653543307
11
6.2557307480314961
21
-4.1478411811023621
0
LINE
8
BLACK
6
CONTINUOUS
10
6.2557307480314961
20
-4.1478411811023621
11
6.2577862992125981
21
-4.1442808661417319
0
LINE
8
BLACK
6
CONTINUOUS
10
6.2577862992125981
20
-4.1442808661417319
11
6.2606932283464563
21
-4.1413739370078737
0
LINE
8
BLACK
6
CONTINUOUS
10
6.2606932283464563
20
-4.1413739370078737
11
6.2642535433070865
21
-4.1393183858267717
0
LINE
8
BLACK
6
CONTINUOUS
10
6.2642535433070865
20
-4.1393183858267717
11
6.2682245275590551
21
-4.13825437007874
0
LINE
8
BLACK
6
CONTINUOUS
10
6.2682245275590551
20
-4.13825437007874
11
6.2723355511811025
21
-4.13825437007874
0
LINE
8
BLACK
6
CONTINUOUS
10
6.2723355511811025
20
-4.13825437007874
11
6.2763065354330712
21
-4.1393183858267717
0
LINE
8
BLACK
6
CONTINUOUS
10
6.4261259448818899
20
-3.8491379133858268
11
6.4296862598425193
21
-3.8511934645669292
0
LINE
8
BLACK
6
CONTINUOUS
10
6.4296862598425193
20
-3.8511934645669292
11
6.4325931889763774
21
-3.8541003937007874
0
LINE
8
BLACK
6
CONTINUOUS
10
6.4325931889763774
20
-3.8541003937007874
11
6.4346487401574803
21
-3.8576607086614172
0
LINE
8
BLACK
6
CONTINUOUS
10
6.4346487401574803
20
-3.8576607086614172
11
6.4357127559055121
21
-3.8616316929133858
0
LINE
8
BLACK
6
CONTINUOUS
10
6.4357127559055121
20
-3.8616316929133858
11
6.4357127559055121
21
-3.8657427165354328
0
LINE
8
BLACK
6
CONTINUOUS
10
6.4357127559055121
20
-3.8657427165354328
11
6.4346487401574803
21
-3.8697137007874014
0
LINE
8
BLACK
6
CONTINUOUS
10
6.4346487401574803
20
-3.8697137007874014
11
6.4325931889763774
21
-3.8732740157480312
0
LINE
8
BLACK
6
CONTINUOUS
10
6.4325931889763774
20
-3.8732740157480312
11
6.4296862598425193
21
-3.8761809448818898
0
LINE
8
BLACK
6
CONTINUOUS
10
6.4296862598425193
20
-3.8761809448818898
11
6.4261259448818899
21
-3.8782364960629923
0
LINE
8
BLACK
6
CONTINUOUS
10
6.4261259448818899
20
-3.8782364960629923
11
6.4221549606299213
21
-3.8793005118110235
0
LINE
8
BLACK
6
CONTINUOUS
10
6.4221549606299213
20
-3.8793005118110235
11
6.4180439370078739
21
-3.8793005118110235
0
LINE
8
BLACK
6
CONTINUOUS
10
6.4180439370078739
20
-3.8793005118110235
11
6.4140729527559053
21
-3.8782364960629923
0
LINE
8
BLACK
6
CONTINUOUS
10
6.4140729527559053
20
-3.8782364960629923
11
6.4139644488188976
21
-3.8781738582677163
0
LINE
8
BLACK
6
CONTINUOUS
10
6.4139644488188976
20
-3.8781738582677163
11
6.3956904330708664
21
-3.896447874015748
0
LINE
8
BLACK
6
CONTINUOUS
10
6.3956904330708664
20
-3.896447874015748
11
6.3956904330708664
21
-4.3009264173228345
0
LINE
8
BLACK
6
CONTINUOUS
10
6.3956904330708664
20
-4.3009264173228345
11
6.4239644881889761
21
-4.3292004724409452
0
LINE
8
BLACK
6
CONTINUOUS
10
6.4239644881889761
20
-4.3292004724409452
11
6.4240729921259838
21
-4.3291378346456693
0
LINE
8
BLACK
6
CONTINUOUS
10
6.4240729921259838
20
-4.3291378346456693
11
6.4280439763779524
21
-4.3280738188976375
0
LINE
8
BLACK
6
CONTINUOUS
10
6.4280439763779524
20
-4.3280738188976375
11
6.4321549999999998
21
-4.3280738188976375
0
LINE
8
BLACK
6
CONTINUOUS
10
6.4321549999999998
20
-4.3280738188976375
11
6.4361259842519685
21
-4.3291378346456693
0
LINE
8
BLACK
6
CONTINUOUS
10
6.4361259842519685
20
-4.3291378346456693
11
6.4396862992125987
21
-4.3311933858267713
0
LINE
8
BLACK
6
CONTINUOUS
10
6.4396862992125987
20
-4.3311933858267713
11
6.4425932283464569
21
-4.3341003149606294
0
LINE
8
BLACK
6
CONTINUOUS
10
6.4425932283464569
20
-4.3341003149606294
11
6.4446487795275589
21
-4.3376606299212597
0
LINE
8
BLACK
6
CONTINUOUS
10
6.4446487795275589
20
-4.3376606299212597
11
6.4457127952755906
21
-4.3416316141732283
0
LINE
8
BLACK
6
CONTINUOUS
10
6.4457127952755906
20
-4.3416316141732283
11
6.4457127952755906
21
-4.3457426377952757
0
LINE
8
BLACK
6
CONTINUOUS
10
6.4457127952755906
20
-4.3457426377952757
11
6.4446487795275589
21
-4.3497136220472443
0
LINE
8
BLACK
6
CONTINUOUS
10
6.4446487795275589
20
-4.3497136220472443
11
6.4425932283464569
21
-4.3532739370078737
0
LINE
8
BLACK
6
CONTINUOUS
10
6.4425932283464569
20
-4.3532739370078737
11
6.4396862992125987
21
-4.3561808661417318
0
LINE
8
BLACK
6
CONTINUOUS
10
6.4396862992125987
20
-4.3561808661417318
11
6.4361259842519685
21
-4.3582364173228347
0
LINE
8
BLACK
6
CONTINUOUS
10
6.4361259842519685
20
-4.3582364173228347
11
6.4321549999999998
21
-4.3593004330708665
0
LINE
8
BLACK
6
CONTINUOUS
10
6.4321549999999998
20
-4.3593004330708665
11
6.4280439763779524
21
-4.3593004330708665
0
LINE
8
BLACK
6
CONTINUOUS
10
6.4280439763779524
20
-4.3593004330708665
11
6.4240729921259838
21
-4.3582364173228347
0
LINE
8
BLACK
6
CONTINUOUS
10
6.4240729921259838
20
-4.3582364173228347
11
6.4205126771653545
21
-4.3561808661417318
0
LINE
8
BLACK
6
CONTINUOUS
10
6.4205126771653545
20
-4.3561808661417318
11
6.4176057480314963
21
-4.3532739370078737
0
LINE
8
BLACK
6
CONTINUOUS
10
6.4176057480314963
20
-4.3532739370078737
11
6.4155501968503934
21
-4.3497136220472443
0
LINE
8
BLACK
6
CONTINUOUS
10
6.4155501968503934
20
-4.3497136220472443
11
6.4144861811023617
21
-4.3457426377952757
0
LINE
8
BLACK
6
CONTINUOUS
10
6.4144861811023617
20
-4.3457426377952757
11
6.4144861811023617
21
-4.3416316141732283
0
LINE
8
BLACK
6
CONTINUOUS
10
6.4144861811023617
20
-4.3416316141732283
11
6.4155501968503934
21
-4.3376606299212597
0
LINE
8
BLACK
6
CONTINUOUS
10
6.4155501968503934
20
-4.3376606299212597
11
6.4156128346456693
21
-4.337552125984252
0
LINE
8
BLACK
6
CONTINUOUS
10
6.4156128346456693
20
-4.337552125984252
11
6.3856090944881885
21
-4.3075483858267711
0
LINE
8
BLACK
6
CONTINUOUS
10
6.3856090944881885
20
-4.3075483858267711
11
6.3848746456692913
21
-4.3066534645669288
0
LINE
8
BLACK
6
CONTINUOUS
10
6.3848746456692913
20
-4.3066534645669288
11
6.3839928740157479
21
-4.3045246456692912
0
LINE
8
BLACK
6
CONTINUOUS
10
6.3839928740157479
20
-4.3045246456692912
11
6.3838794094488192
21
-4.3033725590551182
0
LINE
8
BLACK
6
CONTINUOUS
10
6.3838794094488192
20
-4.3033725590551182
11
6.3838794094488192
21
-3.8940017716535431
0
LINE
8
BLACK
6
CONTINUOUS
10
6.3838794094488192
20
-3.8940017716535431
11
6.3839928740157479
21
-3.8928496456692914
0
LINE
8
BLACK
6
CONTINUOUS
10
6.3839928740157479
20
-3.8928496456692914
11
6.3846019291338578
21
-3.8913792913385827
0
LINE
8
BLACK
6
CONTINUOUS
10
6.3846019291338578
20
-3.8913792913385827
11
6.3848746456692913
21
-3.8907208661417321
0
LINE
8
BLACK
6
CONTINUOUS
10
6.3848746456692913
20
-3.8907208661417321
11
6.3856090944881885
21
-3.8898259448818897
0
LINE
8
BLACK
6
CONTINUOUS
10
6.3856090944881885
20
-3.8898259448818897
11
6.4056127952755908
21
-3.8698222047244095
0
LINE
8
BLACK
6
CONTINUOUS
10
6.4056127952755908
20
-3.8698222047244095
11
6.4055501574803149
21
-3.8697137007874014
0
LINE
8
BLACK
6
CONTINUOUS
10
6.4055501574803149
20
-3.8697137007874014
11
6.4044861417322831
21
-3.8657427165354328
0
LINE
8
BLACK
6
CONTINUOUS
10
6.4044861417322831
20
-3.8657427165354328
11
6.4044861417322831
21
-3.8616316929133858
0
LINE
8
BLACK
6
CONTINUOUS
10
6.4044861417322831
20
-3.8616316929133858
11
6.4055501574803149
21
-3.8576607086614172
0
LINE
8
BLACK
6
CONTINUOUS
10
6.4055501574803149
20
-3.8576607086614172
11
6.4076057086614169
21
-3.8541003937007874
0
LINE
8
BLACK
6
CONTINUOUS
10
6.4076057086614169
20
-3.8541003937007874
11
6.410512637795275
21
-3.8511934645669292
0
LINE
8
BLACK
6
CONTINUOUS
10
6.410512637795275
20
-3.8511934645669292
11
6.4140729527559053
21
-3.8491379133858268
0
LINE
8
BLACK
6
CONTINUOUS
10
6.4140729527559053
20
-3.8491379133858268
11
6.4180439370078739
21
-3.8480738976377951
0
LINE
8
BLACK
6
CONTINUOUS
10
6.4180439370078739
20
-3.8480738976377951
11
6.4221549606299213
21
-3.8480738976377951
0
LINE
8
BLACK
6
CONTINUOUS
10
6.4221549606299213
20
-3.8480738976377951
11
6.4261259448818899
21
-3.8491379133858268
0
LINE
8
BLACK
6
CONTINUOUS
10
6.3961259842519684
20
-3.799137834645669
11
6.3996862992125987
21
-3.8011933858267715
0
LINE
8
BLACK
6
CONTINUOUS
10
6.3996862992125987
20
-3.8011933858267715
11
6.4025932283464568
21
-3.8041003149606296
0
LINE
8
BLACK
6
CONTINUOUS
10
6.4025932283464568
20
-3.8041003149606296
11
6.4046487795275588
21
-3.8076606299212599
0
LINE
8
BLACK
6
CONTINUOUS
10
6.4046487795275588
20
-3.8076606299212599
11
6.4057127952755906
21
-3.811631614173228
0
LINE
8
BLACK
6
CONTINUOUS
10
6.4057127952755906
20
-3.811631614173228
11
6.4057127952755906
21
-3.8157426377952754
0
LINE
8
BLACK
6
CONTINUOUS
10
6.4057127952755906
20
-3.8157426377952754
11
6.4046487795275588
21
-3.8197136220472441
0
LINE
8
BLACK
6
CONTINUOUS
10
6.4046487795275588
20
-3.8197136220472441
11
6.4025932283464568
21
-3.8232739370078739
0
LINE
8
BLACK
6
CONTINUOUS
10
6.4025932283464568
20
-3.8232739370078739
11
6.3996862992125987
21
-3.826180866141732
0
LINE
8
BLACK
6
CONTINUOUS
10
6.3996862992125987
20
-3.826180866141732
11
6.3961259842519684
21
-3.8282364173228345
0
LINE
8
BLACK
6
CONTINUOUS
10
6.3961259842519684
20
-3.8282364173228345
11
6.3921549999999998
21
-3.8293004330708662
0
LINE
8
BLACK
6
CONTINUOUS
10
6.3921549999999998
20
-3.8293004330708662
11
6.3880439763779524
21
-3.8293004330708662
0
LINE
8
BLACK
6
CONTINUOUS
10
6.3880439763779524
20
-3.8293004330708662
11
6.3840729921259838
21
-3.8282364173228345
0
LINE
8
BLACK
6
CONTINUOUS
10
6.3840729921259838
20
-3.8282364173228345
11
6.3839644881889761
21
-3.8281737401574802
0
LINE
8
BLACK
6
CONTINUOUS
10
6.3839644881889761
20
-3.8281737401574802
11
6.3760050000000001
21
-3.8361332677165354
0
LINE
8
BLACK
6
CONTINUOUS
10
6.3760050000000001
20
-3.8361332677165354
11
6.3760050000000001
21
-4.3191053937007871
0
LINE
8
BLACK
6
CONTINUOUS
10
6.3760050000000001
20
-4.3191053937007871
11
6.376125984251968
21
-4.3191378346456695
0
LINE
8
BLACK
6
CONTINUOUS
10
6.376125984251968
20
-4.3191378346456695
11
6.3796862992125982
21
-4.3211933858267715
0
LINE
8
BLACK
6
CONTINUOUS
10
6.3796862992125982
20
-4.3211933858267715
11
6.3825932283464564
21
-4.3241003149606296
0
LINE
8
BLACK
6
CONTINUOUS
10
6.3825932283464564
20
-4.3241003149606296
11
6.3846487795275593
21
-4.3276606299212599
0
LINE
8
BLACK
6
CONTINUOUS
10
6.3846487795275593
20
-4.3276606299212599
11
6.3857127952755901
21
-4.3316316141732285
0
LINE
8
BLACK
6
CONTINUOUS
10
6.3857127952755901
20
-4.3316316141732285
11
6.3857127952755901
21
-4.3357426377952759
0
LINE
8
BLACK
6
CONTINUOUS
10
6.3857127952755901
20
-4.3357426377952759
11
6.3846487795275593
21
-4.3397136220472436
0
LINE
8
BLACK
6
CONTINUOUS
10
6.3846487795275593
20
-4.3397136220472436
11
6.3825932283464564
21
-4.3432739370078739
0
LINE
8
BLACK
6
CONTINUOUS
10
6.3825932283464564
20
-4.3432739370078739
11
6.3796862992125982
21
-4.346180866141732
0
LINE
8
BLACK
6
CONTINUOUS
10
6.3796862992125982
20
-4.346180866141732
11
6.376125984251968
21
-4.3482364173228349
0
LINE
8
BLACK
6
CONTINUOUS
10
6.376125984251968
20
-4.3482364173228349
11
6.3721550000000002
21
-4.3493004330708658
0
LINE
8
BLACK
6
CONTINUOUS
10
6.3721550000000002
20
-4.3493004330708658
11
6.3680439763779528
21
-4.3493004330708658
0
LINE
8
BLACK
6
CONTINUOUS
10
6.3680439763779528
20
-4.3493004330708658
11
6.3640729921259842
21
-4.3482364173228349
0
LINE
8
BLACK
6
CONTINUOUS
10
6.3640729921259842
20
-4.3482364173228349
11
6.360512677165354
21
-4.346180866141732
0
LINE
8
BLACK
6
CONTINUOUS
10
6.360512677165354
20
-4.346180866141732
11
6.3576057480314958
21
-4.3432739370078739
0
LINE
8
BLACK
6
CONTINUOUS
10
6.3576057480314958
20
-4.3432739370078739
11
6.3555501968503938
21
-4.3397136220472436
0
LINE
8
BLACK
6
CONTINUOUS
10
6.3555501968503938
20
-4.3397136220472436
11
6.3544861811023621
21
-4.3357426377952759
0
LINE
8
BLACK
6
CONTINUOUS
10
6.3544861811023621
20
-4.3357426377952759
11
6.3544861811023621
21
-4.3316316141732285
0
LINE
8
BLACK
6
CONTINUOUS
10
6.3544861811023621
20
-4.3316316141732285
11
6.3555501968503938
21
-4.3276606299212599
0
LINE
8
BLACK
6
CONTINUOUS
10
6.3555501968503938
20
-4.3276606299212599
11
6.3576057480314958
21
-4.3241003149606296
0
LINE
8
BLACK
6
CONTINUOUS
10
6.3576057480314958
20
-4.3241003149606296
11
6.360512677165354
21
-4.3211933858267715
0
LINE
8
BLACK
6
CONTINUOUS
10
6.360512677165354
20
-4.3211933858267715
11
6.3640729921259842
21
-4.3191378346456695
0
LINE
8
BLACK
6
CONTINUOUS
10
6.3640729921259842
20
-4.3191378346456695
11
6.3641939763779529
21
-4.3191053937007871
0
LINE
8
BLACK
6
CONTINUOUS
10
6.3641939763779529
20
-4.3191053937007871
11
6.3641939763779529
21
-3.8336871259842518
0
LINE
8
BLACK
6
CONTINUOUS
10
6.3641939763779529
20
-3.8336871259842518
11
6.3643074409448817
21
-3.832535
0
LINE
8
BLACK
6
CONTINUOUS
10
6.3643074409448817
20
-3.832535
11
6.3648427952755906
21
-3.8312425984251965
0
LINE
8
BLACK
6
CONTINUOUS
10
6.3648427952755906
20
-3.8312425984251965
11
6.3651892125984251
21
-3.8304062204724407
0
LINE
8
BLACK
6
CONTINUOUS
10
6.3651892125984251
20
-3.8304062204724407
11
6.3659236614173231
21
-3.8295112992125984
0
LINE
8
BLACK
6
CONTINUOUS
10
6.3659236614173231
20
-3.8295112992125984
11
6.3756128346456693
21
-3.819822086614173
0
LINE
8
BLACK
6
CONTINUOUS
10
6.3756128346456693
20
-3.819822086614173
11
6.3755501968503934
21
-3.8197136220472441
0
LINE
8
BLACK
6
CONTINUOUS
10
6.3755501968503934
20
-3.8197136220472441
11
6.3744861811023616
21
-3.8157426377952754
0
LINE
8
BLACK
6
CONTINUOUS
10
6.3744861811023616
20
-3.8157426377952754
11
6.3744861811023616
21
-3.811631614173228
0
LINE
8
BLACK
6
CONTINUOUS
10
6.3744861811023616
20
-3.811631614173228
11
6.3755501968503934
21
-3.8076606299212599
0
LINE
8
BLACK
6
CONTINUOUS
10
6.3755501968503934
20
-3.8076606299212599
11
6.3776057480314963
21
-3.8041003149606296
0
LINE
8
BLACK
6
CONTINUOUS
10
6.3776057480314963
20
-3.8041003149606296
11
6.3805126771653544
21
-3.8011933858267715
0
LINE
8
BLACK
6
CONTINUOUS
10
6.3805126771653544
20
-3.8011933858267715
11
6.3840729921259838
21
-3.799137834645669
0
LINE
8
BLACK
6
CONTINUOUS
10
6.3840729921259838
20
-3.799137834645669
11
6.3880439763779524
21
-3.7980738188976377
0
LINE
8
BLACK
6
CONTINUOUS
10
6.3880439763779524
20
-3.7980738188976377
11
6.3921549999999998
21
-3.7980738188976377
0
LINE
8
BLACK
6
CONTINUOUS
10
6.3921549999999998
20
-3.7980738188976377
11
6.3961259842519684
21
-3.799137834645669
0
LINE
8
BLACK
6
CONTINUOUS
10
6.2756395275590551
20
-4.079968307086614
11
6.2784779527559058
21
-4.0811440157480314
0
LINE
8
BLACK
6
CONTINUOUS
10
6.2784779527559058
20
-4.0811440157480314
11
6.2796711417322832
21
-4.0821232677165353
0
LINE
8
BLACK
6
CONTINUOUS
10
6.2796711417322832
20
-4.0821232677165353
11
6.3199192519685035
21
-4.1223713385826768
0
LINE
8
BLACK
6
CONTINUOUS
10
6.3199192519685035
20
-4.1223713385826768
11
6.3199194094488185
21
-4.1223715354330706
0
LINE
8
BLACK
6
CONTINUOUS
10
6.3199194094488185
20
-4.1223715354330706
11
6.3261335433070869
21
-4.1285856692913381
0
LINE
8
BLACK
6
CONTINUOUS
10
6.3261335433070869
20
-4.1285856692913381
11
6.3280439763779528
21
-4.1280738188976374
0
LINE
8
BLACK
6
CONTINUOUS
10
6.3280439763779528
20
-4.1280738188976374
11
6.3321550000000002
21
-4.1280738188976374
0
LINE
8
BLACK
6
CONTINUOUS
10
6.3321550000000002
20
-4.1280738188976374
11
6.3361259842519679
21
-4.1291378346456691
0
LINE
8
BLACK
6
CONTINUOUS
10
6.3361259842519679
20
-4.1291378346456691
11
6.3396862992125982
21
-4.131193385826772
0
LINE
8
BLACK
6
CONTINUOUS
10
6.3396862992125982
20
-4.131193385826772
11
6.3425932283464563
21
-4.1341003149606301
0
LINE
8
BLACK
6
CONTINUOUS
10
6.3425932283464563
20
-4.1341003149606301
11
6.3446487795275592
21
-4.1376606299212595
0
LINE
8
BLACK
6
CONTINUOUS
10
6.3446487795275592
20
-4.1376606299212595
11
6.3457127952755901
21
-4.1416316141732281
0
LINE
8
BLACK
6
CONTINUOUS
10
6.3457127952755901
20
-4.1416316141732281
11
6.3457127952755901
21
-4.1457426377952755
0
LINE
8
BLACK
6
CONTINUOUS
10
6.3457127952755901
20
-4.1457426377952755
11
6.3446487795275592
21
-4.1497136220472441
0
LINE
8
BLACK
6
CONTINUOUS
10
6.3446487795275592
20
-4.1497136220472441
11
6.3425932283464563
21
-4.1532739370078735
0
LINE
8
BLACK
6
CONTINUOUS
10
6.3425932283464563
20
-4.1532739370078735
11
6.3396862992125982
21
-4.1561808661417325
0
LINE
8
BLACK
6
CONTINUOUS
10
6.3396862992125982
20
-4.1561808661417325
11
6.3361259842519679
21
-4.1582364173228346
0
LINE
8
BLACK
6
CONTINUOUS
10
6.3361259842519679
20
-4.1582364173228346
11
6.3321550000000002
21
-4.1593004330708663
0
LINE
8
BLACK
6
CONTINUOUS
10
6.3321550000000002
20
-4.1593004330708663
11
6.3280439763779528
21
-4.1593004330708663
0
LINE
8
BLACK
6
CONTINUOUS
10
6.3280439763779528
20
-4.1593004330708663
11
6.3240729921259842
21
-4.1582364173228346
0
LINE
8
BLACK
6
CONTINUOUS
10
6.3240729921259842
20
-4.1582364173228346
11
6.3205126771653539
21
-4.1561808661417325
0
LINE
8
BLACK
6
CONTINUOUS
10
6.3205126771653539
20
-4.1561808661417325
11
6.3176057480314958
21
-4.1532739370078735
0
LINE
8
BLACK
6
CONTINUOUS
10
6.3176057480314958
20
-4.1532739370078735
11
6.3155501968503938
21
-4.1497136220472441
0
LINE
8
BLACK
6
CONTINUOUS
10
6.3155501968503938
20
-4.1497136220472441
11
6.314486181102362
21
-4.1457426377952755
0
LINE
8
BLACK
6
CONTINUOUS
10
6.314486181102362
20
-4.1457426377952755
11
6.314486181102362
21
-4.1416316141732281
0
LINE
8
BLACK
6
CONTINUOUS
10
6.314486181102362
20
-4.1416316141732281
11
6.3149980314960628
21
-4.1397211811023622
0
LINE
8
BLACK
6
CONTINUOUS
10
6.3149980314960628
20
-4.1397211811023622
11
6.3087838976377952
21
-4.1335070472440947
0
LINE
8
BLACK
6
CONTINUOUS
10
6.3087838976377952
20
-4.1335070472440947
11
6.3087837007874015
21
-4.1335068897637797
0
LINE
8
BLACK
6
CONTINUOUS
10
6.3087837007874015
20
-4.1335068897637797
11
6.270841889763779
21
-4.0955650393700784
0
LINE
8
BLACK
6
CONTINUOUS
10
6.270841889763779
20
-4.0955650393700784
11
5.179034330708661
21
-4.0955650393700784
0
LINE
8
BLACK
6
CONTINUOUS
10
5.179034330708661
20
-4.0955650393700784
11
5.159844488188976
21
-4.1147548818897635
0
LINE
8
BLACK
6
CONTINUOUS
10
5.159844488188976
20
-4.1147548818897635
11
5.1586512992125986
21
-4.1157341338582674
0
LINE
8
BLACK
6
CONTINUOUS
10
5.1586512992125986
20
-4.1157341338582674
11
5.1558128740157478
21
-4.1169098425196848
0
LINE
8
BLACK
6
CONTINUOUS
10
5.1558128740157478
20
-4.1169098425196848
11
5.1542767322834644
21
-4.1170611417322833
0
LINE
8
BLACK
6
CONTINUOUS
10
5.1542767322834644
20
-4.1170611417322833
11
5.0800821259842515
21
-4.1170611417322833
0
LINE
8
BLACK
6
CONTINUOUS
10
5.0800821259842515
20
-4.1170611417322833
11
5.0790932283464567
21
-4.118773937007874
0
LINE
8
BLACK
6
CONTINUOUS
10
5.0790932283464567
20
-4.118773937007874
11
5.0761862992125986
21
-4.1216808661417321
0
LINE
8
BLACK
6
CONTINUOUS
10
5.0761862992125986
20
-4.1216808661417321
11
5.0726259842519683
21
-4.1237364173228341
0
LINE
8
BLACK
6
CONTINUOUS
10
5.0726259842519683
20
-4.1237364173228341
11
5.0686549999999997
21
-4.1248004330708659
0
LINE
8
BLACK
6
CONTINUOUS
10
5.0686549999999997
20
-4.1248004330708659
11
5.0645439763779523
21
-4.1248004330708659
0
LINE
8
BLACK
6
CONTINUOUS
10
5.0645439763779523
20
-4.1248004330708659
11
5.0605729921259845
21
-4.1237364173228341
0
LINE
8
BLACK
6
CONTINUOUS
10
5.0605729921259845
20
-4.1237364173228341
11
5.0570126771653543
21
-4.1216808661417321
0
LINE
8
BLACK
6
CONTINUOUS
10
5.0570126771653543
20
-4.1216808661417321
11
5.0541057480314961
21
-4.118773937007874
0
LINE
8
BLACK
6
CONTINUOUS
10
5.0541057480314961
20
-4.118773937007874
11
5.0520501968503932
21
-4.1152136220472437
0
LINE
8
BLACK
6
CONTINUOUS
10
5.0520501968503932
20
-4.1152136220472437
11
5.0509861811023624
21
-4.1112426377952751
0
LINE
8
BLACK
6
CONTINUOUS
10
5.0509861811023624
20
-4.1112426377952751
11
5.0509861811023624
21
-4.1071316141732286
0
LINE
8
BLACK
6
CONTINUOUS
10
5.0509861811023624
20
-4.1071316141732286
11
5.0520501968503932
21
-4.10316062992126
0
LINE
8
BLACK
6
CONTINUOUS
10
5.0520501968503932
20
-4.10316062992126
11
5.0541057480314961
21
-4.0996003149606297
0
LINE
8
BLACK
6
CONTINUOUS
10
5.0541057480314961
20
-4.0996003149606297
11
5.0570126771653543
21
-4.0966933858267716
0
LINE
8
BLACK
6
CONTINUOUS
10
5.0570126771653543
20
-4.0966933858267716
11
5.0605729921259845
21
-4.0946378346456695
0
LINE
8
BLACK
6
CONTINUOUS
10
5.0605729921259845
20
-4.0946378346456695
11
5.0645439763779523
21
-4.0935738188976378
0
LINE
8
BLACK
6
CONTINUOUS
10
5.0645439763779523
20
-4.0935738188976378
11
5.0686549999999997
21
-4.0935738188976378
0
LINE
8
BLACK
6
CONTINUOUS
10
5.0686549999999997
20
-4.0935738188976378
11
5.0726259842519683
21
-4.0946378346456695
0
LINE
8
BLACK
6
CONTINUOUS
10
5.0726259842519683
20
-4.0946378346456695
11
5.0761862992125986
21
-4.0966933858267716
0
LINE
8
BLACK
6
CONTINUOUS
10
5.0761862992125986
20
-4.0966933858267716
11
5.0790932283464567
21
-4.0996003149606297
0
LINE
8
BLACK
6
CONTINUOUS
10
5.0790932283464567
20
-4.0996003149606297
11
5.0800821259842515
21
-4.1013131102362204
0
LINE
8
BLACK
6
CONTINUOUS
10
5.0800821259842515
20
-4.1013131102362204
11
5.1510152362204726
21
-4.1013131102362204
0
LINE
8
BLACK
6
CONTINUOUS
10
5.1510152362204726
20
-4.1013131102362204
11
5.1702050787401577
21
-4.0821232677165353
0
LINE
8
BLACK
6
CONTINUOUS
10
5.1702050787401577
20
-4.0821232677165353
11
5.1713982677165351
21
-4.0811440157480314
0
LINE
8
BLACK
6
CONTINUOUS
10
5.1713982677165351
20
-4.0811440157480314
11
5.1742366929133858
21
-4.079968307086614
0
LINE
8
BLACK
6
CONTINUOUS
10
5.1742366929133858
20
-4.079968307086614
11
5.1757728346456693
21
-4.0798170078740155
0
LINE
8
BLACK
6
CONTINUOUS
10
5.1757728346456693
20
-4.0798170078740155
11
6.2741033858267716
21
-4.0798170078740155
0
LINE
8
BLACK
6
CONTINUOUS
10
6.2741033858267716
20
-4.0798170078740155
11
6.2756395275590551
21
-4.079968307086614
0
LINE
8
BLACK
6
CONTINUOUS
10
5.5139251968503933
20
-3.9896378740157479
11
5.5174855118110235
21
-3.9916934251968503
0
LINE
8
BLACK
6
CONTINUOUS
10
5.5174855118110235
20
-3.9916934251968503
11
5.5203924409448817
21
-3.9946003543307085
0
LINE
8
BLACK
6
CONTINUOUS
10
5.5203924409448817
20
-3.9946003543307085
11
5.5224479921259837
21
-3.9981606692913383
0
LINE
8
BLACK
6
CONTINUOUS
10
5.5224479921259837
20
-3.9981606692913383
11
5.5235120078740154
21
-4.0021316535433069
0
LINE
8
BLACK
6
CONTINUOUS
10
5.5235120078740154
20
-4.0021316535433069
11
5.5235120078740154
21
-4.0062426771653543
0
LINE
8
BLACK
6
CONTINUOUS
10
5.5235120078740154
20
-4.0062426771653543
11
5.5230001181102359
21
-4.0081530314960627
0
LINE
8
BLACK
6
CONTINUOUS
10
5.5230001181102359
20
-4.0081530314960627
11
5.5675377559055113
21
-4.0526906692913389
0
LINE
8
BLACK
6
CONTINUOUS
10
5.5675377559055113
20
-4.0526906692913389
11
6.2469604330708659
21
-4.0526906692913389
0
LINE
8
BLACK
6
CONTINUOUS
10
6.2469604330708659
20
-4.0526906692913389
11
6.2514980314960624
21
-4.048152992125984
0
LINE
8
BLACK
6
CONTINUOUS
10
6.2514980314960624
20
-4.048152992125984
11
6.2509861811023617
21
-4.0462426377952756
0
LINE
8
BLACK
6
CONTINUOUS
10
6.2509861811023617
20
-4.0462426377952756
11
6.2509861811023617
21
-4.0421316141732282
0
LINE
8
BLACK
6
CONTINUOUS
10
6.2509861811023617
20
-4.0421316141732282
11
6.2520501968503934
21
-4.0381606299212596
0
LINE
8
BLACK
6
CONTINUOUS
10
6.2520501968503934
20
-4.0381606299212596
11
6.2541057480314963
21
-4.0346003149606302
0
LINE
8
BLACK
6
CONTINUOUS
10
6.2541057480314963
20
-4.0346003149606302
11
6.2570126771653545
21
-4.0316933858267712
0
LINE
8
BLACK
6
CONTINUOUS
10
6.2570126771653545
20
-4.0316933858267712
11
6.2605729921259838
21
-4.0296378346456692
0
LINE
8
BLACK
6
CONTINUOUS
10
6.2605729921259838
20
-4.0296378346456692
11
6.2645439763779525
21
-4.0285738188976374
0
LINE
8
BLACK
6
CONTINUOUS
10
6.2645439763779525
20
-4.0285738188976374
11
6.2686549999999999
21
-4.0285738188976374
0
LINE
8
BLACK
6
CONTINUOUS
10
6.2686549999999999
20
-4.0285738188976374
11
6.2726259842519685
21
-4.0296378346456692
0
LINE
8
BLACK
6
CONTINUOUS
10
6.2726259842519685
20
-4.0296378346456692
11
6.2761862992125979
21
-4.0316933858267712
0
LINE
8
BLACK
6
CONTINUOUS
10
6.2761862992125979
20
-4.0316933858267712
11
6.2790932283464569
21
-4.0346003149606302
0
LINE
8
BLACK
6
CONTINUOUS
10
6.2790932283464569
20
-4.0346003149606302
11
6.2811487795275589
21
-4.0381606299212596
0
LINE
8
BLACK
6
CONTINUOUS
10
6.2811487795275589
20
-4.0381606299212596
11
6.2822127952755906
21
-4.0421316141732282
0
LINE
8
BLACK
6
CONTINUOUS
10
6.2822127952755906
20
-4.0421316141732282
11
6.2822127952755906
21
-4.0462426377952756
0
LINE
8
BLACK
6
CONTINUOUS
10
6.2822127952755906
20
-4.0462426377952756
11
6.2811487795275589
21
-4.0502136220472442
0
LINE
8
BLACK
6
CONTINUOUS
10
6.2811487795275589
20
-4.0502136220472442
11
6.2790932283464569
21
-4.0537739370078736
0
LINE
8
BLACK
6
CONTINUOUS
10
6.2790932283464569
20
-4.0537739370078736
11
6.2761862992125979
21
-4.0566808661417326
0
LINE
8
BLACK
6
CONTINUOUS
10
6.2761862992125979
20
-4.0566808661417326
11
6.2726259842519685
21
-4.0587364173228346
0
LINE
8
BLACK
6
CONTINUOUS
10
6.2726259842519685
20
-4.0587364173228346
11
6.2686549999999999
21
-4.0598004330708664
0
LINE
8
BLACK
6
CONTINUOUS
10
6.2686549999999999
20
-4.0598004330708664
11
6.2645439763779525
21
-4.0598004330708664
0
LINE
8
BLACK
6
CONTINUOUS
10
6.2645439763779525
20
-4.0598004330708664
11
6.2626335826771653
21
-4.0592885433070869
0
LINE
8
BLACK
6
CONTINUOUS
10
6.2626335826771653
20
-4.0592885433070869
11
6.2557896850393702
21
-4.066132440944882
0
LINE
8
BLACK
6
CONTINUOUS
10
6.2557896850393702
20
-4.066132440944882
11
6.2545964960629918
21
-4.0671116929133859
0
LINE
8
BLACK
6
CONTINUOUS
10
6.2545964960629918
20
-4.0671116929133859
11
6.251758070866142
21
-4.0682874015748034
0
LINE
8
BLACK
6
CONTINUOUS
10
6.251758070866142
20
-4.0682874015748034
11
6.2502219291338585
21
-4.0684387007874019
0
LINE
8
BLACK
6
CONTINUOUS
10
6.2502219291338585
20
-4.0684387007874019
11
5.5642762598425195
21
-4.0684387007874019
0
LINE
8
BLACK
6
CONTINUOUS
10
5.5642762598425195
20
-4.0684387007874019
11
5.5627401181102361
21
-4.0682874015748034
0
LINE
8
BLACK
6
CONTINUOUS
10
5.5627401181102361
20
-4.0682874015748034
11
5.5599016929133853
21
-4.0671116929133859
0
LINE
8
BLACK
6
CONTINUOUS
10
5.5599016929133853
20
-4.0671116929133859
11
5.5587085039370079
21
-4.066132440944882
0
LINE
8
BLACK
6
CONTINUOUS
10
5.5587085039370079
20
-4.066132440944882
11
5.5118646062992127
21
-4.0192885826771656
0
LINE
8
BLACK
6
CONTINUOUS
10
5.5118646062992127
20
-4.0192885826771656
11
5.5099542125984247
21
-4.0198004724409451
0
LINE
8
BLACK
6
CONTINUOUS
10
5.5099542125984247
20
-4.0198004724409451
11
5.5058431889763781
21
-4.0198004724409451
0
LINE
8
BLACK
6
CONTINUOUS
10
5.5058431889763781
20
-4.0198004724409451
11
5.5018722047244095
21
-4.0187364566929134
0
LINE
8
BLACK
6
CONTINUOUS
10
5.5018722047244095
20
-4.0187364566929134
11
5.4983118897637793
21
-4.0166809055118113
0
LINE
8
BLACK
6
CONTINUOUS
10
5.4983118897637793
20
-4.0166809055118113
11
5.4954049606299211
21
-4.0137739763779523
0
LINE
8
BLACK
6
CONTINUOUS
10
5.4954049606299211
20
-4.0137739763779523
11
5.4933494094488191
21
-4.0102136614173229
0
LINE
8
BLACK
6
CONTINUOUS
10
5.4933494094488191
20
-4.0102136614173229
11
5.4922853937007874
21
-4.0062426771653543
0
LINE
8
BLACK
6
CONTINUOUS
10
5.4922853937007874
20
-4.0062426771653543
11
5.4922853937007874
21
-4.0021316535433069
0
LINE
8
BLACK
6
CONTINUOUS
10
5.4922853937007874
20
-4.0021316535433069
11
5.4933494094488191
21
-3.9981606692913383
0
LINE
8
BLACK
6
CONTINUOUS
10
5.4933494094488191
20
-3.9981606692913383
11
5.4954049606299211
21
-3.9946003543307085
0
LINE
8
BLACK
6
CONTINUOUS
10
5.4954049606299211
20
-3.9946003543307085
11
5.4983118897637793
21
-3.9916934251968503
0
LINE
8
BLACK
6
CONTINUOUS
10
5.4983118897637793
20
-3.9916934251968503
11
5.5018722047244095
21
-3.9896378740157479
0
LINE
8
BLACK
6
CONTINUOUS
10
5.5018722047244095
20
-3.9896378740157479
11
5.5058431889763781
21
-3.9885738582677166
0
LINE
8
BLACK
6
CONTINUOUS
10
5.5058431889763781
20
-3.9885738582677166
11
5.5099542125984247
21
-3.9885738582677166
0
LINE
8
BLACK
6
CONTINUOUS
10
5.5099542125984247
20
-3.9885738582677166
11
5.5139251968503933
21
-3.9896378740157479
0
LINE
8
BLACK
6
CONTINUOUS
10
5.877625984251968
20
-3.9446378346456692
11
5.8811862992125983
21
-3.9466933858267716
0
LINE
8
BLACK
6
CONTINUOUS
10
5.8811862992125983
20
-3.9466933858267716
11
5.8840932283464564
21
-3.9496003149606298
0
LINE
8
BLACK
6
CONTINUOUS
10
5.8840932283464564
20
-3.9496003149606298
11
5.8850821259842521
21
-3.9513131102362204
0
LINE
8
BLACK
6
CONTINUOUS
10
5.8850821259842521
20
-3.9513131102362204
11
5.961599488188976
21
-3.9513131102362204
0
LINE
8
BLACK
6
CONTINUOUS
10
5.961599488188976
20
-3.9513131102362204
11
5.9631356299212595
21
-3.9514644094488189
0
LINE
8
BLACK
6
CONTINUOUS
10
5.9631356299212595
20
-3.9514644094488189
11
5.9659740551181102
21
-3.952640118110236
0
LINE
8
BLACK
6
CONTINUOUS
10
5.9659740551181102
20
-3.952640118110236
11
5.9671672440944876
21
-3.9536193700787399
0
LINE
8
BLACK
6
CONTINUOUS
10
5.9671672440944876
20
-3.9536193700787399
11
6.0164192913385826
21
-4.002871377952756
0
LINE
8
BLACK
6
CONTINUOUS
10
6.0164192913385826
20
-4.002871377952756
11
6.0164194488188976
21
-4.0028715748031498
0
LINE
8
BLACK
6
CONTINUOUS
10
6.0164194488188976
20
-4.0028715748031498
11
6.0226335433070863
21
-4.0090856692913386
0
LINE
8
BLACK
6
CONTINUOUS
10
6.0226335433070863
20
-4.0090856692913386
11
6.0245439763779522
21
-4.0085738188976379
0
LINE
8
BLACK
6
CONTINUOUS
10
6.0245439763779522
20
-4.0085738188976379
11
6.0286549999999997
21
-4.0085738188976379
0
LINE
8
BLACK
6
CONTINUOUS
10
6.0286549999999997
20
-4.0085738188976379
11
6.0326259842519683
21
-4.0096378346456696
0
LINE
8
BLACK
6
CONTINUOUS
10
6.0326259842519683
20
-4.0096378346456696
11
6.0361862992125985
21
-4.0116933858267716
0
LINE
8
BLACK
6
CONTINUOUS
10
6.0361862992125985
20
-4.0116933858267716
11
6.0390932283464567
21
-4.0146003149606297
0
LINE
8
BLACK
6
CONTINUOUS
10
6.0390932283464567
20
-4.0146003149606297
11
6.0411487795275587
21
-4.01816062992126
0
LINE
8
BLACK
6
CONTINUOUS
10
6.0411487795275587
20
-4.01816062992126
11
6.0422127952755904
21
-4.0221316141732286
0
LINE
8
BLACK
6
CONTINUOUS
10
6.0422127952755904
20
-4.0221316141732286
11
6.0422127952755904
21
-4.0262426377952751
0
LINE
8
BLACK
6
CONTINUOUS
10
6.0422127952755904
20
-4.0262426377952751
11
6.0411487795275587
21
-4.0302136220472438
0
LINE
8
BLACK
6
CONTINUOUS
10
6.0411487795275587
20
-4.0302136220472438
11
6.0390932283464567
21
-4.033773937007874
0
LINE
8
BLACK
6
CONTINUOUS
10
6.0390932283464567
20
-4.033773937007874
11
6.0361862992125985
21
-4.0366808661417322
0
LINE
8
BLACK
6
CONTINUOUS
10
6.0361862992125985
20
-4.0366808661417322
11
6.0326259842519683
21
-4.0387364173228342
0
LINE
8
BLACK
6
CONTINUOUS
10
6.0326259842519683
20
-4.0387364173228342
11
6.0286549999999997
21
-4.0398004330708659
0
LINE
8
BLACK
6
CONTINUOUS
10
6.0286549999999997
20
-4.0398004330708659
11
6.0245439763779522
21
-4.0398004330708659
0
LINE
8
BLACK
6
CONTINUOUS
10
6.0245439763779522
20
-4.0398004330708659
11
6.0205729921259845
21
-4.0387364173228342
0
LINE
8
BLACK
6
CONTINUOUS
10
6.0205729921259845
20
-4.0387364173228342
11
6.0170126771653543
21
-4.0366808661417322
0
LINE
8
BLACK
6
CONTINUOUS
10
6.0170126771653543
20
-4.0366808661417322
11
6.0141057480314961
21
-4.033773937007874
0
LINE
8
BLACK
6
CONTINUOUS
10
6.0141057480314961
20
-4.033773937007874
11
6.0120501968503932
21
-4.0302136220472438
0
LINE
8
BLACK
6
CONTINUOUS
10
6.0120501968503932
20
-4.0302136220472438
11
6.0109861811023624
21
-4.0262426377952751
0
LINE
8
BLACK
6
CONTINUOUS
10
6.0109861811023624
20
-4.0262426377952751
11
6.0109861811023624
21
-4.0221316141732286
0
LINE
8
BLACK
6
CONTINUOUS
10
6.0109861811023624
20
-4.0221316141732286
11
6.0114980314960631
21
-4.0202211811023618
0
LINE
8
BLACK
6
CONTINUOUS
10
6.0114980314960631
20
-4.0202211811023618
11
6.0052839370078734
21
-4.014007086614173
0
LINE
8
BLACK
6
CONTINUOUS
10
6.0052839370078734
20
-4.014007086614173
11
6.0052837401574806
21
-4.014006929133858
0
LINE
8
BLACK
6
CONTINUOUS
10
6.0052837401574806
20
-4.014006929133858
11
5.9583379921259843
21
-3.9670611417322834
0
LINE
8
BLACK
6
CONTINUOUS
10
5.9583379921259843
20
-3.9670611417322834
11
5.8850821259842521
21
-3.9670611417322834
0
LINE
8
BLACK
6
CONTINUOUS
10
5.8850821259842521
20
-3.9670611417322834
11
5.8840932283464564
21
-3.9687739370078741
0
LINE
8
BLACK
6
CONTINUOUS
10
5.8840932283464564
20
-3.9687739370078741
11
5.8811862992125983
21
-3.9716808661417322
0
LINE
8
BLACK
6
CONTINUOUS
10
5.8811862992125983
20
-3.9716808661417322
11
5.877625984251968
21
-3.9737364173228347
0
LINE
8
BLACK
6
CONTINUOUS
10
5.877625984251968
20
-3.9737364173228347
11
5.8736550000000003
21
-3.9748004330708659
0
LINE
8
BLACK
6
CONTINUOUS
10
5.8736550000000003
20
-3.9748004330708659
11
5.8695439763779529
21
-3.9748004330708659
0
LINE
8
BLACK
6
CONTINUOUS
10
5.8695439763779529
20
-3.9748004330708659
11
5.8655729921259843
21
-3.9737364173228347
0
LINE
8
BLACK
6
CONTINUOUS
10
5.8655729921259843
20
-3.9737364173228347
11
5.862012677165354
21
-3.9716808661417322
0
LINE
8
BLACK
6
CONTINUOUS
10
5.862012677165354
20
-3.9716808661417322
11
5.8591057480314959
21
-3.9687739370078741
0
LINE
8
BLACK
6
CONTINUOUS
10
5.8591057480314959
20
-3.9687739370078741
11
5.8570501968503939
21
-3.9652136220472438
0
LINE
8
BLACK
6
CONTINUOUS
10
5.8570501968503939
20
-3.9652136220472438
11
5.8559861811023621
21
-3.9612426377952756
0
LINE
8
BLACK
6
CONTINUOUS
10
5.8559861811023621
20
-3.9612426377952756
11
5.8559861811023621
21
-3.9571316141732282
0
LINE
8
BLACK
6
CONTINUOUS
10
5.8559861811023621
20
-3.9571316141732282
11
5.8570501968503939
21
-3.9531606299212596
0
LINE
8
BLACK
6
CONTINUOUS
10
5.8570501968503939
20
-3.9531606299212596
11
5.8591057480314959
21
-3.9496003149606298
0
LINE
8
BLACK
6
CONTINUOUS
10
5.8591057480314959
20
-3.9496003149606298
11
5.862012677165354
21
-3.9466933858267716
0
LINE
8
BLACK
6
CONTINUOUS
10
5.862012677165354
20
-3.9466933858267716
11
5.8655729921259843
21
-3.9446378346456692
0
LINE
8
BLACK
6
CONTINUOUS
10
5.8655729921259843
20
-3.9446378346456692
11
5.8695439763779529
21
-3.9435738188976379
0
LINE
8
BLACK
6
CONTINUOUS
10
5.8695439763779529
20
-3.9435738188976379
11
5.8736550000000003
21
-3.9435738188976379
0
LINE
8
BLACK
6
CONTINUOUS
10
5.8736550000000003
20
-3.9435738188976379
11
5.877625984251968
21
-3.9446378346456692
0
LINE
8
BLACK
6
CONTINUOUS
10
6.3400994881889758
20
-3.577939094488189
11
6.3900994881889766
21
-3.577939094488189
0
LINE
8
BLACK
6
CONTINUOUS
10
6.3900994881889766
20
-3.577939094488189
11
6.3921549999999998
21
-3.5780738188976375
0
LINE
8
BLACK
6
CONTINUOUS
10
6.3921549999999998
20
-3.5780738188976375
11
6.3961259842519684
21
-3.5791378346456693
0
LINE
8
BLACK
6
CONTINUOUS
10
6.3961259842519684
20
-3.5791378346456693
11
6.3996862992125987
21
-3.5811933858267717
0
LINE
8
BLACK
6
CONTINUOUS
10
6.3996862992125987
20
-3.5811933858267717
11
6.4025932283464568
21
-3.5841003149606299
0
LINE
8
BLACK
6
CONTINUOUS
10
6.4025932283464568
20
-3.5841003149606299
11
6.4046487795275588
21
-3.5876606299212597
0
LINE
8
BLACK
6
CONTINUOUS
10
6.4046487795275588
20
-3.5876606299212597
11
6.4057127952755906
21
-3.5916316141732283
0
LINE
8
BLACK
6
CONTINUOUS
10
6.4057127952755906
20
-3.5916316141732283
11
6.4057127952755906
21
-3.5957426377952757
0
LINE
8
BLACK
6
CONTINUOUS
10
6.4057127952755906
20
-3.5957426377952757
11
6.4046487795275588
21
-3.5997136220472439
0
LINE
8
BLACK
6
CONTINUOUS
10
6.4046487795275588
20
-3.5997136220472439
11
6.4025932283464568
21
-3.6032739370078741
0
LINE
8
BLACK
6
CONTINUOUS
10
6.4025932283464568
20
-3.6032739370078741
11
6.3996862992125987
21
-3.6061808661417323
0
LINE
8
BLACK
6
CONTINUOUS
10
6.3996862992125987
20
-3.6061808661417323
11
6.3961259842519684
21
-3.6082364173228347
0
LINE
8
BLACK
6
CONTINUOUS
10
6.3961259842519684
20
-3.6082364173228347
11
6.3921549999999998
21
-3.609300433070866
0
LINE
8
BLACK
6
CONTINUOUS
10
6.3921549999999998
20
-3.609300433070866
11
6.3900994881889766
21
-3.609435157480315
0
LINE
8
BLACK
6
CONTINUOUS
10
6.3900994881889766
20
-3.609435157480315
11
6.3400994881889758
21
-3.609435157480315
0
LINE
8
BLACK
6
CONTINUOUS
10
6.3400994881889758
20
-3.609435157480315
11
6.2766225196850396
21
-3.609435157480315
0
LINE
8
BLACK
6
CONTINUOUS
10
6.2766225196850396
20
-3.609435157480315
11
6.2212350393700788
21
-3.664822677165354
0
LINE
8
BLACK
6
CONTINUOUS
10
6.2212350393700788
20
-3.664822677165354
11
6.2196862992125981
21
-3.6661808661417323
0
LINE
8
BLACK
6
CONTINUOUS
10
6.2196862992125981
20
-3.6661808661417323
11
6.2161260236220475
21
-3.6682364173228343
0
LINE
8
BLACK
6
CONTINUOUS
10
6.2161260236220475
20
-3.6682364173228343
11
6.2121550000000001
21
-3.6693004330708661
0
LINE
8
BLACK
6
CONTINUOUS
10
6.2121550000000001
20
-3.6693004330708661
11
6.2100994881889759
21
-3.669435157480315
0
LINE
8
BLACK
6
CONTINUOUS
10
6.2100994881889759
20
-3.669435157480315
11
5.2719105118110239
21
-3.669435157480315
0
LINE
8
BLACK
6
CONTINUOUS
10
5.2719105118110239
20
-3.669435157480315
11
5.2719105118110239
21
-3.6834175984251969
0
LINE
8
BLACK
6
CONTINUOUS
10
5.2719105118110239
20
-3.6834175984251969
11
5.2725932283464569
21
-3.68410031496063
0
LINE
8
BLACK
6
CONTINUOUS
10
5.2725932283464569
20
-3.68410031496063
11
5.274648779527559
21
-3.6876606299212598
0
LINE
8
BLACK
6
CONTINUOUS
10
5.274648779527559
20
-3.6876606299212598
11
5.2757127952755907
21
-3.6916316141732284
0
LINE
8
BLACK
6
CONTINUOUS
10
5.2757127952755907
20
-3.6916316141732284
11
5.2757127952755907
21
-3.6957426377952753
0
LINE
8
BLACK
6
CONTINUOUS
10
5.2757127952755907
20
-3.6957426377952753
11
5.274648779527559
21
-3.699713622047244
0
LINE
8
BLACK
6
CONTINUOUS
10
5.274648779527559
20
-3.699713622047244
11
5.2725932283464569
21
-3.7032739370078738
0
LINE
8
BLACK
6
CONTINUOUS
10
5.2725932283464569
20
-3.7032739370078738
11
5.2696862992125979
21
-3.7061808661417324
0
LINE
8
BLACK
6
CONTINUOUS
10
5.2696862992125979
20
-3.7061808661417324
11
5.2661259842519685
21
-3.7082364173228344
0
LINE
8
BLACK
6
CONTINUOUS
10
5.2661259842519685
20
-3.7082364173228344
11
5.2621549999999999
21
-3.7093004330708661
0
LINE
8
BLACK
6
CONTINUOUS
10
5.2621549999999999
20
-3.7093004330708661
11
5.2580439763779525
21
-3.7093004330708661
0
LINE
8
BLACK
6
CONTINUOUS
10
5.2580439763779525
20
-3.7093004330708661
11
5.2540729921259839
21
-3.7082364173228344
0
LINE
8
BLACK
6
CONTINUOUS
10
5.2540729921259839
20
-3.7082364173228344
11
5.2505126771653545
21
-3.7061808661417324
0
LINE
8
BLACK
6
CONTINUOUS
10
5.2505126771653545
20
-3.7061808661417324
11
5.2476057480314964
21
-3.7032739370078738
0
LINE
8
BLACK
6
CONTINUOUS
10
5.2476057480314964
20
-3.7032739370078738
11
5.2455501968503935
21
-3.699713622047244
0
LINE
8
BLACK
6
CONTINUOUS
10
5.2455501968503935
20
-3.699713622047244
11
5.2444861811023618
21
-3.6957426377952753
0
LINE
8
BLACK
6
CONTINUOUS
10
5.2444861811023618
20
-3.6957426377952753
11
5.2444861811023618
21
-3.6916316141732284
0
LINE
8
BLACK
6
CONTINUOUS
10
5.2444861811023618
20
-3.6916316141732284
11
5.2455501968503935
21
-3.6876606299212598
0
LINE
8
BLACK
6
CONTINUOUS
10
5.2455501968503935
20
-3.6876606299212598
11
5.2476057480314964
21
-3.68410031496063
0
LINE
8
BLACK
6
CONTINUOUS
10
5.2476057480314964
20
-3.68410031496063
11
5.2482884645669294
21
-3.6834175984251969
0
LINE
8
BLACK
6
CONTINUOUS
10
5.2482884645669294
20
-3.6834175984251969
11
5.2482884645669294
21
-3.6639566535433068
0
LINE
8
BLACK
6
CONTINUOUS
10
5.2482884645669294
20
-3.6639566535433068
11
5.2476057480314964
21
-3.6632739370078737
0
LINE
8
BLACK
6
CONTINUOUS
10
5.2476057480314964
20
-3.6632739370078737
11
5.2455501968503935
21
-3.6597136220472439
0
LINE
8
BLACK
6
CONTINUOUS
10
5.2455501968503935
20
-3.6597136220472439
11
5.2444861811023618
21
-3.6557426377952753
0
LINE
8
BLACK
6
CONTINUOUS
10
5.2444861811023618
20
-3.6557426377952753
11
5.2444861811023618
21
-3.6516316141732283
0
LINE
8
BLACK
6
CONTINUOUS
10
5.2444861811023618
20
-3.6516316141732283
11
5.2455501968503935
21
-3.6476606299212597
0
LINE
8
BLACK
6
CONTINUOUS
10
5.2455501968503935
20
-3.6476606299212597
11
5.2476057480314964
21
-3.6441003149606299
0
LINE
8
BLACK
6
CONTINUOUS
10
5.2476057480314964
20
-3.6441003149606299
11
5.2505126771653545
21
-3.6411933858267718
0
LINE
8
BLACK
6
CONTINUOUS
10
5.2505126771653545
20
-3.6411933858267718
11
5.2540729921259839
21
-3.6391378346456693
0
LINE
8
BLACK
6
CONTINUOUS
10
5.2540729921259839
20
-3.6391378346456693
11
5.2580439763779525
21
-3.6380738188976376
0
LINE
8
BLACK
6
CONTINUOUS
10
5.2580439763779525
20
-3.6380738188976376
11
5.2600994881889767
21
-3.6379390944881891
0
LINE
8
BLACK
6
CONTINUOUS
10
5.2600994881889767
20
-3.6379390944881891
11
6.2035764173228349
21
-3.6379390944881891
0
LINE
8
BLACK
6
CONTINUOUS
10
6.2035764173228349
20
-3.6379390944881891
11
6.2589639370078736
21
-3.5825516141732283
0
LINE
8
BLACK
6
CONTINUOUS
10
6.2589639370078736
20
-3.5825516141732283
11
6.2605126771653543
21
-3.5811933858267717
0
LINE
8
BLACK
6
CONTINUOUS
10
6.2605126771653543
20
-3.5811933858267717
11
6.2614994094488186
21
-3.5806237007874016
0
LINE
8
BLACK
6
CONTINUOUS
10
6.2614994094488186
20
-3.5806237007874016
11
6.2640729921259837
21
-3.5791378346456693
0
LINE
8
BLACK
6
CONTINUOUS
10
6.2640729921259837
20
-3.5791378346456693
11
6.2680439763779523
21
-3.5780738188976375
0
LINE
8
BLACK
6
CONTINUOUS
10
6.2680439763779523
20
-3.5780738188976375
11
6.2700994881889764
21
-3.577939094488189
0
LINE
8
BLACK
6
CONTINUOUS
10
6.2700994881889764
20
-3.577939094488189
11
6.3400994881889758
21
-3.577939094488189
0
LINE
8
BLACK
6
CONTINUOUS
10
7.04854031496063
20
-3.1845335826771652
11
7.0486664960629923
21
-3.1845377165354329
0
LINE
8
BLACK
6
CONTINUOUS
10
7.0486664960629923
20
-3.1845377165354329
11
7.0487644094488191
21
-3.1845441338582678
0
LINE
8
BLACK
6
CONTINUOUS
10
7.0487644094488191
20
-3.1845441338582678
11
7.048765551181102
21
-3.1845441732283466
0
LINE
8
BLACK
6
CONTINUOUS
10
7.048765551181102
20
-3.1845441732283466
11
7.0575703543307089
21
-3.1851213779527559
0
LINE
8
BLACK
6
CONTINUOUS
10
7.0575703543307089
20
-3.1851213779527559
11
7.0583670078740157
21
-3.1851736220472442
0
LINE
8
BLACK
6
CONTINUOUS
10
7.0583670078740157
20
-3.1851736220472442
11
7.0586171653543301
21
-3.1852065354330708
0
LINE
8
BLACK
6
CONTINUOUS
10
7.0586171653543301
20
-3.1852065354330708
11
7.0680897244094485
21
-3.1870908661417321
0
LINE
8
BLACK
6
CONTINUOUS
10
7.0680897244094485
20
-3.1870908661417321
11
7.0683330708661414
21
-3.1871560629921261
0
LINE
8
BLACK
6
CONTINUOUS
10
7.0683330708661414
20
-3.1871560629921261
11
7.0685211417322833
21
-3.1872198818897637
0
LINE
8
BLACK
6
CONTINUOUS
10
7.0685211417322833
20
-3.1872198818897637
11
7.0685213385826771
21
-3.1872199606299212
0
LINE
8
BLACK
6
CONTINUOUS
10
7.0685213385826771
20
-3.1872199606299212
11
7.0714793700787402
21
-3.1882240944881888
0
LINE
8
BLACK
6
CONTINUOUS
10
7.0714793700787402
20
-3.1882240944881888
11
7.0774787007874016
21
-3.1902606692913387
0
LINE
8
BLACK
6
CONTINUOUS
10
7.0774787007874016
20
-3.1902606692913387
11
7.0777114960629923
21
-3.1903570866141733
0
LINE
8
BLACK
6
CONTINUOUS
10
7.0777114960629923
20
-3.1903570866141733
11
7.0819900787401577
21
-3.1924670472440946
0
LINE
8
BLACK
6
CONTINUOUS
10
7.0819900787401577
20
-3.1924670472440946
11
7.0861957086614176
21
-3.1945410629921258
0
LINE
8
BLACK
6
CONTINUOUS
10
7.0861957086614176
20
-3.1945410629921258
11
7.0861959448818892
21
-3.1945411811023621
0
LINE
8
BLACK
6
CONTINUOUS
10
7.0861959448818892
20
-3.1945411811023621
11
7.0863741732283465
21
-3.1946290944881888
0
LINE
8
BLACK
6
CONTINUOUS
10
7.0863741732283465
20
-3.1946290944881888
11
7.0865920866141732
21
-3.1947548818897635
0
LINE
8
BLACK
6
CONTINUOUS
10
7.0865920866141732
20
-3.1947548818897635
11
7.0925487795275588
21
-3.1987350000000001
0
LINE
8
BLACK
6
CONTINUOUS
10
7.0925487795275588
20
-3.1987350000000001
11
7.0946227559055117
21
-3.2001207874015747
0
LINE
8
BLACK
6
CONTINUOUS
10
7.0946227559055117
20
-3.2001207874015747
11
7.0948229921259838
21
-3.2002744094488187
0
LINE
8
BLACK
6
CONTINUOUS
10
7.0948229921259838
20
-3.2002744094488187
11
7.1017042125984249
21
-3.2063090944881889
0
LINE
8
BLACK
6
CONTINUOUS
10
7.1017042125984249
20
-3.2063090944881889
11
7.1020842125984247
21
-3.2066423228346457
0
LINE
8
BLACK
6
CONTINUOUS
10
7.1020842125984247
20
-3.2066423228346457
11
7.1022626377952758
21
-3.2068207480314959
0
LINE
8
BLACK
6
CONTINUOUS
10
7.1022626377952758
20
-3.2068207480314959
11
7.1086308661417323
21
-3.2140822440944881
0
LINE
8
BLACK
6
CONTINUOUS
10
7.1086308661417323
20
-3.2140822440944881
11
7.1087840944881888
21
-3.2142818897637793
0
LINE
8
BLACK
6
CONTINUOUS
10
7.1087840944881888
20
-3.2142818897637793
11
7.1125344881889765
21
-3.2198946850393702
0
LINE
8
BLACK
6
CONTINUOUS
10
7.1125344881889765
20
-3.2198946850393702
11
7.1141499606299208
21
-3.2223123622047245
0
LINE
8
BLACK
6
CONTINUOUS
10
7.1141499606299208
20
-3.2223123622047245
11
7.1142761417322831
21
-3.222530866141732
0
LINE
8
BLACK
6
CONTINUOUS
10
7.1142761417322831
20
-3.222530866141732
11
7.1185480708661419
21
-3.2311932677165354
0
LINE
8
BLACK
6
CONTINUOUS
10
7.1185480708661419
20
-3.2311932677165354
11
7.1186446062992124
21
-3.2314264173228344
0
LINE
8
BLACK
6
CONTINUOUS
10
7.1186446062992124
20
-3.2314264173228344
11
7.1187082283464562
21
-3.2316138976377951
0
LINE
8
BLACK
6
CONTINUOUS
10
7.1187082283464562
20
-3.2316138976377951
11
7.1187083464566925
21
-3.2316141338582676
0
LINE
8
BLACK
6
CONTINUOUS
10
7.1187083464566925
20
-3.2316141338582676
11
7.120067952755905
21
-3.2356191732283466
0
LINE
8
BLACK
6
CONTINUOUS
10
7.120067952755905
20
-3.2356191732283466
11
7.1217491338582679
21
-3.2405715354330709
0
LINE
8
BLACK
6
CONTINUOUS
10
7.1217491338582679
20
-3.2405715354330709
11
7.1218144488188972
21
-3.2408152755905513
0
LINE
8
BLACK
6
CONTINUOUS
10
7.1218144488188972
20
-3.2408152755905513
11
7.1218531889763774
21
-3.2410101574803147
0
LINE
8
BLACK
6
CONTINUOUS
10
7.1218531889763774
20
-3.2410101574803147
11
7.1218532677165349
21
-3.2410103543307085
0
LINE
8
BLACK
6
CONTINUOUS
10
7.1218532677165349
20
-3.2410103543307085
11
7.1236600393700789
21
-3.2500926771653544
0
LINE
8
BLACK
6
CONTINUOUS
10
7.1236600393700789
20
-3.2500926771653544
11
7.1236600787401576
21
-3.2500930708661415
0
LINE
8
BLACK
6
CONTINUOUS
10
7.1236600787401576
20
-3.2500930708661415
11
7.123698779527559
21
-3.2502875590551179
0
LINE
8
BLACK
6
CONTINUOUS
10
7.123698779527559
20
-3.2502875590551179
11
7.1237317322834643
21
-3.2505377165354328
0
LINE
8
BLACK
6
CONTINUOUS
10
7.1237317322834643
20
-3.2505377165354328
11
7.1237446850393695
21
-3.2507355511811022
0
LINE
8
BLACK
6
CONTINUOUS
10
7.1237446850393695
20
-3.2507355511811022
11
7.123744763779527
21
-3.2507360236220473
0
LINE
8
BLACK
6
CONTINUOUS
10
7.123744763779527
20
-3.2507360236220473
11
7.1240207480314961
21
-3.254945590551181
0
LINE
8
BLACK
6
CONTINUOUS
10
7.1240207480314961
20
-3.254945590551181
11
7.1243670078740156
21
-3.2602268897637794
0
LINE
8
BLACK
6
CONTINUOUS
10
7.1243670078740156
20
-3.2602268897637794
11
7.1243711417322837
21
-3.2603531102362204
0
LINE
8
BLACK
6
CONTINUOUS
10
7.1243711417322837
20
-3.2603531102362204
11
7.1243711417322837
21
-4.409106023622047
0
LINE
8
BLACK
6
CONTINUOUS
10
7.1243711417322837
20
-4.409106023622047
11
7.1243718503937004
21
-4.4091137401574798
0
LINE
8
BLACK
6
CONTINUOUS
10
7.1243718503937004
20
-4.4091137401574798
11
7.1243718110236216
21
-4.4094057480314959
0
LINE
8
BLACK
6
CONTINUOUS
10
7.1243718110236216
20
-4.4094057480314959
11
7.1243718503937004
21
-4.4094057874015746
0
LINE
8
BLACK
6
CONTINUOUS
10
7.1243718503937004
20
-4.4094057874015746
11
7.1243718110236216
21
-4.4119061811023625
0
LINE
8
BLACK
6
CONTINUOUS
10
7.1243718110236216
20
-4.4119061811023625
11
7.1243718110236216
21
-4.4136882677165357
0
LINE
8
BLACK
6
CONTINUOUS
10
7.1243718110236216
20
-4.4136882677165357
11
7.1243718110236216
21
-4.4136883858267719
0
LINE
8
BLACK
6
CONTINUOUS
10
7.1243718110236216
20
-4.4136883858267719
11
7.1257696850393701
21
-4.4243081889763776
0
LINE
8
BLACK
6
CONTINUOUS
10
7.1257696850393701
20
-4.4243081889763776
11
7.1285419291338581
21
-4.4346549606299215
0
LINE
8
BLACK
6
CONTINUOUS
10
7.1285419291338581
20
-4.4346549606299215
11
7.129733267716535
21
-4.4375311811023623
0
LINE
8
BLACK
6
CONTINUOUS
10
7.129733267716535
20
-4.4375311811023623
11
7.1326408267716532
21
-4.4445509842519684
0
LINE
8
BLACK
6
CONTINUOUS
10
7.1326408267716532
20
-4.4445509842519684
11
7.1326409448818895
21
-4.4445511811023621
0
LINE
8
BLACK
6
CONTINUOUS
10
7.1326409448818895
20
-4.4445511811023621
11
7.1326899606299214
21
-4.444636102362205
0
LINE
8
BLACK
6
CONTINUOUS
10
7.1326899606299214
20
-4.444636102362205
11
7.137996456692913
21
-4.4538274803149607
0
LINE
8
BLACK
6
CONTINUOUS
10
7.137996456692913
20
-4.4538274803149607
11
7.1430212204724404
21
-4.46037594488189
0
LINE
8
BLACK
6
CONTINUOUS
10
7.1430212204724404
20
-4.46037594488189
11
7.1445170472440944
21
-4.4623253543307086
0
LINE
8
BLACK
6
CONTINUOUS
10
7.1445170472440944
20
-4.4623253543307086
11
7.1445172440944882
21
-4.4623255905511812
0
LINE
8
BLACK
6
CONTINUOUS
10
7.1445172440944882
20
-4.4623255905511812
11
7.1520911023622045
21
-4.469899527559055
0
LINE
8
BLACK
6
CONTINUOUS
10
7.1520911023622045
20
-4.469899527559055
11
7.1520915748031495
21
-4.4698999606299212
0
LINE
8
BLACK
6
CONTINUOUS
10
7.1520915748031495
20
-4.4698999606299212
11
7.1605890551181099
21
-4.4764203149606301
0
LINE
8
BLACK
6
CONTINUOUS
10
7.1605890551181099
20
-4.4764203149606301
11
7.160589212598425
21
-4.4764204330708663
0
LINE
8
BLACK
6
CONTINUOUS
10
7.160589212598425
20
-4.4764204330708663
11
7.1617682283464568
21
-4.477101141732283
0
LINE
8
BLACK
6
CONTINUOUS
10
7.1617682283464568
20
-4.477101141732283
11
7.1639024409448817
21
-4.478333307086614
0
LINE
8
BLACK
6
CONTINUOUS
10
7.1639024409448817
20
-4.478333307086614
11
7.1664435826771653
21
-4.4798004330708663
0
LINE
8
BLACK
6
CONTINUOUS
10
7.1664435826771653
20
-4.4798004330708663
11
7.1698656299212598
21
-4.4817761417322837
0
LINE
8
BLACK
6
CONTINUOUS
10
7.1698656299212598
20
-4.4817761417322837
11
7.1797617322834641
21
-4.4858751968503938
0
LINE
8
BLACK
6
CONTINUOUS
10
7.1797617322834641
20
-4.4858751968503938
11
7.1797619291338579
21
-4.4858752362204726
0
LINE
8
BLACK
6
CONTINUOUS
10
7.1797619291338579
20
-4.4858752362204726
11
7.1797619685039367
21
-4.4858752362204726
0
LINE
8
BLACK
6
CONTINUOUS
10
7.1797619685039367
20
-4.4858752362204726
11
7.1901079527559055
21
-4.4886473622047243
0
LINE
8
BLACK
6
CONTINUOUS
10
7.1901079527559055
20
-4.4886473622047243
11
7.1901082283464568
21
-4.4886474409448818
0
LINE
8
BLACK
6
CONTINUOUS
10
7.1901082283464568
20
-4.4886474409448818
11
7.1901083070866143
21
-4.4886474409448818
0
LINE
8
BLACK
6
CONTINUOUS
10
7.1901083070866143
20
-4.4886474409448818
11
7.1901083464566931
21
-4.4886474409448818
0
LINE
8
BLACK
6
CONTINUOUS
10
7.1901083464566931
20
-4.4886474409448818
11
7.1922643307086611
21
-4.4889312598425199
0
LINE
8
BLACK
6
CONTINUOUS
10
7.1922643307086611
20
-4.4889312598425199
11
7.195418149606299
21
-4.4893464173228343
0
LINE
8
BLACK
6
CONTINUOUS
10
7.195418149606299
20
-4.4893464173228343
11
7.2007280708661412
21
-4.4900454330708657
0
LINE
8
BLACK
6
CONTINUOUS
10
7.2007280708661412
20
-4.4900454330708657
11
7.2060838188976373
21
-4.4900453937007869
0
LINE
8
BLACK
6
CONTINUOUS
10
7.2060838188976373
20
-4.4900453937007869
11
7.2414536614173226
21
-4.4900453937007869
0
LINE
8
BLACK
6
CONTINUOUS
10
7.2414536614173226
20
-4.4900453937007869
11
7.2415798425196849
21
-4.4900495275590551
0
LINE
8
BLACK
6
CONTINUOUS
10
7.2415798425196849
20
-4.4900495275590551
11
7.2416777559055117
21
-4.49005594488189
0
LINE
8
BLACK
6
CONTINUOUS
10
7.2416777559055117
20
-4.49005594488189
11
7.2416788976377955
21
-4.4900559842519687
0
LINE
8
BLACK
6
CONTINUOUS
10
7.2416788976377955
20
-4.4900559842519687
11
7.2504837007874015
21
-4.4906331889763775
0
LINE
8
BLACK
6
CONTINUOUS
10
7.2504837007874015
20
-4.4906331889763775
11
7.2512803543307083
21
-4.4906854330708663
0
LINE
8
BLACK
6
CONTINUOUS
10
7.2512803543307083
20
-4.4906854330708663
11
7.2515305118110236
21
-4.4907183464566929
0
LINE
8
BLACK
6
CONTINUOUS
10
7.2515305118110236
20
-4.4907183464566929
11
7.2610030708661419
21
-4.4926026771653547
0
LINE
8
BLACK
6
CONTINUOUS
10
7.2610030708661419
20
-4.4926026771653547
11
7.2612464173228348
21
-4.4926678740157477
0
LINE
8
BLACK
6
CONTINUOUS
10
7.2612464173228348
20
-4.4926678740157477
11
7.2614344881889759
21
-4.4927316929133854
0
LINE
8
BLACK
6
CONTINUOUS
10
7.2614344881889759
20
-4.4927316929133854
11
7.2614346850393696
21
-4.4927317716535429
0
LINE
8
BLACK
6
CONTINUOUS
10
7.2614346850393696
20
-4.4927317716535429
11
7.2643709448818896
21
-4.4937285039370076
0
LINE
8
BLACK
6
CONTINUOUS
10
7.2643709448818896
20
-4.4937285039370076
11
7.2703920866141729
21
-4.4957724803149608
0
LINE
8
BLACK
6
CONTINUOUS
10
7.2703920866141729
20
-4.4957724803149608
11
7.2706248818897636
21
-4.495868897637795
0
LINE
8
BLACK
6
CONTINUOUS
10
7.2706248818897636
20
-4.495868897637795
11
7.2792875196850391
21
-4.5001408661417326
0
LINE
8
BLACK
6
CONTINUOUS
10
7.2792875196850391
20
-4.5001408661417326
11
7.2795054330708657
21
-4.5002666929133861
0
LINE
8
BLACK
6
CONTINUOUS
10
7.2795054330708657
20
-4.5002666929133861
11
7.2796706692913382
21
-4.500377086614173
0
LINE
8
BLACK
6
CONTINUOUS
10
7.2796706692913382
20
-4.500377086614173
11
7.279670708661417
21
-4.5003771259842518
0
LINE
8
BLACK
6
CONTINUOUS
10
7.279670708661417
20
-4.5003771259842518
11
7.2873709055118105
21
-4.505522204724409
0
LINE
8
BLACK
6
CONTINUOUS
10
7.2873709055118105
20
-4.505522204724409
11
7.2873710236220468
21
-4.5055222834645665
0
LINE
8
BLACK
6
CONTINUOUS
10
7.2873710236220468
20
-4.5055222834645665
11
7.2875361023622043
21
-4.5056325984251968
0
LINE
8
BLACK
6
CONTINUOUS
10
7.2875361023622043
20
-4.5056325984251968
11
7.2877362992125985
21
-4.5057862204724408
0
LINE
8
BLACK
6
CONTINUOUS
10
7.2877362992125985
20
-4.5057862204724408
11
7.2878855511811018
21
-4.5059171259842516
0
LINE
8
BLACK
6
CONTINUOUS
10
7.2878855511811018
20
-4.5059171259842516
11
7.2878856692913381
21
-4.5059172047244092
0
LINE
8
BLACK
6
CONTINUOUS
10
7.2878856692913381
20
-4.5059172047244092
11
7.2885103543307084
21
-4.5064650393700783
0
LINE
8
BLACK
6
CONTINUOUS
10
7.2885103543307084
20
-4.5064650393700783
11
7.2949975590551182
21
-4.5121541338582674
0
LINE
8
BLACK
6
CONTINUOUS
10
7.2949975590551182
20
-4.5121541338582674
11
7.2951759842519683
21
-4.5123325590551184
0
LINE
8
BLACK
6
CONTINUOUS
10
7.2951759842519683
20
-4.5123325590551184
11
7.3015440157480311
21
-4.5195938188976381
0
LINE
8
BLACK
6
CONTINUOUS
10
7.3015440157480311
20
-4.5195938188976381
11
7.3016976377952751
21
-4.5197940157480314
0
LINE
8
BLACK
6
CONTINUOUS
10
7.3016976377952751
20
-4.5197940157480314
11
7.307063503937008
21
-4.5278244094488187
0
LINE
8
BLACK
6
CONTINUOUS
10
7.307063503937008
20
-4.5278244094488187
11
7.3071896456692915
21
-4.5280429133858267
0
LINE
8
BLACK
6
CONTINUOUS
10
7.3071896456692915
20
-4.5280429133858267
11
7.311461338582677
21
-4.536704763779527
0
LINE
8
BLACK
6
CONTINUOUS
10
7.311461338582677
20
-4.536704763779527
11
7.3115579133858262
21
-4.5369379133858265
0
LINE
8
BLACK
6
CONTINUOUS
10
7.3115579133858262
20
-4.5369379133858265
11
7.3116216929133859
21
-4.5371258661417322
0
LINE
8
BLACK
6
CONTINUOUS
10
7.3116216929133859
20
-4.5371258661417322
11
7.3116217322834647
21
-4.5371259055118109
0
LINE
8
BLACK
6
CONTINUOUS
10
7.3116217322834647
20
-4.5371259055118109
11
7.3145468503937003
21
-4.5457425984251971
0
LINE
8
BLACK
6
CONTINUOUS
10
7.3145468503937003
20
-4.5457425984251971
11
7.3146625196850392
21
-4.5460833070866142
0
LINE
8
BLACK
6
CONTINUOUS
10
7.3146625196850392
20
-4.5460833070866142
11
7.3147278346456694
21
-4.5463270472440946
0
LINE
8
BLACK
6
CONTINUOUS
10
7.3147278346456694
20
-4.5463270472440946
11
7.3147665748031496
21
-4.5465219291338581
0
LINE
8
BLACK
6
CONTINUOUS
10
7.3147665748031496
20
-4.5465219291338581
11
7.3147666535433071
21
-4.5465221259842519
0
LINE
8
BLACK
6
CONTINUOUS
10
7.3147666535433071
20
-4.5465221259842519
11
7.3165734251968502
21
-4.5556044881889761
0
LINE
8
BLACK
6
CONTINUOUS
10
7.3165734251968502
20
-4.5556044881889761
11
7.3165734645669289
21
-4.5556048818897636
0
LINE
8
BLACK
6
CONTINUOUS
10
7.3165734645669289
20
-4.5556048818897636
11
7.3166121653543303
21
-4.5557993700787405
0
LINE
8
BLACK
6
CONTINUOUS
10
7.3166121653543303
20
-4.5557993700787405
11
7.3166451181102357
21
-4.5560495275590549
0
LINE
8
BLACK
6
CONTINUOUS
10
7.3166451181102357
20
-4.5560495275590549
11
7.3166580708661417
21
-4.5562473228346452
0
LINE
8
BLACK
6
CONTINUOUS
10
7.3166580708661417
20
-4.5562473228346452
11
7.3166581496062992
21
-4.5562477952755902
0
LINE
8
BLACK
6
CONTINUOUS
10
7.3166581496062992
20
-4.5562477952755902
11
7.3171505511811024
21
-4.5637575984251963
0
LINE
8
BLACK
6
CONTINUOUS
10
7.3171505511811024
20
-4.5637575984251963
11
7.3172803937007869
21
-4.5657380708661419
0
LINE
8
BLACK
6
CONTINUOUS
10
7.3172803937007869
20
-4.5657380708661419
11
7.317284527559055
21
-4.565864291338583
0
LINE
8
BLACK
6
CONTINUOUS
10
7.317284527559055
20
-4.565864291338583
11
7.317284527559055
21
-4.8570887007874015
0
LINE
8
BLACK
6
CONTINUOUS
10
7.317284527559055
20
-4.8570887007874015
11
7.3172803937007869
21
-4.857214842519685
0
LINE
8
BLACK
6
CONTINUOUS
10
7.3172803937007869
20
-4.857214842519685
11
7.3166448031496065
21
-4.8669153543307084
0
LINE
8
BLACK
6
CONTINUOUS
10
7.3166448031496065
20
-4.8669153543307084
11
7.3166118897637791
21
-4.8671655118110237
0
LINE
8
BLACK
6
CONTINUOUS
10
7.3166118897637791
20
-4.8671655118110237
11
7.3165731102362201
21
-4.867360433070866
0
LINE
8
BLACK
6
CONTINUOUS
10
7.3165731102362201
20
-4.867360433070866
11
7.3165731102362201
21
-4.8673605118110235
0
LINE
8
BLACK
6
CONTINUOUS
10
7.3165731102362201
20
-4.8673605118110235
11
7.3154261417322832
21
-4.8731275196850392
0
LINE
8
BLACK
6
CONTINUOUS
10
7.3154261417322832
20
-4.8731275196850392
11
7.3147666535433071
21
-4.876443307086614
0
LINE
8
BLACK
6
CONTINUOUS
10
7.3147666535433071
20
-4.876443307086614
11
7.3147278346456694
21
-4.87663842519685
0
LINE
8
BLACK
6
CONTINUOUS
10
7.3147278346456694
20
-4.87663842519685
11
7.3146625196850392
21
-4.8768822047244091
0
LINE
8
BLACK
6
CONTINUOUS
10
7.3146625196850392
20
-4.8768822047244091
11
7.3123527165354325
21
-4.8836871259842516
0
LINE
8
BLACK
6
CONTINUOUS
10
7.3123527165354325
20
-4.8836871259842516
11
7.3115581889763774
21
-4.8860278346456694
0
LINE
8
BLACK
6
CONTINUOUS
10
7.3115581889763774
20
-4.8860278346456694
11
7.3114616141732283
21
-4.8862609448818892
0
LINE
8
BLACK
6
CONTINUOUS
10
7.3114616141732283
20
-4.8862609448818892
11
7.3113739370078736
21
-4.8864387007874015
0
LINE
8
BLACK
6
CONTINUOUS
10
7.3113739370078736
20
-4.8864387007874015
11
7.3113737795275586
21
-4.8864391338582678
0
LINE
8
BLACK
6
CONTINUOUS
10
7.3113737795275586
20
-4.8864391338582678
11
7.3086147637795271
21
-4.8920341338582674
0
LINE
8
BLACK
6
CONTINUOUS
10
7.3086147637795271
20
-4.8920341338582674
11
7.3071901968503932
21
-4.894923031496063
0
LINE
8
BLACK
6
CONTINUOUS
10
7.3071901968503932
20
-4.894923031496063
11
7.3070640551181096
21
-4.8951415748031497
0
LINE
8
BLACK
6
CONTINUOUS
10
7.3070640551181096
20
-4.8951415748031497
11
7.3016982677165352
21
-4.9031724015748033
0
LINE
8
BLACK
6
CONTINUOUS
10
7.3016982677165352
20
-4.9031724015748033
11
7.3015446456692912
21
-4.9033725984251966
0
LINE
8
BLACK
6
CONTINUOUS
10
7.3015446456692912
20
-4.9033725984251966
11
7.2951768110236221
21
-4.9106339370078738
0
LINE
8
BLACK
6
CONTINUOUS
10
7.2951768110236221
20
-4.9106339370078738
11
7.2949983858267711
21
-4.9108124015748027
0
LINE
8
BLACK
6
CONTINUOUS
10
7.2949983858267711
20
-4.9108124015748027
11
7.2877369685039373
21
-4.9171807480314955
0
LINE
8
BLACK
6
CONTINUOUS
10
7.2877369685039373
20
-4.9171807480314955
11
7.2875367716535431
21
-4.9173343700787404
0
LINE
8
BLACK
6
CONTINUOUS
10
7.2875367716535431
20
-4.9173343700787404
11
7.2873716535433068
21
-4.9174446456692911
0
LINE
8
BLACK
6
CONTINUOUS
10
7.2873716535433068
20
-4.9174446456692911
11
7.2873717322834644
21
-4.9174446456692911
0
LINE
8
BLACK
6
CONTINUOUS
10
7.2873717322834644
20
-4.9174446456692911
11
7.279671496062992
21
-4.9225899999999996
0
LINE
8
BLACK
6
CONTINUOUS
10
7.279671496062992
20
-4.9225899999999996
11
7.2796712598425195
21
-4.9225900787401571
0
LINE
8
BLACK
6
CONTINUOUS
10
7.2796712598425195
20
-4.9225900787401571
11
7.2795061417322833
21
-4.9227004724409449
0
LINE
8
BLACK
6
CONTINUOUS
10
7.2795061417322833
20
-4.9227004724409449
11
7.2792875984251966
21
-4.9228266141732284
0
LINE
8
BLACK
6
CONTINUOUS
10
7.2792875984251966
20
-4.9228266141732284
11
7.2791096850393702
21
-4.9229143307086609
0
LINE
8
BLACK
6
CONTINUOUS
10
7.2791096850393702
20
-4.9229143307086609
11
7.2791095275590552
21
-4.9229144488188972
0
LINE
8
BLACK
6
CONTINUOUS
10
7.2791095275590552
20
-4.9229144488188972
11
7.2751504330708663
21
-4.9248668897637797
0
LINE
8
BLACK
6
CONTINUOUS
10
7.2751504330708663
20
-4.9248668897637797
11
7.2706257086614174
21
-4.9270983464566926
0
LINE
8
BLACK
6
CONTINUOUS
10
7.2706257086614174
20
-4.9270983464566926
11
7.2703925590551179
21
-4.9271949212598427
0
LINE
8
BLACK
6
CONTINUOUS
10
7.2703925590551179
20
-4.9271949212598427
11
7.2612469685039365
21
-4.9302996062992124
0
LINE
8
BLACK
6
CONTINUOUS
10
7.2612469685039365
20
-4.9302996062992124
11
7.261003228346457
21
-4.9303649212598426
0
LINE
8
BLACK
6
CONTINUOUS
10
7.261003228346457
20
-4.9303649212598426
11
7.2608083464566926
21
-4.9304036614173228
0
LINE
8
BLACK
6
CONTINUOUS
10
7.2608083464566926
20
-4.9304036614173228
11
7.2608083070866138
21
-4.9304037007874015
0
LINE
8
BLACK
6
CONTINUOUS
10
7.2608083070866138
20
-4.9304037007874015
11
7.2517253543307083
21
-4.9322105511811021
0
LINE
8
BLACK
6
CONTINUOUS
10
7.2517253543307083
20
-4.9322105511811021
11
7.2517251574803145
21
-4.9322105511811021
0
LINE
8
BLACK
6
CONTINUOUS
10
7.2517251574803145
20
-4.9322105511811021
11
7.2515307480314961
21
-4.9322492519685035
0
LINE
8
BLACK
6
CONTINUOUS
10
7.2515307480314961
20
-4.9322492519685035
11
7.2512805905511808
21
-4.9322822047244097
0
LINE
8
BLACK
6
CONTINUOUS
10
7.2512805905511808
20
-4.9322822047244097
11
7.251082244094488
21
-4.9322951968503936
0
LINE
8
BLACK
6
CONTINUOUS
10
7.251082244094488
20
-4.9322951968503936
11
7.2510820472440942
21
-4.9322952362204724
0
LINE
8
BLACK
6
CONTINUOUS
10
7.2510820472440942
20
-4.9322952362204724
11
7.2431592125984254
21
-4.932814645669291
0
LINE
8
BLACK
6
CONTINUOUS
10
7.2431592125984254
20
-4.932814645669291
11
7.2417233070866143
21
-4.9329087795275592
0
LINE
8
BLACK
6
CONTINUOUS
10
7.2417233070866143
20
-4.9329087795275592
11
7.241723188976378
21
-4.9329087795275592
0
LINE
8
BLACK
6
CONTINUOUS
10
7.241723188976378
20
-4.9329087795275592
11
7.2416242125984249
21
-4.9329152755905508
0
LINE
8
BLACK
6
CONTINUOUS
10
7.2416242125984249
20
-4.9329152755905508
11
7.2414981102362201
21
-4.9329194094488189
0
LINE
8
BLACK
6
CONTINUOUS
10
7.2414981102362201
20
-4.9329194094488189
11
7.2001732677165355
21
-4.9329194094488189
0
LINE
8
BLACK
6
CONTINUOUS
10
7.2001732677165355
20
-4.9329194094488189
11
7.1879934645669286
21
-4.9371812992125985
0
LINE
8
BLACK
6
CONTINUOUS
10
7.1879934645669286
20
-4.9371812992125985
11
7.175080551181102
21
-4.9401285826771648
0
LINE
8
BLACK
6
CONTINUOUS
10
7.175080551181102
20
-4.9401285826771648
11
7.1619188188976377
21
-4.9416115354330712
0
LINE
8
BLACK
6
CONTINUOUS
10
7.1619188188976377
20
-4.9416115354330712
11
7.1486738582677161
21
-4.9416115354330712
0
LINE
8
BLACK
6
CONTINUOUS
10
7.1486738582677161
20
-4.9416115354330712
11
7.1355121259842518
21
-4.9401285826771648
0
LINE
8
BLACK
6
CONTINUOUS
10
7.1355121259842518
20
-4.9401285826771648
11
7.1225992125984252
21
-4.9371812992125985
0
LINE
8
BLACK
6
CONTINUOUS
10
7.1225992125984252
20
-4.9371812992125985
11
7.1104194094488191
21
-4.9329194094488189
0
LINE
8
BLACK
6
CONTINUOUS
10
7.1104194094488191
20
-4.9329194094488189
11
6.3352413779527561
21
-4.9329194094488189
0
LINE
8
BLACK
6
CONTINUOUS
10
6.3352413779527561
20
-4.9329194094488189
11
6.3352117322834642
21
-4.9329222440944882
0
LINE
8
BLACK
6
CONTINUOUS
10
6.3352117322834642
20
-4.9329222440944882
11
6.3349173622047239
21
-4.9329222440944882
0
LINE
8
BLACK
6
CONTINUOUS
10
6.3349173622047239
20
-4.9329222440944882
11
6.3315689763779526
21
-4.9329222440944882
0
LINE
8
BLACK
6
CONTINUOUS
10
6.3315689763779526
20
-4.9329222440944882
11
6.3315689370078738
21
-4.9329222440944882
0
LINE
8
BLACK
6
CONTINUOUS
10
6.3315689370078738
20
-4.9329222440944882
11
6.3315688582677163
21
-4.9329222440944882
0
LINE
8
BLACK
6
CONTINUOUS
10
6.3315688582677163
20
-4.9329222440944882
11
6.32291342519685
21
-4.9341665354330706
0
LINE
8
BLACK
6
CONTINUOUS
10
6.32291342519685
20
-4.9341665354330706
11
6.3227864960629923
21
-4.9341848031496065
0
LINE
8
BLACK
6
CONTINUOUS
10
6.3227864960629923
20
-4.9341848031496065
11
6.314273937007874
21
-4.9366841338582672
0
LINE
8
BLACK
6
CONTINUOUS
10
6.314273937007874
20
-4.9366841338582672
11
6.3142738188976377
21
-4.936684173228346
0
LINE
8
BLACK
6
CONTINUOUS
10
6.3142738188976377
20
-4.936684173228346
11
6.3142737401574802
21
-4.9366842125984247
0
LINE
8
BLACK
6
CONTINUOUS
10
6.3142737401574802
20
-4.9366842125984247
11
6.314273622047244
21
-4.9366842125984247
0
LINE
8
BLACK
6
CONTINUOUS
10
6.314273622047244
20
-4.9366842125984247
11
6.3062030708661414
21
-4.9403697637795272
0
LINE
8
BLACK
6
CONTINUOUS
10
6.3062030708661414
20
-4.9403697637795272
11
6.2987392519685041
21
-4.9451661417322832
0
LINE
8
BLACK
6
CONTINUOUS
10
6.2987392519685041
20
-4.9451661417322832
11
6.2987388188976379
21
-4.945166496062992
0
LINE
8
BLACK
6
CONTINUOUS
10
6.2987388188976379
20
-4.945166496062992
11
6.2920335826771652
21
-4.950976377952756
0
LINE
8
BLACK
6
CONTINUOUS
10
6.2920335826771652
20
-4.950976377952756
11
6.2862233464566923
21
-4.957681417322835
0
LINE
8
BLACK
6
CONTINUOUS
10
6.2862233464566923
20
-4.957681417322835
11
6.2824545669291334
21
-4.9635453149606299
0
LINE
8
BLACK
6
CONTINUOUS
10
6.2824545669291334
20
-4.9635453149606299
11
6.2814263779527559
21
-4.9651451968503935
0
LINE
8
BLACK
6
CONTINUOUS
10
6.2814263779527559
20
-4.9651451968503935
11
6.2777404724409447
21
-4.9732154724409448
0
LINE
8
BLACK
6
CONTINUOUS
10
6.2777404724409447
20
-4.9732154724409448
11
6.2777403149606297
21
-4.973215905511811
0
LINE
8
BLACK
6
CONTINUOUS
10
6.2777403149606297
20
-4.973215905511811
11
6.2752405511811018
21
-4.9817285039370081
0
LINE
8
BLACK
6
CONTINUOUS
10
6.2752405511811018
20
-4.9817285039370081
11
6.2744984251968505
21
-4.9868887795275594
0
LINE
8
BLACK
6
CONTINUOUS
10
6.2744984251968505
20
-4.9868887795275594
11
6.2739775984251969
21
-4.9905106299212596
0
LINE
8
BLACK
6
CONTINUOUS
10
6.2739775984251969
20
-4.9905106299212596
11
6.2739775590551181
21
-4.9905108267716534
0
LINE
8
BLACK
6
CONTINUOUS
10
6.2739775590551181
20
-4.9905108267716534
11
6.2739774409448819
21
-4.9943556692913385
0
LINE
8
BLACK
6
CONTINUOUS
10
6.2739774409448819
20
-4.9943556692913385
11
6.2739774409448819
21
-5.018493346456693
0
LINE
8
BLACK
6
CONTINUOUS
10
6.2739774409448819
20
-5.018493346456693
11
6.273971496062992
21
-5.0186446456692915
0
LINE
8
BLACK
6
CONTINUOUS
10
6.273971496062992
20
-5.0186446456692915
11
6.2732990944881886
21
-5.0271913779527555
0
LINE
8
BLACK
6
CONTINUOUS
10
6.2732990944881886
20
-5.0271913779527555
11
6.2732517322834642
21
-5.0274903543307081
0
LINE
8
BLACK
6
CONTINUOUS
10
6.2732517322834642
20
-5.0274903543307081
11
6.2731960629921257
21
-5.0277222047244097
0
LINE
8
BLACK
6
CONTINUOUS
10
6.2731960629921257
20
-5.0277222047244097
11
6.2731960629921257
21
-5.0277222834645672
0
LINE
8
BLACK
6
CONTINUOUS
10
6.2731960629921257
20
-5.0277222834645672
11
6.2722201574803149
21
-5.0317878740157482
0
LINE
8
BLACK
6
CONTINUOUS
10
6.2722201574803149
20
-5.0317878740157482
11
6.2713241338582675
21
-5.0355205511811025
0
LINE
8
BLACK
6
CONTINUOUS
10
6.2713241338582675
20
-5.0355205511811025
11
6.2713239370078737
21
-5.0355210236220476
0
LINE
8
BLACK
6
CONTINUOUS
10
6.2713239370078737
20
-5.0355210236220476
11
6.271268464566929
21
-5.0357522834645669
0
LINE
8
BLACK
6
CONTINUOUS
10
6.271268464566929
20
-5.0357522834645669
11
6.2711749606299207
21
-5.0360401968503936
0
LINE
8
BLACK
6
CONTINUOUS
10
6.2711749606299207
20
-5.0360401968503936
11
6.2710837007874014
21
-5.0362605118110233
0
LINE
8
BLACK
6
CONTINUOUS
10
6.2710837007874014
20
-5.0362605118110233
11
6.2710835826771651
21
-5.0362609055118108
0
LINE
8
BLACK
6
CONTINUOUS
10
6.2710835826771651
20
-5.0362609055118108
11
6.2680148031496064
21
-5.0436702362204722
0
LINE
8
BLACK
6
CONTINUOUS
10
6.2680148031496064
20
-5.0436702362204722
11
6.2680146062992126
21
-5.0436705511811022
0
LINE
8
BLACK
6
CONTINUOUS
10
6.2680146062992126
20
-5.0436705511811022
11
6.2679234251968499
21
-5.0438907874015744
0
LINE
8
BLACK
6
CONTINUOUS
10
6.2679234251968499
20
-5.0438907874015744
11
6.2677859842519688
21
-5.0441605118110235
0
LINE
8
BLACK
6
CONTINUOUS
10
6.2677859842519688
20
-5.0441605118110235
11
6.2676614566929132
21
-5.0443636614173224
0
LINE
8
BLACK
6
CONTINUOUS
10
6.2676614566929132
20
-5.0443636614173224
11
6.2676614173228344
21
-5.0443638188976374
0
LINE
8
BLACK
6
CONTINUOUS
10
6.2676614173228344
20
-5.0443638188976374
11
6.2671165748031497
21
-5.0452529527559058
0
LINE
8
BLACK
6
CONTINUOUS
10
6.2671165748031497
20
-5.0452529527559058
11
6.2633466141732281
21
-5.0514053149606299
0
LINE
8
BLACK
6
CONTINUOUS
10
6.2633466141732281
20
-5.0514053149606299
11
6.2631687007874017
21
-5.051650236220472
0
LINE
8
BLACK
6
CONTINUOUS
10
6.2631687007874017
20
-5.051650236220472
11
6.2576504330708662
21
-5.0581116535433068
0
LINE
8
BLACK
6
CONTINUOUS
10
6.2576504330708662
20
-5.0581116535433068
11
6.2574363779527555
21
-5.0583257086614175
0
LINE
8
BLACK
6
CONTINUOUS
10
6.2574363779527555
20
-5.0583257086614175
11
6.250975393700787
21
-5.0638441732283459
0
LINE
8
BLACK
6
CONTINUOUS
10
6.250975393700787
20
-5.0638441732283459
11
6.2507304724409449
21
-5.0640221259842519
0
LINE
8
BLACK
6
CONTINUOUS
10
6.2507304724409449
20
-5.0640221259842519
11
6.2505272047244089
21
-5.0641466535433066
0
LINE
8
BLACK
6
CONTINUOUS
10
6.2505272047244089
20
-5.0641466535433066
11
6.2505270472440939
21
-5.0641468110236216
0
LINE
8
BLACK
6
CONTINUOUS
10
6.2505270472440939
20
-5.0641468110236216
11
6.2436893307086612
21
-5.0683372047244095
0
LINE
8
BLACK
6
CONTINUOUS
10
6.2436893307086612
20
-5.0683372047244095
11
6.2436889370078736
21
-5.0683373622047245
0
LINE
8
BLACK
6
CONTINUOUS
10
6.2436889370078736
20
-5.0683373622047245
11
6.243485748031496
21
-5.068461929133858
0
LINE
8
BLACK
6
CONTINUOUS
10
6.243485748031496
20
-5.068461929133858
11
6.2432160629921256
21
-5.06859937007874
0
LINE
8
BLACK
6
CONTINUOUS
10
6.2432160629921256
20
-5.06859937007874
11
6.2353659055118111
21
-5.0718512204724409
0
LINE
8
BLACK
6
CONTINUOUS
10
6.2353659055118111
20
-5.0718512204724409
11
6.2350779921259845
21
-5.0719447637795279
0
LINE
8
BLACK
6
CONTINUOUS
10
6.2350779921259845
20
-5.0719447637795279
11
6.2286692519685039
21
-5.0734834251968506
0
LINE
8
BLACK
6
CONTINUOUS
10
6.2286692519685039
20
-5.0734834251968506
11
6.2270477165354325
21
-5.0738727952755909
0
LINE
8
BLACK
6
CONTINUOUS
10
6.2270477165354325
20
-5.0738727952755909
11
6.227047637795275
21
-5.0738727952755909
0
LINE
8
BLACK
6
CONTINUOUS
10
6.227047637795275
20
-5.0738727952755909
11
6.2268158267716531
21
-5.0739284645669294
0
LINE
8
BLACK
6
CONTINUOUS
10
6.2268158267716531
20
-5.0739284645669294
11
6.2265168503937005
21
-5.0739758267716537
0
LINE
8
BLACK
6
CONTINUOUS
10
6.2265168503937005
20
-5.0739758267716537
11
6.22627905511811
21
-5.073994527559055
0
LINE
8
BLACK
6
CONTINUOUS
10
6.22627905511811
20
-5.073994527559055
11
6.2262789370078737
21
-5.0739945669291338
0
LINE
8
BLACK
6
CONTINUOUS
10
6.2262789370078737
20
-5.0739945669291338
11
6.2239316929133857
21
-5.0741793307086613
0
LINE
8
BLACK
6
CONTINUOUS
10
6.2239316929133857
20
-5.0741793307086613
11
6.2180072440944878
21
-5.0746457480314957
0
LINE
8
BLACK
6
CONTINUOUS
10
6.2180072440944878
20
-5.0746457480314957
11
6.217855826771653
21
-5.0746516929133856
0
LINE
8
BLACK
6
CONTINUOUS
10
6.217855826771653
20
-5.0746516929133856
11
6.217736968503937
21
-5.0746516929133856
0
LINE
8
BLACK
6
CONTINUOUS
10
6.217736968503937
20
-5.0746516929133856
11
3.7180568897637793
21
-5.0746516929133856
0
LINE
8
BLACK
6
CONTINUOUS
10
3.7180568897637793
20
-5.0746516929133856
11
3.7179577952755904
21
-5.0746516929133856
0
LINE
8
BLACK
6
CONTINUOUS
10
3.7179577952755904
20
-5.0746516929133856
11
3.7178316535433069
21
-5.0746475590551183
0
LINE
8
BLACK
6
CONTINUOUS
10
3.7178316535433069
20
-5.0746475590551183
11
3.7164450393700785
21
-5.0745566929133856
0
LINE
8
BLACK
6
CONTINUOUS
10
3.7164450393700785
20
-5.0745566929133856
11
3.7083295275590551
21
-5.0740248818897635
0
LINE
8
BLACK
6
CONTINUOUS
10
3.7083295275590551
20
-5.0740248818897635
11
3.7083294094488188
21
-5.0740248425196848
0
LINE
8
BLACK
6
CONTINUOUS
10
3.7083294094488188
20
-5.0740248425196848
11
3.7081313779527556
21
-5.0740118897637796
0
LINE
8
BLACK
6
CONTINUOUS
10
3.7081313779527556
20
-5.0740118897637796
11
3.707881181102362
21
-5.073978976377953
0
LINE
8
BLACK
6
CONTINUOUS
10
3.707881181102362
20
-5.073978976377953
11
3.7076862598425198
21
-5.0739401968503932
0
LINE
8
BLACK
6
CONTINUOUS
10
3.7076862598425198
20
-5.0739401968503932
11
3.7076861811023623
21
-5.0739401968503932
0
LINE
8
BLACK
6
CONTINUOUS
10
3.7076861811023623
20
-5.0739401968503932
11
3.6986034645669292
21
-5.0721336220472439
0
LINE
8
BLACK
6
CONTINUOUS
10
3.6986034645669292
20
-5.0721336220472439
11
3.6986033070866142
21
-5.0721335826771652
0
LINE
8
BLACK
6
CONTINUOUS
10
3.6986033070866142
20
-5.0721335826771652
11
3.6984085433070866
21
-5.072094842519685
0
LINE
8
BLACK
6
CONTINUOUS
10
3.6984085433070866
20
-5.072094842519685
11
3.6981648031496062
21
-5.0720295275590548
0
LINE
8
BLACK
6
CONTINUOUS
10
3.6981648031496062
20
-5.0720295275590548
11
3.6979767716535434
21
-5.0719656692913384
0
LINE
8
BLACK
6
CONTINUOUS
10
3.6979767716535434
20
-5.0719656692913384
11
3.6979766535433072
21
-5.0719656692913384
0
LINE
8
BLACK
6
CONTINUOUS
10
3.6979766535433072
20
-5.0719656692913384
11
3.6978106692913384
21
-5.0719093307086611
0
LINE
8
BLACK
6
CONTINUOUS
10
3.6978106692913384
20
-5.0719093307086611
11
3.6965196062992125
21
-5.071471062992126
0
LINE
8
BLACK
6
CONTINUOUS
10
3.6965196062992125
20
-5.071471062992126
11
3.6890193700787401
21
-5.0689251181102364
0
LINE
8
BLACK
6
CONTINUOUS
10
3.6890193700787401
20
-5.0689251181102364
11
3.6887862204724406
21
-5.0688285433070863
0
LINE
8
BLACK
6
CONTINUOUS
10
3.6887862204724406
20
-5.0688285433070863
11
3.6801241732283465
21
-5.0645569291338584
0
LINE
8
BLACK
6
CONTINUOUS
10
3.6801241732283465
20
-5.0645569291338584
11
3.6799057874015748
21
-5.0644308267716536
0
LINE
8
BLACK
6
CONTINUOUS
10
3.6799057874015748
20
-5.0644308267716536
11
3.6739492913385825
21
-5.0604508267716533
0
LINE
8
BLACK
6
CONTINUOUS
10
3.6739492913385825
20
-5.0604508267716533
11
3.67187531496063
21
-5.0590650393700782
0
LINE
8
BLACK
6
CONTINUOUS
10
3.67187531496063
20
-5.0590650393700782
11
3.6716751181102363
21
-5.0589114173228342
0
LINE
8
BLACK
6
CONTINUOUS
10
3.6716751181102363
20
-5.0589114173228342
11
3.6715260629921258
21
-5.0587807086614172
0
LINE
8
BLACK
6
CONTINUOUS
10
3.6715260629921258
20
-5.0587807086614172
11
3.671525866141732
21
-5.0587805511811021
0
LINE
8
BLACK
6
CONTINUOUS
10
3.671525866141732
20
-5.0587805511811021
11
3.6711838188976378
21
-5.0584805905511807
0
LINE
8
BLACK
6
CONTINUOUS
10
3.6711838188976378
20
-5.0584805905511807
11
3.6645630314960629
21
-5.0526742519685035
0
LINE
8
BLACK
6
CONTINUOUS
10
3.6645630314960629
20
-5.0526742519685035
11
3.6644138976377953
21
-5.0525434645669289
0
LINE
8
BLACK
6
CONTINUOUS
10
3.6644138976377953
20
-5.0525434645669289
11
3.6642354724409447
21
-5.0523650393700787
0
LINE
8
BLACK
6
CONTINUOUS
10
3.6642354724409447
20
-5.0523650393700787
11
3.663507440944882
21
-5.0515348818897641
0
LINE
8
BLACK
6
CONTINUOUS
10
3.663507440944882
20
-5.0515348818897641
11
3.6578675984251969
21
-5.0451037401574803
0
LINE
8
BLACK
6
CONTINUOUS
10
3.6578675984251969
20
-5.0451037401574803
11
3.6577139763779525
21
-5.0449035433070861
0
LINE
8
BLACK
6
CONTINUOUS
10
3.6577139763779525
20
-5.0449035433070861
11
3.6572174803149604
21
-5.0441605118110235
0
LINE
8
BLACK
6
CONTINUOUS
10
3.6572174803149604
20
-5.0441605118110235
11
3.6524586614173229
21
-5.0370382283464563
0
LINE
8
BLACK
6
CONTINUOUS
10
3.6524586614173229
20
-5.0370382283464563
11
3.6523483858267713
21
-5.0368731889763776
0
LINE
8
BLACK
6
CONTINUOUS
10
3.6523483858267713
20
-5.0368731889763776
11
3.6522222047244095
21
-5.0366546456692909
0
LINE
8
BLACK
6
CONTINUOUS
10
3.6522222047244095
20
-5.0366546456692909
11
3.6521344488188974
21
-5.0364766929133857
0
LINE
8
BLACK
6
CONTINUOUS
10
3.6521344488188974
20
-5.0364766929133857
11
3.6521342913385828
21
-5.0364764173228345
0
LINE
8
BLACK
6
CONTINUOUS
10
3.6521342913385828
20
-5.0364764173228345
11
3.6516629133858265
21
-5.0355205511811025
0
LINE
8
BLACK
6
CONTINUOUS
10
3.6516629133858265
20
-5.0355205511811025
11
3.648038464566929
21
-5.0281705905511807
0
LINE
8
BLACK
6
CONTINUOUS
10
3.648038464566929
20
-5.0281705905511807
11
3.6479505118110236
21
-5.027992244094488
0
LINE
8
BLACK
6
CONTINUOUS
10
3.6479505118110236
20
-5.027992244094488
11
3.647854251968504
21
-5.0277598425196848
0
LINE
8
BLACK
6
CONTINUOUS
10
3.647854251968504
20
-5.0277598425196848
11
3.6477901968503934
21
-5.0275711417322837
0
LINE
8
BLACK
6
CONTINUOUS
10
3.6477901968503934
20
-5.0275711417322837
11
3.6475805511811021
21
-5.0269535433070862
0
LINE
8
BLACK
6
CONTINUOUS
10
3.6475805511811021
20
-5.0269535433070862
11
3.6448135826771653
21
-5.0188018897637798
0
LINE
8
BLACK
6
CONTINUOUS
10
3.6448135826771653
20
-5.0188018897637798
11
3.6447496850393701
21
-5.0186136614173229
0
LINE
8
BLACK
6
CONTINUOUS
10
3.6447496850393701
20
-5.0186136614173229
11
3.6446845669291337
21
-5.0183705905511813
0
LINE
8
BLACK
6
CONTINUOUS
10
3.6446845669291337
20
-5.0183705905511813
11
3.6428003543307086
21
-5.0088971653543304
0
LINE
8
BLACK
6
CONTINUOUS
10
3.6428003543307086
20
-5.0088971653543304
11
3.6427675590551178
21
-5.0086478346456689
0
LINE
8
BLACK
6
CONTINUOUS
10
3.6427675590551178
20
-5.0086478346456689
11
3.642131181102362
21
-4.9989351181102357
0
LINE
8
BLACK
6
CONTINUOUS
10
3.642131181102362
20
-4.9989351181102357
11
3.6421270472440943
21
-4.9988089763779531
0
LINE
8
BLACK
6
CONTINUOUS
10
3.6421270472440943
20
-4.9988089763779531
11
3.6421270472440943
21
-4.8836871259842516
0
LINE
8
BLACK
6
CONTINUOUS
10
3.6421270472440943
20
-4.8836871259842516
11
3.6421270472440943
21
-4.7517696456692908
0
LINE
8
BLACK
6
CONTINUOUS
10
3.6421270472440943
20
-4.7517696456692908
11
3.6421270472440943
21
-4.7233564960629923
0
LINE
8
BLACK
6
CONTINUOUS
10
3.6421270472440943
20
-4.7233564960629923
11
3.642131181102362
21
-4.7232302755905513
0
LINE
8
BLACK
6
CONTINUOUS
10
3.642131181102362
20
-4.7232302755905513
11
3.6423317322834645
21
-4.7201713779527559
0
LINE
8
BLACK
6
CONTINUOUS
10
3.6423317322834645
20
-4.7201713779527559
11
3.6427080314960629
21
-4.7144324015748031
0
LINE
8
BLACK
6
CONTINUOUS
10
3.6427080314960629
20
-4.7144324015748031
11
3.6427542125984251
21
-4.7137278740157482
0
LINE
8
BLACK
6
CONTINUOUS
10
3.6427542125984251
20
-4.7137278740157482
11
3.6427542519685039
21
-4.7137275196850394
0
LINE
8
BLACK
6
CONTINUOUS
10
3.6427542519685039
20
-4.7137275196850394
11
3.6427672047244095
21
-4.7135300787401571
0
LINE
8
BLACK
6
CONTINUOUS
10
3.6427672047244095
20
-4.7135300787401571
11
3.6428001574803148
21
-4.7132799212598426
0
LINE
8
BLACK
6
CONTINUOUS
10
3.6428001574803148
20
-4.7132799212598426
11
3.6446845669291337
21
-4.7038074803149605
0
LINE
8
BLACK
6
CONTINUOUS
10
3.6446845669291337
20
-4.7038074803149605
11
3.6447496456692914
21
-4.7035645669291339
0
LINE
8
BLACK
6
CONTINUOUS
10
3.6447496456692914
20
-4.7035645669291339
11
3.6478544881889765
21
-4.6944185433070862
0
LINE
8
BLACK
6
CONTINUOUS
10
3.6478544881889765
20
-4.6944185433070862
11
3.6479509448818899
21
-4.6941857874015751
0
LINE
8
BLACK
6
CONTINUOUS
10
3.6479509448818899
20
-4.6941857874015751
11
3.6480383464566928
21
-4.6940085039370079
0
LINE
8
BLACK
6
CONTINUOUS
10
3.6480383464566928
20
-4.6940085039370079
11
3.6480385039370078
21
-4.6940081889763778
0
LINE
8
BLACK
6
CONTINUOUS
10
3.6480385039370078
20
-4.6940081889763778
11
3.6521349212598424
21
-4.6857019291338577
0
LINE
8
BLACK
6
CONTINUOUS
10
3.6521349212598424
20
-4.6857019291338577
11
3.6521349999999999
21
-4.6857017322834649
0
LINE
8
BLACK
6
CONTINUOUS
10
3.6521349999999999
20
-4.6857017322834649
11
3.6522228346456691
21
-4.6855237007874013
0
LINE
8
BLACK
6
CONTINUOUS
10
3.6522228346456691
20
-4.6855237007874013
11
3.6523486220472439
21
-4.6853057874015747
0
LINE
8
BLACK
6
CONTINUOUS
10
3.6523486220472439
20
-4.6853057874015747
11
3.6556243700787401
21
-4.680403464566929
0
LINE
8
BLACK
6
CONTINUOUS
10
3.6556243700787401
20
-4.680403464566929
11
3.6576045275590552
21
-4.6774401574803148
0
LINE
8
BLACK
6
CONTINUOUS
10
3.6576045275590552
20
-4.6774401574803148
11
3.6576046850393702
21
-4.6774399212598423
0
LINE
8
BLACK
6
CONTINUOUS
10
3.6576046850393702
20
-4.6774399212598423
11
3.6577146456692913
21
-4.6772753937007874
0
LINE
8
BLACK
6
CONTINUOUS
10
3.6577146456692913
20
-4.6772753937007874
11
3.6578680708661415
21
-4.6770754724409445
0
LINE
8
BLACK
6
CONTINUOUS
10
3.6578680708661415
20
-4.6770754724409445
11
3.6579988582677165
21
-4.6769262992125986
0
LINE
8
BLACK
6
CONTINUOUS
10
3.6579988582677165
20
-4.6769262992125986
11
3.6579991338582678
21
-4.6769259842519686
0
LINE
8
BLACK
6
CONTINUOUS
10
3.6579991338582678
20
-4.6769259842519686
11
3.6623888976377952
21
-4.6719205511811026
0
LINE
8
BLACK
6
CONTINUOUS
10
3.6623888976377952
20
-4.6719205511811026
11
3.6641053543307085
21
-4.6699633858267715
0
LINE
8
BLACK
6
CONTINUOUS
10
3.6641053543307085
20
-4.6699633858267715
11
3.6641053543307085
21
-4.6699633464566928
0
LINE
8
BLACK
6
CONTINUOUS
10
3.6641053543307085
20
-4.6699633464566928
11
3.6642364566929131
21
-4.6698138976377948
0
LINE
8
BLACK
6
CONTINUOUS
10
3.6642364566929131
20
-4.6698138976377948
11
3.6644145669291337
21
-4.6696358267716533
0
LINE
8
BLACK
6
CONTINUOUS
10
3.6644145669291337
20
-4.6696358267716533
11
3.6716763385826772
21
-4.6632676377952755
0
LINE
8
BLACK
6
CONTINUOUS
10
3.6716763385826772
20
-4.6632676377952755
11
3.6718754330708663
21
-4.6631148818897641
0
LINE
8
BLACK
6
CONTINUOUS
10
3.6718754330708663
20
-4.6631148818897641
11
3.6799068897637794
21
-4.6577486220472437
0
LINE
8
BLACK
6
CONTINUOUS
10
3.6799068897637794
20
-4.6577486220472437
11
3.6801246456692911
21
-4.6576229527559052
0
LINE
8
BLACK
6
CONTINUOUS
10
3.6801246456692911
20
-4.6576229527559052
11
3.6827761023622045
21
-4.6563154330708656
0
LINE
8
BLACK
6
CONTINUOUS
10
3.6827761023622045
20
-4.6563154330708656
11
3.6886091732283464
21
-4.653439015748031
0
LINE
8
BLACK
6
CONTINUOUS
10
3.6886091732283464
20
-4.653439015748031
11
3.6886096456692914
21
-4.6534387795275594
0
LINE
8
BLACK
6
CONTINUOUS
10
3.6886096456692914
20
-4.6534387795275594
11
3.6887867322834644
21
-4.6533514960629923
0
LINE
8
BLACK
6
CONTINUOUS
10
3.6887867322834644
20
-4.6533514960629923
11
3.6890197637795277
21
-4.6532549606299209
0
LINE
8
BLACK
6
CONTINUOUS
10
3.6890197637795277
20
-4.6532549606299209
11
3.6892072834645671
21
-4.6531912992125983
0
LINE
8
BLACK
6
CONTINUOUS
10
3.6892072834645671
20
-4.6531912992125983
11
3.6892074015748029
21
-4.6531912598425196
0
LINE
8
BLACK
6
CONTINUOUS
10
3.6892074015748029
20
-4.6531912598425196
11
3.6928535433070864
21
-4.6519536220472437
0
LINE
8
BLACK
6
CONTINUOUS
10
3.6928535433070864
20
-4.6519536220472437
11
3.69816562992126
21
-4.650150472440945
0
LINE
8
BLACK
6
CONTINUOUS
10
3.69816562992126
20
-4.650150472440945
11
3.6984083858267716
21
-4.6500854330708661
0
LINE
8
BLACK
6
CONTINUOUS
10
3.6984083858267716
20
-4.6500854330708661
11
3.698603346456693
21
-4.6500466535433072
0
LINE
8
BLACK
6
CONTINUOUS
10
3.698603346456693
20
-4.6500466535433072
11
3.698603503937008
21
-4.6500466141732284
0
LINE
8
BLACK
6
CONTINUOUS
10
3.698603503937008
20
-4.6500466141732284
11
3.7076863385826773
21
-4.648240078740157
0
LINE
8
BLACK
6
CONTINUOUS
10
3.7076863385826773
20
-4.648240078740157
11
3.7076864960629918
21
-4.6482400393700782
0
LINE
8
BLACK
6
CONTINUOUS
10
3.7076864960629918
20
-4.6482400393700782
11
3.7078817716535433
21
-4.6482012204724406
0
LINE
8
BLACK
6
CONTINUOUS
10
3.7078817716535433
20
-4.6482012204724406
11
3.7081311417322835
21
-4.6481684251968503
0
LINE
8
BLACK
6
CONTINUOUS
10
3.7081311417322835
20
-4.6481684251968503
11
3.7131805511811025
21
-4.647837519685039
0
LINE
8
BLACK
6
CONTINUOUS
10
3.7131805511811025
20
-4.647837519685039
11
3.7177325984251968
21
-4.6475392125984252
0
LINE
8
BLACK
6
CONTINUOUS
10
3.7177325984251968
20
-4.6475392125984252
11
3.717733031496063
21
-4.6475391732283464
0
LINE
8
BLACK
6
CONTINUOUS
10
3.717733031496063
20
-4.6475391732283464
11
3.7178325590551182
21
-4.647532677165354
0
LINE
8
BLACK
6
CONTINUOUS
10
3.7178325590551182
20
-4.647532677165354
11
3.7179568503937008
21
-4.6475285826771655
0
LINE
8
BLACK
6
CONTINUOUS
10
3.7179568503937008
20
-4.6475285826771655
11
3.7232352362204724
21
-4.6475285433070868
0
LINE
8
BLACK
6
CONTINUOUS
10
3.7232352362204724
20
-4.6475285433070868
11
3.7232427952755907
21
-4.6475285433070868
0
LINE
8
BLACK
6
CONTINUOUS
10
3.7232427952755907
20
-4.6475285433070868
11
3.7232506299212598
21
-4.6475285433070868
0
LINE
8
BLACK
6
CONTINUOUS
10
3.7232506299212598
20
-4.6475285433070868
11
3.7338706299212596
21
-4.6461302362204719
0
LINE
8
BLACK
6
CONTINUOUS
10
3.7338706299212596
20
-4.6461302362204719
11
3.7442172440944881
21
-4.643357677165354
0
LINE
8
BLACK
6
CONTINUOUS
10
3.7442172440944881
20
-4.643357677165354
11
3.7541134645669292
21
-4.6392583464566925
0
LINE
8
BLACK
6
CONTINUOUS
10
3.7541134645669292
20
-4.6392583464566925
11
3.7541135039370079
21
-4.6392583070866138
0
LINE
8
BLACK
6
CONTINUOUS
10
3.7541135039370079
20
-4.6392583070866138
11
3.7541135433070867
21
-4.639258267716535
0
LINE
8
BLACK
6
CONTINUOUS
10
3.7541135433070867
20
-4.639258267716535
11
3.7633897637795273
21
-4.6339024409448815
0
LINE
8
BLACK
6
CONTINUOUS
10
3.7633897637795273
20
-4.6339024409448815
11
3.763389960629921
21
-4.633902362204724
0
LINE
8
BLACK
6
CONTINUOUS
10
3.763389960629921
20
-4.633902362204724
11
3.7718879527559053
21
-4.6273813779527559
0
LINE
8
BLACK
6
CONTINUOUS
10
3.7718879527559053
20
-4.6273813779527559
11
3.779462125984252
21
-4.6198069685039371
0
LINE
8
BLACK
6
CONTINUOUS
10
3.779462125984252
20
-4.6198069685039371
11
3.7859827952755905
21
-4.6113087007874016
0
LINE
8
BLACK
6
CONTINUOUS
10
3.7859827952755905
20
-4.6113087007874016
11
3.7913384251968503
21
-4.6020320078740156
0
LINE
8
BLACK
6
CONTINUOUS
10
3.7913384251968503
20
-4.6020320078740156
11
3.7954374015748029
21
-4.5921356299212599
0
LINE
8
BLACK
6
CONTINUOUS
10
3.7954374015748029
20
-4.5921356299212599
11
3.7982095669291338
21
-4.5817889370078735
0
LINE
8
BLACK
6
CONTINUOUS
10
3.7982095669291338
20
-4.5817889370078735
11
3.7994320078740156
21
-4.5725019291338578
0
LINE
8
BLACK
6
CONTINUOUS
10
3.7994320078740156
20
-4.5725019291338578
11
3.7995085433070863
21
-4.5719205511811021
0
LINE
8
BLACK
6
CONTINUOUS
10
3.7995085433070863
20
-4.5719205511811021
11
3.7996074803149607
21
-4.5711688582677166
0
LINE
8
BLACK
6
CONTINUOUS
10
3.7996074803149607
20
-4.5711688582677166
11
3.7996073622047244
21
-4.565813031496063
0
LINE
8
BLACK
6
CONTINUOUS
10
3.7996073622047244
20
-4.565813031496063
11
3.7996073622047244
21
-4.5352342125984251
0
LINE
8
BLACK
6
CONTINUOUS
10
3.7996073622047244
20
-4.5352342125984251
11
3.7996073622047244
21
-4.4927953937007876
0
LINE
8
BLACK
6
CONTINUOUS
10
3.7996073622047244
20
-4.4927953937007876
11
3.7996073622047244
21
-3.909360472440945
0
LINE
8
BLACK
6
CONTINUOUS
10
3.7996073622047244
20
-3.909360472440945
11
3.7996073622047244
21
-3.891234527559055
0
LINE
8
BLACK
6
CONTINUOUS
10
3.7996073622047244
20
-3.891234527559055
11
3.7996073622047244
21
-3.6731400000000001
0
LINE
8
BLACK
6
CONTINUOUS
10
3.7996073622047244
20
-3.6731400000000001
11
3.7996073622047244
21
-3.6509707480314959
0
LINE
8
BLACK
6
CONTINUOUS
10
3.7996073622047244
20
-3.6509707480314959
11
3.7996073622047244
21
-3.4566045669291339
0
LINE
8
BLACK
6
CONTINUOUS
10
3.7996073622047244
20
-3.4566045669291339
11
3.7996073622047244
21
-3.2603643700787401
0
LINE
8
BLACK
6
CONTINUOUS
10
3.7996073622047244
20
-3.2603643700787401
11
3.7996114960629921
21
-3.2602381496062991
0
LINE
8
BLACK
6
CONTINUOUS
10
3.7996114960629921
20
-3.2602381496062991
11
3.8002345275590552
21
-3.2507360236220473
0
LINE
8
BLACK
6
CONTINUOUS
10
3.8002345275590552
20
-3.2507360236220473
11
3.8002345275590552
21
-3.250735748031496
0
LINE
8
BLACK
6
CONTINUOUS
10
3.8002345275590552
20
-3.250735748031496
11
3.800234566929134
21
-3.2507353937007872
0
LINE
8
BLACK
6
CONTINUOUS
10
3.800234566929134
20
-3.2507353937007872
11
3.8002475196850392
21
-3.2505379527559053
0
LINE
8
BLACK
6
CONTINUOUS
10
3.8002475196850392
20
-3.2505379527559053
11
3.8002804724409449
21
-3.2502877952755904
0
LINE
8
BLACK
6
CONTINUOUS
10
3.8002804724409449
20
-3.2502877952755904
11
3.8013354330708662
21
-3.2449847637795273
0
LINE
8
BLACK
6
CONTINUOUS
10
3.8013354330708662
20
-3.2449847637795273
11
3.8021261023622048
21
-3.2410101968503935
0
LINE
8
BLACK
6
CONTINUOUS
10
3.8021261023622048
20
-3.2410101968503935
11
3.8021261417322836
21
-3.2410099212598427
0
LINE
8
BLACK
6
CONTINUOUS
10
3.8021261417322836
20
-3.2410099212598427
11
3.8021648818897638
21
-3.2408153543307088
0
LINE
8
BLACK
6
CONTINUOUS
10
3.8021648818897638
20
-3.2408153543307088
11
3.802229960629921
21
-3.2405724409448817
0
LINE
8
BLACK
6
CONTINUOUS
10
3.802229960629921
20
-3.2405724409448817
11
3.8053348031496061
21
-3.2314264173228344
0
LINE
8
BLACK
6
CONTINUOUS
10
3.8053348031496061
20
-3.2314264173228344
11
3.8054312598425195
21
-3.2311936614173229
0
LINE
8
BLACK
6
CONTINUOUS
10
3.8054312598425195
20
-3.2311936614173229
11
3.8055186614173229
21
-3.2310163779527556
0
LINE
8
BLACK
6
CONTINUOUS
10
3.8055186614173229
20
-3.2310163779527556
11
3.8055188188976379
21
-3.2310160629921261
0
LINE
8
BLACK
6
CONTINUOUS
10
3.8055188188976379
20
-3.2310160629921261
11
3.8096152362204725
21
-3.2227098031496064
0
LINE
8
BLACK
6
CONTINUOUS
10
3.8096152362204725
20
-3.2227098031496064
11
3.809615472440945
21
-3.2227093700787401
0
LINE
8
BLACK
6
CONTINUOUS
10
3.809615472440945
20
-3.2227093700787401
11
3.8097031496062992
21
-3.2225315748031496
0
LINE
8
BLACK
6
CONTINUOUS
10
3.8097031496062992
20
-3.2225315748031496
11
3.809828937007874
21
-3.2223136614173229
0
LINE
8
BLACK
6
CONTINUOUS
10
3.809828937007874
20
-3.2223136614173229
11
3.8139779133858265
21
-3.2161046062992127
0
LINE
8
BLACK
6
CONTINUOUS
10
3.8139779133858265
20
-3.2161046062992127
11
3.8151950000000001
21
-3.2142831889763777
0
LINE
8
BLACK
6
CONTINUOUS
10
3.8151950000000001
20
-3.2142831889763777
11
3.8153481889763778
21
-3.2140835039370077
0
LINE
8
BLACK
6
CONTINUOUS
10
3.8153481889763778
20
-3.2140835039370077
11
3.8217167716535432
21
-3.2068217716535434
0
LINE
8
BLACK
6
CONTINUOUS
10
3.8217167716535432
20
-3.2068217716535434
11
3.8218948818897638
21
-3.2066437007874016
0
LINE
8
BLACK
6
CONTINUOUS
10
3.8218948818897638
20
-3.2066437007874016
11
3.8291566535433068
21
-3.2002755118110238
0
LINE
8
BLACK
6
CONTINUOUS
10
3.8291566535433068
20
-3.2002755118110238
11
3.8293557480314959
21
-3.2001227559055119
0
LINE
8
BLACK
6
CONTINUOUS
10
3.8293557480314959
20
-3.2001227559055119
11
3.8373872047244095
21
-3.1947564960629919
0
LINE
8
BLACK
6
CONTINUOUS
10
3.8373872047244095
20
-3.1947564960629919
11
3.8376049606299212
21
-3.1946308267716534
0
LINE
8
BLACK
6
CONTINUOUS
10
3.8376049606299212
20
-3.1946308267716534
11
3.8402564173228346
21
-3.1933233070866143
0
LINE
8
BLACK
6
CONTINUOUS
10
3.8402564173228346
20
-3.1933233070866143
11
3.8460894881889764
21
-3.1904468897637797
0
LINE
8
BLACK
6
CONTINUOUS
10
3.8460894881889764
20
-3.1904468897637797
11
3.846089960629921
21
-3.1904466535433071
0
LINE
8
BLACK
6
CONTINUOUS
10
3.846089960629921
20
-3.1904466535433071
11
3.8462670472440945
21
-3.19035937007874
0
LINE
8
BLACK
6
CONTINUOUS
10
3.8462670472440945
20
-3.19035937007874
11
3.8465000787401573
21
-3.1902628346456692
0
LINE
8
BLACK
6
CONTINUOUS
10
3.8465000787401573
20
-3.1902628346456692
11
3.8465065748031497
21
-3.1902606299212599
0
LINE
8
BLACK
6
CONTINUOUS
10
3.8465065748031497
20
-3.1902606299212599
11
3.8466875590551179
21
-3.1901991732283466
0
LINE
8
BLACK
6
CONTINUOUS
10
3.8466875590551179
20
-3.1901991732283466
11
3.846687716535433
21
-3.1901991338582678
0
LINE
8
BLACK
6
CONTINUOUS
10
3.846687716535433
20
-3.1901991338582678
11
3.8493537007874017
21
-3.1892941732283462
0
LINE
8
BLACK
6
CONTINUOUS
10
3.8493537007874017
20
-3.1892941732283462
11
3.8556459448818896
21
-3.1871583464566928
0
LINE
8
BLACK
6
CONTINUOUS
10
3.8556459448818896
20
-3.1871583464566928
11
3.8558887007874016
21
-3.1870933070866143
0
LINE
8
BLACK
6
CONTINUOUS
10
3.8558887007874016
20
-3.1870933070866143
11
3.8560836614173226
21
-3.1870545275590549
0
LINE
8
BLACK
6
CONTINUOUS
10
3.8560836614173226
20
-3.1870545275590549
11
3.8560838188976376
21
-3.1870544881889762
0
LINE
8
BLACK
6
CONTINUOUS
10
3.8560838188976376
20
-3.1870544881889762
11
3.8651666535433069
21
-3.1852479527559052
0
LINE
8
BLACK
6
CONTINUOUS
10
3.8651666535433069
20
-3.1852479527559052
11
3.8651668110236219
21
-3.1852479133858269
0
LINE
8
BLACK
6
CONTINUOUS
10
3.8651668110236219
20
-3.1852479133858269
11
3.8653620866141734
21
-3.1852090944881888
0
LINE
8
BLACK
6
CONTINUOUS
10
3.8653620866141734
20
-3.1852090944881888
11
3.8656114566929132
21
-3.1851762992125985
0
LINE
8
BLACK
6
CONTINUOUS
10
3.8656114566929132
20
-3.1851762992125985
11
3.8732125984251966
21
-3.184678188976378
0
LINE
8
BLACK
6
CONTINUOUS
10
3.8732125984251966
20
-3.184678188976378
11
3.8745851968503935
21
-3.1845882283464566
0
LINE
8
BLACK
6
CONTINUOUS
10
3.8745851968503935
20
-3.1845882283464566
11
3.8752572834645669
21
-3.1845442125984249
0
LINE
8
BLACK
6
CONTINUOUS
10
3.8752572834645669
20
-3.1845442125984249
11
3.8752574803149606
21
-3.1845441732283466
0
LINE
8
BLACK
6
CONTINUOUS
10
3.8752574803149606
20
-3.1845441732283466
11
3.8753565354330708
21
-3.1845377165354329
0
LINE
8
BLACK
6
CONTINUOUS
10
3.8753565354330708
20
-3.1845377165354329
11
3.8754826771653543
21
-3.1845335826771652
0
LINE
8
BLACK
6
CONTINUOUS
10
3.8754826771653543
20
-3.1845335826771652
11
3.8763408267716533
21
-3.1845335826771652
0
LINE
8
BLACK
6
CONTINUOUS
10
3.8763408267716533
20
-3.1845335826771652
11
7.04854031496063
21
-3.1845335826771652
0
LINE
8
BLACK
6
CONTINUOUS
10
5.9418154330708663
20
-4.5709315748031498
11
5.9400288582677163
21
-4.5668853543307089
0
LINE
8
BLACK
6
CONTINUOUS
10
5.9400288582677163
20
-4.5668853543307089
11
5.9400288582677163
21
-4.5668853149606301
0
LINE
8
BLACK
6
CONTINUOUS
10
5.9400288582677163
20
-4.5668853149606301
11
5.9369013385826772
21
-4.5637577952755901
0
LINE
8
BLACK
6
CONTINUOUS
10
5.9369013385826772
20
-4.5637577952755901
11
5.9369012598425197
21
-4.5637577559055114
0
LINE
8
BLACK
6
CONTINUOUS
10
5.9369012598425197
20
-4.5637577559055114
11
5.9328549606299212
21
-4.5619711417322835
0
LINE
8
BLACK
6
CONTINUOUS
10
5.9328549606299212
20
-4.5619711417322835
11
5.932855
21
-4.5619711417322835
0
LINE
8
BLACK
6
CONTINUOUS
10
5.932855
20
-4.5619711417322835
11
5.9318659448818893
21
-4.5618564173228346
0
LINE
8
BLACK
6
CONTINUOUS
10
5.9318659448818893
20
-4.5618564173228346
11
5.8683333464566925
21
-4.5618564173228346
0
LINE
8
BLACK
6
CONTINUOUS
10
5.8683333464566925
20
-4.5618564173228346
11
5.8683330708661412
21
-4.5618564566929134
0
LINE
8
BLACK
6
CONTINUOUS
10
5.8683330708661412
20
-4.5618564566929134
11
5.8673439370078739
21
-4.5619711417322835
0
LINE
8
BLACK
6
CONTINUOUS
10
5.8673439370078739
20
-4.5619711417322835
11
5.8673437795275589
21
-4.561971220472441
0
LINE
8
BLACK
6
CONTINUOUS
10
5.8673437795275589
20
-4.561971220472441
11
5.8632976771653542
21
-4.5637577165354326
0
LINE
8
BLACK
6
CONTINUOUS
10
5.8632976771653542
20
-4.5637577165354326
11
5.8601701574803151
21
-4.5668852362204726
0
LINE
8
BLACK
6
CONTINUOUS
10
5.8601701574803151
20
-4.5668852362204726
11
5.8601701181102364
21
-4.5668853149606301
0
LINE
8
BLACK
6
CONTINUOUS
10
5.8601701181102364
20
-4.5668853149606301
11
5.8583835039370076
21
-4.5709315748031498
0
LINE
8
BLACK
6
CONTINUOUS
10
5.8583835039370076
20
-4.5709315748031498
11
5.8582687795275588
21
-4.5719205511811021
0
LINE
8
BLACK
6
CONTINUOUS
10
5.8582687795275588
20
-4.5719205511811021
11
5.8582687795275588
21
-4.6354532283464565
0
LINE
8
BLACK
6
CONTINUOUS
10
5.8582687795275588
20
-4.6354532283464565
11
5.8582688188976375
21
-4.6354535039370077
0
LINE
8
BLACK
6
CONTINUOUS
10
5.8582688188976375
20
-4.6354535039370077
11
5.8583835039370076
21
-4.6364426377952759
0
LINE
8
BLACK
6
CONTINUOUS
10
5.8583835039370076
20
-4.6364426377952759
11
5.8583835826771651
21
-4.6364427952755909
0
LINE
8
BLACK
6
CONTINUOUS
10
5.8583835826771651
20
-4.6364427952755909
11
5.8601700787401576
21
-4.6404888976377956
0
LINE
8
BLACK
6
CONTINUOUS
10
5.8601700787401576
20
-4.6404888976377956
11
5.8632975984251967
21
-4.6436164173228347
0
LINE
8
BLACK
6
CONTINUOUS
10
5.8632975984251967
20
-4.6436164173228347
11
5.8632976771653542
21
-4.6436164566929135
0
LINE
8
BLACK
6
CONTINUOUS
10
5.8632976771653542
20
-4.6436164566929135
11
5.863297716535433
21
-4.6436164960629922
0
LINE
8
BLACK
6
CONTINUOUS
10
5.863297716535433
20
-4.6436164960629922
11
5.8673439370078739
21
-4.6454030708661413
0
LINE
8
BLACK
6
CONTINUOUS
10
5.8673439370078739
20
-4.6454030708661413
11
5.8683331496062987
21
-4.6455178346456689
0
LINE
8
BLACK
6
CONTINUOUS
10
5.8683331496062987
20
-4.6455178346456689
11
5.9318657874015743
21
-4.6455177952755902
0
LINE
8
BLACK
6
CONTINUOUS
10
5.9318657874015743
20
-4.6455177952755902
11
5.9328550393700787
21
-4.6454030708661413
0
LINE
8
BLACK
6
CONTINUOUS
10
5.9328550393700787
20
-4.6454030708661413
11
5.9369012598425197
21
-4.6436164960629922
0
LINE
8
BLACK
6
CONTINUOUS
10
5.9369012598425197
20
-4.6436164960629922
11
5.9400288582677163
21
-4.6404888976377956
0
LINE
8
BLACK
6
CONTINUOUS
10
5.9400288582677163
20
-4.6404888976377956
11
5.9418154330708663
21
-4.6364426771653546
0
LINE
8
BLACK
6
CONTINUOUS
10
5.9418154330708663
20
-4.6364426771653546
11
5.9419301968503939
21
-4.635453464566929
0
LINE
8
BLACK
6
CONTINUOUS
10
5.9419301968503939
20
-4.635453464566929
11
5.9419301574803152
21
-4.5719208267716533
0
LINE
8
BLACK
6
CONTINUOUS
10
5.9419301574803152
20
-4.5719208267716533
11
5.9419301181102364
21
-4.5719205511811021
0
LINE
8
BLACK
6
CONTINUOUS
10
5.9419301181102364
20
-4.5719205511811021
11
5.9418154330708663
21
-4.5709315748031498
0
LINE
8
BLACK
6
CONTINUOUS
10
6.2100994881889759
20
-4.573687125984252
11
6.2300994881889764
21
-4.573687125984252
0
LINE
8
BLACK
6
CONTINUOUS
10
6.2300994881889764
20
-4.573687125984252
11
6.2300994881889764
21
-4.6336871259842516
0
LINE
8
BLACK
6
CONTINUOUS
10
6.2300994881889764
20
-4.6336871259842516
11
6.2100994881889759
21
-4.6336871259842516
0
LINE
8
BLACK
6
CONTINUOUS
10
6.2100994881889759
20
-4.6336871259842516
11
6.2100994881889759
21
-4.6736871259842516
0
LINE
8
BLACK
6
CONTINUOUS
10
6.2100994881889759
20
-4.6736871259842516
11
6.2300994881889764
21
-4.6736871259842516
0
LINE
8
BLACK
6
CONTINUOUS
10
6.2300994881889764
20
-4.6736871259842516
11
6.2300994881889764
21
-4.7336871259842521
0
LINE
8
BLACK
6
CONTINUOUS
10
6.2300994881889764
20
-4.7336871259842521
11
6.2100994881889759
21
-4.7336871259842521
0
LINE
8
BLACK
6
CONTINUOUS
10
6.2100994881889759
20
-4.7336871259842521
11
6.2100994881889759
21
-4.7536871259842517
0
LINE
8
BLACK
6
CONTINUOUS
10
6.2100994881889759
20
-4.7536871259842517
11
6.2320122834645666
21
-4.7536871259842517
0
LINE
8
BLACK
6
CONTINUOUS
10
6.2320122834645666
20
-4.7536871259842517
11
6.2320127559055116
21
-4.7536870866141729
0
LINE
8
BLACK
6
CONTINUOUS
10
6.2320127559055116
20
-4.7536870866141729
11
6.2343944881889763
21
-4.7534309842519686
0
LINE
8
BLACK
6
CONTINUOUS
10
6.2343944881889763
20
-4.7534309842519686
11
6.2397831102362202
21
-4.7514211417322834
0
LINE
8
BLACK
6
CONTINUOUS
10
6.2397831102362202
20
-4.7514211417322834
11
6.239783149606299
21
-4.7514211417322834
0
LINE
8
BLACK
6
CONTINUOUS
10
6.239783149606299
20
-4.7514211417322834
11
6.2443870472440945
21
-4.7479746850393703
0
LINE
8
BLACK
6
CONTINUOUS
10
6.2443870472440945
20
-4.7479746850393703
11
6.2478335039370076
21
-4.7433707874015747
0
LINE
8
BLACK
6
CONTINUOUS
10
6.2478335039370076
20
-4.7433707874015747
11
6.2498043307086615
21
-4.7380867322834641
0
LINE
8
BLACK
6
CONTINUOUS
10
6.2498043307086615
20
-4.7380867322834641
11
6.2514793700787399
21
-4.7358490944881888
0
LINE
8
BLACK
6
CONTINUOUS
10
6.2514793700787399
20
-4.7358490944881888
11
6.2540983070866139
21
-4.7348722834645667
0
LINE
8
BLACK
6
CONTINUOUS
10
6.2540983070866139
20
-4.7348722834645667
11
6.2568295669291336
21
-4.7354664173228347
0
LINE
8
BLACK
6
CONTINUOUS
10
6.2568295669291336
20
-4.7354664173228347
11
6.2588060236220473
21
-4.7374428740157475
0
LINE
8
BLACK
6
CONTINUOUS
10
6.2588060236220473
20
-4.7374428740157475
11
6.2589901574803148
21
-4.7378165748031495
0
LINE
8
BLACK
6
CONTINUOUS
10
6.2589901574803148
20
-4.7378165748031495
11
6.2601700787401571
21
-4.7404888976377952
0
LINE
8
BLACK
6
CONTINUOUS
10
6.2601700787401571
20
-4.7404888976377952
11
6.2632975984251971
21
-4.7436164173228343
0
LINE
8
BLACK
6
CONTINUOUS
10
6.2632975984251971
20
-4.7436164173228343
11
6.2632976771653546
21
-4.7436164566929131
0
LINE
8
BLACK
6
CONTINUOUS
10
6.2632976771653546
20
-4.7436164566929131
11
6.2632977165354333
21
-4.7436164960629918
0
LINE
8
BLACK
6
CONTINUOUS
10
6.2632977165354333
20
-4.7436164960629918
11
6.2673439370078743
21
-4.7454030708661419
0
LINE
8
BLACK
6
CONTINUOUS
10
6.2673439370078743
20
-4.7454030708661419
11
6.2683331496062991
21
-4.7455178346456695
0
LINE
8
BLACK
6
CONTINUOUS
10
6.2683331496062991
20
-4.7455178346456695
11
6.3318657874015747
21
-4.7455177952755907
0
LINE
8
BLACK
6
CONTINUOUS
10
6.3318657874015747
20
-4.7455177952755907
11
6.3328550393700782
21
-4.7454030708661419
0
LINE
8
BLACK
6
CONTINUOUS
10
6.3328550393700782
20
-4.7454030708661419
11
6.3369012598425192
21
-4.7436164960629918
0
LINE
8
BLACK
6
CONTINUOUS
10
6.3369012598425192
20
-4.7436164960629918
11
6.3400288582677167
21
-4.7404888976377952
0
LINE
8
BLACK
6
CONTINUOUS
10
6.3400288582677167
20
-4.7404888976377952
11
6.3418154330708658
21
-4.7364426771653543
0
LINE
8
BLACK
6
CONTINUOUS
10
6.3418154330708658
20
-4.7364426771653543
11
6.3419301968503934
21
-4.7354534645669286
0
LINE
8
BLACK
6
CONTINUOUS
10
6.3419301968503934
20
-4.7354534645669286
11
6.3419301574803146
21
-4.6719208267716539
0
LINE
8
BLACK
6
CONTINUOUS
10
6.3419301574803146
20
-4.6719208267716539
11
6.3419301181102359
21
-4.6719205511811026
0
LINE
8
BLACK
6
CONTINUOUS
10
6.3419301181102359
20
-4.6719205511811026
11
6.3418154330708658
21
-4.6709315748031495
0
LINE
8
BLACK
6
CONTINUOUS
10
6.3418154330708658
20
-4.6709315748031495
11
6.3400288582677167
21
-4.6668853543307085
0
LINE
8
BLACK
6
CONTINUOUS
10
6.3400288582677167
20
-4.6668853543307085
11
6.3400288582677167
21
-4.6668853149606297
0
LINE
8
BLACK
6
CONTINUOUS
10
6.3400288582677167
20
-4.6668853149606297
11
6.3369013385826767
21
-4.6637577952755906
0
LINE
8
BLACK
6
CONTINUOUS
10
6.3369013385826767
20
-4.6637577952755906
11
6.3369012598425192
21
-4.6637577559055119
0
LINE
8
BLACK
6
CONTINUOUS
10
6.3369012598425192
20
-4.6637577559055119
11
6.3328549606299207
21
-4.6619711417322831
0
LINE
8
BLACK
6
CONTINUOUS
10
6.3328549606299207
20
-4.6619711417322831
11
6.3328549999999995
21
-4.6619711417322831
0
LINE
8
BLACK
6
CONTINUOUS
10
6.3328549999999995
20
-4.6619711417322831
11
6.3318659448818897
21
-4.6618564173228343
0
LINE
8
BLACK
6
CONTINUOUS
10
6.3318659448818897
20
-4.6618564173228343
11
6.2683333464566928
21
-4.6618564173228343
0
LINE
8
BLACK
6
CONTINUOUS
10
6.2683333464566928
20
-4.6618564173228343
11
6.2683330708661416
21
-4.661856456692913
0
LINE
8
BLACK
6
CONTINUOUS
10
6.2683330708661416
20
-4.661856456692913
11
6.2673439370078743
21
-4.6619711417322831
0
LINE
8
BLACK
6
CONTINUOUS
10
6.2673439370078743
20
-4.6619711417322831
11
6.2673437795275593
21
-4.6619712204724406
0
LINE
8
BLACK
6
CONTINUOUS
10
6.2673437795275593
20
-4.6619712204724406
11
6.2632976771653546
21
-4.6637577165354331
0
LINE
8
BLACK
6
CONTINUOUS
10
6.2632976771653546
20
-4.6637577165354331
11
6.2601701181102358
21
-4.666885275590551
0
LINE
8
BLACK
6
CONTINUOUS
10
6.2601701181102358
20
-4.666885275590551
11
6.2589901574803148
21
-4.6695576771653542
0
LINE
8
BLACK
6
CONTINUOUS
10
6.2589901574803148
20
-4.6695576771653542
11
6.2571864566929136
21
-4.6716929921259842
0
LINE
8
BLACK
6
CONTINUOUS
10
6.2571864566929136
20
-4.6716929921259842
11
6.2545146850393696
21
-4.6725141732283459
0
LINE
8
BLACK
6
CONTINUOUS
10
6.2545146850393696
20
-4.6725141732283459
11
6.2518230314960626
21
-4.6717605118110237
0
LINE
8
BLACK
6
CONTINUOUS
10
6.2518230314960626
20
-4.6717605118110237
11
6.2499661811023621
21
-4.6696712992125979
0
LINE
8
BLACK
6
CONTINUOUS
10
6.2499661811023621
20
-4.6696712992125979
11
6.2498043307086615
21
-4.6692874803149609
0
LINE
8
BLACK
6
CONTINUOUS
10
6.2498043307086615
20
-4.6692874803149609
11
6.2478335039370076
21
-4.6640034251968503
0
LINE
8
BLACK
6
CONTINUOUS
10
6.2478335039370076
20
-4.6640034251968503
11
6.2443870472440945
21
-4.6593995275590547
0
LINE
8
BLACK
6
CONTINUOUS
10
6.2443870472440945
20
-4.6593995275590547
11
6.2420610236220471
21
-4.6576583070866144
0
LINE
8
BLACK
6
CONTINUOUS
10
6.2420610236220471
20
-4.6576583070866144
11
6.2403859448818899
21
-4.6554206692913382
0
LINE
8
BLACK
6
CONTINUOUS
10
6.2403859448818899
20
-4.6554206692913382
11
6.2401865748031495
21
-4.6526326771653546
0
LINE
8
BLACK
6
CONTINUOUS
10
6.2401865748031495
20
-4.6526326771653546
11
6.2415261417322832
21
-4.6501794094488185
0
LINE
8
BLACK
6
CONTINUOUS
10
6.2415261417322832
20
-4.6501794094488185
11
6.2420610236220471
21
-4.6497159448818897
0
LINE
8
BLACK
6
CONTINUOUS
10
6.2420610236220471
20
-4.6497159448818897
11
6.2443870472440945
21
-4.6479746850393697
0
LINE
8
BLACK
6
CONTINUOUS
10
6.2443870472440945
20
-4.6479746850393697
11
6.2478335039370076
21
-4.6433707874015751
0
LINE
8
BLACK
6
CONTINUOUS
10
6.2478335039370076
20
-4.6433707874015751
11
6.2498043307086615
21
-4.6380867322834645
0
LINE
8
BLACK
6
CONTINUOUS
10
6.2498043307086615
20
-4.6380867322834645
11
6.2514793700787399
21
-4.6358490944881892
0
LINE
8
BLACK
6
CONTINUOUS
10
6.2514793700787399
20
-4.6358490944881892
11
6.2540983070866139
21
-4.634872283464567
0
LINE
8
BLACK
6
CONTINUOUS
10
6.2540983070866139
20
-4.634872283464567
11
6.2568295669291336
21
-4.6354664173228342
0
LINE
8
BLACK
6
CONTINUOUS
10
6.2568295669291336
20
-4.6354664173228342
11
6.2588060236220473
21
-4.6374428740157478
0
LINE
8
BLACK
6
CONTINUOUS
10
6.2588060236220473
20
-4.6374428740157478
11
6.2589901574803148
21
-4.6378165748031499
0
LINE
8
BLACK
6
CONTINUOUS
10
6.2589901574803148
20
-4.6378165748031499
11
6.2601700787401571
21
-4.6404888976377956
0
LINE
8
BLACK
6
CONTINUOUS
10
6.2601700787401571
20
-4.6404888976377956
11
6.2632975984251971
21
-4.6436164173228347
0
LINE
8
BLACK
6
CONTINUOUS
10
6.2632975984251971
20
-4.6436164173228347
11
6.2632976771653546
21
-4.6436164566929135
0
LINE
8
BLACK
6
CONTINUOUS
10
6.2632976771653546
20
-4.6436164566929135
11
6.2632977165354333
21
-4.6436164960629922
0
LINE
8
BLACK
6
CONTINUOUS
10
6.2632977165354333
20
-4.6436164960629922
11
6.2673439370078743
21
-4.6454030708661413
0
LINE
8
BLACK
6
CONTINUOUS
10
6.2673439370078743
20
-4.6454030708661413
11
6.2683331496062991
21
-4.6455178346456689
0
LINE
8
BLACK
6
CONTINUOUS
10
6.2683331496062991
20
-4.6455178346456689
11
6.3318657874015747
21
-4.6455177952755902
0
LINE
8
BLACK
6
CONTINUOUS
10
6.3318657874015747
20
-4.6455177952755902
11
6.3328550393700782
21
-4.6454030708661413
0
LINE
8
BLACK
6
CONTINUOUS
10
6.3328550393700782
20
-4.6454030708661413
11
6.3369012598425192
21
-4.6436164960629922
0
LINE
8
BLACK
6
CONTINUOUS
10
6.3369012598425192
20
-4.6436164960629922
11
6.3400288582677167
21
-4.6404888976377956
0
LINE
8
BLACK
6
CONTINUOUS
10
6.3400288582677167
20
-4.6404888976377956
11
6.3418154330708658
21
-4.6364426771653546
0
LINE
8
BLACK
6
CONTINUOUS
10
6.3418154330708658
20
-4.6364426771653546
11
6.3419301968503934
21
-4.635453464566929
0
LINE
8
BLACK
6
CONTINUOUS
10
6.3419301968503934
20
-4.635453464566929
11
6.3419301574803146
21
-4.5719208267716533
0
LINE
8
BLACK
6
CONTINUOUS
10
6.3419301574803146
20
-4.5719208267716533
11
6.3419301181102359
21
-4.5719205511811021
0
LINE
8
BLACK
6
CONTINUOUS
10
6.3419301181102359
20
-4.5719205511811021
11
6.3418154330708658
21
-4.5709315748031498
0
LINE
8
BLACK
6
CONTINUOUS
10
6.3418154330708658
20
-4.5709315748031498
11
6.3400288582677167
21
-4.5668853543307089
0
LINE
8
BLACK
6
CONTINUOUS
10
6.3400288582677167
20
-4.5668853543307089
11
6.3400288582677167
21
-4.5668853149606301
0
LINE
8
BLACK
6
CONTINUOUS
10
6.3400288582677167
20
-4.5668853149606301
11
6.3369013385826767
21
-4.5637577952755901
0
LINE
8
BLACK
6
CONTINUOUS
10
6.3369013385826767
20
-4.5637577952755901
11
6.3369012598425192
21
-4.5637577559055114
0
LINE
8
BLACK
6
CONTINUOUS
10
6.3369012598425192
20
-4.5637577559055114
11
6.3328549606299207
21
-4.5619711417322835
0
LINE
8
BLACK
6
CONTINUOUS
10
6.3328549606299207
20
-4.5619711417322835
11
6.3328549999999995
21
-4.5619711417322835
0
LINE
8
BLACK
6
CONTINUOUS
10
6.3328549999999995
20
-4.5619711417322835
11
6.3318659448818897
21
-4.5618564173228346
0
LINE
8
BLACK
6
CONTINUOUS
10
6.3318659448818897
20
-4.5618564173228346
11
6.2683333464566928
21
-4.5618564173228346
0
LINE
8
BLACK
6
CONTINUOUS
10
6.2683333464566928
20
-4.5618564173228346
11
6.2683330708661416
21
-4.5618564566929134
0
LINE
8
BLACK
6
CONTINUOUS
10
6.2683330708661416
20
-4.5618564566929134
11
6.2673439370078743
21
-4.5619711417322835
0
LINE
8
BLACK
6
CONTINUOUS
10
6.2673439370078743
20
-4.5619711417322835
11
6.2673437795275593
21
-4.561971220472441
0
LINE
8
BLACK
6
CONTINUOUS
10
6.2673437795275593
20
-4.561971220472441
11
6.2632976771653546
21
-4.5637577165354326
0
LINE
8
BLACK
6
CONTINUOUS
10
6.2632976771653546
20
-4.5637577165354326
11
6.2601701181102358
21
-4.5668852755905514
0
LINE
8
BLACK
6
CONTINUOUS
10
6.2601701181102358
20
-4.5668852755905514
11
6.2589901574803148
21
-4.5695576771653545
0
LINE
8
BLACK
6
CONTINUOUS
10
6.2589901574803148
20
-4.5695576771653545
11
6.2571864566929136
21
-4.5716929921259846
0
LINE
8
BLACK
6
CONTINUOUS
10
6.2571864566929136
20
-4.5716929921259846
11
6.2545146850393696
21
-4.5725141732283463
0
LINE
8
BLACK
6
CONTINUOUS
10
6.2545146850393696
20
-4.5725141732283463
11
6.2518230314960626
21
-4.5717605118110232
0
LINE
8
BLACK
6
CONTINUOUS
10
6.2518230314960626
20
-4.5717605118110232
11
6.2499661811023621
21
-4.5696712992125983
0
LINE
8
BLACK
6
CONTINUOUS
10
6.2499661811023621
20
-4.5696712992125983
11
6.2498043307086615
21
-4.5692874803149603
0
LINE
8
BLACK
6
CONTINUOUS
10
6.2498043307086615
20
-4.5692874803149603
11
6.2478335039370076
21
-4.5640034251968506
0
LINE
8
BLACK
6
CONTINUOUS
10
6.2478335039370076
20
-4.5640034251968506
11
6.2443870472440945
21
-4.5593995275590551
0
LINE
8
BLACK
6
CONTINUOUS
10
6.2443870472440945
20
-4.5593995275590551
11
6.239783149606299
21
-4.555953070866142
0
LINE
8
BLACK
6
CONTINUOUS
10
6.239783149606299
20
-4.555953070866142
11
6.2343944881889763
21
-4.5539432283464567
0
LINE
8
BLACK
6
CONTINUOUS
10
6.2343944881889763
20
-4.5539432283464567
11
6.2320127559055116
21
-4.5536871259842515
0
LINE
8
BLACK
6
CONTINUOUS
10
6.2320127559055116
20
-4.5536871259842515
11
6.2100994881889759
21
-4.5536871259842515
0
LINE
8
BLACK
6
CONTINUOUS
10
6.2100994881889759
20
-4.5536871259842515
11
6.2100994881889759
21
-4.573687125984252
0
LINE
8
BLACK
6
CONTINUOUS
10
5.8683330708661412
20
-4.661856456692913
11
5.8673439370078739
21
-4.6619711417322831
0
LINE
8
BLACK
6
CONTINUOUS
10
5.8673439370078739
20
-4.6619711417322831
11
5.8673437795275589
21
-4.6619712204724406
0
LINE
8
BLACK
6
CONTINUOUS
10
5.8673437795275589
20
-4.6619712204724406
11
5.8632976771653542
21
-4.6637577165354331
0
LINE
8
BLACK
6
CONTINUOUS
10
5.8632976771653542
20
-4.6637577165354331
11
5.8601701574803151
21
-4.6668852362204722
0
LINE
8
BLACK
6
CONTINUOUS
10
5.8601701574803151
20
-4.6668852362204722
11
5.8601701181102364
21
-4.6668853149606297
0
LINE
8
BLACK
6
CONTINUOUS
10
5.8601701181102364
20
-4.6668853149606297
11
5.8583835039370076
21
-4.6709315748031495
0
LINE
8
BLACK
6
CONTINUOUS
10
5.8583835039370076
20
-4.6709315748031495
11
5.8582687795275588
21
-4.6719205511811026
0
LINE
8
BLACK
6
CONTINUOUS
10
5.8582687795275588
20
-4.6719205511811026
11
5.8582687795275588
21
-4.735453228346457
0
LINE
8
BLACK
6
CONTINUOUS
10
5.8582687795275588
20
-4.735453228346457
11
5.8582688188976375
21
-4.7354535039370074
0
LINE
8
BLACK
6
CONTINUOUS
10
5.8582688188976375
20
-4.7354535039370074
11
5.8583835039370076
21
-4.7364426377952755
0
LINE
8
BLACK
6
CONTINUOUS
10
5.8583835039370076
20
-4.7364426377952755
11
5.8583835826771651
21
-4.7364427952755905
0
LINE
8
BLACK
6
CONTINUOUS
10
5.8583835826771651
20
-4.7364427952755905
11
5.8601700787401576
21
-4.7404888976377952
0
LINE
8
BLACK
6
CONTINUOUS
10
5.8601700787401576
20
-4.7404888976377952
11
5.8632975984251967
21
-4.7436164173228343
0
LINE
8
BLACK
6
CONTINUOUS
10
5.8632975984251967
20
-4.7436164173228343
11
5.8632976771653542
21
-4.7436164566929131
0
LINE
8
BLACK
6
CONTINUOUS
10
5.8632976771653542
20
-4.7436164566929131
11
5.863297716535433
21
-4.7436164960629918
0
LINE
8
BLACK
6
CONTINUOUS
10
5.863297716535433
20
-4.7436164960629918
11
5.8673439370078739
21
-4.7454030708661419
0
LINE
8
BLACK
6
CONTINUOUS
10
5.8673439370078739
20
-4.7454030708661419
11
5.8683331496062987
21
-4.7455178346456695
0
LINE
8
BLACK
6
CONTINUOUS
10
5.8683331496062987
20
-4.7455178346456695
11
5.9318657874015743
21
-4.7455177952755907
0
LINE
8
BLACK
6
CONTINUOUS
10
5.9318657874015743
20
-4.7455177952755907
11
5.9328550393700787
21
-4.7454030708661419
0
LINE
8
BLACK
6
CONTINUOUS
10
5.9328550393700787
20
-4.7454030708661419
11
5.9369012598425197
21
-4.7436164960629918
0
LINE
8
BLACK
6
CONTINUOUS
10
5.9369012598425197
20
-4.7436164960629918
11
5.9400288582677163
21
-4.7404888976377952
0
LINE
8
BLACK
6
CONTINUOUS
10
5.9400288582677163
20
-4.7404888976377952
11
5.9418154330708663
21
-4.7364426771653543
0
LINE
8
BLACK
6
CONTINUOUS
10
5.9418154330708663
20
-4.7364426771653543
11
5.9419301968503939
21
-4.7354534645669286
0
LINE
8
BLACK
6
CONTINUOUS
10
5.9419301968503939
20
-4.7354534645669286
11
5.9419301574803152
21
-4.6719208267716539
0
LINE
8
BLACK
6
CONTINUOUS
10
5.9419301574803152
20
-4.6719208267716539
11
5.9419301181102364
21
-4.6719205511811026
0
LINE
8
BLACK
6
CONTINUOUS
10
5.9419301181102364
20
-4.6719205511811026
11
5.9418154330708663
21
-4.6709315748031495
0
LINE
8
BLACK
6
CONTINUOUS
10
5.9418154330708663
20
-4.6709315748031495
11
5.9400288582677163
21
-4.6668853543307085
0
LINE
8
BLACK
6
CONTINUOUS
10
5.9400288582677163
20
-4.6668853543307085
11
5.9400288582677163
21
-4.6668853149606297
0
LINE
8
BLACK
6
CONTINUOUS
10
5.9400288582677163
20
-4.6668853149606297
11
5.9369013385826772
21
-4.6637577952755906
0
LINE
8
BLACK
6
CONTINUOUS
10
5.9369013385826772
20
-4.6637577952755906
11
5.9369012598425197
21
-4.6637577559055119
0
LINE
8
BLACK
6
CONTINUOUS
10
5.9369012598425197
20
-4.6637577559055119
11
5.9328549606299212
21
-4.6619711417322831
0
LINE
8
BLACK
6
CONTINUOUS
10
5.9328549606299212
20
-4.6619711417322831
11
5.932855
21
-4.6619711417322831
0
LINE
8
BLACK
6
CONTINUOUS
10
5.932855
20
-4.6619711417322831
11
5.9318659448818893
21
-4.6618564173228343
0
LINE
8
BLACK
6
CONTINUOUS
10
5.9318659448818893
20
-4.6618564173228343
11
5.8683333464566925
21
-4.6618564173228343
0
LINE
8
BLACK
6
CONTINUOUS
10
5.8683333464566925
20
-4.6618564173228343
11
5.8683330708661412
21
-4.661856456692913
0
LINE
8
BLACK
6
CONTINUOUS
10
5.9582687795275593
20
-4.735453228346457
11
5.958268818897638
21
-4.7354535039370074
0
LINE
8
BLACK
6
CONTINUOUS
10
5.958268818897638
20
-4.7354535039370074
11
5.9583835039370081
21
-4.7364426377952755
0
LINE
8
BLACK
6
CONTINUOUS
10
5.9583835039370081
20
-4.7364426377952755
11
5.9583835826771656
21
-4.7364427952755905
0
LINE
8
BLACK
6
CONTINUOUS
10
5.9583835826771656
20
-4.7364427952755905
11
5.9601700787401573
21
-4.7404888976377952
0
LINE
8
BLACK
6
CONTINUOUS
10
5.9601700787401573
20
-4.7404888976377952
11
5.9632975984251964
21
-4.7436164173228343
0
LINE
8
BLACK
6
CONTINUOUS
10
5.9632975984251964
20
-4.7436164173228343
11
5.9632976771653539
21
-4.7436164566929131
0
LINE
8
BLACK
6
CONTINUOUS
10
5.9632976771653539
20
-4.7436164566929131
11
5.9632977165354326
21
-4.7436164960629918
0
LINE
8
BLACK
6
CONTINUOUS
10
5.9632977165354326
20
-4.7436164960629918
11
5.9673439370078736
21
-4.7454030708661419
0
LINE
8
BLACK
6
CONTINUOUS
10
5.9673439370078736
20
-4.7454030708661419
11
5.9683331496062992
21
-4.7455178346456695
0
LINE
8
BLACK
6
CONTINUOUS
10
5.9683331496062992
20
-4.7455178346456695
11
6.0318657874015749
21
-4.7455177952755907
0
LINE
8
BLACK
6
CONTINUOUS
10
6.0318657874015749
20
-4.7455177952755907
11
6.0328550393700784
21
-4.7454030708661419
0
LINE
8
BLACK
6
CONTINUOUS
10
6.0328550393700784
20
-4.7454030708661419
11
6.0369012598425194
21
-4.7436164960629918
0
LINE
8
BLACK
6
CONTINUOUS
10
6.0369012598425194
20
-4.7436164960629918
11
6.040028858267716
21
-4.7404888976377952
0
LINE
8
BLACK
6
CONTINUOUS
10
6.040028858267716
20
-4.7404888976377952
11
6.041815433070866
21
-4.7364426771653543
0
LINE
8
BLACK
6
CONTINUOUS
10
6.041815433070866
20
-4.7364426771653543
11
6.0419301968503936
21
-4.7354534645669286
0
LINE
8
BLACK
6
CONTINUOUS
10
6.0419301968503936
20
-4.7354534645669286
11
6.0419301574803148
21
-4.6719208267716539
0
LINE
8
BLACK
6
CONTINUOUS
10
6.0419301574803148
20
-4.6719208267716539
11
6.041815433070866
21
-4.6709315748031495
0
LINE
8
BLACK
6
CONTINUOUS
10
6.041815433070866
20
-4.6709315748031495
11
6.040028858267716
21
-4.6668853543307085
0
LINE
8
BLACK
6
CONTINUOUS
10
6.040028858267716
20
-4.6668853543307085
11
6.040028858267716
21
-4.6668853149606297
0
LINE
8
BLACK
6
CONTINUOUS
10
6.040028858267716
20
-4.6668853149606297
11
6.0369013385826769
21
-4.6637577952755906
0
LINE
8
BLACK
6
CONTINUOUS
10
6.0369013385826769
20
-4.6637577952755906
11
6.0369012598425194
21
-4.6637577559055119
0
LINE
8
BLACK
6
CONTINUOUS
10
6.0369012598425194
20
-4.6637577559055119
11
6.0328549606299209
21
-4.6619711417322831
0
LINE
8
BLACK
6
CONTINUOUS
10
6.0328549606299209
20
-4.6619711417322831
11
6.0328549999999996
21
-4.6619711417322831
0
LINE
8
BLACK
6
CONTINUOUS
10
6.0328549999999996
20
-4.6619711417322831
11
6.0318659448818899
21
-4.6618564173228343
0
LINE
8
BLACK
6
CONTINUOUS
10
6.0318659448818899
20
-4.6618564173228343
11
5.968333346456693
21
-4.6618564173228343
0
LINE
8
BLACK
6
CONTINUOUS
10
5.968333346456693
20
-4.6618564173228343
11
5.9683330708661417
21
-4.661856456692913
0
LINE
8
BLACK
6
CONTINUOUS
10
5.9683330708661417
20
-4.661856456692913
11
5.9673439370078736
21
-4.6619711417322831
0
LINE
8
BLACK
6
CONTINUOUS
10
5.9673439370078736
20
-4.6619711417322831
11
5.9673437795275586
21
-4.6619712204724406
0
LINE
8
BLACK
6
CONTINUOUS
10
5.9673437795275586
20
-4.6619712204724406
11
5.9632976771653539
21
-4.6637577165354331
0
LINE
8
BLACK
6
CONTINUOUS
10
5.9632976771653539
20
-4.6637577165354331
11
5.9601701574803148
21
-4.6668852362204722
0
LINE
8
BLACK
6
CONTINUOUS
10
5.9601701574803148
20
-4.6668852362204722
11
5.960170118110236
21
-4.6668853149606297
0
LINE
8
BLACK
6
CONTINUOUS
10
5.960170118110236
20
-4.6668853149606297
11
5.9583835039370081
21
-4.6709315748031495
0
LINE
8
BLACK
6
CONTINUOUS
10
5.9583835039370081
20
-4.6709315748031495
11
5.9582687795275593
21
-4.6719205511811026
0
LINE
8
BLACK
6
CONTINUOUS
10
5.9582687795275593
20
-4.6719205511811026
11
5.9582687795275593
21
-4.735453228346457
0
LINE
8
BLACK
6
CONTINUOUS
10
6.0582687795275589
20
-4.6354532283464565
11
6.0582688188976377
21
-4.6354535039370077
0
LINE
8
BLACK
6
CONTINUOUS
10
6.0582688188976377
20
-4.6354535039370077
11
6.0583835039370078
21
-4.6364426377952759
0
LINE
8
BLACK
6
CONTINUOUS
10
6.0583835039370078
20
-4.6364426377952759
11
6.0583835826771653
21
-4.6364427952755909
0
LINE
8
BLACK
6
CONTINUOUS
10
6.0583835826771653
20
-4.6364427952755909
11
6.0601700787401578
21
-4.6404888976377956
0
LINE
8
BLACK
6
CONTINUOUS
10
6.0601700787401578
20
-4.6404888976377956
11
6.0632975984251969
21
-4.6436164173228347
0
LINE
8
BLACK
6
CONTINUOUS
10
6.0632975984251969
20
-4.6436164173228347
11
6.0632976771653544
21
-4.6436164566929135
0
LINE
8
BLACK
6
CONTINUOUS
10
6.0632976771653544
20
-4.6436164566929135
11
6.0632977165354331
21
-4.6436164960629922
0
LINE
8
BLACK
6
CONTINUOUS
10
6.0632977165354331
20
-4.6436164960629922
11
6.0673439370078741
21
-4.6454030708661413
0
LINE
8
BLACK
6
CONTINUOUS
10
6.0673439370078741
20
-4.6454030708661413
11
6.0683331496062989
21
-4.6455178346456689
0
LINE
8
BLACK
6
CONTINUOUS
10
6.0683331496062989
20
-4.6455178346456689
11
6.1318657874015745
21
-4.6455177952755902
0
LINE
8
BLACK
6
CONTINUOUS
10
6.1318657874015745
20
-4.6455177952755902
11
6.1328550393700789
21
-4.6454030708661413
0
LINE
8
BLACK
6
CONTINUOUS
10
6.1328550393700789
20
-4.6454030708661413
11
6.1369012598425199
21
-4.6436164960629922
0
LINE
8
BLACK
6
CONTINUOUS
10
6.1369012598425199
20
-4.6436164960629922
11
6.1400288582677165
21
-4.6404888976377956
0
LINE
8
BLACK
6
CONTINUOUS
10
6.1400288582677165
20
-4.6404888976377956
11
6.1412087795275587
21
-4.6378165748031499
0
LINE
8
BLACK
6
CONTINUOUS
10
6.1412087795275587
20
-4.6378165748031499
11
6.1430124015748033
21
-4.6356812598425199
0
LINE
8
BLACK
6
CONTINUOUS
10
6.1430124015748033
20
-4.6356812598425199
11
6.1456841732283465
21
-4.6348600393700785
0
LINE
8
BLACK
6
CONTINUOUS
10
6.1456841732283465
20
-4.6348600393700785
11
6.1483758267716535
21
-4.6356136614173229
0
LINE
8
BLACK
6
CONTINUOUS
10
6.1483758267716535
20
-4.6356136614173229
11
6.1502327559055114
21
-4.637702834645669
0
LINE
8
BLACK
6
CONTINUOUS
10
6.1502327559055114
20
-4.637702834645669
11
6.1503946062992121
21
-4.6380866929133857
0
LINE
8
BLACK
6
CONTINUOUS
10
6.1503946062992121
20
-4.6380866929133857
11
6.1523654724409447
21
-4.6433708267716538
0
LINE
8
BLACK
6
CONTINUOUS
10
6.1523654724409447
20
-4.6433708267716538
11
6.1558118503937003
21
-4.6479746062992122
0
LINE
8
BLACK
6
CONTINUOUS
10
6.1558118503937003
20
-4.6479746062992122
11
6.1581379527559053
21
-4.6497159448818897
0
LINE
8
BLACK
6
CONTINUOUS
10
6.1581379527559053
20
-4.6497159448818897
11
6.1598129921259845
21
-4.6519536220472437
0
LINE
8
BLACK
6
CONTINUOUS
10
6.1598129921259845
20
-4.6519536220472437
11
6.160012362204724
21
-4.6547416141732283
0
LINE
8
BLACK
6
CONTINUOUS
10
6.160012362204724
20
-4.6547416141732283
11
6.1586727952755904
21
-4.6571948425196847
0
LINE
8
BLACK
6
CONTINUOUS
10
6.1586727952755904
20
-4.6571948425196847
11
6.1581379527559053
21
-4.6576583070866144
0
LINE
8
BLACK
6
CONTINUOUS
10
6.1581379527559053
20
-4.6576583070866144
11
6.1558118503937003
21
-4.6593996062992122
0
LINE
8
BLACK
6
CONTINUOUS
10
6.1558118503937003
20
-4.6593996062992122
11
6.1523654724409447
21
-4.6640033858267715
0
LINE
8
BLACK
6
CONTINUOUS
10
6.1523654724409447
20
-4.6640033858267715
11
6.1503946062992121
21
-4.6692875196850396
0
LINE
8
BLACK
6
CONTINUOUS
10
6.1503946062992121
20
-4.6692875196850396
11
6.1487195275590549
21
-4.6715251181102362
0
LINE
8
BLACK
6
CONTINUOUS
10
6.1487195275590549
20
-4.6715251181102362
11
6.146100590551181
21
-4.6725019291338583
0
LINE
8
BLACK
6
CONTINUOUS
10
6.146100590551181
20
-4.6725019291338583
11
6.1433693307086612
21
-4.6719077559055116
0
LINE
8
BLACK
6
CONTINUOUS
10
6.1433693307086612
20
-4.6719077559055116
11
6.1413928740157475
21
-4.6699312992125988
0
LINE
8
BLACK
6
CONTINUOUS
10
6.1413928740157475
20
-4.6699312992125988
11
6.1412087795275587
21
-4.6695576771653542
0
LINE
8
BLACK
6
CONTINUOUS
10
6.1412087795275587
20
-4.6695576771653542
11
6.1400288582677165
21
-4.6668853543307085
0
LINE
8
BLACK
6
CONTINUOUS
10
6.1400288582677165
20
-4.6668853543307085
11
6.1400288188976377
21
-4.6668853149606297
0
LINE
8
BLACK
6
CONTINUOUS
10
6.1400288188976377
20
-4.6668853149606297
11
6.140028779527559
21
-4.6668852362204722
0
LINE
8
BLACK
6
CONTINUOUS
10
6.140028779527559
20
-4.6668852362204722
11
6.1369013385826774
21
-4.6637577952755906
0
LINE
8
BLACK
6
CONTINUOUS
10
6.1369013385826774
20
-4.6637577952755906
11
6.1369012598425199
21
-4.6637577559055119
0
LINE
8
BLACK
6
CONTINUOUS
10
6.1369012598425199
20
-4.6637577559055119
11
6.1328549606299214
21
-4.6619711417322831
0
LINE
8
BLACK
6
CONTINUOUS
10
6.1328549606299214
20
-4.6619711417322831
11
6.1328550000000002
21
-4.6619711417322831
0
LINE
8
BLACK
6
CONTINUOUS
10
6.1328550000000002
20
-4.6619711417322831
11
6.1318659448818895
21
-4.6618564173228343
0
LINE
8
BLACK
6
CONTINUOUS
10
6.1318659448818895
20
-4.6618564173228343
11
6.0683333464566926
21
-4.6618564173228343
0
LINE
8
BLACK
6
CONTINUOUS
10
6.0683333464566926
20
-4.6618564173228343
11
6.0683330708661414
21
-4.661856456692913
0
LINE
8
BLACK
6
CONTINUOUS
10
6.0683330708661414
20
-4.661856456692913
11
6.0673439370078741
21
-4.6619711417322831
0
LINE
8
BLACK
6
CONTINUOUS
10
6.0673439370078741
20
-4.6619711417322831
11
6.0673437795275591
21
-4.6619712204724406
0
LINE
8
BLACK
6
CONTINUOUS
10
6.0673437795275591
20
-4.6619712204724406
11
6.0632976771653544
21
-4.6637577165354331
0
LINE
8
BLACK
6
CONTINUOUS
10
6.0632976771653544
20
-4.6637577165354331
11
6.0601701574803144
21
-4.6668852362204722
0
LINE
8
BLACK
6
CONTINUOUS
10
6.0601701574803144
20
-4.6668852362204722
11
6.0601701181102356
21
-4.6668853149606297
0
LINE
8
BLACK
6
CONTINUOUS
10
6.0601701181102356
20
-4.6668853149606297
11
6.0583835039370078
21
-4.6709315748031495
0
LINE
8
BLACK
6
CONTINUOUS
10
6.0583835039370078
20
-4.6709315748031495
11
6.0582687795275589
21
-4.6719205511811026
0
LINE
8
BLACK
6
CONTINUOUS
10
6.0582687795275589
20
-4.6719205511811026
11
6.0582687795275589
21
-4.735453228346457
0
LINE
8
BLACK
6
CONTINUOUS
10
6.0582687795275589
20
-4.735453228346457
11
6.0582688188976377
21
-4.7354535039370074
0
LINE
8
BLACK
6
CONTINUOUS
10
6.0582688188976377
20
-4.7354535039370074
11
6.0583835039370078
21
-4.7364426377952755
0
LINE
8
BLACK
6
CONTINUOUS
10
6.0583835039370078
20
-4.7364426377952755
11
6.0583835826771653
21
-4.7364427952755905
0
LINE
8
BLACK
6
CONTINUOUS
10
6.0583835826771653
20
-4.7364427952755905
11
6.0601700787401578
21
-4.7404888976377952
0
LINE
8
BLACK
6
CONTINUOUS
10
6.0601700787401578
20
-4.7404888976377952
11
6.0632975984251969
21
-4.7436164173228343
0
LINE
8
BLACK
6
CONTINUOUS
10
6.0632975984251969
20
-4.7436164173228343
11
6.0632976771653544
21
-4.7436164566929131
0
LINE
8
BLACK
6
CONTINUOUS
10
6.0632976771653544
20
-4.7436164566929131
11
6.0632977165354331
21
-4.7436164960629918
0
LINE
8
BLACK
6
CONTINUOUS
10
6.0632977165354331
20
-4.7436164960629918
11
6.0673439370078741
21
-4.7454030708661419
0
LINE
8
BLACK
6
CONTINUOUS
10
6.0673439370078741
20
-4.7454030708661419
11
6.0683331496062989
21
-4.7455178346456695
0
LINE
8
BLACK
6
CONTINUOUS
10
6.0683331496062989
20
-4.7455178346456695
11
6.1318657874015745
21
-4.7455177952755907
0
LINE
8
BLACK
6
CONTINUOUS
10
6.1318657874015745
20
-4.7455177952755907
11
6.1328550393700789
21
-4.7454030708661419
0
LINE
8
BLACK
6
CONTINUOUS
10
6.1328550393700789
20
-4.7454030708661419
11
6.1369012598425199
21
-4.7436164960629918
0
LINE
8
BLACK
6
CONTINUOUS
10
6.1369012598425199
20
-4.7436164960629918
11
6.1400288582677165
21
-4.7404888976377952
0
LINE
8
BLACK
6
CONTINUOUS
10
6.1400288582677165
20
-4.7404888976377952
11
6.1412087795275587
21
-4.7378165748031495
0
LINE
8
BLACK
6
CONTINUOUS
10
6.1412087795275587
20
-4.7378165748031495
11
6.1430124015748033
21
-4.7356812598425195
0
LINE
8
BLACK
6
CONTINUOUS
10
6.1430124015748033
20
-4.7356812598425195
11
6.1456841732283465
21
-4.734860039370079
0
LINE
8
BLACK
6
CONTINUOUS
10
6.1456841732283465
20
-4.734860039370079
11
6.1483758267716535
21
-4.7356136614173225
0
LINE
8
BLACK
6
CONTINUOUS
10
6.1483758267716535
20
-4.7356136614173225
11
6.1502327559055114
21
-4.7377028346456695
0
LINE
8
BLACK
6
CONTINUOUS
10
6.1502327559055114
20
-4.7377028346456695
11
6.1503946062992121
21
-4.7380866929133854
0
LINE
8
BLACK
6
CONTINUOUS
10
6.1503946062992121
20
-4.7380866929133854
11
6.1523654724409447
21
-4.7433708267716534
0
LINE
8
BLACK
6
CONTINUOUS
10
6.1523654724409447
20
-4.7433708267716534
11
6.155811889763779
21
-4.7479746850393703
0
LINE
8
BLACK
6
CONTINUOUS
10
6.155811889763779
20
-4.7479746850393703
11
6.1604157874015746
21
-4.7514211417322834
0
LINE
8
BLACK
6
CONTINUOUS
10
6.1604157874015746
20
-4.7514211417322834
11
6.1658044488188972
21
-4.7534309842519686
0
LINE
8
BLACK
6
CONTINUOUS
10
6.1658044488188972
20
-4.7534309842519686
11
6.1681861811023619
21
-4.7536870866141729
0
LINE
8
BLACK
6
CONTINUOUS
10
6.1681861811023619
20
-4.7536870866141729
11
6.1681866929133857
21
-4.7536871259842517
0
LINE
8
BLACK
6
CONTINUOUS
10
6.1681866929133857
20
-4.7536871259842517
11
6.1900994881889764
21
-4.7536871259842517
0
LINE
8
BLACK
6
CONTINUOUS
10
6.1900994881889764
20
-4.7536871259842517
11
6.1900994881889764
21
-4.7336871259842521
0
LINE
8
BLACK
6
CONTINUOUS
10
6.1900994881889764
20
-4.7336871259842521
11
6.1700994881889759
21
-4.7336871259842521
0
LINE
8
BLACK
6
CONTINUOUS
10
6.1700994881889759
20
-4.7336871259842521
11
6.1700994881889759
21
-4.6736871259842516
0
LINE
8
BLACK
6
CONTINUOUS
10
6.1700994881889759
20
-4.6736871259842516
11
6.1900994881889764
21
-4.6736871259842516
0
LINE
8
BLACK
6
CONTINUOUS
10
6.1900994881889764
20
-4.6736871259842516
11
6.1900994881889764
21
-4.6336871259842516
0
LINE
8
BLACK
6
CONTINUOUS
10
6.1900994881889764
20
-4.6336871259842516
11
6.1700994881889759
21
-4.6336871259842516
0
LINE
8
BLACK
6
CONTINUOUS
10
6.1700994881889759
20
-4.6336871259842516
11
6.1700994881889759
21
-4.573687125984252
0
LINE
8
BLACK
6
CONTINUOUS
10
6.1700994881889759
20
-4.573687125984252
11
6.1900994881889764
21
-4.573687125984252
0
LINE
8
BLACK
6
CONTINUOUS
10
6.1900994881889764
20
-4.573687125984252
11
6.1900994881889764
21
-4.5536871259842515
0
LINE
8
BLACK
6
CONTINUOUS
10
6.1900994881889764
20
-4.5536871259842515
11
6.1681861811023619
21
-4.5536871259842515
0
LINE
8
BLACK
6
CONTINUOUS
10
6.1681861811023619
20
-4.5536871259842515
11
6.1658044488188972
21
-4.5539432283464567
0
LINE
8
BLACK
6
CONTINUOUS
10
6.1658044488188972
20
-4.5539432283464567
11
6.1604158267716533
21
-4.555953070866142
0
LINE
8
BLACK
6
CONTINUOUS
10
6.1604158267716533
20
-4.555953070866142
11
6.1604157874015746
21
-4.555953070866142
0
LINE
8
BLACK
6
CONTINUOUS
10
6.1604157874015746
20
-4.555953070866142
11
6.155811889763779
21
-4.5593995275590551
0
LINE
8
BLACK
6
CONTINUOUS
10
6.155811889763779
20
-4.5593995275590551
11
6.1523654724409447
21
-4.5640033858267719
0
LINE
8
BLACK
6
CONTINUOUS
10
6.1523654724409447
20
-4.5640033858267719
11
6.1503946062992121
21
-4.5692875196850391
0
LINE
8
BLACK
6
CONTINUOUS
10
6.1503946062992121
20
-4.5692875196850391
11
6.1487195275590549
21
-4.5715251181102365
0
LINE
8
BLACK
6
CONTINUOUS
10
6.1487195275590549
20
-4.5715251181102365
11
6.146100590551181
21
-4.5725019291338578
0
LINE
8
BLACK
6
CONTINUOUS
10
6.146100590551181
20
-4.5725019291338578
11
6.1433693307086612
21
-4.5719077559055119
0
LINE
8
BLACK
6
CONTINUOUS
10
6.1433693307086612
20
-4.5719077559055119
11
6.1413928740157475
21
-4.5699312992125982
0
LINE
8
BLACK
6
CONTINUOUS
10
6.1413928740157475
20
-4.5699312992125982
11
6.1412087795275587
21
-4.5695576771653545
0
LINE
8
BLACK
6
CONTINUOUS
10
6.1412087795275587
20
-4.5695576771653545
11
6.1400288582677165
21
-4.5668853543307089
0
LINE
8
BLACK
6
CONTINUOUS
10
6.1400288582677165
20
-4.5668853543307089
11
6.1400288188976377
21
-4.5668853149606301
0
LINE
8
BLACK
6
CONTINUOUS
10
6.1400288188976377
20
-4.5668853149606301
11
6.140028779527559
21
-4.5668852362204726
0
LINE
8
BLACK
6
CONTINUOUS
10
6.140028779527559
20
-4.5668852362204726
11
6.1369013385826774
21
-4.5637577952755901
0
LINE
8
BLACK
6
CONTINUOUS
10
6.1369013385826774
20
-4.5637577952755901
11
6.1369012598425199
21
-4.5637577559055114
0
LINE
8
BLACK
6
CONTINUOUS
10
6.1369012598425199
20
-4.5637577559055114
11
6.1328549606299214
21
-4.5619711417322835
0
LINE
8
BLACK
6
CONTINUOUS
10
6.1328549606299214
20
-4.5619711417322835
11
6.1328550000000002
21
-4.5619711417322835
0
LINE
8
BLACK
6
CONTINUOUS
10
6.1328550000000002
20
-4.5619711417322835
11
6.1318659448818895
21
-4.5618564173228346
0
LINE
8
BLACK
6
CONTINUOUS
10
6.1318659448818895
20
-4.5618564173228346
11
6.0683333464566926
21
-4.5618564173228346
0
LINE
8
BLACK
6
CONTINUOUS
10
6.0683333464566926
20
-4.5618564173228346
11
6.0683330708661414
21
-4.5618564566929134
0
LINE
8
BLACK
6
CONTINUOUS
10
6.0683330708661414
20
-4.5618564566929134
11
6.0673439370078741
21
-4.5619711417322835
0
LINE
8
BLACK
6
CONTINUOUS
10
6.0673439370078741
20
-4.5619711417322835
11
6.0673437795275591
21
-4.561971220472441
0
LINE
8
BLACK
6
CONTINUOUS
10
6.0673437795275591
20
-4.561971220472441
11
6.0632976771653544
21
-4.5637577165354326
0
LINE
8
BLACK
6
CONTINUOUS
10
6.0632976771653544
20
-4.5637577165354326
11
6.0601701574803144
21
-4.5668852362204726
0
LINE
8
BLACK
6
CONTINUOUS
10
6.0601701574803144
20
-4.5668852362204726
11
6.0601701181102356
21
-4.5668853149606301
0
LINE
8
BLACK
6
CONTINUOUS
10
6.0601701181102356
20
-4.5668853149606301
11
6.0583835039370078
21
-4.5709315748031498
0
LINE
8
BLACK
6
CONTINUOUS
10
6.0583835039370078
20
-4.5709315748031498
11
6.0582687795275589
21
-4.5719205511811021
0
LINE
8
BLACK
6
CONTINUOUS
10
6.0582687795275589
20
-4.5719205511811021
11
6.0582687795275589
21
-4.6354532283464565
0
LINE
8
BLACK
6
CONTINUOUS
10
6.3582687795275588
20
-4.735453228346457
11
6.3582688188976375
21
-4.7354535039370074
0
LINE
8
BLACK
6
CONTINUOUS
10
6.3582688188976375
20
-4.7354535039370074
11
6.3583835039370076
21
-4.7364426377952755
0
LINE
8
BLACK
6
CONTINUOUS
10
6.3583835039370076
20
-4.7364426377952755
11
6.3583835826771651
21
-4.7364427952755905
0
LINE
8
BLACK
6
CONTINUOUS
10
6.3583835826771651
20
-4.7364427952755905
11
6.3601700787401576
21
-4.7404888976377952
0
LINE
8
BLACK
6
CONTINUOUS
10
6.3601700787401576
20
-4.7404888976377952
11
6.3632975984251967
21
-4.7436164173228343
0
LINE
8
BLACK
6
CONTINUOUS
10
6.3632975984251967
20
-4.7436164173228343
11
6.3632976771653542
21
-4.7436164566929131
0
LINE
8
BLACK
6
CONTINUOUS
10
6.3632976771653542
20
-4.7436164566929131
11
6.363297716535433
21
-4.7436164960629918
0
LINE
8
BLACK
6
CONTINUOUS
10
6.363297716535433
20
-4.7436164960629918
11
6.3673439370078739
21
-4.7454030708661419
0
LINE
8
BLACK
6
CONTINUOUS
10
6.3673439370078739
20
-4.7454030708661419
11
6.3683331496062987
21
-4.7455178346456695
0
LINE
8
BLACK
6
CONTINUOUS
10
6.3683331496062987
20
-4.7455178346456695
11
6.4318657874015743
21
-4.7455177952755907
0
LINE
8
BLACK
6
CONTINUOUS
10
6.4318657874015743
20
-4.7455177952755907
11
6.4328550393700787
21
-4.7454030708661419
0
LINE
8
BLACK
6
CONTINUOUS
10
6.4328550393700787
20
-4.7454030708661419
11
6.4369012598425197
21
-4.7436164960629918
0
LINE
8
BLACK
6
CONTINUOUS
10
6.4369012598425197
20
-4.7436164960629918
11
6.4400288582677163
21
-4.7404888976377952
0
LINE
8
BLACK
6
CONTINUOUS
10
6.4400288582677163
20
-4.7404888976377952
11
6.4418154330708663
21
-4.7364426771653543
0
LINE
8
BLACK
6
CONTINUOUS
10
6.4418154330708663
20
-4.7364426771653543
11
6.4419301968503939
21
-4.7354534645669286
0
LINE
8
BLACK
6
CONTINUOUS
10
6.4419301968503939
20
-4.7354534645669286
11
6.4419301574803152
21
-4.6719208267716539
0
LINE
8
BLACK
6
CONTINUOUS
10
6.4419301574803152
20
-4.6719208267716539
11
6.4418154330708663
21
-4.6709315748031495
0
LINE
8
BLACK
6
CONTINUOUS
10
6.4418154330708663
20
-4.6709315748031495
11
6.4400288582677163
21
-4.6668853543307085
0
LINE
8
BLACK
6
CONTINUOUS
10
6.4400288582677163
20
-4.6668853543307085
11
6.4400288582677163
21
-4.6668853149606297
0
LINE
8
BLACK
6
CONTINUOUS
10
6.4400288582677163
20
-4.6668853149606297
11
6.4369013385826772
21
-4.6637577952755906
0
LINE
8
BLACK
6
CONTINUOUS
10
6.4369013385826772
20
-4.6637577952755906
11
6.4369012598425197
21
-4.6637577559055119
0
LINE
8
BLACK
6
CONTINUOUS
10
6.4369012598425197
20
-4.6637577559055119
11
6.4328549606299212
21
-4.6619711417322831
0
LINE
8
BLACK
6
CONTINUOUS
10
6.4328549606299212
20
-4.6619711417322831
11
6.432855
21
-4.6619711417322831
0
LINE
8
BLACK
6
CONTINUOUS
10
6.432855
20
-4.6619711417322831
11
6.4318659448818893
21
-4.6618564173228343
0
LINE
8
BLACK
6
CONTINUOUS
10
6.4318659448818893
20
-4.6618564173228343
11
6.3683333464566925
21
-4.6618564173228343
0
LINE
8
BLACK
6
CONTINUOUS
10
6.3683333464566925
20
-4.6618564173228343
11
6.3683330708661412
21
-4.661856456692913
0
LINE
8
BLACK
6
CONTINUOUS
10
6.3683330708661412
20
-4.661856456692913
11
6.3673439370078739
21
-4.6619711417322831
0
LINE
8
BLACK
6
CONTINUOUS
10
6.3673439370078739
20
-4.6619711417322831
11
6.3673437795275589
21
-4.6619712204724406
0
LINE
8
BLACK
6
CONTINUOUS
10
6.3673437795275589
20
-4.6619712204724406
11
6.3632976771653542
21
-4.6637577165354331
0
LINE
8
BLACK
6
CONTINUOUS
10
6.3632976771653542
20
-4.6637577165354331
11
6.3601701574803151
21
-4.6668852362204722
0
LINE
8
BLACK
6
CONTINUOUS
10
6.3601701574803151
20
-4.6668852362204722
11
6.3601701181102364
21
-4.6668853149606297
0
LINE
8
BLACK
6
CONTINUOUS
10
6.3601701181102364
20
-4.6668853149606297
11
6.3583835039370076
21
-4.6709315748031495
0
LINE
8
BLACK
6
CONTINUOUS
10
6.3583835039370076
20
-4.6709315748031495
11
6.3582687795275588
21
-4.6719205511811026
0
LINE
8
BLACK
6
CONTINUOUS
10
6.3582687795275588
20
-4.6719205511811026
11
6.3582687795275588
21
-4.735453228346457
0
LINE
8
BLACK
6
CONTINUOUS
10
5.9582687795275593
20
-4.6354532283464565
11
5.958268818897638
21
-4.6354535039370077
0
LINE
8
BLACK
6
CONTINUOUS
10
5.958268818897638
20
-4.6354535039370077
11
5.9583835039370081
21
-4.6364426377952759
0
LINE
8
BLACK
6
CONTINUOUS
10
5.9583835039370081
20
-4.6364426377952759
11
5.9583835826771656
21
-4.6364427952755909
0
LINE
8
BLACK
6
CONTINUOUS
10
5.9583835826771656
20
-4.6364427952755909
11
5.9601700787401573
21
-4.6404888976377956
0
LINE
8
BLACK
6
CONTINUOUS
10
5.9601700787401573
20
-4.6404888976377956
11
5.9632975984251964
21
-4.6436164173228347
0
LINE
8
BLACK
6
CONTINUOUS
10
5.9632975984251964
20
-4.6436164173228347
11
5.9632976771653539
21
-4.6436164566929135
0
LINE
8
BLACK
6
CONTINUOUS
10
5.9632976771653539
20
-4.6436164566929135
11
5.9632977165354326
21
-4.6436164960629922
0
LINE
8
BLACK
6
CONTINUOUS
10
5.9632977165354326
20
-4.6436164960629922
11
5.9673439370078736
21
-4.6454030708661413
0
LINE
8
BLACK
6
CONTINUOUS
10
5.9673439370078736
20
-4.6454030708661413
11
5.9683331496062992
21
-4.6455178346456689
0
LINE
8
BLACK
6
CONTINUOUS
10
5.9683331496062992
20
-4.6455178346456689
11
6.0318657874015749
21
-4.6455177952755902
0
LINE
8
BLACK
6
CONTINUOUS
10
6.0318657874015749
20
-4.6455177952755902
11
6.0328550393700784
21
-4.6454030708661413
0
LINE
8
BLACK
6
CONTINUOUS
10
6.0328550393700784
20
-4.6454030708661413
11
6.0369012598425194
21
-4.6436164960629922
0
LINE
8
BLACK
6
CONTINUOUS
10
6.0369012598425194
20
-4.6436164960629922
11
6.040028858267716
21
-4.6404888976377956
0
LINE
8
BLACK
6
CONTINUOUS
10
6.040028858267716
20
-4.6404888976377956
11
6.041815433070866
21
-4.6364426771653546
0
LINE
8
BLACK
6
CONTINUOUS
10
6.041815433070866
20
-4.6364426771653546
11
6.0419301968503936
21
-4.635453464566929
0
LINE
8
BLACK
6
CONTINUOUS
10
6.0419301968503936
20
-4.635453464566929
11
6.0419301574803148
21
-4.5719208267716533
0
LINE
8
BLACK
6
CONTINUOUS
10
6.0419301574803148
20
-4.5719208267716533
11
6.0419301181102361
21
-4.5719205511811021
0
LINE
8
BLACK
6
CONTINUOUS
10
6.0419301181102361
20
-4.5719205511811021
11
6.041815433070866
21
-4.5709315748031498
0
LINE
8
BLACK
6
CONTINUOUS
10
6.041815433070866
20
-4.5709315748031498
11
6.040028858267716
21
-4.5668853543307089
0
LINE
8
BLACK
6
CONTINUOUS
10
6.040028858267716
20
-4.5668853543307089
11
6.040028858267716
21
-4.5668853149606301
0
LINE
8
BLACK
6
CONTINUOUS
10
6.040028858267716
20
-4.5668853149606301
11
6.0369013385826769
21
-4.5637577952755901
0
LINE
8
BLACK
6
CONTINUOUS
10
6.0369013385826769
20
-4.5637577952755901
11
6.0369012598425194
21
-4.5637577559055114
0
LINE
8
BLACK
6
CONTINUOUS
10
6.0369012598425194
20
-4.5637577559055114
11
6.0328549606299209
21
-4.5619711417322835
0
LINE
8
BLACK
6
CONTINUOUS
10
6.0328549606299209
20
-4.5619711417322835
11
6.0328549999999996
21
-4.5619711417322835
0
LINE
8
BLACK
6
CONTINUOUS
10
6.0328549999999996
20
-4.5619711417322835
11
6.0318659448818899
21
-4.5618564173228346
0
LINE
8
BLACK
6
CONTINUOUS
10
6.0318659448818899
20
-4.5618564173228346
11
5.968333346456693
21
-4.5618564173228346
0
LINE
8
BLACK
6
CONTINUOUS
10
5.968333346456693
20
-4.5618564173228346
11
5.9683330708661417
21
-4.5618564566929134
0
LINE
8
BLACK
6
CONTINUOUS
10
5.9683330708661417
20
-4.5618564566929134
11
5.9673439370078736
21
-4.5619711417322835
0
LINE
8
BLACK
6
CONTINUOUS
10
5.9673439370078736
20
-4.5619711417322835
11
5.9673437795275586
21
-4.561971220472441
0
LINE
8
BLACK
6
CONTINUOUS
10
5.9673437795275586
20
-4.561971220472441
11
5.9632976771653539
21
-4.5637577165354326
0
LINE
8
BLACK
6
CONTINUOUS
10
5.9632976771653539
20
-4.5637577165354326
11
5.9601701574803148
21
-4.5668852362204726
0
LINE
8
BLACK
6
CONTINUOUS
10
5.9601701574803148
20
-4.5668852362204726
11
5.960170118110236
21
-4.5668853149606301
0
LINE
8
BLACK
6
CONTINUOUS
10
5.960170118110236
20
-4.5668853149606301
11
5.9583835039370081
21
-4.5709315748031498
0
LINE
8
BLACK
6
CONTINUOUS
10
5.9583835039370081
20
-4.5709315748031498
11
5.9582687795275593
21
-4.5719205511811021
0
LINE
8
BLACK
6
CONTINUOUS
10
5.9582687795275593
20
-4.5719205511811021
11
5.9582687795275593
21
-4.6354532283464565
0
LINE
8
BLACK
6
CONTINUOUS
10
6.3582687795275588
20
-4.6354532283464565
11
6.3582688188976375
21
-4.6354535039370077
0
LINE
8
BLACK
6
CONTINUOUS
10
6.3582688188976375
20
-4.6354535039370077
11
6.3583835039370076
21
-4.6364426377952759
0
LINE
8
BLACK
6
CONTINUOUS
10
6.3583835039370076
20
-4.6364426377952759
11
6.3583835826771651
21
-4.6364427952755909
0
LINE
8
BLACK
6
CONTINUOUS
10
6.3583835826771651
20
-4.6364427952755909
11
6.3601700787401576
21
-4.6404888976377956
0
LINE
8
BLACK
6
CONTINUOUS
10
6.3601700787401576
20
-4.6404888976377956
11
6.3632975984251967
21
-4.6436164173228347
0
LINE
8
BLACK
6
CONTINUOUS
10
6.3632975984251967
20
-4.6436164173228347
11
6.3632976771653542
21
-4.6436164566929135
0
LINE
8
BLACK
6
CONTINUOUS
10
6.3632976771653542
20
-4.6436164566929135
11
6.363297716535433
21
-4.6436164960629922
0
LINE
8
BLACK
6
CONTINUOUS
10
6.363297716535433
20
-4.6436164960629922
11
6.3673439370078739
21
-4.6454030708661413
0
LINE
8
BLACK
6
CONTINUOUS
10
6.3673439370078739
20
-4.6454030708661413
11
6.3683331496062987
21
-4.6455178346456689
0
LINE
8
BLACK
6
CONTINUOUS
10
6.3683331496062987
20
-4.6455178346456689
11
6.4318657874015743
21
-4.6455177952755902
0
LINE
8
BLACK
6
CONTINUOUS
10
6.4318657874015743
20
-4.6455177952755902
11
6.4328550393700787
21
-4.6454030708661413
0
LINE
8
BLACK
6
CONTINUOUS
10
6.4328550393700787
20
-4.6454030708661413
11
6.4369012598425197
21
-4.6436164960629922
0
LINE
8
BLACK
6
CONTINUOUS
10
6.4369012598425197
20
-4.6436164960629922
11
6.4400288582677163
21
-4.6404888976377956
0
LINE
8
BLACK
6
CONTINUOUS
10
6.4400288582677163
20
-4.6404888976377956
11
6.4418154330708663
21
-4.6364426771653546
0
LINE
8
BLACK
6
CONTINUOUS
10
6.4418154330708663
20
-4.6364426771653546
11
6.4419301968503939
21
-4.635453464566929
0
LINE
8
BLACK
6
CONTINUOUS
10
6.4419301968503939
20
-4.635453464566929
11
6.4419301574803152
21
-4.5719208267716533
0
LINE
8
BLACK
6
CONTINUOUS
10
6.4419301574803152
20
-4.5719208267716533
11
6.4418154330708663
21
-4.5709315748031498
0
LINE
8
BLACK
6
CONTINUOUS
10
6.4418154330708663
20
-4.5709315748031498
11
6.4400288582677163
21
-4.5668853543307089
0
LINE
8
BLACK
6
CONTINUOUS
10
6.4400288582677163
20
-4.5668853543307089
11
6.4400288582677163
21
-4.5668853149606301
0
LINE
8
BLACK
6
CONTINUOUS
10
6.4400288582677163
20
-4.5668853149606301
11
6.4369013385826772
21
-4.5637577952755901
0
LINE
8
BLACK
6
CONTINUOUS
10
6.4369013385826772
20
-4.5637577952755901
11
6.4369012598425197
21
-4.5637577559055114
0
LINE
8
BLACK
6
CONTINUOUS
10
6.4369012598425197
20
-4.5637577559055114
11
6.4328549606299212
21
-4.5619711417322835
0
LINE
8
BLACK
6
CONTINUOUS
10
6.4328549606299212
20
-4.5619711417322835
11
6.432855
21
-4.5619711417322835
0
LINE
8
BLACK
6
CONTINUOUS
10
6.432855
20
-4.5619711417322835
11
6.4318659448818893
21
-4.5618564173228346
0
LINE
8
BLACK
6
CONTINUOUS
10
6.4318659448818893
20
-4.5618564173228346
11
6.3683333464566925
21
-4.5618564173228346
0
LINE
8
BLACK
6
CONTINUOUS
10
6.3683333464566925
20
-4.5618564173228346
11
6.3683330708661412
21
-4.5618564566929134
0
LINE
8
BLACK
6
CONTINUOUS
10
6.3683330708661412
20
-4.5618564566929134
11
6.3673439370078739
21
-4.5619711417322835
0
LINE
8
BLACK
6
CONTINUOUS
10
6.3673439370078739
20
-4.5619711417322835
11
6.3673437795275589
21
-4.561971220472441
0
LINE
8
BLACK
6
CONTINUOUS
10
6.3673437795275589
20
-4.561971220472441
11
6.3632976771653542
21
-4.5637577165354326
0
LINE
8
BLACK
6
CONTINUOUS
10
6.3632976771653542
20
-4.5637577165354326
11
6.3601701574803151
21
-4.5668852362204726
0
LINE
8
BLACK
6
CONTINUOUS
10
6.3601701574803151
20
-4.5668852362204726
11
6.3601701181102364
21
-4.5668853149606301
0
LINE
8
BLACK
6
CONTINUOUS
10
6.3601701181102364
20
-4.5668853149606301
11
6.3583835039370076
21
-4.5709315748031498
0
LINE
8
BLACK
6
CONTINUOUS
10
6.3583835039370076
20
-4.5709315748031498
11
6.3582687795275588
21
-4.5719205511811021
0
LINE
8
BLACK
6
CONTINUOUS
10
6.3582687795275588
20
-4.5719205511811021
11
6.3582687795275588
21
-4.6354532283464565
0
LINE
8
BLACK
6
CONTINUOUS
10
4.2231089763779526
20
-4.4562822047244097
11
4.2210475196850394
21
-4.4566922834645668
0
LINE
8
BLACK
6
CONTINUOUS
10
4.2210475196850394
20
-4.4566922834645668
11
4.2210474803149607
21
-4.4566922834645668
0
LINE
8
BLACK
6
CONTINUOUS
10
4.2210474803149607
20
-4.4566922834645668
11
4.2210473622047244
21
-4.4566923228346456
0
LINE
8
BLACK
6
CONTINUOUS
10
4.2210473622047244
20
-4.4566923228346456
11
4.2134347637795271
21
-4.4598456299212597
0
LINE
8
BLACK
6
CONTINUOUS
10
4.2134347637795271
20
-4.4598456299212597
11
4.2065835039370079
21
-4.464423464566929
0
LINE
8
BLACK
6
CONTINUOUS
10
4.2065835039370079
20
-4.464423464566929
11
4.2065832677165353
21
-4.4644236614173227
0
LINE
8
BLACK
6
CONTINUOUS
10
4.2065832677165353
20
-4.4644236614173227
11
4.2007572834645668
21
-4.4702496456692913
0
LINE
8
BLACK
6
CONTINUOUS
10
4.2007572834645668
20
-4.4702496456692913
11
4.200757086614173
21
-4.4702498818897638
0
LINE
8
BLACK
6
CONTINUOUS
10
4.200757086614173
20
-4.4702498818897638
11
4.1961792519685037
21
-4.477101141732283
0
LINE
8
BLACK
6
CONTINUOUS
10
4.1961792519685037
20
-4.477101141732283
11
4.1930259448818896
21
-4.4847137401574804
0
LINE
8
BLACK
6
CONTINUOUS
10
4.1930259448818896
20
-4.4847137401574804
11
4.191418385826772
21
-4.4927953937007876
0
LINE
8
BLACK
6
CONTINUOUS
10
4.191418385826772
20
-4.4927953937007876
11
4.191418385826772
21
-4.4927955118110239
0
LINE
8
BLACK
6
CONTINUOUS
10
4.191418385826772
20
-4.4927955118110239
11
4.191418385826772
21
-4.5010354330708662
0
LINE
8
BLACK
6
CONTINUOUS
10
4.191418385826772
20
-4.5010354330708662
11
4.1930259055118109
21
-4.5091170472440947
0
LINE
8
BLACK
6
CONTINUOUS
10
4.1930259055118109
20
-4.5091170472440947
11
4.196179212598425
21
-4.5167297244094486
0
LINE
8
BLACK
6
CONTINUOUS
10
4.196179212598425
20
-4.5167297244094486
11
4.1979931496062992
21
-4.5194444488188976
0
LINE
8
BLACK
6
CONTINUOUS
10
4.1979931496062992
20
-4.5194444488188976
11
4.200757086614173
21
-4.5235810236220475
0
LINE
8
BLACK
6
CONTINUOUS
10
4.200757086614173
20
-4.5235810236220475
11
4.2007572834645668
21
-4.52358125984252
0
LINE
8
BLACK
6
CONTINUOUS
10
4.2007572834645668
20
-4.52358125984252
11
4.2065832677165353
21
-4.5294072440944877
0
LINE
8
BLACK
6
CONTINUOUS
10
4.2065832677165353
20
-4.5294072440944877
11
4.2065835039370079
21
-4.5294074409448815
0
LINE
8
BLACK
6
CONTINUOUS
10
4.2065835039370079
20
-4.5294074409448815
11
4.2065835826771654
21
-4.529407519685039
0
LINE
8
BLACK
6
CONTINUOUS
10
4.2065835826771654
20
-4.529407519685039
11
4.2134348425196846
21
-4.5339853543307083
0
LINE
8
BLACK
6
CONTINUOUS
10
4.2134348425196846
20
-4.5339853543307083
11
4.2210475196850394
21
-4.5371386614173224
0
LINE
8
BLACK
6
CONTINUOUS
10
4.2210475196850394
20
-4.5371386614173224
11
4.2291291338582679
21
-4.5387461811023622
0
LINE
8
BLACK
6
CONTINUOUS
10
4.2291291338582679
20
-4.5387461811023622
11
4.2291291732283467
21
-4.5387461811023622
0
LINE
8
BLACK
6
CONTINUOUS
10
4.2291291732283467
20
-4.5387461811023622
11
4.2373690157480315
21
-4.5387461811023622
0
LINE
8
BLACK
6
CONTINUOUS
10
4.2373690157480315
20
-4.5387461811023622
11
4.2373690551181102
21
-4.5387461811023622
0
LINE
8
BLACK
6
CONTINUOUS
10
4.2373690551181102
20
-4.5387461811023622
11
4.2454506692913387
21
-4.5371386614173224
0
LINE
8
BLACK
6
CONTINUOUS
10
4.2454506692913387
20
-4.5371386614173224
11
4.2530633464566927
21
-4.5339853543307083
0
LINE
8
BLACK
6
CONTINUOUS
10
4.2530633464566927
20
-4.5339853543307083
11
4.2599146062992128
21
-4.529407519685039
0
LINE
8
BLACK
6
CONTINUOUS
10
4.2599146062992128
20
-4.529407519685039
11
4.265741141732283
21
-4.5235809842519688
0
LINE
8
BLACK
6
CONTINUOUS
10
4.265741141732283
20
-4.5235809842519688
11
4.2703189763779523
21
-4.5167297244094486
0
LINE
8
BLACK
6
CONTINUOUS
10
4.2703189763779523
20
-4.5167297244094486
11
4.2734722834645664
21
-4.5091170472440947
0
LINE
8
BLACK
6
CONTINUOUS
10
4.2734722834645664
20
-4.5091170472440947
11
4.2750798031496062
21
-4.5010354330708662
0
LINE
8
BLACK
6
CONTINUOUS
10
4.2750798031496062
20
-4.5010354330708662
11
4.2750798031496062
21
-4.4927955118110239
0
LINE
8
BLACK
6
CONTINUOUS
10
4.2750798031496062
20
-4.4927955118110239
11
4.2750797637795275
21
-4.4927953937007876
0
LINE
8
BLACK
6
CONTINUOUS
10
4.2750797637795275
20
-4.4927953937007876
11
4.2734722834645664
21
-4.4847138976377954
0
LINE
8
BLACK
6
CONTINUOUS
10
4.2734722834645664
20
-4.4847138976377954
11
4.2703189763779523
21
-4.4771012204724405
0
LINE
8
BLACK
6
CONTINUOUS
10
4.2703189763779523
20
-4.4771012204724405
11
4.265741141732283
21
-4.4702499606299213
0
LINE
8
BLACK
6
CONTINUOUS
10
4.265741141732283
20
-4.4702499606299213
11
4.2657410629921255
21
-4.4702498818897638
0
LINE
8
BLACK
6
CONTINUOUS
10
4.2657410629921255
20
-4.4702498818897638
11
4.2657408661417318
21
-4.4702496456692913
0
LINE
8
BLACK
6
CONTINUOUS
10
4.2657408661417318
20
-4.4702496456692913
11
4.2599148818897641
21
-4.4644236614173227
0
LINE
8
BLACK
6
CONTINUOUS
10
4.2599148818897641
20
-4.4644236614173227
11
4.2599146456692916
21
-4.464423464566929
0
LINE
8
BLACK
6
CONTINUOUS
10
4.2599146456692916
20
-4.464423464566929
11
4.2585754330708658
21
-4.4635286220472441
0
LINE
8
BLACK
6
CONTINUOUS
10
4.2585754330708658
20
-4.4635286220472441
11
4.2530633464566927
21
-4.4598455905511809
0
LINE
8
BLACK
6
CONTINUOUS
10
4.2530633464566927
20
-4.4598455905511809
11
4.2476805511811024
21
-4.4576159448818897
0
LINE
8
BLACK
6
CONTINUOUS
10
4.2476805511811024
20
-4.4576159448818897
11
4.245450787401575
21
-4.4566923228346456
0
LINE
8
BLACK
6
CONTINUOUS
10
4.245450787401575
20
-4.4566923228346456
11
4.2454507086614175
21
-4.4566922834645668
0
LINE
8
BLACK
6
CONTINUOUS
10
4.2454507086614175
20
-4.4566922834645668
11
4.2454506692913387
21
-4.4566922834645668
0
LINE
8
BLACK
6
CONTINUOUS
10
4.2454506692913387
20
-4.4566922834645668
11
4.2413824803149609
21
-4.4558830708661414
0
LINE
8
BLACK
6
CONTINUOUS
10
4.2413824803149609
20
-4.4558830708661414
11
4.2373691338582677
21
-4.4550847637795279
0
LINE
8
BLACK
6
CONTINUOUS
10
4.2373691338582677
20
-4.4550847637795279
11
4.2373690551181102
21
-4.4550847637795279
0
LINE
8
BLACK
6
CONTINUOUS
10
4.2373690551181102
20
-4.4550847637795279
11
4.2291291338582679
21
-4.4550847637795279
0
LINE
8
BLACK
6
CONTINUOUS
10
4.2291291338582679
20
-4.4550847637795279
11
4.2291290157480317
21
-4.4550847637795279
0
LINE
8
BLACK
6
CONTINUOUS
10
4.2291290157480317
20
-4.4550847637795279
11
4.2231089763779526
21
-4.4562822047244097
0
LINE
8
BLACK
6
CONTINUOUS
10
4.388268779527559
20
-4.4927955118110239
11
4.388268779527559
21
-4.5010354330708662
0
LINE
8
BLACK
6
CONTINUOUS
10
4.388268779527559
20
-4.5010354330708662
11
4.3898762992125979
21
-4.5091170472440947
0
LINE
8
BLACK
6
CONTINUOUS
10
4.3898762992125979
20
-4.5091170472440947
11
4.3930296062992129
21
-4.5167297244094486
0
LINE
8
BLACK
6
CONTINUOUS
10
4.3930296062992129
20
-4.5167297244094486
11
4.3948435433070863
21
-4.5194444488188976
0
LINE
8
BLACK
6
CONTINUOUS
10
4.3948435433070863
20
-4.5194444488188976
11
4.397607480314961
21
-4.5235810236220475
0
LINE
8
BLACK
6
CONTINUOUS
10
4.397607480314961
20
-4.5235810236220475
11
4.3976076771653538
21
-4.52358125984252
0
LINE
8
BLACK
6
CONTINUOUS
10
4.3976076771653538
20
-4.52358125984252
11
4.4034336614173224
21
-4.5294072440944877
0
LINE
8
BLACK
6
CONTINUOUS
10
4.4034336614173224
20
-4.5294072440944877
11
4.4034338976377949
21
-4.5294074409448815
0
LINE
8
BLACK
6
CONTINUOUS
10
4.4034338976377949
20
-4.5294074409448815
11
4.4034339763779524
21
-4.529407519685039
0
LINE
8
BLACK
6
CONTINUOUS
10
4.4034339763779524
20
-4.529407519685039
11
4.4102852362204725
21
-4.5339853543307083
0
LINE
8
BLACK
6
CONTINUOUS
10
4.4102852362204725
20
-4.5339853543307083
11
4.4178979133858265
21
-4.5371386614173224
0
LINE
8
BLACK
6
CONTINUOUS
10
4.4178979133858265
20
-4.5371386614173224
11
4.425979527559055
21
-4.5387461811023622
0
LINE
8
BLACK
6
CONTINUOUS
10
4.425979527559055
20
-4.5387461811023622
11
4.4259795669291337
21
-4.5387461811023622
0
LINE
8
BLACK
6
CONTINUOUS
10
4.4259795669291337
20
-4.5387461811023622
11
4.4342194094488185
21
-4.5387461811023622
0
LINE
8
BLACK
6
CONTINUOUS
10
4.4342194094488185
20
-4.5387461811023622
11
4.4342194488188973
21
-4.5387461811023622
0
LINE
8
BLACK
6
CONTINUOUS
10
4.4342194488188973
20
-4.5387461811023622
11
4.4423010629921258
21
-4.5371386614173224
0
LINE
8
BLACK
6
CONTINUOUS
10
4.4423010629921258
20
-4.5371386614173224
11
4.4499137401574806
21
-4.5339853543307083
0
LINE
8
BLACK
6
CONTINUOUS
10
4.4499137401574806
20
-4.5339853543307083
11
4.4567649999999999
21
-4.529407519685039
0
LINE
8
BLACK
6
CONTINUOUS
10
4.4567649999999999
20
-4.529407519685039
11
4.462591535433071
21
-4.5235809842519688
0
LINE
8
BLACK
6
CONTINUOUS
10
4.462591535433071
20
-4.5235809842519688
11
4.4671693700787403
21
-4.5167297244094486
0
LINE
8
BLACK
6
CONTINUOUS
10
4.4671693700787403
20
-4.5167297244094486
11
4.4703226771653544
21
-4.5091170472440947
0
LINE
8
BLACK
6
CONTINUOUS
10
4.4703226771653544
20
-4.5091170472440947
11
4.4719301968503933
21
-4.5010354330708662
0
LINE
8
BLACK
6
CONTINUOUS
10
4.4719301968503933
20
-4.5010354330708662
11
4.4719301968503933
21
-4.4927955118110239
0
LINE
8
BLACK
6
CONTINUOUS
10
4.4719301968503933
20
-4.4927955118110239
11
4.4703226771653544
21
-4.4847138976377954
0
LINE
8
BLACK
6
CONTINUOUS
10
4.4703226771653544
20
-4.4847138976377954
11
4.4671693700787403
21
-4.4771012204724405
0
LINE
8
BLACK
6
CONTINUOUS
10
4.4671693700787403
20
-4.4771012204724405
11
4.462591535433071
21
-4.4702499606299213
0
LINE
8
BLACK
6
CONTINUOUS
10
4.462591535433071
20
-4.4702499606299213
11
4.4625914566929135
21
-4.4702498818897638
0
LINE
8
BLACK
6
CONTINUOUS
10
4.4625914566929135
20
-4.4702498818897638
11
4.4625912598425197
21
-4.4702496456692913
0
LINE
8
BLACK
6
CONTINUOUS
10
4.4625912598425197
20
-4.4702496456692913
11
4.4567652755905511
21
-4.4644236614173227
0
LINE
8
BLACK
6
CONTINUOUS
10
4.4567652755905511
20
-4.4644236614173227
11
4.4567650393700786
21
-4.464423464566929
0
LINE
8
BLACK
6
CONTINUOUS
10
4.4567650393700786
20
-4.464423464566929
11
4.4554258267716538
21
-4.4635286220472441
0
LINE
8
BLACK
6
CONTINUOUS
10
4.4554258267716538
20
-4.4635286220472441
11
4.4499137401574806
21
-4.4598455905511809
0
LINE
8
BLACK
6
CONTINUOUS
10
4.4499137401574806
20
-4.4598455905511809
11
4.4445309448818895
21
-4.4576159448818897
0
LINE
8
BLACK
6
CONTINUOUS
10
4.4445309448818895
20
-4.4576159448818897
11
4.4423011811023621
21
-4.4566923228346456
0
LINE
8
BLACK
6
CONTINUOUS
10
4.4423011811023621
20
-4.4566923228346456
11
4.4423011023622045
21
-4.4566922834645668
0
LINE
8
BLACK
6
CONTINUOUS
10
4.4423011023622045
20
-4.4566922834645668
11
4.4423010629921258
21
-4.4566922834645668
0
LINE
8
BLACK
6
CONTINUOUS
10
4.4423010629921258
20
-4.4566922834645668
11
4.438232874015748
21
-4.4558830708661414
0
LINE
8
BLACK
6
CONTINUOUS
10
4.438232874015748
20
-4.4558830708661414
11
4.4342195275590548
21
-4.4550847637795279
0
LINE
8
BLACK
6
CONTINUOUS
10
4.4342195275590548
20
-4.4550847637795279
11
4.4342194488188973
21
-4.4550847637795279
0
LINE
8
BLACK
6
CONTINUOUS
10
4.4342194488188973
20
-4.4550847637795279
11
4.425979527559055
21
-4.4550847637795279
0
LINE
8
BLACK
6
CONTINUOUS
10
4.425979527559055
20
-4.4550847637795279
11
4.4259794094488187
21
-4.4550847637795279
0
LINE
8
BLACK
6
CONTINUOUS
10
4.4259794094488187
20
-4.4550847637795279
11
4.4199593700787396
21
-4.4562822047244097
0
LINE
8
BLACK
6
CONTINUOUS
10
4.4199593700787396
20
-4.4562822047244097
11
4.4178979133858265
21
-4.4566922834645668
0
LINE
8
BLACK
6
CONTINUOUS
10
4.4178979133858265
20
-4.4566922834645668
11
4.4178978740157477
21
-4.4566922834645668
0
LINE
8
BLACK
6
CONTINUOUS
10
4.4178978740157477
20
-4.4566922834645668
11
4.4178977559055115
21
-4.4566923228346456
0
LINE
8
BLACK
6
CONTINUOUS
10
4.4178977559055115
20
-4.4566923228346456
11
4.410285157480315
21
-4.4598456299212597
0
LINE
8
BLACK
6
CONTINUOUS
10
4.410285157480315
20
-4.4598456299212597
11
4.4034338976377949
21
-4.464423464566929
0
LINE
8
BLACK
6
CONTINUOUS
10
4.4034338976377949
20
-4.464423464566929
11
4.4034336614173224
21
-4.4644236614173227
0
LINE
8
BLACK
6
CONTINUOUS
10
4.4034336614173224
20
-4.4644236614173227
11
4.3976076771653538
21
-4.4702496456692913
0
LINE
8
BLACK
6
CONTINUOUS
10
4.3976076771653538
20
-4.4702496456692913
11
4.397607480314961
21
-4.4702498818897638
0
LINE
8
BLACK
6
CONTINUOUS
10
4.397607480314961
20
-4.4702498818897638
11
4.3930296456692917
21
-4.477101141732283
0
LINE
8
BLACK
6
CONTINUOUS
10
4.3930296456692917
20
-4.477101141732283
11
4.3898763385826767
21
-4.4847137401574804
0
LINE
8
BLACK
6
CONTINUOUS
10
4.3898763385826767
20
-4.4847137401574804
11
4.388268779527559
21
-4.4927953937007876
0
LINE
8
BLACK
6
CONTINUOUS
10
4.388268779527559
20
-4.4927953937007876
11
4.388268779527559
21
-4.4927955118110239
0
LINE
8
BLACK
6
CONTINUOUS
10
5.2520550393700782
20
-4.1271682283464566
11
5.252054921259842
21
-4.1271682677165353
0
LINE
8
BLACK
6
CONTINUOUS
10
5.252054921259842
20
-4.1271682677165353
11
5.2470360629921258
21
-4.1292471653543306
0
LINE
8
BLACK
6
CONTINUOUS
10
5.2470360629921258
20
-4.1292471653543306
11
5.2425190944881885
21
-4.1322652755905507
0
LINE
8
BLACK
6
CONTINUOUS
10
5.2425190944881885
20
-4.1322652755905507
11
5.242518858267716
21
-4.1322654724409444
0
LINE
8
BLACK
6
CONTINUOUS
10
5.242518858267716
20
-4.1322654724409444
11
5.2386778346456691
21
-4.1361064960629923
0
LINE
8
BLACK
6
CONTINUOUS
10
5.2386778346456691
20
-4.1361064960629923
11
5.2386776377952753
21
-4.1361067322834648
0
LINE
8
BLACK
6
CONTINUOUS
10
5.2386776377952753
20
-4.1361067322834648
11
5.2356595275590552
21
-4.1406237007874012
0
LINE
8
BLACK
6
CONTINUOUS
10
5.2356595275590552
20
-4.1406237007874012
11
5.2335806299212599
21
-4.1456425590551182
0
LINE
8
BLACK
6
CONTINUOUS
10
5.2335806299212599
20
-4.1456425590551182
11
5.2335805905511812
21
-4.1456426771653545
0
LINE
8
BLACK
6
CONTINUOUS
10
5.2335805905511812
20
-4.1456426771653545
11
5.2325207480314964
21
-4.1509707480314963
0
LINE
8
BLACK
6
CONTINUOUS
10
5.2325207480314964
20
-4.1509707480314963
11
5.2325207480314964
21
-4.156403464566929
0
LINE
8
BLACK
6
CONTINUOUS
10
5.2325207480314964
20
-4.156403464566929
11
5.2335805905511812
21
-4.1617315354330708
0
LINE
8
BLACK
6
CONTINUOUS
10
5.2335805905511812
20
-4.1617315354330708
11
5.2335806299212599
21
-4.1617316535433071
0
LINE
8
BLACK
6
CONTINUOUS
10
5.2335806299212599
20
-4.1617316535433071
11
5.233655433070866
21
-4.161912204724409
0
LINE
8
BLACK
6
CONTINUOUS
10
5.233655433070866
20
-4.161912204724409
11
5.2356595275590552
21
-4.166750551181102
0
LINE
8
BLACK
6
CONTINUOUS
10
5.2356595275590552
20
-4.166750551181102
11
5.2376761417322832
21
-4.1697686614173231
0
LINE
8
BLACK
6
CONTINUOUS
10
5.2376761417322832
20
-4.1697686614173231
11
5.2386776377952753
21
-4.1712674803149605
0
LINE
8
BLACK
6
CONTINUOUS
10
5.2386776377952753
20
-4.1712674803149605
11
5.2386777559055115
21
-4.1712676377952755
0
LINE
8
BLACK
6
CONTINUOUS
10
5.2386777559055115
20
-4.1712676377952755
11
5.2389416535433071
21
-4.1715314960629923
0
LINE
8
BLACK
6
CONTINUOUS
10
5.2389416535433071
20
-4.1715314960629923
11
5.240281338582677
21
-4.1739846456692913
0
LINE
8
BLACK
6
CONTINUOUS
10
5.240281338582677
20
-4.1739846456692913
11
5.2403947637795278
21
-4.1750393307086613
0
LINE
8
BLACK
6
CONTINUOUS
10
5.2403947637795278
20
-4.1750393307086613
11
5.2403947637795278
21
-4.3495665354330706
0
LINE
8
BLACK
6
CONTINUOUS
10
5.2403947637795278
20
-4.3495665354330706
11
5.2403947637795278
21
-4.3547548818897637
0
LINE
8
BLACK
6
CONTINUOUS
10
5.2403947637795278
20
-4.3547548818897637
11
5.2409704724409449
21
-4.3569034645669289
0
LINE
8
BLACK
6
CONTINUOUS
10
5.2409704724409449
20
-4.3569034645669289
11
5.2417375590551183
21
-4.359766338582677
0
LINE
8
BLACK
6
CONTINUOUS
10
5.2417375590551183
20
-4.359766338582677
11
5.2417376771653545
21
-4.3597666141732283
0
LINE
8
BLACK
6
CONTINUOUS
10
5.2417376771653545
20
-4.3597666141732283
11
5.2443316535433073
21
-4.3642595275590548
0
LINE
8
BLACK
6
CONTINUOUS
10
5.2443316535433073
20
-4.3642595275590548
11
5.2443319685039365
21
-4.3642599212598423
0
LINE
8
BLACK
6
CONTINUOUS
10
5.2443319685039365
20
-4.3642599212598423
11
5.3223712992125982
21
-4.4422992125984253
0
LINE
8
BLACK
6
CONTINUOUS
10
5.3223712992125982
20
-4.4422992125984253
11
5.3248553149606295
21
-4.4447832283464566
0
LINE
8
BLACK
6
CONTINUOUS
10
5.3248553149606295
20
-4.4447832283464566
11
5.3261949212598427
21
-4.447236456692913
0
LINE
8
BLACK
6
CONTINUOUS
10
5.3261949212598427
20
-4.447236456692913
11
5.3263082677165352
21
-4.4482909055118105
0
LINE
8
BLACK
6
CONTINUOUS
10
5.3263082677165352
20
-4.4482909055118105
11
5.3263082677165352
21
-4.4486645669291338
0
LINE
8
BLACK
6
CONTINUOUS
10
5.3263082677165352
20
-4.4486645669291338
11
5.3273351968503935
21
-4.4538272440944882
0
LINE
8
BLACK
6
CONTINUOUS
10
5.3273351968503935
20
-4.4538272440944882
11
5.32736811023622
21
-4.4539926377952757
0
LINE
8
BLACK
6
CONTINUOUS
10
5.32736811023622
20
-4.4539926377952757
11
5.329447047244094
21
-4.4590116535433069
0
LINE
8
BLACK
6
CONTINUOUS
10
5.329447047244094
20
-4.4590116535433069
11
5.3310585039370073
21
-4.4614233464566926
0
LINE
8
BLACK
6
CONTINUOUS
10
5.3310585039370073
20
-4.4614233464566926
11
5.332465157480315
21
-4.4635285826771653
0
LINE
8
BLACK
6
CONTINUOUS
10
5.332465157480315
20
-4.4635285826771653
11
5.3324653543307088
21
-4.4635288188976379
0
LINE
8
BLACK
6
CONTINUOUS
10
5.3324653543307088
20
-4.4635288188976379
11
5.3363063779527558
21
-4.4673698425196848
0
LINE
8
BLACK
6
CONTINUOUS
10
5.3363063779527558
20
-4.4673698425196848
11
5.3363066141732283
21
-4.4673700393700786
0
LINE
8
BLACK
6
CONTINUOUS
10
5.3363066141732283
20
-4.4673700393700786
11
5.3408235826771655
21
-4.4703881889763775
0
LINE
8
BLACK
6
CONTINUOUS
10
5.3408235826771655
20
-4.4703881889763775
11
5.3458425984251967
21
-4.4724671259842514
0
LINE
8
BLACK
6
CONTINUOUS
10
5.3458425984251967
20
-4.4724671259842514
11
5.3511707480314961
21
-4.4735269685039372
0
LINE
8
BLACK
6
CONTINUOUS
10
5.3511707480314961
20
-4.4735269685039372
11
5.3511707874015748
21
-4.4735269685039372
0
LINE
8
BLACK
6
CONTINUOUS
10
5.3511707874015748
20
-4.4735269685039372
11
5.3566032283464562
21
-4.4735269685039372
0
LINE
8
BLACK
6
CONTINUOUS
10
5.3566032283464562
20
-4.4735269685039372
11
5.3566032677165349
21
-4.4735269685039372
0
LINE
8
BLACK
6
CONTINUOUS
10
5.3566032677165349
20
-4.4735269685039372
11
5.3619314173228343
21
-4.4724671259842514
0
LINE
8
BLACK
6
CONTINUOUS
10
5.3619314173228343
20
-4.4724671259842514
11
5.3669504330708664
21
-4.4703881889763775
0
LINE
8
BLACK
6
CONTINUOUS
10
5.3669504330708664
20
-4.4703881889763775
11
5.3714674015748027
21
-4.4673700393700786
0
LINE
8
BLACK
6
CONTINUOUS
10
5.3714674015748027
20
-4.4673700393700786
11
5.3753088188976372
21
-4.4635286220472441
0
LINE
8
BLACK
6
CONTINUOUS
10
5.3753088188976372
20
-4.4635286220472441
11
5.378326968503937
21
-4.4590116535433069
0
LINE
8
BLACK
6
CONTINUOUS
10
5.378326968503937
20
-4.4590116535433069
11
5.380405905511811
21
-4.4539926377952757
0
LINE
8
BLACK
6
CONTINUOUS
10
5.380405905511811
20
-4.4539926377952757
11
5.3814657480314958
21
-4.4486644881889763
0
LINE
8
BLACK
6
CONTINUOUS
10
5.3814657480314958
20
-4.4486644881889763
11
5.3814657480314958
21
-4.4432319685039365
0
LINE
8
BLACK
6
CONTINUOUS
10
5.3814657480314958
20
-4.4432319685039365
11
5.380405905511811
21
-4.4379038188976381
0
LINE
8
BLACK
6
CONTINUOUS
10
5.380405905511811
20
-4.4379038188976381
11
5.378326968503937
21
-4.432884803149606
0
LINE
8
BLACK
6
CONTINUOUS
10
5.378326968503937
20
-4.432884803149606
11
5.3753088188976372
21
-4.4283678346456696
0
LINE
8
BLACK
6
CONTINUOUS
10
5.3753088188976372
20
-4.4283678346456696
11
5.3753086220472444
21
-4.4283675984251971
0
LINE
8
BLACK
6
CONTINUOUS
10
5.3753086220472444
20
-4.4283675984251971
11
5.3714675984251965
21
-4.4245265748031493
0
LINE
8
BLACK
6
CONTINUOUS
10
5.3714675984251965
20
-4.4245265748031493
11
5.371467362204724
21
-4.4245263779527555
0
LINE
8
BLACK
6
CONTINUOUS
10
5.371467362204724
20
-4.4245263779527555
11
5.3686842519685039
21
-4.4226667716535433
0
LINE
8
BLACK
6
CONTINUOUS
10
5.3686842519685039
20
-4.4226667716535433
11
5.3669504330708664
21
-4.4215082677165354
0
LINE
8
BLACK
6
CONTINUOUS
10
5.3669504330708664
20
-4.4215082677165354
11
5.3637854724409451
21
-4.4201972834645664
0
LINE
8
BLACK
6
CONTINUOUS
10
5.3637854724409451
20
-4.4201972834645664
11
5.3619315354330706
21
-4.4194293700787401
0
LINE
8
BLACK
6
CONTINUOUS
10
5.3619315354330706
20
-4.4194293700787401
11
5.3619314173228343
21
-4.4194293307086614
0
LINE
8
BLACK
6
CONTINUOUS
10
5.3619314173228343
20
-4.4194293307086614
11
5.3566033464566924
21
-4.4183694881889766
0
LINE
8
BLACK
6
CONTINUOUS
10
5.3566033464566924
20
-4.4183694881889766
11
5.3566032677165349
21
-4.4183694881889766
0
LINE
8
BLACK
6
CONTINUOUS
10
5.3566032677165349
20
-4.4183694881889766
11
5.35622968503937
21
-4.4183694881889766
0
LINE
8
BLACK
6
CONTINUOUS
10
5.35622968503937
20
-4.4183694881889766
11
5.3535477559055114
21
-4.4175820078740156
0
LINE
8
BLACK
6
CONTINUOUS
10
5.3535477559055114
20
-4.4175820078740156
11
5.3527220078740152
21
-4.4169165354330708
0
LINE
8
BLACK
6
CONTINUOUS
10
5.3527220078740152
20
-4.4169165354330708
11
5.2812571653543303
21
-4.345451692913386
0
LINE
8
BLACK
6
CONTINUOUS
10
5.2812571653543303
20
-4.345451692913386
11
5.2799175590551179
21
-4.3429984645669286
0
LINE
8
BLACK
6
CONTINUOUS
10
5.2799175590551179
20
-4.3429984645669286
11
5.2798042125984255
21
-4.3419440157480311
0
LINE
8
BLACK
6
CONTINUOUS
10
5.2798042125984255
20
-4.3419440157480311
11
5.2798042125984255
21
-4.1750393307086613
0
LINE
8
BLACK
6
CONTINUOUS
10
5.2798042125984255
20
-4.1750393307086613
11
5.2805916929133856
21
-4.1723574015748026
0
LINE
8
BLACK
6
CONTINUOUS
10
5.2805916929133856
20
-4.1723574015748026
11
5.2812573228346453
21
-4.1715314960629923
0
LINE
8
BLACK
6
CONTINUOUS
10
5.2812573228346453
20
-4.1715314960629923
11
5.2815211811023621
21
-4.1712676377952755
0
LINE
8
BLACK
6
CONTINUOUS
10
5.2815211811023621
20
-4.1712676377952755
11
5.2815212992125984
21
-4.1712675196850393
0
LINE
8
BLACK
6
CONTINUOUS
10
5.2815212992125984
20
-4.1712675196850393
11
5.2845394488188973
21
-4.166750551181102
0
LINE
8
BLACK
6
CONTINUOUS
10
5.2845394488188973
20
-4.166750551181102
11
5.2866183858267712
21
-4.1617315354330708
0
LINE
8
BLACK
6
CONTINUOUS
10
5.2866183858267712
20
-4.1617315354330708
11
5.287678228346457
21
-4.1564033858267715
0
LINE
8
BLACK
6
CONTINUOUS
10
5.287678228346457
20
-4.1564033858267715
11
5.287678228346457
21
-4.1509708661417326
0
LINE
8
BLACK
6
CONTINUOUS
10
5.287678228346457
20
-4.1509708661417326
11
5.2866183858267712
21
-4.1456427165354333
0
LINE
8
BLACK
6
CONTINUOUS
10
5.2866183858267712
20
-4.1456427165354333
11
5.2845394488188973
21
-4.1406237007874012
0
LINE
8
BLACK
6
CONTINUOUS
10
5.2845394488188973
20
-4.1406237007874012
11
5.2815212992125984
21
-4.1361067322834648
0
LINE
8
BLACK
6
CONTINUOUS
10
5.2815212992125984
20
-4.1361067322834648
11
5.2815211023622046
21
-4.1361064960629923
0
LINE
8
BLACK
6
CONTINUOUS
10
5.2815211023622046
20
-4.1361064960629923
11
5.2776800787401577
21
-4.1322654724409444
0
LINE
8
BLACK
6
CONTINUOUS
10
5.2776800787401577
20
-4.1322654724409444
11
5.2776798425196851
21
-4.1322652755905507
0
LINE
8
BLACK
6
CONTINUOUS
10
5.2776798425196851
20
-4.1322652755905507
11
5.27343311023622
21
-4.1294277165354334
0
LINE
8
BLACK
6
CONTINUOUS
10
5.27343311023622
20
-4.1294277165354334
11
5.2731629133858267
21
-4.1292471653543306
0
LINE
8
BLACK
6
CONTINUOUS
10
5.2731629133858267
20
-4.1292471653543306
11
5.2699979527559053
21
-4.1279361811023625
0
LINE
8
BLACK
6
CONTINUOUS
10
5.2699979527559053
20
-4.1279361811023625
11
5.2681440157480317
21
-4.1271682677165353
0
LINE
8
BLACK
6
CONTINUOUS
10
5.2681440157480317
20
-4.1271682677165353
11
5.2681438976377954
21
-4.1271682283464566
0
LINE
8
BLACK
6
CONTINUOUS
10
5.2681438976377954
20
-4.1271682283464566
11
5.2628158267716536
21
-4.1261083858267718
0
LINE
8
BLACK
6
CONTINUOUS
10
5.2628158267716536
20
-4.1261083858267718
11
5.2628157480314961
21
-4.1261083858267718
0
LINE
8
BLACK
6
CONTINUOUS
10
5.2628157480314961
20
-4.1261083858267718
11
5.2573832283464563
21
-4.1261083858267718
0
LINE
8
BLACK
6
CONTINUOUS
10
5.2573832283464563
20
-4.1261083858267718
11
5.2573831102362201
21
-4.1261083858267718
0
LINE
8
BLACK
6
CONTINUOUS
10
5.2573831102362201
20
-4.1261083858267718
11
5.2520550393700782
21
-4.1271682283464566
0
LINE
8
BLACK
6
CONTINUOUS
10
4.9904774409448818
20
-3.8912346456692912
11
4.9894175984251969
21
-3.8859064960629919
0
LINE
8
BLACK
6
CONTINUOUS
10
4.9894175984251969
20
-3.8859064960629919
11
4.987338661417323
21
-3.8808874803149607
0
LINE
8
BLACK
6
CONTINUOUS
10
4.987338661417323
20
-3.8808874803149607
11
4.9843205118110232
21
-3.8763705118110234
0
LINE
8
BLACK
6
CONTINUOUS
10
4.9843205118110232
20
-3.8763705118110234
11
4.9843203149606294
21
-3.8763702755905509
0
LINE
8
BLACK
6
CONTINUOUS
10
4.9843203149606294
20
-3.8763702755905509
11
4.9804792913385825
21
-3.8725292519685039
0
LINE
8
BLACK
6
CONTINUOUS
10
4.9804792913385825
20
-3.8725292519685039
11
4.98047905511811
21
-3.8725290551181102
0
LINE
8
BLACK
6
CONTINUOUS
10
4.98047905511811
20
-3.8725290551181102
11
4.9779932677165357
21
-3.8708681102362203
0
LINE
8
BLACK
6
CONTINUOUS
10
4.9779932677165357
20
-3.8708681102362203
11
4.9759621259842515
21
-3.8695109448818896
0
LINE
8
BLACK
6
CONTINUOUS
10
4.9759621259842515
20
-3.8695109448818896
11
4.972797165354331
21
-3.8681999606299211
0
LINE
8
BLACK
6
CONTINUOUS
10
4.972797165354331
20
-3.8681999606299211
11
4.9709432283464565
21
-3.8674320472440944
0
LINE
8
BLACK
6
CONTINUOUS
10
4.9709432283464565
20
-3.8674320472440944
11
4.9709431102362203
21
-3.8674320078740156
0
LINE
8
BLACK
6
CONTINUOUS
10
4.9709431102362203
20
-3.8674320078740156
11
4.9656150393700784
21
-3.8663721653543308
0
LINE
8
BLACK
6
CONTINUOUS
10
4.9656150393700784
20
-3.8663721653543308
11
4.9656149606299209
21
-3.8663721653543308
0
LINE
8
BLACK
6
CONTINUOUS
10
4.9656149606299209
20
-3.8663721653543308
11
4.960182440944882
21
-3.8663721653543308
0
LINE
8
BLACK
6
CONTINUOUS
10
4.960182440944882
20
-3.8663721653543308
11
4.9601823228346458
21
-3.8663721653543308
0
LINE
8
BLACK
6
CONTINUOUS
10
4.9601823228346458
20
-3.8663721653543308
11
4.9548542519685039
21
-3.8674320078740156
0
LINE
8
BLACK
6
CONTINUOUS
10
4.9548542519685039
20
-3.8674320078740156
11
4.9548541338582677
21
-3.8674320472440944
0
LINE
8
BLACK
6
CONTINUOUS
10
4.9548541338582677
20
-3.8674320472440944
11
4.9498352755905515
21
-3.8695109448818896
0
LINE
8
BLACK
6
CONTINUOUS
10
4.9498352755905515
20
-3.8695109448818896
11
4.9453183070866142
21
-3.8725290551181102
0
LINE
8
BLACK
6
CONTINUOUS
10
4.9453183070866142
20
-3.8725290551181102
11
4.9453180708661417
21
-3.8725292519685039
0
LINE
8
BLACK
6
CONTINUOUS
10
4.9453180708661417
20
-3.8725292519685039
11
4.9414770472440948
21
-3.8763702755905509
0
LINE
8
BLACK
6
CONTINUOUS
10
4.9414770472440948
20
-3.8763702755905509
11
4.941476850393701
21
-3.8763705118110234
0
LINE
8
BLACK
6
CONTINUOUS
10
4.941476850393701
20
-3.8763705118110234
11
4.93845874015748
21
-3.8808874803149607
0
LINE
8
BLACK
6
CONTINUOUS
10
4.93845874015748
20
-3.8808874803149607
11
4.9363798425196848
21
-3.8859063385826769
0
LINE
8
BLACK
6
CONTINUOUS
10
4.9363798425196848
20
-3.8859063385826769
11
4.936379803149606
21
-3.8859064566929131
0
LINE
8
BLACK
6
CONTINUOUS
10
4.936379803149606
20
-3.8859064566929131
11
4.9353199606299212
21
-3.891234527559055
0
LINE
8
BLACK
6
CONTINUOUS
10
4.9353199606299212
20
-3.891234527559055
11
4.9353199606299212
21
-4.3866672440944878
0
LINE
8
BLACK
6
CONTINUOUS
10
4.9353199606299212
20
-4.3866672440944878
11
4.9363528740157481
21
-4.3918599606299216
0
LINE
8
BLACK
6
CONTINUOUS
10
4.9363528740157481
20
-4.3918599606299216
11
4.9390932283464561
21
-4.3946003149606296
0
LINE
8
BLACK
6
CONTINUOUS
10
4.9390932283464561
20
-4.3946003149606296
11
4.941148779527559
21
-4.3981606299212599
0
LINE
8
BLACK
6
CONTINUOUS
10
4.941148779527559
20
-4.3981606299212599
11
4.9422127952755908
21
-4.4021316141732285
0
LINE
8
BLACK
6
CONTINUOUS
10
4.9422127952755908
20
-4.4021316141732285
11
4.9422127952755908
21
-4.4022672440944879
0
LINE
8
BLACK
6
CONTINUOUS
10
4.9422127952755908
20
-4.4022672440944879
11
4.9453180708661417
21
-4.4053725196850388
0
LINE
8
BLACK
6
CONTINUOUS
10
4.9453180708661417
20
-4.4053725196850388
11
4.9453183070866142
21
-4.4053727165354326
0
LINE
8
BLACK
6
CONTINUOUS
10
4.9453183070866142
20
-4.4053727165354326
11
4.9498352755905515
21
-4.4083908661417324
0
LINE
8
BLACK
6
CONTINUOUS
10
4.9498352755905515
20
-4.4083908661417324
11
4.9548542913385827
21
-4.4104698031496063
0
LINE
8
BLACK
6
CONTINUOUS
10
4.9548542913385827
20
-4.4104698031496063
11
4.960182440944882
21
-4.4115296456692912
0
LINE
8
BLACK
6
CONTINUOUS
10
4.960182440944882
20
-4.4115296456692912
11
4.9601824803149608
21
-4.4115296456692912
0
LINE
8
BLACK
6
CONTINUOUS
10
4.9601824803149608
20
-4.4115296456692912
11
4.9656149212598422
21
-4.4115296456692912
0
LINE
8
BLACK
6
CONTINUOUS
10
4.9656149212598422
20
-4.4115296456692912
11
4.9656149606299209
21
-4.4115296456692912
0
LINE
8
BLACK
6
CONTINUOUS
10
4.9656149606299209
20
-4.4115296456692912
11
4.9709431102362203
21
-4.4104698031496063
0
LINE
8
BLACK
6
CONTINUOUS
10
4.9709431102362203
20
-4.4104698031496063
11
4.9759621259842515
21
-4.4083908661417324
0
LINE
8
BLACK
6
CONTINUOUS
10
4.9759621259842515
20
-4.4083908661417324
11
4.9804790944881887
21
-4.4053727165354326
0
LINE
8
BLACK
6
CONTINUOUS
10
4.9804790944881887
20
-4.4053727165354326
11
4.9843205118110232
21
-4.4015312992125981
0
LINE
8
BLACK
6
CONTINUOUS
10
4.9843205118110232
20
-4.4015312992125981
11
4.987338661417323
21
-4.3970143307086609
0
LINE
8
BLACK
6
CONTINUOUS
10
4.987338661417323
20
-4.3970143307086609
11
4.9894175984251969
21
-4.3919953149606297
0
LINE
8
BLACK
6
CONTINUOUS
10
4.9894175984251969
20
-4.3919953149606297
11
4.9904774409448818
21
-4.3866671653543303
0
LINE
8
BLACK
6
CONTINUOUS
10
4.9904774409448818
20
-4.3866671653543303
11
4.9904774409448818
21
-4.1509707480314963
0
LINE
8
BLACK
6
CONTINUOUS
10
4.9904774409448818
20
-4.1509707480314963
11
4.9904774409448818
21
-4.1064707480314961
0
LINE
8
BLACK
6
CONTINUOUS
10
4.9904774409448818
20
-4.1064707480314961
11
4.9904774409448818
21
-3.8912346456692912
0
LINE
8
BLACK
6
CONTINUOUS
10
5.0390207480314961
20
-4.1064708661417324
11
5.0390207480314961
21
-4.1119033858267713
0
LINE
8
BLACK
6
CONTINUOUS
10
5.0390207480314961
20
-4.1119033858267713
11
5.040080590551181
21
-4.1172315354330706
0
LINE
8
BLACK
6
CONTINUOUS
10
5.040080590551181
20
-4.1172315354330706
11
5.0421595275590549
21
-4.1222505511811018
0
LINE
8
BLACK
6
CONTINUOUS
10
5.0421595275590549
20
-4.1222505511811018
11
5.0439664173228342
21
-4.1249547244094487
0
LINE
8
BLACK
6
CONTINUOUS
10
5.0439664173228342
20
-4.1249547244094487
11
5.0451776377952751
21
-4.1267674803149603
0
LINE
8
BLACK
6
CONTINUOUS
10
5.0451776377952751
20
-4.1267674803149603
11
5.0451778346456688
21
-4.1267677165354328
0
LINE
8
BLACK
6
CONTINUOUS
10
5.0451778346456688
20
-4.1267677165354328
11
5.0490188582677167
21
-4.1306087401574798
0
LINE
8
BLACK
6
CONTINUOUS
10
5.0490188582677167
20
-4.1306087401574798
11
5.0490190944881892
21
-4.1306089370078736
0
LINE
8
BLACK
6
CONTINUOUS
10
5.0490190944881892
20
-4.1306089370078736
11
5.0535360629921255
21
-4.1336270866141733
0
LINE
8
BLACK
6
CONTINUOUS
10
5.0535360629921255
20
-4.1336270866141733
11
5.0585550787401576
21
-4.1357060236220473
0
LINE
8
BLACK
6
CONTINUOUS
10
5.0585550787401576
20
-4.1357060236220473
11
5.063883228346457
21
-4.1367658661417321
0
LINE
8
BLACK
6
CONTINUOUS
10
5.063883228346457
20
-4.1367658661417321
11
5.0638832677165357
21
-4.1367658661417321
0
LINE
8
BLACK
6
CONTINUOUS
10
5.0638832677165357
20
-4.1367658661417321
11
5.0693157086614171
21
-4.1367658661417321
0
LINE
8
BLACK
6
CONTINUOUS
10
5.0693157086614171
20
-4.1367658661417321
11
5.0693157480314959
21
-4.1367658661417321
0
LINE
8
BLACK
6
CONTINUOUS
10
5.0693157480314959
20
-4.1367658661417321
11
5.0746438976377952
21
-4.1357060236220473
0
LINE
8
BLACK
6
CONTINUOUS
10
5.0746438976377952
20
-4.1357060236220473
11
5.0796629133858264
21
-4.1336270866141733
0
LINE
8
BLACK
6
CONTINUOUS
10
5.0796629133858264
20
-4.1336270866141733
11
5.0841798818897637
21
-4.1306089370078736
0
LINE
8
BLACK
6
CONTINUOUS
10
5.0841798818897637
20
-4.1306089370078736
11
5.0841800787401574
21
-4.1306087401574798
0
LINE
8
BLACK
6
CONTINUOUS
10
5.0841800787401574
20
-4.1306087401574798
11
5.0844440551181105
21
-4.1303448031496064
0
LINE
8
BLACK
6
CONTINUOUS
10
5.0844440551181105
20
-4.1303448031496064
11
5.0868972834645669
21
-4.129005196850394
0
LINE
8
BLACK
6
CONTINUOUS
10
5.0868972834645669
20
-4.129005196850394
11
5.0879517322834644
21
-4.1288918503937007
0
LINE
8
BLACK
6
CONTINUOUS
10
5.0879517322834644
20
-4.1288918503937007
11
5.1568708267716534
21
-4.1288918503937007
0
LINE
8
BLACK
6
CONTINUOUS
10
5.1568708267716534
20
-4.1288918503937007
11
5.1568709055118109
21
-4.1288918503937007
0
LINE
8
BLACK
6
CONTINUOUS
10
5.1568709055118109
20
-4.1288918503937007
11
5.1618824803149606
21
-4.1275490157480315
0
LINE
8
BLACK
6
CONTINUOUS
10
5.1618824803149606
20
-4.1275490157480315
11
5.166375708661417
21
-4.1249548425196849
0
LINE
8
BLACK
6
CONTINUOUS
10
5.166375708661417
20
-4.1249548425196849
11
5.1824818897637792
21
-4.108848622047244
0
LINE
8
BLACK
6
CONTINUOUS
10
5.1824818897637792
20
-4.108848622047244
11
5.1849350787401578
21
-4.1075091338582679
0
LINE
8
BLACK
6
CONTINUOUS
10
5.1849350787401578
20
-4.1075091338582679
11
5.1859895275590553
21
-4.1073957480314958
0
LINE
8
BLACK
6
CONTINUOUS
10
5.1859895275590553
20
-4.1073957480314958
11
5.9713103149606299
21
-4.1073957480314958
0
LINE
8
BLACK
6
CONTINUOUS
10
5.9713103149606299
20
-4.1073957480314958
11
5.9720126771653543
21
-4.1066933858267713
0
LINE
8
BLACK
6
CONTINUOUS
10
5.9720126771653543
20
-4.1066933858267713
11
5.9755729921259837
21
-4.1046378346456693
0
LINE
8
BLACK
6
CONTINUOUS
10
5.9755729921259837
20
-4.1046378346456693
11
5.9795439763779523
21
-4.1035738188976376
0
LINE
8
BLACK
6
CONTINUOUS
10
5.9795439763779523
20
-4.1035738188976376
11
5.9836549999999997
21
-4.1035738188976376
0
LINE
8
BLACK
6
CONTINUOUS
10
5.9836549999999997
20
-4.1035738188976376
11
5.9876259842519683
21
-4.1046378346456693
0
LINE
8
BLACK
6
CONTINUOUS
10
5.9876259842519683
20
-4.1046378346456693
11
5.9911862992125986
21
-4.1066933858267713
0
LINE
8
BLACK
6
CONTINUOUS
10
5.9911862992125986
20
-4.1066933858267713
11
5.991888661417323
21
-4.1073957480314958
0
LINE
8
BLACK
6
CONTINUOUS
10
5.991888661417323
20
-4.1073957480314958
11
6.2638866929133856
21
-4.1073957480314958
0
LINE
8
BLACK
6
CONTINUOUS
10
6.2638866929133856
20
-4.1073957480314958
11
6.2665686220472443
21
-4.1081832283464568
0
LINE
8
BLACK
6
CONTINUOUS
10
6.2665686220472443
20
-4.1081832283464568
11
6.2673943700787405
21
-4.1088487007874015
0
LINE
8
BLACK
6
CONTINUOUS
10
6.2673943700787405
20
-4.1088487007874015
11
6.2763662992125981
21
-4.1178206299212601
0
LINE
8
BLACK
6
CONTINUOUS
10
6.2763662992125981
20
-4.1178206299212601
11
6.2777059055118105
21
-4.1202738582677165
0
LINE
8
BLACK
6
CONTINUOUS
10
6.2777059055118105
20
-4.1202738582677165
11
6.2775064960629923
21
-4.1230618503937011
0
LINE
8
BLACK
6
CONTINUOUS
10
6.2775064960629923
20
-4.1230618503937011
11
6.2758314173228342
21
-4.1252994881889764
0
LINE
8
BLACK
6
CONTINUOUS
10
6.2758314173228342
20
-4.1252994881889764
11
6.273212519685039
21
-4.1262762992125985
0
LINE
8
BLACK
6
CONTINUOUS
10
6.273212519685039
20
-4.1262762992125985
11
6.2728586220472442
21
-4.1262889370078737
0
LINE
8
BLACK
6
CONTINUOUS
10
6.2728586220472442
20
-4.1262889370078737
11
6.2675636614173227
21
-4.1262889370078737
0
LINE
8
BLACK
6
CONTINUOUS
10
6.2675636614173227
20
-4.1262889370078737
11
6.2622355905511808
21
-4.1273487795275585
0
LINE
8
BLACK
6
CONTINUOUS
10
6.2622355905511808
20
-4.1273487795275585
11
6.2622354724409446
21
-4.1273488188976373
0
LINE
8
BLACK
6
CONTINUOUS
10
6.2622354724409446
20
-4.1273488188976373
11
6.2572166141732284
21
-4.1294277165354334
0
LINE
8
BLACK
6
CONTINUOUS
10
6.2572166141732284
20
-4.1294277165354334
11
6.2526996456692912
21
-4.1324458267716535
0
LINE
8
BLACK
6
CONTINUOUS
10
6.2526996456692912
20
-4.1324458267716535
11
6.2526994094488186
21
-4.1324460236220473
0
LINE
8
BLACK
6
CONTINUOUS
10
6.2526994094488186
20
-4.1324460236220473
11
6.2488583858267717
21
-4.1362870472440942
0
LINE
8
BLACK
6
CONTINUOUS
10
6.2488583858267717
20
-4.1362870472440942
11
6.2488581889763779
21
-4.1362872834645668
0
LINE
8
BLACK
6
CONTINUOUS
10
6.2488581889763779
20
-4.1362872834645668
11
6.2458400787401569
21
-4.140804251968504
0
LINE
8
BLACK
6
CONTINUOUS
10
6.2458400787401569
20
-4.140804251968504
11
6.2437611811023617
21
-4.1458231102362202
0
LINE
8
BLACK
6
CONTINUOUS
10
6.2437611811023617
20
-4.1458231102362202
11
6.2437611417322829
21
-4.1458232283464564
0
LINE
8
BLACK
6
CONTINUOUS
10
6.2437611417322829
20
-4.1458232283464564
11
6.2427012992125981
21
-4.1511512992125983
0
LINE
8
BLACK
6
CONTINUOUS
10
6.2427012992125981
20
-4.1511512992125983
11
6.2427012992125981
21
-4.1515249999999995
0
LINE
8
BLACK
6
CONTINUOUS
10
6.2427012992125981
20
-4.1515249999999995
11
6.241913818897638
21
-4.1542069291338581
0
LINE
8
BLACK
6
CONTINUOUS
10
6.241913818897638
20
-4.1542069291338581
11
6.2412483464566924
21
-4.1550326771653543
0
LINE
8
BLACK
6
CONTINUOUS
10
6.2412483464566924
20
-4.1550326771653543
11
6.0952477165354333
21
-4.3010333070866142
0
LINE
8
BLACK
6
CONTINUOUS
10
6.0952477165354333
20
-4.3010333070866142
11
6.092794488188976
21
-4.3023729133858266
0
LINE
8
BLACK
6
CONTINUOUS
10
6.092794488188976
20
-4.3023729133858266
11
6.0917400393700785
21
-4.30248625984252
0
LINE
8
BLACK
6
CONTINUOUS
10
6.0917400393700785
20
-4.30248625984252
11
5.9611975196850393
21
-4.30248625984252
0
LINE
8
BLACK
6
CONTINUOUS
10
5.9611975196850393
20
-4.30248625984252
11
5.5611898031496061
21
-4.30248625984252
0
LINE
8
BLACK
6
CONTINUOUS
10
5.5611898031496061
20
-4.30248625984252
11
5.5560014173228343
21
-4.30248625984252
0
LINE
8
BLACK
6
CONTINUOUS
10
5.5560014173228343
20
-4.30248625984252
11
5.5533158267716534
21
-4.3032058267716531
0
LINE
8
BLACK
6
CONTINUOUS
10
5.5533158267716534
20
-4.3032058267716531
11
5.5509899606299209
21
-4.3038290551181104
0
LINE
8
BLACK
6
CONTINUOUS
10
5.5509899606299209
20
-4.3038290551181104
11
5.5509896850393696
21
-4.3038291732283467
0
LINE
8
BLACK
6
CONTINUOUS
10
5.5509896850393696
20
-4.3038291732283467
11
5.5464967716535432
21
-4.3064231496062995
0
LINE
8
BLACK
6
CONTINUOUS
10
5.5464967716535432
20
-4.3064231496062995
11
5.5464965748031494
21
-4.3064233070866145
0
LINE
8
BLACK
6
CONTINUOUS
10
5.5464965748031494
20
-4.3064233070866145
11
5.5446622440944884
21
-4.3082576377952755
0
LINE
8
BLACK
6
CONTINUOUS
10
5.5446622440944884
20
-4.3082576377952755
11
5.5428279133858265
21
-4.3100920078740153
0
LINE
8
BLACK
6
CONTINUOUS
10
5.5428279133858265
20
-4.3100920078740153
11
5.5277644881889758
21
-4.3251554330708659
0
LINE
8
BLACK
6
CONTINUOUS
10
5.5277644881889758
20
-4.3251554330708659
11
5.5253112598425194
21
-4.3264950393700783
0
LINE
8
BLACK
6
CONTINUOUS
10
5.5253112598425194
20
-4.3264950393700783
11
5.5242568110236219
21
-4.3266083858267717
0
LINE
8
BLACK
6
CONTINUOUS
10
5.5242568110236219
20
-4.3266083858267717
11
5.5238831102362207
21
-4.3266083858267717
0
LINE
8
BLACK
6
CONTINUOUS
10
5.5238831102362207
20
-4.3266083858267717
11
5.5185550393700789
21
-4.3276682283464565
0
LINE
8
BLACK
6
CONTINUOUS
10
5.5185550393700789
20
-4.3276682283464565
11
5.5185549212598426
21
-4.3276682677165352
0
LINE
8
BLACK
6
CONTINUOUS
10
5.5185549212598426
20
-4.3276682677165352
11
5.5135360629921255
21
-4.3297471653543305
0
LINE
8
BLACK
6
CONTINUOUS
10
5.5135360629921255
20
-4.3297471653543305
11
5.5090190944881892
21
-4.3327652755905515
0
LINE
8
BLACK
6
CONTINUOUS
10
5.5090190944881892
20
-4.3327652755905515
11
5.5090188582677166
21
-4.3327654724409443
0
LINE
8
BLACK
6
CONTINUOUS
10
5.5090188582677166
20
-4.3327654724409443
11
5.5051778346456688
21
-4.3366064960629922
0
LINE
8
BLACK
6
CONTINUOUS
10
5.5051778346456688
20
-4.3366064960629922
11
5.505177637795275
21
-4.3366067322834647
0
LINE
8
BLACK
6
CONTINUOUS
10
5.505177637795275
20
-4.3366067322834647
11
5.5021595275590549
21
-4.3411237007874011
0
LINE
8
BLACK
6
CONTINUOUS
10
5.5021595275590549
20
-4.3411237007874011
11
5.5000806299212597
21
-4.3461425590551181
0
LINE
8
BLACK
6
CONTINUOUS
10
5.5000806299212597
20
-4.3461425590551181
11
5.5000805905511809
21
-4.3461426771653544
0
LINE
8
BLACK
6
CONTINUOUS
10
5.5000805905511809
20
-4.3461426771653544
11
5.4990207480314961
21
-4.3514707480314962
0
LINE
8
BLACK
6
CONTINUOUS
10
5.4990207480314961
20
-4.3514707480314962
11
5.4990207480314961
21
-4.3569034645669289
0
LINE
8
BLACK
6
CONTINUOUS
10
5.4990207480314961
20
-4.3569034645669289
11
5.5000805905511809
21
-4.3622315354330707
0
LINE
8
BLACK
6
CONTINUOUS
10
5.5000805905511809
20
-4.3622315354330707
11
5.5000806299212597
21
-4.362231653543307
0
LINE
8
BLACK
6
CONTINUOUS
10
5.5000806299212597
20
-4.362231653543307
11
5.5005643700787399
21
-4.3633994488188979
0
LINE
8
BLACK
6
CONTINUOUS
10
5.5005643700787399
20
-4.3633994488188979
11
5.5021595275590549
21
-4.3672505511811019
0
LINE
8
BLACK
6
CONTINUOUS
10
5.5021595275590549
20
-4.3672505511811019
11
5.5031249999999998
21
-4.3686954724409448
0
LINE
8
BLACK
6
CONTINUOUS
10
5.5031249999999998
20
-4.3686954724409448
11
5.505177637795275
21
-4.3717674803149604
0
LINE
8
BLACK
6
CONTINUOUS
10
5.505177637795275
20
-4.3717674803149604
11
5.5051778346456688
21
-4.3717677165354329
0
LINE
8
BLACK
6
CONTINUOUS
10
5.5051778346456688
20
-4.3717677165354329
11
5.5090188582677166
21
-4.3756087401574799
0
LINE
8
BLACK
6
CONTINUOUS
10
5.5090188582677166
20
-4.3756087401574799
11
5.5090190944881892
21
-4.3756089370078737
0
LINE
8
BLACK
6
CONTINUOUS
10
5.5090190944881892
20
-4.3756089370078737
11
5.5135360629921255
21
-4.3786270866141734
0
LINE
8
BLACK
6
CONTINUOUS
10
5.5135360629921255
20
-4.3786270866141734
11
5.5185550787401576
21
-4.3807060236220474
0
LINE
8
BLACK
6
CONTINUOUS
10
5.5185550787401576
20
-4.3807060236220474
11
5.523883228346457
21
-4.3817658661417322
0
LINE
8
BLACK
6
CONTINUOUS
10
5.523883228346457
20
-4.3817658661417322
11
5.5238832677165357
21
-4.3817658661417322
0
LINE
8
BLACK
6
CONTINUOUS
10
5.5238832677165357
20
-4.3817658661417322
11
5.5293157086614171
21
-4.3817658661417322
0
LINE
8
BLACK
6
CONTINUOUS
10
5.5293157086614171
20
-4.3817658661417322
11
5.5293157480314958
21
-4.3817658661417322
0
LINE
8
BLACK
6
CONTINUOUS
10
5.5293157480314958
20
-4.3817658661417322
11
5.5346438976377952
21
-4.3807060236220474
0
LINE
8
BLACK
6
CONTINUOUS
10
5.5346438976377952
20
-4.3807060236220474
11
5.5396629133858264
21
-4.3786270866141734
0
LINE
8
BLACK
6
CONTINUOUS
10
5.5396629133858264
20
-4.3786270866141734
11
5.5441798818897636
21
-4.3756089370078737
0
LINE
8
BLACK
6
CONTINUOUS
10
5.5441798818897636
20
-4.3756089370078737
11
5.5480212992125981
21
-4.3717675196850392
0
LINE
8
BLACK
6
CONTINUOUS
10
5.5480212992125981
20
-4.3717675196850392
11
5.5510394488188979
21
-4.3672505511811019
0
LINE
8
BLACK
6
CONTINUOUS
10
5.5510394488188979
20
-4.3672505511811019
11
5.5531183858267719
21
-4.3622315354330707
0
LINE
8
BLACK
6
CONTINUOUS
10
5.5531183858267719
20
-4.3622315354330707
11
5.5541782283464567
21
-4.3569033858267714
0
LINE
8
BLACK
6
CONTINUOUS
10
5.5541782283464567
20
-4.3569033858267714
11
5.5541782283464567
21
-4.3565297637795277
0
LINE
8
BLACK
6
CONTINUOUS
10
5.5541782283464567
20
-4.3565297637795277
11
5.5549657086614168
21
-4.353847834645669
0
LINE
8
BLACK
6
CONTINUOUS
10
5.5549657086614168
20
-4.353847834645669
11
5.5556311811023624
21
-4.3530220866141729
0
LINE
8
BLACK
6
CONTINUOUS
10
5.5556311811023624
20
-4.3530220866141729
11
5.5653046062992129
21
-4.3433486614173225
0
LINE
8
BLACK
6
CONTINUOUS
10
5.5653046062992129
20
-4.3433486614173225
11
5.5677578346456693
21
-4.3420090551181101
0
LINE
8
BLACK
6
CONTINUOUS
10
5.5677578346456693
20
-4.3420090551181101
11
5.5688122834645668
21
-4.3418957086614176
0
LINE
8
BLACK
6
CONTINUOUS
10
5.5688122834645668
20
-4.3418957086614176
11
5.8506064173228349
21
-4.3418957086614176
0
LINE
8
BLACK
6
CONTINUOUS
10
5.8506064173228349
20
-4.3418957086614176
11
5.8532883464566927
21
-4.3426831889763777
0
LINE
8
BLACK
6
CONTINUOUS
10
5.8532883464566927
20
-4.3426831889763777
11
5.855118779527559
21
-4.3447956299212596
0
LINE
8
BLACK
6
CONTINUOUS
10
5.855118779527559
20
-4.3447956299212596
11
5.8555165748031497
21
-4.3475623228346452
0
LINE
8
BLACK
6
CONTINUOUS
10
5.8555165748031497
20
-4.3475623228346452
11
5.8551894881889766
21
-4.3487544488188972
0
LINE
8
BLACK
6
CONTINUOUS
10
5.8551894881889766
20
-4.3487544488188972
11
5.8547422834645664
21
-4.3498342125984255
0
LINE
8
BLACK
6
CONTINUOUS
10
5.8547422834645664
20
-4.3498342125984255
11
5.8535805905511813
21
-4.35263874015748
0
LINE
8
BLACK
6
CONTINUOUS
10
5.8535805905511813
20
-4.35263874015748
11
5.8525207480314956
21
-4.3579668110236218
0
LINE
8
BLACK
6
CONTINUOUS
10
5.8525207480314956
20
-4.3579668110236218
11
5.8525207480314956
21
-4.3633995275590554
0
LINE
8
BLACK
6
CONTINUOUS
10
5.8525207480314956
20
-4.3633995275590554
11
5.8535805905511813
21
-4.3687275984251963
0
LINE
8
BLACK
6
CONTINUOUS
10
5.8535805905511813
20
-4.3687275984251963
11
5.85358062992126
21
-4.3687277165354326
0
LINE
8
BLACK
6
CONTINUOUS
10
5.85358062992126
20
-4.3687277165354326
11
5.8541929527559056
21
-4.3702059448818895
0
LINE
8
BLACK
6
CONTINUOUS
10
5.8541929527559056
20
-4.3702059448818895
11
5.8556595275590553
21
-4.3737466141732284
0
LINE
8
BLACK
6
CONTINUOUS
10
5.8556595275590553
20
-4.3737466141732284
11
5.8569037795275589
21
-4.3756087401574799
0
LINE
8
BLACK
6
CONTINUOUS
10
5.8569037795275589
20
-4.3756087401574799
11
5.8586776377952754
21
-4.3782635433070869
0
LINE
8
BLACK
6
CONTINUOUS
10
5.8586776377952754
20
-4.3782635433070869
11
5.8586778346456692
21
-4.3782637795275585
0
LINE
8
BLACK
6
CONTINUOUS
10
5.8586778346456692
20
-4.3782637795275585
11
5.8625188582677161
21
-4.3821048031496064
0
LINE
8
BLACK
6
CONTINUOUS
10
5.8625188582677161
20
-4.3821048031496064
11
5.8625190944881886
21
-4.3821050000000001
0
LINE
8
BLACK
6
CONTINUOUS
10
5.8625190944881886
20
-4.3821050000000001
11
5.8670360629921259
21
-4.385123149606299
0
LINE
8
BLACK
6
CONTINUOUS
10
5.8670360629921259
20
-4.385123149606299
11
5.8720550787401571
21
-4.387202086614173
0
LINE
8
BLACK
6
CONTINUOUS
10
5.8720550787401571
20
-4.387202086614173
11
5.8773832283464564
21
-4.3882619291338578
0
LINE
8
BLACK
6
CONTINUOUS
10
5.8773832283464564
20
-4.3882619291338578
11
5.8805407086614174
21
-4.3882619291338578
0
LINE
8
BLACK
6
CONTINUOUS
10
5.8805407086614174
20
-4.3882619291338578
11
5.8832226377952752
21
-4.3890494094488188
0
LINE
8
BLACK
6
CONTINUOUS
10
5.8832226377952752
20
-4.3890494094488188
11
5.8840483858267714
21
-4.3897148818897636
0
LINE
8
BLACK
6
CONTINUOUS
10
5.8840483858267714
20
-4.3897148818897636
11
5.9522128346456693
21
-4.4578793700787402
0
LINE
8
BLACK
6
CONTINUOUS
10
5.9522128346456693
20
-4.4578793700787402
11
5.9522130314960631
21
-4.4578795275590553
0
LINE
8
BLACK
6
CONTINUOUS
10
5.9522130314960631
20
-4.4578795275590553
11
5.9522131102362206
21
-4.4578796062992128
0
LINE
8
BLACK
6
CONTINUOUS
10
5.9522131102362206
20
-4.4578796062992128
11
5.9541738976377951
21
-4.4590116535433069
0
LINE
8
BLACK
6
CONTINUOUS
10
5.9541738976377951
20
-4.4590116535433069
11
5.9562575196850389
21
-4.460214645669291
0
LINE
8
BLACK
6
CONTINUOUS
10
5.9562575196850389
20
-4.460214645669291
11
5.96076842519685
21
-4.4614233464566926
0
LINE
8
BLACK
6
CONTINUOUS
10
5.96076842519685
20
-4.4614233464566926
11
6.0554934251968504
21
-4.4614233464566926
0
LINE
8
BLACK
6
CONTINUOUS
10
6.0554934251968504
20
-4.4614233464566926
11
6.0567787795275585
21
-4.4614233464566926
0
LINE
8
BLACK
6
CONTINUOUS
10
6.0567787795275585
20
-4.4614233464566926
11
6.0594607086614172
21
-4.4622108267716536
0
LINE
8
BLACK
6
CONTINUOUS
10
6.0594607086614172
20
-4.4622108267716536
11
6.0602862598425196
21
-4.4628761023622046
0
LINE
8
BLACK
6
CONTINUOUS
10
6.0602862598425196
20
-4.4628761023622046
11
6.0625190944881888
21
-4.4651089370078738
0
LINE
8
BLACK
6
CONTINUOUS
10
6.0625190944881888
20
-4.4651089370078738
11
6.0670360629921261
21
-4.4681270866141727
0
LINE
8
BLACK
6
CONTINUOUS
10
6.0670360629921261
20
-4.4681270866141727
11
6.0720550787401573
21
-4.4702060236220476
0
LINE
8
BLACK
6
CONTINUOUS
10
6.0720550787401573
20
-4.4702060236220476
11
6.0773832283464566
21
-4.4712658661417324
0
LINE
8
BLACK
6
CONTINUOUS
10
6.0773832283464566
20
-4.4712658661417324
11
6.0773832677165354
21
-4.4712658661417324
0
LINE
8
BLACK
6
CONTINUOUS
10
6.0773832677165354
20
-4.4712658661417324
11
6.0828157086614167
21
-4.4712658661417324
0
LINE
8
BLACK
6
CONTINUOUS
10
6.0828157086614167
20
-4.4712658661417324
11
6.0828157480314955
21
-4.4712658661417324
0
LINE
8
BLACK
6
CONTINUOUS
10
6.0828157480314955
20
-4.4712658661417324
11
6.0881438976377948
21
-4.4702060236220476
0
LINE
8
BLACK
6
CONTINUOUS
10
6.0881438976377948
20
-4.4702060236220476
11
6.0931629133858269
21
-4.4681270866141727
0
LINE
8
BLACK
6
CONTINUOUS
10
6.0931629133858269
20
-4.4681270866141727
11
6.0976798818897633
21
-4.4651089370078738
0
LINE
8
BLACK
6
CONTINUOUS
10
6.0976798818897633
20
-4.4651089370078738
11
6.1015212992125987
21
-4.4612675196850393
0
LINE
8
BLACK
6
CONTINUOUS
10
6.1015212992125987
20
-4.4612675196850393
11
6.1045394488188975
21
-4.4567505511811021
0
LINE
8
BLACK
6
CONTINUOUS
10
6.1045394488188975
20
-4.4567505511811021
11
6.1066183858267715
21
-4.4517315354330709
0
LINE
8
BLACK
6
CONTINUOUS
10
6.1066183858267715
20
-4.4517315354330709
11
6.1075370866141734
21
-4.4471127952755909
0
LINE
8
BLACK
6
CONTINUOUS
10
6.1075370866141734
20
-4.4471127952755909
11
6.1088326377952757
21
-4.444636102362205
0
LINE
8
BLACK
6
CONTINUOUS
10
6.1088326377952757
20
-4.444636102362205
11
6.1112615748031498
21
-4.4432529527559055
0
LINE
8
BLACK
6
CONTINUOUS
10
6.1112615748031498
20
-4.4432529527559055
11
6.1140527165354328
21
-4.4434025590551176
0
LINE
8
BLACK
6
CONTINUOUS
10
6.1140527165354328
20
-4.4434025590551176
11
6.1151583858267715
21
-4.4439560236220474
0
LINE
8
BLACK
6
CONTINUOUS
10
6.1151583858267715
20
-4.4439560236220474
11
6.1158087007874018
21
-4.4443905511811019
0
LINE
8
BLACK
6
CONTINUOUS
10
6.1158087007874018
20
-4.4443905511811019
11
6.120827716535433
21
-4.4464694881889759
0
LINE
8
BLACK
6
CONTINUOUS
10
6.120827716535433
20
-4.4464694881889759
11
6.1261558661417324
21
-4.4475293307086616
0
LINE
8
BLACK
6
CONTINUOUS
10
6.1261558661417324
20
-4.4475293307086616
11
6.1261559055118111
21
-4.4475293307086616
0
LINE
8
BLACK
6
CONTINUOUS
10
6.1261559055118111
20
-4.4475293307086616
11
6.1315883464566925
21
-4.4475293307086616
0
LINE
8
BLACK
6
CONTINUOUS
10
6.1315883464566925
20
-4.4475293307086616
11
6.1315883858267712
21
-4.4475293307086616
0
LINE
8
BLACK
6
CONTINUOUS
10
6.1315883858267712
20
-4.4475293307086616
11
6.1369165354330706
21
-4.4464694881889759
0
LINE
8
BLACK
6
CONTINUOUS
10
6.1369165354330706
20
-4.4464694881889759
11
6.1419355511811018
21
-4.4443905511811019
0
LINE
8
BLACK
6
CONTINUOUS
10
6.1419355511811018
20
-4.4443905511811019
11
6.146452519685039
21
-4.4413724015748031
0
LINE
8
BLACK
6
CONTINUOUS
10
6.146452519685039
20
-4.4413724015748031
11
6.1502939370078735
21
-4.4375309842519686
0
LINE
8
BLACK
6
CONTINUOUS
10
6.1502939370078735
20
-4.4375309842519686
11
6.1533120866141733
21
-4.4330140157480313
0
LINE
8
BLACK
6
CONTINUOUS
10
6.1533120866141733
20
-4.4330140157480313
11
6.1553910236220473
21
-4.4279950000000001
0
LINE
8
BLACK
6
CONTINUOUS
10
6.1553910236220473
20
-4.4279950000000001
11
6.1564508661417321
21
-4.4226668503937008
0
LINE
8
BLACK
6
CONTINUOUS
10
6.1564508661417321
20
-4.4226668503937008
11
6.1564508661417321
21
-4.417234330708661
0
LINE
8
BLACK
6
CONTINUOUS
10
6.1564508661417321
20
-4.417234330708661
11
6.1553910236220473
21
-4.4119061811023625
0
LINE
8
BLACK
6
CONTINUOUS
10
6.1553910236220473
20
-4.4119061811023625
11
6.1533120866141733
21
-4.4068871653543304
0
LINE
8
BLACK
6
CONTINUOUS
10
6.1533120866141733
20
-4.4068871653543304
11
6.1502939370078735
21
-4.4023701968503932
0
LINE
8
BLACK
6
CONTINUOUS
10
6.1502939370078735
20
-4.4023701968503932
11
6.1502937401574798
21
-4.4023699606299216
0
LINE
8
BLACK
6
CONTINUOUS
10
6.1502937401574798
20
-4.4023699606299216
11
6.1464527165354328
21
-4.3985289370078737
0
LINE
8
BLACK
6
CONTINUOUS
10
6.1464527165354328
20
-4.3985289370078737
11
6.1464524803149603
21
-4.39852874015748
0
LINE
8
BLACK
6
CONTINUOUS
10
6.1464524803149603
20
-4.39852874015748
11
6.1441859842519682
21
-4.3970143307086609
0
LINE
8
BLACK
6
CONTINUOUS
10
6.1441859842519682
20
-4.3970143307086609
11
6.1419355511811018
21
-4.3955106299212598
0
LINE
8
BLACK
6
CONTINUOUS
10
6.1419355511811018
20
-4.3955106299212598
11
6.1380849606299215
21
-4.3939156692913386
0
LINE
8
BLACK
6
CONTINUOUS
10
6.1380849606299215
20
-4.3939156692913386
11
6.1369166535433068
21
-4.3934317322834646
0
LINE
8
BLACK
6
CONTINUOUS
10
6.1369166535433068
20
-4.3934317322834646
11
6.1369165354330706
21
-4.3934316929133859
0
LINE
8
BLACK
6
CONTINUOUS
10
6.1369165354330706
20
-4.3934316929133859
11
6.1315884645669287
21
-4.392371850393701
0
LINE
8
BLACK
6
CONTINUOUS
10
6.1315884645669287
20
-4.392371850393701
11
6.1315883858267712
21
-4.392371850393701
0
LINE
8
BLACK
6
CONTINUOUS
10
6.1315883858267712
20
-4.392371850393701
11
6.1261558661417324
21
-4.392371850393701
0
LINE
8
BLACK
6
CONTINUOUS
10
6.1261558661417324
20
-4.392371850393701
11
6.1261556299212598
21
-4.392371850393701
0
LINE
8
BLACK
6
CONTINUOUS
10
6.1261556299212598
20
-4.392371850393701
11
6.1247423622047243
21
-4.392652992125984
0
LINE
8
BLACK
6
CONTINUOUS
10
6.1247423622047243
20
-4.392652992125984
11
6.1219583464566929
21
-4.3924038582677163
0
LINE
8
BLACK
6
CONTINUOUS
10
6.1219583464566929
20
-4.3924038582677163
11
6.1197509842519686
21
-4.3906890944881889
0
LINE
8
BLACK
6
CONTINUOUS
10
6.1197509842519686
20
-4.3906890944881889
11
6.1188211023622046
21
-4.3880531889763779
0
LINE
8
BLACK
6
CONTINUOUS
10
6.1188211023622046
20
-4.3880531889763779
11
6.1188333070866143
21
-4.3875072047244092
0
LINE
8
BLACK
6
CONTINUOUS
10
6.1188333070866143
20
-4.3875072047244092
11
6.1188333070866143
21
-4.381915354330709
0
LINE
8
BLACK
6
CONTINUOUS
10
6.1188333070866143
20
-4.381915354330709
11
6.1188332677165356
21
-4.381915196850394
0
LINE
8
BLACK
6
CONTINUOUS
10
6.1188332677165356
20
-4.381915196850394
11
6.118803582677165
21
-4.3817658661417322
0
LINE
8
BLACK
6
CONTINUOUS
10
6.118803582677165
20
-4.3817658661417322
11
6.1177734645669286
21
-4.3765871653543309
0
LINE
8
BLACK
6
CONTINUOUS
10
6.1177734645669286
20
-4.3765871653543309
11
6.1156945275590546
21
-4.3715681496062988
0
LINE
8
BLACK
6
CONTINUOUS
10
6.1156945275590546
20
-4.3715681496062988
11
6.1126763779527558
21
-4.3670511811023625
0
LINE
8
BLACK
6
CONTINUOUS
10
6.1126763779527558
20
-4.3670511811023625
11
6.112676181102362
21
-4.3670509448818899
0
LINE
8
BLACK
6
CONTINUOUS
10
6.112676181102362
20
-4.3670509448818899
11
6.108835157480315
21
-4.3632099212598421
0
LINE
8
BLACK
6
CONTINUOUS
10
6.108835157480315
20
-4.3632099212598421
11
6.1088349212598425
21
-4.3632097244094483
0
LINE
8
BLACK
6
CONTINUOUS
10
6.1088349212598425
20
-4.3632097244094483
11
6.1072920866141729
21
-4.3621788582677166
0
LINE
8
BLACK
6
CONTINUOUS
10
6.1072920866141729
20
-4.3621788582677166
11
6.104317992125984
21
-4.3601916141732282
0
LINE
8
BLACK
6
CONTINUOUS
10
6.104317992125984
20
-4.3601916141732282
11
6.1011530314960627
21
-4.3588806299212601
0
LINE
8
BLACK
6
CONTINUOUS
10
6.1011530314960627
20
-4.3588806299212601
11
6.0992990944881891
21
-4.358112716535433
0
LINE
8
BLACK
6
CONTINUOUS
10
6.0992990944881891
20
-4.358112716535433
11
6.0992989763779528
21
-4.3581126771653542
0
LINE
8
BLACK
6
CONTINUOUS
10
6.0992989763779528
20
-4.3581126771653542
11
6.093970905511811
21
-4.3570528346456694
0
LINE
8
BLACK
6
CONTINUOUS
10
6.093970905511811
20
-4.3570528346456694
11
6.0939708267716535
21
-4.3570528346456694
0
LINE
8
BLACK
6
CONTINUOUS
10
6.0939708267716535
20
-4.3570528346456694
11
6.0908133858267712
21
-4.3570528346456694
0
LINE
8
BLACK
6
CONTINUOUS
10
6.0908133858267712
20
-4.3570528346456694
11
6.0898283858267712
21
-4.3567636220472439
0
LINE
8
BLACK
6
CONTINUOUS
10
6.0898283858267712
20
-4.3567636220472439
11
6.0888105905511809
21
-4.3566305511811025
0
LINE
8
BLACK
6
CONTINUOUS
10
6.0888105905511809
20
-4.3566305511811025
11
6.0883868110236223
21
-4.3563403149606295
0
LINE
8
BLACK
6
CONTINUOUS
10
6.0883868110236223
20
-4.3563403149606295
11
6.0881314566929134
21
-4.3562653543307084
0
LINE
8
BLACK
6
CONTINUOUS
10
6.0881314566929134
20
-4.3562653543307084
11
6.0876131102362203
21
-4.3558824803149605
0
LINE
8
BLACK
6
CONTINUOUS
10
6.0876131102362203
20
-4.3558824803149605
11
6.0874536220472439
21
-4.3557477952755903
0
LINE
8
BLACK
6
CONTINUOUS
10
6.0874536220472439
20
-4.3557477952755903
11
6.0838500787401575
21
-4.3521443307086614
0
LINE
8
BLACK
6
CONTINUOUS
10
6.0838500787401575
20
-4.3521443307086614
11
6.0817494094488191
21
-4.3509315354330704
0
LINE
8
BLACK
6
CONTINUOUS
10
6.0817494094488191
20
-4.3509315354330704
11
6.0814119685039367
21
-4.3506466141732281
0
LINE
8
BLACK
6
CONTINUOUS
10
6.0814119685039367
20
-4.3506466141732281
11
6.0808750393700786
21
-4.3498342125984255
0
LINE
8
BLACK
6
CONTINUOUS
10
6.0808750393700786
20
-4.3498342125984255
11
6.0802030708661414
21
-4.3491294881889759
0
LINE
8
BLACK
6
CONTINUOUS
10
6.0802030708661414
20
-4.3491294881889759
11
6.0801181496062995
21
-4.3486889370078741
0
LINE
8
BLACK
6
CONTINUOUS
10
6.0801181496062995
20
-4.3486889370078741
11
6.0798708267716535
21
-4.3483147244094491
0
LINE
8
BLACK
6
CONTINUOUS
10
6.0798708267716535
20
-4.3483147244094491
11
6.0798583464566924
21
-4.3473410236220476
0
LINE
8
BLACK
6
CONTINUOUS
10
6.0798583464566924
20
-4.3473410236220476
11
6.0796740551181099
21
-4.3463848425196847
0
LINE
8
BLACK
6
CONTINUOUS
10
6.0796740551181099
20
-4.3463848425196847
11
6.0798407480314962
21
-4.3459683464566927
0
LINE
8
BLACK
6
CONTINUOUS
10
6.0798407480314962
20
-4.3459683464566927
11
6.0798350393700789
21
-4.3455198031496058
0
LINE
8
BLACK
6
CONTINUOUS
10
6.0798350393700789
20
-4.3455198031496058
11
6.0803509448818893
21
-4.3446938976377956
0
LINE
8
BLACK
6
CONTINUOUS
10
6.0803509448818893
20
-4.3446938976377956
11
6.0807128740157479
21
-4.3437899212598428
0
LINE
8
BLACK
6
CONTINUOUS
10
6.0807128740157479
20
-4.3437899212598428
11
6.0810782677165349
21
-4.3435296850393703
0
LINE
8
BLACK
6
CONTINUOUS
10
6.0810782677165349
20
-4.3435296850393703
11
6.081315984251968
21
-4.3431492125984255
0
LINE
8
BLACK
6
CONTINUOUS
10
6.081315984251968
20
-4.3431492125984255
11
6.0821965354330709
21
-4.3427333464566926
0
LINE
8
BLACK
6
CONTINUOUS
10
6.0821965354330709
20
-4.3427333464566926
11
6.0829897244094484
21
-4.3421685433070865
0
LINE
8
BLACK
6
CONTINUOUS
10
6.0829897244094484
20
-4.3421685433070865
11
6.0836153937007875
21
-4.3420633070866144
0
LINE
8
BLACK
6
CONTINUOUS
10
6.0836153937007875
20
-4.3420633070866144
11
6.0838434645669288
21
-4.3419556299212596
0
LINE
8
BLACK
6
CONTINUOUS
10
6.0838434645669288
20
-4.3419556299212596
11
6.0840754724409445
21
-4.3419859448818894
0
LINE
8
BLACK
6
CONTINUOUS
10
6.0840754724409445
20
-4.3419859448818894
11
6.0846122440944876
21
-4.3418957086614176
0
LINE
8
BLACK
6
CONTINUOUS
10
6.0846122440944876
20
-4.3418957086614176
11
6.1045508267716535
21
-4.3418957086614176
0
LINE
8
BLACK
6
CONTINUOUS
10
6.1045508267716535
20
-4.3418957086614176
11
6.104550905511811
21
-4.3418957086614176
0
LINE
8
BLACK
6
CONTINUOUS
10
6.104550905511811
20
-4.3418957086614176
11
6.1095624803149606
21
-4.3405528740157475
0
LINE
8
BLACK
6
CONTINUOUS
10
6.1095624803149606
20
-4.3405528740157475
11
6.1140557086614171
21
-4.3379587007874019
0
LINE
8
BLACK
6
CONTINUOUS
10
6.1140557086614171
20
-4.3379587007874019
11
6.269115039370079
21
-4.18289937007874
0
LINE
8
BLACK
6
CONTINUOUS
10
6.269115039370079
20
-4.18289937007874
11
6.2715682677165354
21
-4.1815597637795276
0
LINE
8
BLACK
6
CONTINUOUS
10
6.2715682677165354
20
-4.1815597637795276
11
6.2726227165354329
21
-4.1814464173228343
0
LINE
8
BLACK
6
CONTINUOUS
10
6.2726227165354329
20
-4.1814464173228343
11
6.27299625984252
21
-4.1814464173228343
0
LINE
8
BLACK
6
CONTINUOUS
10
6.27299625984252
20
-4.1814464173228343
11
6.2729962992125987
21
-4.1814464173228343
0
LINE
8
BLACK
6
CONTINUOUS
10
6.2729962992125987
20
-4.1814464173228343
11
6.2783244488188972
21
-4.1803865748031495
0
LINE
8
BLACK
6
CONTINUOUS
10
6.2783244488188972
20
-4.1803865748031495
11
6.2833434645669293
21
-4.1783076377952755
0
LINE
8
BLACK
6
CONTINUOUS
10
6.2833434645669293
20
-4.1783076377952755
11
6.2878604330708656
21
-4.1752894881889766
0
LINE
8
BLACK
6
CONTINUOUS
10
6.2878604330708656
20
-4.1752894881889766
11
6.291701850393701
21
-4.1714480708661412
0
LINE
8
BLACK
6
CONTINUOUS
10
6.291701850393701
20
-4.1714480708661412
11
6.2947199999999999
21
-4.1669311023622049
0
LINE
8
BLACK
6
CONTINUOUS
10
6.2947199999999999
20
-4.1669311023622049
11
6.2967989370078739
21
-4.1619120866141728
0
LINE
8
BLACK
6
CONTINUOUS
10
6.2967989370078739
20
-4.1619120866141728
11
6.2972863385826772
21
-4.1594616929133856
0
LINE
8
BLACK
6
CONTINUOUS
10
6.2972863385826772
20
-4.1594616929133856
11
6.2985819291338583
21
-4.1569849999999997
0
LINE
8
BLACK
6
CONTINUOUS
10
6.2985819291338583
20
-4.1569849999999997
11
6.3010108661417323
21
-4.1556018503937011
0
LINE
8
BLACK
6
CONTINUOUS
10
6.3010108661417323
20
-4.1556018503937011
11
6.3038020078740153
21
-4.1557514566929132
0
LINE
8
BLACK
6
CONTINUOUS
10
6.3038020078740153
20
-4.1557514566929132
11
6.3060691732283463
21
-4.1573863385826773
0
LINE
8
BLACK
6
CONTINUOUS
10
6.3060691732283463
20
-4.1573863385826773
11
6.3062762598425195
21
-4.1576735433070864
0
LINE
8
BLACK
6
CONTINUOUS
10
6.3062762598425195
20
-4.1576735433070864
11
6.3086776377952756
21
-4.1612674803149607
0
LINE
8
BLACK
6
CONTINUOUS
10
6.3086776377952756
20
-4.1612674803149607
11
6.3086778346456693
21
-4.1612677165354333
0
LINE
8
BLACK
6
CONTINUOUS
10
6.3086778346456693
20
-4.1612677165354333
11
6.3125188582677163
21
-4.1651087401574802
0
LINE
8
BLACK
6
CONTINUOUS
10
6.3125188582677163
20
-4.1651087401574802
11
6.3125190944881888
21
-4.165108937007874
0
LINE
8
BLACK
6
CONTINUOUS
10
6.3125190944881888
20
-4.165108937007874
11
6.3170360629921261
21
-4.1681270866141729
0
LINE
8
BLACK
6
CONTINUOUS
10
6.3170360629921261
20
-4.1681270866141729
11
6.3220550787401573
21
-4.1702060236220468
0
LINE
8
BLACK
6
CONTINUOUS
10
6.3220550787401573
20
-4.1702060236220468
11
6.3273832283464566
21
-4.1712658661417326
0
LINE
8
BLACK
6
CONTINUOUS
10
6.3273832283464566
20
-4.1712658661417326
11
6.3273832677165354
21
-4.1712658661417326
0
LINE
8
BLACK
6
CONTINUOUS
10
6.3273832677165354
20
-4.1712658661417326
11
6.3328157086614167
21
-4.1712658661417326
0
LINE
8
BLACK
6
CONTINUOUS
10
6.3328157086614167
20
-4.1712658661417326
11
6.3328157480314955
21
-4.1712658661417326
0
LINE
8
BLACK
6
CONTINUOUS
10
6.3328157480314955
20
-4.1712658661417326
11
6.3381438976377948
21
-4.1702060236220468
0
LINE
8
BLACK
6
CONTINUOUS
10
6.3381438976377948
20
-4.1702060236220468
11
6.3431629133858269
21
-4.1681270866141729
0
LINE
8
BLACK
6
CONTINUOUS
10
6.3431629133858269
20
-4.1681270866141729
11
6.3446466535433066
21
-4.1671356299212601
0
LINE
8
BLACK
6
CONTINUOUS
10
6.3446466535433066
20
-4.1671356299212601
11
6.3473140944881887
21
-4.1663004330708659
0
LINE
8
BLACK
6
CONTINUOUS
10
6.3473140944881887
20
-4.1663004330708659
11
6.3500096456692914
21
-4.1670399212598426
0
LINE
8
BLACK
6
CONTINUOUS
10
6.3500096456692914
20
-4.1670399212598426
11
6.3518774803149602
21
-4.1691193307086616
0
LINE
8
BLACK
6
CONTINUOUS
10
6.3518774803149602
20
-4.1691193307086616
11
6.3523632677165356
21
-4.1712602755905515
0
LINE
8
BLACK
6
CONTINUOUS
10
6.3523632677165356
20
-4.1712602755905515
11
6.3523632677165356
21
-4.3103663779527555
0
LINE
8
BLACK
6
CONTINUOUS
10
6.3523632677165356
20
-4.3103663779527555
11
6.3515757874015746
21
-4.3130483070866141
0
LINE
8
BLACK
6
CONTINUOUS
10
6.3515757874015746
20
-4.3130483070866141
11
6.3509103149606299
21
-4.3138740551181103
0
LINE
8
BLACK
6
CONTINUOUS
10
6.3509103149606299
20
-4.3138740551181103
11
6.3486778346456694
21
-4.316106496062992
0
LINE
8
BLACK
6
CONTINUOUS
10
6.3486778346456694
20
-4.316106496062992
11
6.3486776377952756
21
-4.3161067322834645
0
LINE
8
BLACK
6
CONTINUOUS
10
6.3486776377952756
20
-4.3161067322834645
11
6.3456595275590546
21
-4.3206237007874018
0
LINE
8
BLACK
6
CONTINUOUS
10
6.3456595275590546
20
-4.3206237007874018
11
6.3435806299212594
21
-4.325642559055118
0
LINE
8
BLACK
6
CONTINUOUS
10
6.3435806299212594
20
-4.325642559055118
11
6.3435805905511806
21
-4.3256426771653542
0
LINE
8
BLACK
6
CONTINUOUS
10
6.3435805905511806
20
-4.3256426771653542
11
6.3425207480314958
21
-4.3309707480314961
0
LINE
8
BLACK
6
CONTINUOUS
10
6.3425207480314958
20
-4.3309707480314961
11
6.3425207480314958
21
-4.3364034645669287
0
LINE
8
BLACK
6
CONTINUOUS
10
6.3425207480314958
20
-4.3364034645669287
11
6.3435805905511806
21
-4.3417315354330706
0
LINE
8
BLACK
6
CONTINUOUS
10
6.3435805905511806
20
-4.3417315354330706
11
6.3435806299212594
21
-4.3417316535433068
0
LINE
8
BLACK
6
CONTINUOUS
10
6.3435806299212594
20
-4.3417316535433068
11
6.3437616141732285
21
-4.3421685433070865
0
LINE
8
BLACK
6
CONTINUOUS
10
6.3437616141732285
20
-4.3421685433070865
11
6.3456595275590546
21
-4.3467505511811027
0
LINE
8
BLACK
6
CONTINUOUS
10
6.3456595275590546
20
-4.3467505511811027
11
6.3472490944881885
21
-4.3491294881889759
0
LINE
8
BLACK
6
CONTINUOUS
10
6.3472490944881885
20
-4.3491294881889759
11
6.3486776377952756
21
-4.3512674803149602
0
LINE
8
BLACK
6
CONTINUOUS
10
6.3486776377952756
20
-4.3512674803149602
11
6.3486778346456694
21
-4.3512677165354328
0
LINE
8
BLACK
6
CONTINUOUS
10
6.3486778346456694
20
-4.3512677165354328
11
6.3525188582677163
21
-4.3551087401574806
0
LINE
8
BLACK
6
CONTINUOUS
10
6.3525188582677163
20
-4.3551087401574806
11
6.3525190944881889
21
-4.3551089370078735
0
LINE
8
BLACK
6
CONTINUOUS
10
6.3525190944881889
20
-4.3551089370078735
11
6.3570360629921261
21
-4.3581270866141733
0
LINE
8
BLACK
6
CONTINUOUS
10
6.3570360629921261
20
-4.3581270866141733
11
6.3620550787401573
21
-4.3602060236220472
0
LINE
8
BLACK
6
CONTINUOUS
10
6.3620550787401573
20
-4.3602060236220472
11
6.3673832283464566
21
-4.3612658661417321
0
LINE
8
BLACK
6
CONTINUOUS
10
6.3673832283464566
20
-4.3612658661417321
11
6.3673832677165354
21
-4.3612658661417321
0
LINE
8
BLACK
6
CONTINUOUS
10
6.3673832677165354
20
-4.3612658661417321
11
6.3728157086614168
21
-4.3612658661417321
0
LINE
8
BLACK
6
CONTINUOUS
10
6.3728157086614168
20
-4.3612658661417321
11
6.3728157480314955
21
-4.3612658661417321
0
LINE
8
BLACK
6
CONTINUOUS
10
6.3728157480314955
20
-4.3612658661417321
11
6.3781438976377949
21
-4.3602060236220472
0
LINE
8
BLACK
6
CONTINUOUS
10
6.3781438976377949
20
-4.3602060236220472
11
6.383162913385827
21
-4.3581270866141733
0
LINE
8
BLACK
6
CONTINUOUS
10
6.383162913385827
20
-4.3581270866141733
11
6.3876798818897633
21
-4.3551089370078735
0
LINE
8
BLACK
6
CONTINUOUS
10
6.3876798818897633
20
-4.3551089370078735
11
6.3915212992125987
21
-4.351267519685039
0
LINE
8
BLACK
6
CONTINUOUS
10
6.3915212992125987
20
-4.351267519685039
11
6.394089566929134
21
-4.3474238188976377
0
LINE
8
BLACK
6
CONTINUOUS
10
6.394089566929134
20
-4.3474238188976377
11
6.3962342125984248
21
-4.3456314960629916
0
LINE
8
BLACK
6
CONTINUOUS
10
6.3962342125984248
20
-4.3456314960629916
11
6.3990075590551179
21
-4.3452831102362204
0
LINE
8
BLACK
6
CONTINUOUS
10
6.3990075590551179
20
-4.3452831102362204
11
6.4015289763779526
21
-4.3464894488188976
0
LINE
8
BLACK
6
CONTINUOUS
10
6.4015289763779526
20
-4.3464894488188976
11
6.4029979527559053
21
-4.3488674409448818
0
LINE
8
BLACK
6
CONTINUOUS
10
6.4029979527559053
20
-4.3488674409448818
11
6.4030794094488188
21
-4.3492120472440945
0
LINE
8
BLACK
6
CONTINUOUS
10
6.4030794094488188
20
-4.3492120472440945
11
6.4035805905511811
21
-4.3517316141732278
0
LINE
8
BLACK
6
CONTINUOUS
10
6.4035805905511811
20
-4.3517316141732278
11
6.4035806299212599
21
-4.3517316535433066
0
LINE
8
BLACK
6
CONTINUOUS
10
6.4035806299212599
20
-4.3517316535433066
11
6.4056595275590551
21
-4.3567505511811024
0
LINE
8
BLACK
6
CONTINUOUS
10
6.4056595275590551
20
-4.3567505511811024
11
6.4066898425196852
21
-4.3582925196850395
0
LINE
8
BLACK
6
CONTINUOUS
10
6.4066898425196852
20
-4.3582925196850395
11
6.4086776377952752
21
-4.3612674803149609
0
LINE
8
BLACK
6
CONTINUOUS
10
6.4086776377952752
20
-4.3612674803149609
11
6.408677834645669
21
-4.3612677165354325
0
LINE
8
BLACK
6
CONTINUOUS
10
6.408677834645669
20
-4.3612677165354325
11
6.4125188582677159
21
-4.3651087401574804
0
LINE
8
BLACK
6
CONTINUOUS
10
6.4125188582677159
20
-4.3651087401574804
11
6.4125190944881885
21
-4.3651089370078742
0
LINE
8
BLACK
6
CONTINUOUS
10
6.4125190944881885
20
-4.3651089370078742
11
6.4170360629921257
21
-4.368127086614173
0
LINE
8
BLACK
6
CONTINUOUS
10
6.4170360629921257
20
-4.368127086614173
11
6.4220550787401569
21
-4.370206023622047
0
LINE
8
BLACK
6
CONTINUOUS
10
6.4220550787401569
20
-4.370206023622047
11
6.4273832283464563
21
-4.3712658661417318
0
LINE
8
BLACK
6
CONTINUOUS
10
6.4273832283464563
20
-4.3712658661417318
11
6.427383267716535
21
-4.3712658661417318
0
LINE
8
BLACK
6
CONTINUOUS
10
6.427383267716535
20
-4.3712658661417318
11
6.4328157086614173
21
-4.3712658661417318
0
LINE
8
BLACK
6
CONTINUOUS
10
6.4328157086614173
20
-4.3712658661417318
11
6.432815748031496
21
-4.3712658661417318
0
LINE
8
BLACK
6
CONTINUOUS
10
6.432815748031496
20
-4.3712658661417318
11
6.4381438976377954
21
-4.370206023622047
0
LINE
8
BLACK
6
CONTINUOUS
10
6.4381438976377954
20
-4.370206023622047
11
6.4431629133858266
21
-4.368127086614173
0
LINE
8
BLACK
6
CONTINUOUS
10
6.4431629133858266
20
-4.368127086614173
11
6.4476798818897638
21
-4.3651089370078742
0
LINE
8
BLACK
6
CONTINUOUS
10
6.4476798818897638
20
-4.3651089370078742
11
6.4515212992125983
21
-4.3612675196850397
0
LINE
8
BLACK
6
CONTINUOUS
10
6.4515212992125983
20
-4.3612675196850397
11
6.4545394488188972
21
-4.3567505511811024
0
LINE
8
BLACK
6
CONTINUOUS
10
6.4545394488188972
20
-4.3567505511811024
11
6.4566183858267712
21
-4.3517315354330703
0
LINE
8
BLACK
6
CONTINUOUS
10
6.4566183858267712
20
-4.3517315354330703
11
6.4576782283464569
21
-4.3464033858267719
0
LINE
8
BLACK
6
CONTINUOUS
10
6.4576782283464569
20
-4.3464033858267719
11
6.4576782283464569
21
-4.3409708661417321
0
LINE
8
BLACK
6
CONTINUOUS
10
6.4576782283464569
20
-4.3409708661417321
11
6.4566183858267712
21
-4.3356427165354328
0
LINE
8
BLACK
6
CONTINUOUS
10
6.4566183858267712
20
-4.3356427165354328
11
6.4545394488188972
21
-4.3306237007874016
0
LINE
8
BLACK
6
CONTINUOUS
10
6.4545394488188972
20
-4.3306237007874016
11
6.4515212992125983
21
-4.3261067322834643
0
LINE
8
BLACK
6
CONTINUOUS
10
6.4515212992125983
20
-4.3261067322834643
11
6.4515211023622046
21
-4.3261064960629918
0
LINE
8
BLACK
6
CONTINUOUS
10
6.4515211023622046
20
-4.3261064960629918
11
6.4476800787401576
21
-4.3222654724409448
0
LINE
8
BLACK
6
CONTINUOUS
10
6.4476800787401576
20
-4.3222654724409448
11
6.4476798425196851
21
-4.3222652755905511
0
LINE
8
BLACK
6
CONTINUOUS
10
6.4476798425196851
20
-4.3222652755905511
11
6.445223031496063
21
-4.3206237007874018
0
LINE
8
BLACK
6
CONTINUOUS
10
6.445223031496063
20
-4.3206237007874018
11
6.4431629133858266
21
-4.319247165354331
0
LINE
8
BLACK
6
CONTINUOUS
10
6.4431629133858266
20
-4.319247165354331
11
6.4399979527559053
21
-4.317936181102362
0
LINE
8
BLACK
6
CONTINUOUS
10
6.4399979527559053
20
-4.317936181102362
11
6.4381440157480316
21
-4.3171682677165357
0
LINE
8
BLACK
6
CONTINUOUS
10
6.4381440157480316
20
-4.3171682677165357
11
6.4381438976377954
21
-4.317168228346457
0
LINE
8
BLACK
6
CONTINUOUS
10
6.4381438976377954
20
-4.317168228346457
11
6.4328158267716535
21
-4.3161083858267713
0
LINE
8
BLACK
6
CONTINUOUS
10
6.4328158267716535
20
-4.3161083858267713
11
6.432815748031496
21
-4.3161083858267713
0
LINE
8
BLACK
6
CONTINUOUS
10
6.432815748031496
20
-4.3161083858267713
11
6.429658267716535
21
-4.3161083858267713
0
LINE
8
BLACK
6
CONTINUOUS
10
6.429658267716535
20
-4.3161083858267713
11
6.4269763385826773
21
-4.3153209055118111
0
LINE
8
BLACK
6
CONTINUOUS
10
6.4269763385826773
20
-4.3153209055118111
11
6.4261505905511811
21
-4.3146554330708664
0
LINE
8
BLACK
6
CONTINUOUS
10
6.4261505905511811
20
-4.3146554330708664
11
6.4089740944881886
21
-4.2974789370078739
0
LINE
8
BLACK
6
CONTINUOUS
10
6.4089740944881886
20
-4.2974789370078739
11
6.4076344881889762
21
-4.2950257086614174
0
LINE
8
BLACK
6
CONTINUOUS
10
6.4076344881889762
20
-4.2950257086614174
11
6.4075211417322837
21
-4.2939712598425199
0
LINE
8
BLACK
6
CONTINUOUS
10
6.4075211417322837
20
-4.2939712598425199
11
6.4075211417322837
21
-3.903403031496063
0
LINE
8
BLACK
6
CONTINUOUS
10
6.4075211417322837
20
-3.903403031496063
11
6.4083086220472438
21
-3.9007211023622048
0
LINE
8
BLACK
6
CONTINUOUS
10
6.4083086220472438
20
-3.9007211023622048
11
6.4089740944881886
21
-3.8998953543307087
0
LINE
8
BLACK
6
CONTINUOUS
10
6.4089740944881886
20
-3.8998953543307087
11
6.4161505511811026
21
-3.8927188976377951
0
LINE
8
BLACK
6
CONTINUOUS
10
6.4161505511811026
20
-3.8927188976377951
11
6.418603779527559
21
-3.8913792913385827
0
LINE
8
BLACK
6
CONTINUOUS
10
6.418603779527559
20
-3.8913792913385827
11
6.4196582283464565
21
-3.8912659448818898
0
LINE
8
BLACK
6
CONTINUOUS
10
6.4196582283464565
20
-3.8912659448818898
11
6.4228156692913387
21
-3.8912659448818898
0
LINE
8
BLACK
6
CONTINUOUS
10
6.4228156692913387
20
-3.8912659448818898
11
6.4228157086614175
21
-3.8912659448818898
0
LINE
8
BLACK
6
CONTINUOUS
10
6.4228157086614175
20
-3.8912659448818898
11
6.4281438582677159
21
-3.8902061023622045
0
LINE
8
BLACK
6
CONTINUOUS
10
6.4281438582677159
20
-3.8902061023622045
11
6.433162874015748
21
-3.8881271653543306
0
LINE
8
BLACK
6
CONTINUOUS
10
6.433162874015748
20
-3.8881271653543306
11
6.4376798425196853
21
-3.8851090157480312
0
LINE
8
BLACK
6
CONTINUOUS
10
6.4376798425196853
20
-3.8851090157480312
11
6.4415212598425198
21
-3.8812675984251968
0
LINE
8
BLACK
6
CONTINUOUS
10
6.4415212598425198
20
-3.8812675984251968
11
6.4445394094488186
21
-3.87675062992126
0
LINE
8
BLACK
6
CONTINUOUS
10
6.4445394094488186
20
-3.87675062992126
11
6.4466183464566926
21
-3.8717316141732283
0
LINE
8
BLACK
6
CONTINUOUS
10
6.4466183464566926
20
-3.8717316141732283
11
6.4476781889763775
21
-3.866403464566929
0
LINE
8
BLACK
6
CONTINUOUS
10
6.4476781889763775
20
-3.866403464566929
11
6.4476781889763775
21
-3.8609709448818896
0
LINE
8
BLACK
6
CONTINUOUS
10
6.4476781889763775
20
-3.8609709448818896
11
6.4466183464566926
21
-3.8556427952755903
0
LINE
8
BLACK
6
CONTINUOUS
10
6.4466183464566926
20
-3.8556427952755903
11
6.4445394094488186
21
-3.8506237795275591
0
LINE
8
BLACK
6
CONTINUOUS
10
6.4445394094488186
20
-3.8506237795275591
11
6.4415212598425198
21
-3.8461068110236218
0
LINE
8
BLACK
6
CONTINUOUS
10
6.4415212598425198
20
-3.8461068110236218
11
6.441521062992126
21
-3.8461065748031493
0
LINE
8
BLACK
6
CONTINUOUS
10
6.441521062992126
20
-3.8461065748031493
11
6.4376800393700782
21
-3.8422655511811024
0
LINE
8
BLACK
6
CONTINUOUS
10
6.4376800393700782
20
-3.8422655511811024
11
6.4376798031496065
21
-3.8422653543307086
0
LINE
8
BLACK
6
CONTINUOUS
10
6.4376798031496065
20
-3.8422653543307086
11
6.4361809842519682
21
-3.8412638582677165
0
LINE
8
BLACK
6
CONTINUOUS
10
6.4361809842519682
20
-3.8412638582677165
11
6.433162874015748
21
-3.839247244094488
0
LINE
8
BLACK
6
CONTINUOUS
10
6.433162874015748
20
-3.839247244094488
11
6.4299979133858267
21
-3.8379362598425195
0
LINE
8
BLACK
6
CONTINUOUS
10
6.4299979133858267
20
-3.8379362598425195
11
6.4281439763779522
21
-3.8371683464566928
0
LINE
8
BLACK
6
CONTINUOUS
10
6.4281439763779522
20
-3.8371683464566928
11
6.4281438582677159
21
-3.837168307086614
0
LINE
8
BLACK
6
CONTINUOUS
10
6.4281438582677159
20
-3.837168307086614
11
6.422815787401575
21
-3.8361084645669292
0
LINE
8
BLACK
6
CONTINUOUS
10
6.422815787401575
20
-3.8361084645669292
11
6.4228157086614175
21
-3.8361084645669292
0
LINE
8
BLACK
6
CONTINUOUS
10
6.4228157086614175
20
-3.8361084645669292
11
6.417567362204724
21
-3.8361084645669292
0
LINE
8
BLACK
6
CONTINUOUS
10
6.417567362204724
20
-3.8361084645669292
11
6.4148854330708662
21
-3.8353209842519682
0
LINE
8
BLACK
6
CONTINUOUS
10
6.4148854330708662
20
-3.8353209842519682
11
6.4130549999999999
21
-3.8332085433070864
0
LINE
8
BLACK
6
CONTINUOUS
10
6.4130549999999999
20
-3.8332085433070864
11
6.4126572047244093
21
-3.8304418503937008
0
LINE
8
BLACK
6
CONTINUOUS
10
6.4126572047244093
20
-3.8304418503937008
11
6.4134427559055114
21
-3.8283918503937007
0
LINE
8
BLACK
6
CONTINUOUS
10
6.4134427559055114
20
-3.8283918503937007
11
6.4145394488188971
21
-3.8267505511811022
0
LINE
8
BLACK
6
CONTINUOUS
10
6.4145394488188971
20
-3.8267505511811022
11
6.4166183858267711
21
-3.821731535433071
0
LINE
8
BLACK
6
CONTINUOUS
10
6.4166183858267711
20
-3.821731535433071
11
6.4176782283464568
21
-3.8164033858267716
0
LINE
8
BLACK
6
CONTINUOUS
10
6.4176782283464568
20
-3.8164033858267716
11
6.4176782283464568
21
-3.8109708661417323
0
LINE
8
BLACK
6
CONTINUOUS
10
6.4176782283464568
20
-3.8109708661417323
11
6.4166183858267711
21
-3.805642716535433
0
LINE
8
BLACK
6
CONTINUOUS
10
6.4166183858267711
20
-3.805642716535433
11
6.4145394488188971
21
-3.8006237007874013
0
LINE
8
BLACK
6
CONTINUOUS
10
6.4145394488188971
20
-3.8006237007874013
11
6.4115212992125983
21
-3.7961067322834645
0
LINE
8
BLACK
6
CONTINUOUS
10
6.4115212992125983
20
-3.7961067322834645
11
6.4115211023622045
21
-3.796106496062992
0
LINE
8
BLACK
6
CONTINUOUS
10
6.4115211023622045
20
-3.796106496062992
11
6.4076800787401575
21
-3.7922654724409446
0
LINE
8
BLACK
6
CONTINUOUS
10
6.4076800787401575
20
-3.7922654724409446
11
6.407679842519685
21
-3.7922652755905513
0
LINE
8
BLACK
6
CONTINUOUS
10
6.407679842519685
20
-3.7922652755905513
11
6.4061810236220467
21
-3.7912637795275588
0
LINE
8
BLACK
6
CONTINUOUS
10
6.4061810236220467
20
-3.7912637795275588
11
6.4031629133858265
21
-3.7892471653543307
0
LINE
8
BLACK
6
CONTINUOUS
10
6.4031629133858265
20
-3.7892471653543307
11
6.3999979527559052
21
-3.7879361811023622
0
LINE
8
BLACK
6
CONTINUOUS
10
6.3999979527559052
20
-3.7879361811023622
11
6.3981440157480316
21
-3.7871682677165355
0
LINE
8
BLACK
6
CONTINUOUS
10
6.3981440157480316
20
-3.7871682677165355
11
6.3981438976377953
21
-3.7871682283464567
0
LINE
8
BLACK
6
CONTINUOUS
10
6.3981438976377953
20
-3.7871682283464567
11
6.3928158267716535
21
-3.7861083858267714
0
LINE
8
BLACK
6
CONTINUOUS
10
6.3928158267716535
20
-3.7861083858267714
11
6.392815748031496
21
-3.7861083858267714
0
LINE
8
BLACK
6
CONTINUOUS
10
6.392815748031496
20
-3.7861083858267714
11
6.3873832283464562
21
-3.7861083858267714
0
LINE
8
BLACK
6
CONTINUOUS
10
6.3873832283464562
20
-3.7861083858267714
11
6.38738311023622
21
-3.7861083858267714
0
LINE
8
BLACK
6
CONTINUOUS
10
6.38738311023622
20
-3.7861083858267714
11
6.382055039370079
21
-3.7871682283464567
0
LINE
8
BLACK
6
CONTINUOUS
10
6.382055039370079
20
-3.7871682283464567
11
6.3820549212598428
21
-3.7871682677165355
0
LINE
8
BLACK
6
CONTINUOUS
10
6.3820549212598428
20
-3.7871682677165355
11
6.3770360629921257
21
-3.7892471653543307
0
LINE
8
BLACK
6
CONTINUOUS
10
6.3770360629921257
20
-3.7892471653543307
11
6.3725190944881884
21
-3.7922652755905513
0
LINE
8
BLACK
6
CONTINUOUS
10
6.3725190944881884
20
-3.7922652755905513
11
6.3725188582677168
21
-3.7922654724409446
0
LINE
8
BLACK
6
CONTINUOUS
10
6.3725188582677168
20
-3.7922654724409446
11
6.3686778346456689
21
-3.796106496062992
0
LINE
8
BLACK
6
CONTINUOUS
10
6.3686778346456689
20
-3.796106496062992
11
6.3686776377952752
21
-3.7961067322834645
0
LINE
8
BLACK
6
CONTINUOUS
10
6.3686776377952752
20
-3.7961067322834645
11
6.3656595275590551
21
-3.8006237007874013
0
LINE
8
BLACK
6
CONTINUOUS
10
6.3656595275590551
20
-3.8006237007874013
11
6.3635806299212598
21
-3.8056425590551179
0
LINE
8
BLACK
6
CONTINUOUS
10
6.3635806299212598
20
-3.8056425590551179
11
6.3635805905511811
21
-3.8056426771653542
0
LINE
8
BLACK
6
CONTINUOUS
10
6.3635805905511811
20
-3.8056426771653542
11
6.3625207480314963
21
-3.810970748031496
0
LINE
8
BLACK
6
CONTINUOUS
10
6.3625207480314963
20
-3.810970748031496
11
6.3625207480314963
21
-3.8141283070866141
0
LINE
8
BLACK
6
CONTINUOUS
10
6.3625207480314963
20
-3.8141283070866141
11
6.3617332677165352
21
-3.8168102362204723
0
LINE
8
BLACK
6
CONTINUOUS
10
6.3617332677165352
20
-3.8168102362204723
11
6.3610677952755905
21
-3.8176359842519685
0
LINE
8
BLACK
6
CONTINUOUS
10
6.3610677952755905
20
-3.8176359842519685
11
6.3559072047244092
21
-3.8227965354330706
0
LINE
8
BLACK
6
CONTINUOUS
10
6.3559072047244092
20
-3.8227965354330706
11
6.3559068897637792
21
-3.8227969291338582
0
LINE
8
BLACK
6
CONTINUOUS
10
6.3559068897637792
20
-3.8227969291338582
11
6.3535719291338584
21
-3.8268411811023619
0
LINE
8
BLACK
6
CONTINUOUS
10
6.3535719291338584
20
-3.8268411811023619
11
6.3535719685039371
21
-3.8268412204724407
0
LINE
8
BLACK
6
CONTINUOUS
10
6.3535719685039371
20
-3.8268412204724407
11
6.3526072047244089
21
-3.8304418503937008
0
LINE
8
BLACK
6
CONTINUOUS
10
6.3526072047244089
20
-3.8304418503937008
11
6.3523632677165356
21
-3.8313521653543305
0
LINE
8
BLACK
6
CONTINUOUS
10
6.3523632677165356
20
-3.8313521653543305
11
6.3523632677165356
21
-4.1161139370078743
0
LINE
8
BLACK
6
CONTINUOUS
10
6.3523632677165356
20
-4.1161139370078743
11
6.3515757874015746
21
-4.1187958661417321
0
LINE
8
BLACK
6
CONTINUOUS
10
6.3515757874015746
20
-4.1187958661417321
11
6.3494633464566927
21
-4.1206262992125984
0
LINE
8
BLACK
6
CONTINUOUS
10
6.3494633464566927
20
-4.1206262992125984
11
6.3466966535433071
21
-4.1210240944881891
0
LINE
8
BLACK
6
CONTINUOUS
10
6.3466966535433071
20
-4.1210240944881891
11
6.3446466929133853
21
-4.1202385826771657
0
LINE
8
BLACK
6
CONTINUOUS
10
6.3446466929133853
20
-4.1202385826771657
11
6.3431628740157482
21
-4.119247125984252
0
LINE
8
BLACK
6
CONTINUOUS
10
6.3431628740157482
20
-4.119247125984252
11
6.3381440157480311
21
-4.1171682677165355
0
LINE
8
BLACK
6
CONTINUOUS
10
6.3381440157480311
20
-4.1171682677165355
11
6.3381438976377948
21
-4.1171682283464568
0
LINE
8
BLACK
6
CONTINUOUS
10
6.3381438976377948
20
-4.1171682283464568
11
6.332815826771653
21
-4.116108385826772
0
LINE
8
BLACK
6
CONTINUOUS
10
6.332815826771653
20
-4.116108385826772
11
6.3328157480314955
21
-4.116108385826772
0
LINE
8
BLACK
6
CONTINUOUS
10
6.3328157480314955
20
-4.116108385826772
11
6.3324421653543306
21
-4.116108385826772
0
LINE
8
BLACK
6
CONTINUOUS
10
6.3324421653543306
20
-4.116108385826772
11
6.3312643700787401
21
-4.1157625590551179
0
LINE
8
BLACK
6
CONTINUOUS
10
6.3312643700787401
20
-4.1157625590551179
11
6.3300648031496065
21
-4.1155016141732279
0
LINE
8
BLACK
6
CONTINUOUS
10
6.3300648031496065
20
-4.1155016141732279
11
6.329864173228346
21
-4.1153514173228345
0
LINE
8
BLACK
6
CONTINUOUS
10
6.329864173228346
20
-4.1153514173228345
11
6.3297602362204719
21
-4.115320905511811
0
LINE
8
BLACK
6
CONTINUOUS
10
6.3297602362204719
20
-4.115320905511811
11
6.3289344881889766
21
-4.1146554330708662
0
LINE
8
BLACK
6
CONTINUOUS
10
6.3289344881889766
20
-4.1146554330708662
11
6.3264504724409445
21
-4.112171417322835
0
LINE
8
BLACK
6
CONTINUOUS
10
6.3264504724409445
20
-4.112171417322835
11
6.2862024803149605
21
-4.0719233858267714
0
LINE
8
BLACK
6
CONTINUOUS
10
6.2862024803149605
20
-4.0719233858267714
11
6.2859726771653541
21
-4.0717470472440942
0
LINE
8
BLACK
6
CONTINUOUS
10
6.2859726771653541
20
-4.0717470472440942
11
6.2843244094488186
21
-4.0694896062992125
0
LINE
8
BLACK
6
CONTINUOUS
10
6.2843244094488186
20
-4.0694896062992125
11
6.2841582677165349
21
-4.0666994094488187
0
LINE
8
BLACK
6
CONTINUOUS
10
6.2841582677165349
20
-4.0666994094488187
11
6.2854848425196845
21
-4.0643039370078737
0
LINE
8
BLACK
6
CONTINUOUS
10
6.2854848425196845
20
-4.0643039370078737
11
6.2880212992125983
21
-4.0617675196850396
0
LINE
8
BLACK
6
CONTINUOUS
10
6.2880212992125983
20
-4.0617675196850396
11
6.2910394488188972
21
-4.0572505511811023
0
LINE
8
BLACK
6
CONTINUOUS
10
6.2910394488188972
20
-4.0572505511811023
11
6.2931183858267712
21
-4.0522315354330711
0
LINE
8
BLACK
6
CONTINUOUS
10
6.2931183858267712
20
-4.0522315354330711
11
6.2941782283464569
21
-4.0469033858267718
0
LINE
8
BLACK
6
CONTINUOUS
10
6.2941782283464569
20
-4.0469033858267718
11
6.2941782283464569
21
-4.041470866141732
0
LINE
8
BLACK
6
CONTINUOUS
10
6.2941782283464569
20
-4.041470866141732
11
6.2931183858267712
21
-4.0361427165354327
0
LINE
8
BLACK
6
CONTINUOUS
10
6.2931183858267712
20
-4.0361427165354327
11
6.2910394488188972
21
-4.0311237007874015
0
LINE
8
BLACK
6
CONTINUOUS
10
6.2910394488188972
20
-4.0311237007874015
11
6.2880212992125983
21
-4.0266067322834642
0
LINE
8
BLACK
6
CONTINUOUS
10
6.2880212992125983
20
-4.0266067322834642
11
6.2880211023622046
21
-4.0266064960629917
0
LINE
8
BLACK
6
CONTINUOUS
10
6.2880211023622046
20
-4.0266064960629917
11
6.2841800787401576
21
-4.0227654724409447
0
LINE
8
BLACK
6
CONTINUOUS
10
6.2841800787401576
20
-4.0227654724409447
11
6.2841798425196851
21
-4.022765275590551
0
LINE
8
BLACK
6
CONTINUOUS
10
6.2841798425196851
20
-4.022765275590551
11
6.2822424409448816
21
-4.0214707480314962
0
LINE
8
BLACK
6
CONTINUOUS
10
6.2822424409448816
20
-4.0214707480314962
11
6.2796629133858266
21
-4.0197471653543309
0
LINE
8
BLACK
6
CONTINUOUS
10
6.2796629133858266
20
-4.0197471653543309
11
6.2764979527559053
21
-4.0184361811023619
0
LINE
8
BLACK
6
CONTINUOUS
10
6.2764979527559053
20
-4.0184361811023619
11
6.2746440157480317
21
-4.0176682677165356
0
LINE
8
BLACK
6
CONTINUOUS
10
6.2746440157480317
20
-4.0176682677165356
11
6.2746438976377954
21
-4.0176682283464569
0
LINE
8
BLACK
6
CONTINUOUS
10
6.2746438976377954
20
-4.0176682283464569
11
6.2693158267716536
21
-4.0166083858267712
0
LINE
8
BLACK
6
CONTINUOUS
10
6.2693158267716536
20
-4.0166083858267712
11
6.269315748031496
21
-4.0166083858267712
0
LINE
8
BLACK
6
CONTINUOUS
10
6.269315748031496
20
-4.0166083858267712
11
6.2638832283464563
21
-4.0166083858267712
0
LINE
8
BLACK
6
CONTINUOUS
10
6.2638832283464563
20
-4.0166083858267712
11
6.26388311023622
21
-4.0166083858267712
0
LINE
8
BLACK
6
CONTINUOUS
10
6.26388311023622
20
-4.0166083858267712
11
6.2585550393700782
21
-4.0176682283464569
0
LINE
8
BLACK
6
CONTINUOUS
10
6.2585550393700782
20
-4.0176682283464569
11
6.2585549212598428
21
-4.0176682677165356
0
LINE
8
BLACK
6
CONTINUOUS
10
6.2585549212598428
20
-4.0176682677165356
11
6.2535360629921257
21
-4.0197471653543309
0
LINE
8
BLACK
6
CONTINUOUS
10
6.2535360629921257
20
-4.0197471653543309
11
6.2490190944881885
21
-4.022765275590551
0
LINE
8
BLACK
6
CONTINUOUS
10
6.2490190944881885
20
-4.022765275590551
11
6.249018858267716
21
-4.0227654724409447
0
LINE
8
BLACK
6
CONTINUOUS
10
6.249018858267716
20
-4.0227654724409447
11
6.245177834645669
21
-4.0266064960629917
0
LINE
8
BLACK
6
CONTINUOUS
10
6.245177834645669
20
-4.0266064960629917
11
6.2451776377952752
21
-4.0266067322834642
0
LINE
8
BLACK
6
CONTINUOUS
10
6.2451776377952752
20
-4.0266067322834642
11
6.2421595275590551
21
-4.0311237007874015
0
LINE
8
BLACK
6
CONTINUOUS
10
6.2421595275590551
20
-4.0311237007874015
11
6.2400806692913386
21
-4.0361424803149601
0
LINE
8
BLACK
6
CONTINUOUS
10
6.2400806692913386
20
-4.0361424803149601
11
6.2400805511811024
21
-4.0361427952755902
0
LINE
8
BLACK
6
CONTINUOUS
10
6.2400805511811024
20
-4.0361427952755902
11
6.2400050393700788
21
-4.0365224803149609
0
LINE
8
BLACK
6
CONTINUOUS
10
6.2400050393700788
20
-4.0365224803149609
11
6.2399364960629917
21
-4.0368670866141727
0
LINE
8
BLACK
6
CONTINUOUS
10
6.2399364960629917
20
-4.0368670866141727
11
6.2386410236220469
21
-4.0393438188976374
0
LINE
8
BLACK
6
CONTINUOUS
10
6.2386410236220469
20
-4.0393438188976374
11
6.2362120866141728
21
-4.0407269685039369
0
LINE
8
BLACK
6
CONTINUOUS
10
6.2362120866141728
20
-4.0407269685039369
11
6.2350712204724408
21
-4.0408599606299216
0
LINE
8
BLACK
6
CONTINUOUS
10
6.2350712204724408
20
-4.0408599606299216
11
6.056968503937008
21
-4.0408599606299216
0
LINE
8
BLACK
6
CONTINUOUS
10
6.056968503937008
20
-4.0408599606299216
11
6.0542865748031494
21
-4.0400724803149606
0
LINE
8
BLACK
6
CONTINUOUS
10
6.0542865748031494
20
-4.0400724803149606
11
6.0524561417322831
21
-4.0379600393700787
0
LINE
8
BLACK
6
CONTINUOUS
10
6.0524561417322831
20
-4.0379600393700787
11
6.0520583464566924
21
-4.0351933464566931
0
LINE
8
BLACK
6
CONTINUOUS
10
6.0520583464566924
20
-4.0351933464566931
11
6.0523854724409452
21
-4.0340009842519686
0
LINE
8
BLACK
6
CONTINUOUS
10
6.0523854724409452
20
-4.0340009842519686
11
6.0527094488188977
21
-4.0332188188976374
0
LINE
8
BLACK
6
CONTINUOUS
10
6.0527094488188977
20
-4.0332188188976374
11
6.0531183858267719
21
-4.0322315354330707
0
LINE
8
BLACK
6
CONTINUOUS
10
6.0531183858267719
20
-4.0322315354330707
11
6.0541782283464567
21
-4.0269033858267713
0
LINE
8
BLACK
6
CONTINUOUS
10
6.0541782283464567
20
-4.0269033858267713
11
6.0541782283464567
21
-4.0214708661417324
0
LINE
8
BLACK
6
CONTINUOUS
10
6.0541782283464567
20
-4.0214708661417324
11
6.0531183858267719
21
-4.0161427165354331
0
LINE
8
BLACK
6
CONTINUOUS
10
6.0531183858267719
20
-4.0161427165354331
11
6.0510394488188979
21
-4.0111237007874019
0
LINE
8
BLACK
6
CONTINUOUS
10
6.0510394488188979
20
-4.0111237007874019
11
6.0480212992125981
21
-4.0066067322834646
0
LINE
8
BLACK
6
CONTINUOUS
10
6.0480212992125981
20
-4.0066067322834646
11
6.0480211023622044
21
-4.0066064960629921
0
LINE
8
BLACK
6
CONTINUOUS
10
6.0480211023622044
20
-4.0066064960629921
11
6.0441800787401574
21
-4.0027654724409452
0
LINE
8
BLACK
6
CONTINUOUS
10
6.0441800787401574
20
-4.0027654724409452
11
6.0441798425196849
21
-4.0027652755905514
0
LINE
8
BLACK
6
CONTINUOUS
10
6.0441798425196849
20
-4.0027652755905514
11
6.0422424803149601
21
-4.0014707874015745
0
LINE
8
BLACK
6
CONTINUOUS
10
6.0422424803149601
20
-4.0014707874015745
11
6.0396629133858264
21
-3.9997471653543308
0
LINE
8
BLACK
6
CONTINUOUS
10
6.0396629133858264
20
-3.9997471653543308
11
6.0364979527559051
21
-3.9984361811023623
0
LINE
8
BLACK
6
CONTINUOUS
10
6.0364979527559051
20
-3.9984361811023623
11
6.0346440157480314
21
-3.9976682677165352
0
LINE
8
BLACK
6
CONTINUOUS
10
6.0346440157480314
20
-3.9976682677165352
11
6.0346438976377952
21
-3.9976682283464564
0
LINE
8
BLACK
6
CONTINUOUS
10
6.0346438976377952
20
-3.9976682283464564
11
6.0293158267716533
21
-3.9966083858267716
0
LINE
8
BLACK
6
CONTINUOUS
10
6.0293158267716533
20
-3.9966083858267716
11
6.0293157480314958
21
-3.9966083858267716
0
LINE
8
BLACK
6
CONTINUOUS
10
6.0293157480314958
20
-3.9966083858267716
11
6.0289421653543309
21
-3.9966083858267716
0
LINE
8
BLACK
6
CONTINUOUS
10
6.0289421653543309
20
-3.9966083858267716
11
6.0277643700787404
21
-3.996262559055118
0
LINE
8
BLACK
6
CONTINUOUS
10
6.0277643700787404
20
-3.996262559055118
11
6.026564803149606
21
-3.9960016141732284
0
LINE
8
BLACK
6
CONTINUOUS
10
6.026564803149606
20
-3.9960016141732284
11
6.0263641732283464
21
-3.9958514173228346
0
LINE
8
BLACK
6
CONTINUOUS
10
6.0263641732283464
20
-3.9958514173228346
11
6.0262602362204722
21
-3.995820905511811
0
LINE
8
BLACK
6
CONTINUOUS
10
6.0262602362204722
20
-3.995820905511811
11
6.0254344881889761
21
-3.9951554330708658
0
LINE
8
BLACK
6
CONTINUOUS
10
6.0254344881889761
20
-3.9951554330708658
11
6.0229504724409448
21
-3.9926714173228346
0
LINE
8
BLACK
6
CONTINUOUS
10
6.0229504724409448
20
-3.9926714173228346
11
5.9736987007874012
21
-3.9434196062992126
0
LINE
8
BLACK
6
CONTINUOUS
10
5.9736987007874012
20
-3.9434196062992126
11
5.9736983070866136
21
-3.9434192913385826
0
LINE
8
BLACK
6
CONTINUOUS
10
5.9736983070866136
20
-3.9434192913385826
11
5.9692053937007872
21
-3.9408253149606298
0
LINE
8
BLACK
6
CONTINUOUS
10
5.9692053937007872
20
-3.9408253149606298
11
5.9692052755905509
21
-3.9408252755905511
0
LINE
8
BLACK
6
CONTINUOUS
10
5.9692052755905509
20
-3.9408252755905511
11
5.9692052362204722
21
-3.9408252362204723
0
LINE
8
BLACK
6
CONTINUOUS
10
5.9692052362204722
20
-3.9408252362204723
11
5.9692051574803147
21
-3.9408251968503936
0
LINE
8
BLACK
6
CONTINUOUS
10
5.9692051574803147
20
-3.9408251968503936
11
5.9692051181102359
21
-3.9408251968503936
0
LINE
8
BLACK
6
CONTINUOUS
10
5.9692051181102359
20
-3.9408251968503936
11
5.9678622047244092
21
-3.9404653543307084
0
LINE
8
BLACK
6
CONTINUOUS
10
5.9678622047244092
20
-3.9404653543307084
11
5.9641936614173225
21
-3.9394824015748031
0
LINE
8
BLACK
6
CONTINUOUS
10
5.9641936614173225
20
-3.9394824015748031
11
5.964193582677165
21
-3.9394824015748031
0
LINE
8
BLACK
6
CONTINUOUS
10
5.964193582677165
20
-3.9394824015748031
11
5.8929517322834641
21
-3.9394824015748031
0
LINE
8
BLACK
6
CONTINUOUS
10
5.8929517322834641
20
-3.9394824015748031
11
5.8902698031496064
21
-3.9386949212598426
0
LINE
8
BLACK
6
CONTINUOUS
10
5.8902698031496064
20
-3.9386949212598426
11
5.8894440551181102
21
-3.9380294488188974
0
LINE
8
BLACK
6
CONTINUOUS
10
5.8894440551181102
20
-3.9380294488188974
11
5.8891800787401571
21
-3.9377654724409448
0
LINE
8
BLACK
6
CONTINUOUS
10
5.8891800787401571
20
-3.9377654724409448
11
5.8891798425196846
21
-3.937765275590551
0
LINE
8
BLACK
6
CONTINUOUS
10
5.8891798425196846
20
-3.937765275590551
11
5.8876810236220471
21
-3.936763779527559
0
LINE
8
BLACK
6
CONTINUOUS
10
5.8876810236220471
20
-3.936763779527559
11
5.884662913385827
21
-3.9347471653543304
0
LINE
8
BLACK
6
CONTINUOUS
10
5.884662913385827
20
-3.9347471653543304
11
5.8814979527559057
21
-3.9334361811023619
0
LINE
8
BLACK
6
CONTINUOUS
10
5.8814979527559057
20
-3.9334361811023619
11
5.8796440157480312
21
-3.9326682677165352
0
LINE
8
BLACK
6
CONTINUOUS
10
5.8796440157480312
20
-3.9326682677165352
11
5.8796438976377949
21
-3.9326682283464565
0
LINE
8
BLACK
6
CONTINUOUS
10
5.8796438976377949
20
-3.9326682283464565
11
5.8743158267716531
21
-3.9316083858267716
0
LINE
8
BLACK
6
CONTINUOUS
10
5.8743158267716531
20
-3.9316083858267716
11
5.8743157480314956
21
-3.9316083858267716
0
LINE
8
BLACK
6
CONTINUOUS
10
5.8743157480314956
20
-3.9316083858267716
11
5.8688832283464567
21
-3.9316083858267716
0
LINE
8
BLACK
6
CONTINUOUS
10
5.8688832283464567
20
-3.9316083858267716
11
5.8688831102362204
21
-3.9316083858267716
0
LINE
8
BLACK
6
CONTINUOUS
10
5.8688831102362204
20
-3.9316083858267716
11
5.8635550393700786
21
-3.9326682283464565
0
LINE
8
BLACK
6
CONTINUOUS
10
5.8635550393700786
20
-3.9326682283464565
11
5.8635549212598423
21
-3.9326682677165352
0
LINE
8
BLACK
6
CONTINUOUS
10
5.8635549212598423
20
-3.9326682677165352
11
5.8585360629921261
21
-3.9347471653543304
0
LINE
8
BLACK
6
CONTINUOUS
10
5.8585360629921261
20
-3.9347471653543304
11
5.8540190944881889
21
-3.937765275590551
0
LINE
8
BLACK
6
CONTINUOUS
10
5.8540190944881889
20
-3.937765275590551
11
5.8540188582677164
21
-3.9377654724409448
0
LINE
8
BLACK
6
CONTINUOUS
10
5.8540188582677164
20
-3.9377654724409448
11
5.8501778346456694
21
-3.9416064960629922
0
LINE
8
BLACK
6
CONTINUOUS
10
5.8501778346456694
20
-3.9416064960629922
11
5.8501776377952757
21
-3.9416067322834647
0
LINE
8
BLACK
6
CONTINUOUS
10
5.8501776377952757
20
-3.9416067322834647
11
5.8471595275590547
21
-3.9461237007874015
0
LINE
8
BLACK
6
CONTINUOUS
10
5.8471595275590547
20
-3.9461237007874015
11
5.8450806299212594
21
-3.9511425590551181
0
LINE
8
BLACK
6
CONTINUOUS
10
5.8450806299212594
20
-3.9511425590551181
11
5.8450805905511807
21
-3.9511426771653544
0
LINE
8
BLACK
6
CONTINUOUS
10
5.8450805905511807
20
-3.9511426771653544
11
5.8440207480314958
21
-3.9564707480314958
0
LINE
8
BLACK
6
CONTINUOUS
10
5.8440207480314958
20
-3.9564707480314958
11
5.8440207480314958
21
-3.956470866141732
0
LINE
8
BLACK
6
CONTINUOUS
10
5.8440207480314958
20
-3.956470866141732
11
5.8440207480314958
21
-3.9619033858267714
0
LINE
8
BLACK
6
CONTINUOUS
10
5.8440207480314958
20
-3.9619033858267714
11
5.8450805905511807
21
-3.9672315354330707
0
LINE
8
BLACK
6
CONTINUOUS
10
5.8450805905511807
20
-3.9672315354330707
11
5.8471595275590547
21
-3.9722505511811024
0
LINE
8
BLACK
6
CONTINUOUS
10
5.8471595275590547
20
-3.9722505511811024
11
5.8491761417322836
21
-3.9752686614173229
0
LINE
8
BLACK
6
CONTINUOUS
10
5.8491761417322836
20
-3.9752686614173229
11
5.8501776377952757
21
-3.9767674803149604
0
LINE
8
BLACK
6
CONTINUOUS
10
5.8501776377952757
20
-3.9767674803149604
11
5.8501778346456694
21
-3.9767677165354329
0
LINE
8
BLACK
6
CONTINUOUS
10
5.8501778346456694
20
-3.9767677165354329
11
5.8540188582677164
21
-3.9806087401574803
0
LINE
8
BLACK
6
CONTINUOUS
10
5.8540188582677164
20
-3.9806087401574803
11
5.8540190944881889
21
-3.9806089370078741
0
LINE
8
BLACK
6
CONTINUOUS
10
5.8540190944881889
20
-3.9806089370078741
11
5.8585360629921261
21
-3.983627086614173
0
LINE
8
BLACK
6
CONTINUOUS
10
5.8585360629921261
20
-3.983627086614173
11
5.8635550787401574
21
-3.985706023622047
0
LINE
8
BLACK
6
CONTINUOUS
10
5.8635550787401574
20
-3.985706023622047
11
5.8688832283464567
21
-3.9867658661417322
0
LINE
8
BLACK
6
CONTINUOUS
10
5.8688832283464567
20
-3.9867658661417322
11
5.8688832677165355
21
-3.9867658661417322
0
LINE
8
BLACK
6
CONTINUOUS
10
5.8688832677165355
20
-3.9867658661417322
11
5.8743157086614168
21
-3.9867658661417322
0
LINE
8
BLACK
6
CONTINUOUS
10
5.8743157086614168
20
-3.9867658661417322
11
5.8743157480314956
21
-3.9867658661417322
0
LINE
8
BLACK
6
CONTINUOUS
10
5.8743157480314956
20
-3.9867658661417322
11
5.8796438976377949
21
-3.985706023622047
0
LINE
8
BLACK
6
CONTINUOUS
10
5.8796438976377949
20
-3.985706023622047
11
5.884662913385827
21
-3.983627086614173
0
LINE
8
BLACK
6
CONTINUOUS
10
5.884662913385827
20
-3.983627086614173
11
5.8891798818897634
21
-3.9806089370078741
0
LINE
8
BLACK
6
CONTINUOUS
10
5.8891798818897634
20
-3.9806089370078741
11
5.8891800787401571
21
-3.9806087401574803
0
LINE
8
BLACK
6
CONTINUOUS
10
5.8891800787401571
20
-3.9806087401574803
11
5.8894440551181102
21
-3.980344803149606
0
LINE
8
BLACK
6
CONTINUOUS
10
5.8894440551181102
20
-3.980344803149606
11
5.8918972834645666
21
-3.9790051968503937
0
LINE
8
BLACK
6
CONTINUOUS
10
5.8918972834645666
20
-3.9790051968503937
11
5.8929517322834641
21
-3.9788918503937007
0
LINE
8
BLACK
6
CONTINUOUS
10
5.8929517322834641
20
-3.9788918503937007
11
5.95138279527559
21
-3.9788918503937007
0
LINE
8
BLACK
6
CONTINUOUS
10
5.95138279527559
20
-3.9788918503937007
11
5.9540647244094487
21
-3.9796793307086613
0
LINE
8
BLACK
6
CONTINUOUS
10
5.9540647244094487
20
-3.9796793307086613
11
5.9548904724409448
21
-3.980344803149606
0
LINE
8
BLACK
6
CONTINUOUS
10
5.9548904724409448
20
-3.980344803149606
11
5.9975677952755904
21
-4.0230221259842516
0
LINE
8
BLACK
6
CONTINUOUS
10
5.9975677952755904
20
-4.0230221259842516
11
5.9988927952755908
21
-4.0254103543307087
0
LINE
8
BLACK
6
CONTINUOUS
10
5.9988927952755908
20
-4.0254103543307087
11
5.9990207480314961
21
-4.0259627165354326
0
LINE
8
BLACK
6
CONTINUOUS
10
5.9990207480314961
20
-4.0259627165354326
11
5.9990207480314961
21
-4.0269033858267713
0
LINE
8
BLACK
6
CONTINUOUS
10
5.9990207480314961
20
-4.0269033858267713
11
6.0000805905511809
21
-4.0322315354330707
0
LINE
8
BLACK
6
CONTINUOUS
10
6.0000805905511809
20
-4.0322315354330707
11
6.0009705118110235
21
-4.0343800393700784
0
LINE
8
BLACK
6
CONTINUOUS
10
6.0009705118110235
20
-4.0343800393700784
11
6.0010631496062992
21
-4.0347798818897633
0
LINE
8
BLACK
6
CONTINUOUS
10
6.0010631496062992
20
-4.0347798818897633
11
6.0010049606299214
21
-4.0357820078740154
0
LINE
8
BLACK
6
CONTINUOUS
10
6.0010049606299214
20
-4.0357820078740154
11
6.0011122834645665
21
-4.0367801181102365
0
LINE
8
BLACK
6
CONTINUOUS
10
6.0011122834645665
20
-4.0367801181102365
11
6.0009253543307084
21
-4.0371534645669289
0
LINE
8
BLACK
6
CONTINUOUS
10
6.0009253543307084
20
-4.0371534645669289
11
6.0009011811023623
21
-4.0375703543307084
0
LINE
8
BLACK
6
CONTINUOUS
10
6.0009011811023623
20
-4.0375703543307084
11
6.0003104330708661
21
-4.0383819685039368
0
LINE
8
BLACK
6
CONTINUOUS
10
6.0003104330708661
20
-4.0383819685039368
11
5.9998611023622042
21
-4.0392796062992122
0
LINE
8
BLACK
6
CONTINUOUS
10
5.9998611023622042
20
-4.0392796062992122
11
5.999501968503937
21
-4.0394926377952753
0
LINE
8
BLACK
6
CONTINUOUS
10
5.999501968503937
20
-4.0394926377952753
11
5.9992562992125986
21
-4.0398302362204728
0
LINE
8
BLACK
6
CONTINUOUS
10
5.9992562992125986
20
-4.0398302362204728
11
5.9983205511811022
21
-4.0401936220472443
0
LINE
8
BLACK
6
CONTINUOUS
10
5.9983205511811022
20
-4.0401936220472443
11
5.9974572440944884
21
-4.0407058661417325
0
LINE
8
BLACK
6
CONTINUOUS
10
5.9974572440944884
20
-4.0407058661417325
11
5.9967837795275587
21
-4.0407904330708657
0
LINE
8
BLACK
6
CONTINUOUS
10
5.9967837795275587
20
-4.0407904330708657
11
5.9966507480314961
21
-4.040842125984252
0
LINE
8
BLACK
6
CONTINUOUS
10
5.9966507480314961
20
-4.040842125984252
11
5.9965445275590552
21
-4.0408204724409451
0
LINE
8
BLACK
6
CONTINUOUS
10
5.9965445275590552
20
-4.0408204724409451
11
5.9962304724409448
21
-4.0408599606299216
0
LINE
8
BLACK
6
CONTINUOUS
10
5.9962304724409448
20
-4.0408599606299216
11
5.5744929527559055
21
-4.0408599606299216
0
LINE
8
BLACK
6
CONTINUOUS
10
5.5744929527559055
20
-4.0408599606299216
11
5.5718110236220468
21
-4.0400724803149606
0
LINE
8
BLACK
6
CONTINUOUS
10
5.5718110236220468
20
-4.0400724803149606
11
5.5709852755905507
21
-4.0394070078740159
0
LINE
8
BLACK
6
CONTINUOUS
10
5.5709852755905507
20
-4.0394070078740159
11
5.5369303937007874
21
-4.0053521259842517
0
LINE
8
BLACK
6
CONTINUOUS
10
5.5369303937007874
20
-4.0053521259842517
11
5.5355907874015751
21
-4.0028988976377953
0
LINE
8
BLACK
6
CONTINUOUS
10
5.5355907874015751
20
-4.0028988976377953
11
5.5354774409448817
21
-4.0018444488188978
0
LINE
8
BLACK
6
CONTINUOUS
10
5.5354774409448817
20
-4.0018444488188978
11
5.5354774409448817
21
-4.0014709448818895
0
LINE
8
BLACK
6
CONTINUOUS
10
5.5354774409448817
20
-4.0014709448818895
11
5.5354774015748029
21
-4.0014707874015745
0
LINE
8
BLACK
6
CONTINUOUS
10
5.5354774015748029
20
-4.0014707874015745
11
5.5344175984251969
21
-3.9961427559055118
0
LINE
8
BLACK
6
CONTINUOUS
10
5.5344175984251969
20
-3.9961427559055118
11
5.5323386614173229
21
-3.9911237401574802
0
LINE
8
BLACK
6
CONTINUOUS
10
5.5323386614173229
20
-3.9911237401574802
11
5.5293205118110231
21
-3.9866067716535434
0
LINE
8
BLACK
6
CONTINUOUS
10
5.5293205118110231
20
-3.9866067716535434
11
5.5293203149606294
21
-3.9866065354330709
0
LINE
8
BLACK
6
CONTINUOUS
10
5.5293203149606294
20
-3.9866065354330709
11
5.5254792913385824
21
-3.9827655118110235
0
LINE
8
BLACK
6
CONTINUOUS
10
5.5254792913385824
20
-3.9827655118110235
11
5.5254790551181099
21
-3.9827653149606297
0
LINE
8
BLACK
6
CONTINUOUS
10
5.5254790551181099
20
-3.9827653149606297
11
5.5239802362204724
21
-3.9817638188976376
0
LINE
8
BLACK
6
CONTINUOUS
10
5.5239802362204724
20
-3.9817638188976376
11
5.5209621259842514
21
-3.9797472047244096
0
LINE
8
BLACK
6
CONTINUOUS
10
5.5209621259842514
20
-3.9797472047244096
11
5.517797165354331
21
-3.9784362204724411
0
LINE
8
BLACK
6
CONTINUOUS
10
5.517797165354331
20
-3.9784362204724411
11
5.5159432283464565
21
-3.9776683070866139
0
LINE
8
BLACK
6
CONTINUOUS
10
5.5159432283464565
20
-3.9776683070866139
11
5.5159431102362202
21
-3.9776682677165351
0
LINE
8
BLACK
6
CONTINUOUS
10
5.5159431102362202
20
-3.9776682677165351
11
5.5106150393700783
21
-3.9766084251968503
0
LINE
8
BLACK
6
CONTINUOUS
10
5.5106150393700783
20
-3.9766084251968503
11
5.5106149606299208
21
-3.9766084251968503
0
LINE
8
BLACK
6
CONTINUOUS
10
5.5106149606299208
20
-3.9766084251968503
11
5.505182440944882
21
-3.9766084251968503
0
LINE
8
BLACK
6
CONTINUOUS
10
5.505182440944882
20
-3.9766084251968503
11
5.5051823228346457
21
-3.9766084251968503
0
LINE
8
BLACK
6
CONTINUOUS
10
5.5051823228346457
20
-3.9766084251968503
11
5.4998542519685039
21
-3.9776682677165351
0
LINE
8
BLACK
6
CONTINUOUS
10
5.4998542519685039
20
-3.9776682677165351
11
5.4998541338582676
21
-3.9776683070866139
0
LINE
8
BLACK
6
CONTINUOUS
10
5.4998541338582676
20
-3.9776683070866139
11
5.4948352755905514
21
-3.9797472047244096
0
LINE
8
BLACK
6
CONTINUOUS
10
5.4948352755905514
20
-3.9797472047244096
11
5.4903183070866142
21
-3.9827653149606297
0
LINE
8
BLACK
6
CONTINUOUS
10
5.4903183070866142
20
-3.9827653149606297
11
5.4903180708661417
21
-3.9827655118110235
0
LINE
8
BLACK
6
CONTINUOUS
10
5.4903180708661417
20
-3.9827655118110235
11
5.4864770472440947
21
-3.9866065354330709
0
LINE
8
BLACK
6
CONTINUOUS
10
5.4864770472440947
20
-3.9866065354330709
11
5.4864768503937009
21
-3.9866067716535434
0
LINE
8
BLACK
6
CONTINUOUS
10
5.4864768503937009
20
-3.9866067716535434
11
5.4834587401574799
21
-3.9911237401574802
0
LINE
8
BLACK
6
CONTINUOUS
10
5.4834587401574799
20
-3.9911237401574802
11
5.4813798425196847
21
-3.9961425984251968
0
LINE
8
BLACK
6
CONTINUOUS
10
5.4813798425196847
20
-3.9961425984251968
11
5.4813798031496059
21
-3.9961427165354331
0
LINE
8
BLACK
6
CONTINUOUS
10
5.4813798031496059
20
-3.9961427165354331
11
5.4803199606299211
21
-4.0014707874015745
0
LINE
8
BLACK
6
CONTINUOUS
10
5.4803199606299211
20
-4.0014707874015745
11
5.4803199606299211
21
-4.006903503937008
0
LINE
8
BLACK
6
CONTINUOUS
10
5.4803199606299211
20
-4.006903503937008
11
5.4813798031496059
21
-4.0122315748031498
0
LINE
8
BLACK
6
CONTINUOUS
10
5.4813798031496059
20
-4.0122315748031498
11
5.4834587401574799
21
-4.0172505905511811
0
LINE
8
BLACK
6
CONTINUOUS
10
5.4834587401574799
20
-4.0172505905511811
11
5.4837378346456696
21
-4.0176682677165356
0
LINE
8
BLACK
6
CONTINUOUS
10
5.4837378346456696
20
-4.0176682677165356
11
5.4864768503937009
21
-4.0217675196850395
0
LINE
8
BLACK
6
CONTINUOUS
10
5.4864768503937009
20
-4.0217675196850395
11
5.4864770472440947
21
-4.0217677559055121
0
LINE
8
BLACK
6
CONTINUOUS
10
5.4864770472440947
20
-4.0217677559055121
11
5.4903180708661417
21
-4.025608779527559
0
LINE
8
BLACK
6
CONTINUOUS
10
5.4903180708661417
20
-4.025608779527559
11
5.4903183070866142
21
-4.0256089763779528
0
LINE
8
BLACK
6
CONTINUOUS
10
5.4903183070866142
20
-4.0256089763779528
11
5.4948352755905514
21
-4.0286271259842517
0
LINE
8
BLACK
6
CONTINUOUS
10
5.4948352755905514
20
-4.0286271259842517
11
5.4998542913385826
21
-4.0307060629921256
0
LINE
8
BLACK
6
CONTINUOUS
10
5.4998542913385826
20
-4.0307060629921256
11
5.505182440944882
21
-4.0317659055118114
0
LINE
8
BLACK
6
CONTINUOUS
10
5.505182440944882
20
-4.0317659055118114
11
5.5055559842519681
21
-4.0317659055118114
0
LINE
8
BLACK
6
CONTINUOUS
10
5.5055559842519681
20
-4.0317659055118114
11
5.5082379133858268
21
-4.0325533858267715
0
LINE
8
BLACK
6
CONTINUOUS
10
5.5082379133858268
20
-4.0325533858267715
11
5.509063661417323
21
-4.0332188188976374
0
LINE
8
BLACK
6
CONTINUOUS
10
5.509063661417323
20
-4.0332188188976374
11
5.5227483070866139
21
-4.0469034645669293
0
LINE
8
BLACK
6
CONTINUOUS
10
5.5227483070866139
20
-4.0469034645669293
11
5.5353628346456691
21
-4.0595179527559058
0
LINE
8
BLACK
6
CONTINUOUS
10
5.5353628346456691
20
-4.0595179527559058
11
5.5367024015748028
21
-4.061971220472441
0
LINE
8
BLACK
6
CONTINUOUS
10
5.5367024015748028
20
-4.061971220472441
11
5.5365030314960633
21
-4.0647592125984255
0
LINE
8
BLACK
6
CONTINUOUS
10
5.5365030314960633
20
-4.0647592125984255
11
5.5348279527559052
21
-4.0669968503937008
0
LINE
8
BLACK
6
CONTINUOUS
10
5.5348279527559052
20
-4.0669968503937008
11
5.53220905511811
21
-4.067973661417323
0
LINE
8
BLACK
6
CONTINUOUS
10
5.53220905511811
20
-4.067973661417323
11
5.5318551574803152
21
-4.0679862992125981
0
LINE
8
BLACK
6
CONTINUOUS
10
5.5318551574803152
20
-4.0679862992125981
11
5.1783670078740158
21
-4.0679862992125981
0
LINE
8
BLACK
6
CONTINUOUS
10
5.1783670078740158
20
-4.0679862992125981
11
5.1731786614173227
21
-4.0679862992125981
0
LINE
8
BLACK
6
CONTINUOUS
10
5.1731786614173227
20
-4.0679862992125981
11
5.1707872047244097
21
-4.0686270866141729
0
LINE
8
BLACK
6
CONTINUOUS
10
5.1707872047244097
20
-4.0686270866141729
11
5.1681671653543306
21
-4.0693290944881886
0
LINE
8
BLACK
6
CONTINUOUS
10
5.1681671653543306
20
-4.0693290944881886
11
5.1681668897637794
21
-4.0693292125984248
0
LINE
8
BLACK
6
CONTINUOUS
10
5.1681668897637794
20
-4.0693292125984248
11
5.1636739763779529
21
-4.0719231889763776
0
LINE
8
BLACK
6
CONTINUOUS
10
5.1636739763779529
20
-4.0719231889763776
11
5.1636737401574804
21
-4.0719233858267714
0
LINE
8
BLACK
6
CONTINUOUS
10
5.1636737401574804
20
-4.0719233858267714
11
5.158117165354331
21
-4.0774799606299208
0
LINE
8
BLACK
6
CONTINUOUS
10
5.158117165354331
20
-4.0774799606299208
11
5.1574479921259844
21
-4.0799774015748032
0
LINE
8
BLACK
6
CONTINUOUS
10
5.1574479921259844
20
-4.0799774015748032
11
5.1553924409448815
21
-4.0835377165354334
0
LINE
8
BLACK
6
CONTINUOUS
10
5.1553924409448815
20
-4.0835377165354334
11
5.1524855118110233
21
-4.0864446456692916
0
LINE
8
BLACK
6
CONTINUOUS
10
5.1524855118110233
20
-4.0864446456692916
11
5.148925196850394
21
-4.0885001968503936
0
LINE
8
BLACK
6
CONTINUOUS
10
5.148925196850394
20
-4.0885001968503936
11
5.1449542125984253
21
-4.0895642125984253
0
LINE
8
BLACK
6
CONTINUOUS
10
5.1449542125984253
20
-4.0895642125984253
11
5.1408431889763779
21
-4.0895642125984253
0
LINE
8
BLACK
6
CONTINUOUS
10
5.1408431889763779
20
-4.0895642125984253
11
5.1405378740157479
21
-4.089482401574803
0
LINE
8
BLACK
6
CONTINUOUS
10
5.1405378740157479
20
-4.089482401574803
11
5.0879517322834644
21
-4.089482401574803
0
LINE
8
BLACK
6
CONTINUOUS
10
5.0879517322834644
20
-4.089482401574803
11
5.0852698031496057
21
-4.088694921259842
0
LINE
8
BLACK
6
CONTINUOUS
10
5.0852698031496057
20
-4.088694921259842
11
5.0844440551181105
21
-4.0880294488188973
0
LINE
8
BLACK
6
CONTINUOUS
10
5.0844440551181105
20
-4.0880294488188973
11
5.0841800787401574
21
-4.0877654724409451
0
LINE
8
BLACK
6
CONTINUOUS
10
5.0841800787401574
20
-4.0877654724409451
11
5.0841798425196849
21
-4.0877652755905514
0
LINE
8
BLACK
6
CONTINUOUS
10
5.0841798425196849
20
-4.0877652755905514
11
5.0826810236220474
21
-4.0867637795275593
0
LINE
8
BLACK
6
CONTINUOUS
10
5.0826810236220474
20
-4.0867637795275593
11
5.0796629133858264
21
-4.0847471653543304
0
LINE
8
BLACK
6
CONTINUOUS
10
5.0796629133858264
20
-4.0847471653543304
11
5.0764979527559051
21
-4.0834361811023623
0
LINE
8
BLACK
6
CONTINUOUS
10
5.0764979527559051
20
-4.0834361811023623
11
5.0746440157480315
21
-4.0826682677165351
0
LINE
8
BLACK
6
CONTINUOUS
10
5.0746440157480315
20
-4.0826682677165351
11
5.0746438976377952
21
-4.0826682283464564
0
LINE
8
BLACK
6
CONTINUOUS
10
5.0746438976377952
20
-4.0826682283464564
11
5.0693158267716534
21
-4.0816083858267715
0
LINE
8
BLACK
6
CONTINUOUS
10
5.0693158267716534
20
-4.0816083858267715
11
5.0693157480314959
21
-4.0816083858267715
0
LINE
8
BLACK
6
CONTINUOUS
10
5.0693157480314959
20
-4.0816083858267715
11
5.063883228346457
21
-4.0816083858267715
0
LINE
8
BLACK
6
CONTINUOUS
10
5.063883228346457
20
-4.0816083858267715
11
5.0638831102362207
21
-4.0816083858267715
0
LINE
8
BLACK
6
CONTINUOUS
10
5.0638831102362207
20
-4.0816083858267715
11
5.0585550393700789
21
-4.0826682283464564
0
LINE
8
BLACK
6
CONTINUOUS
10
5.0585550393700789
20
-4.0826682283464564
11
5.0585549212598426
21
-4.0826682677165351
0
LINE
8
BLACK
6
CONTINUOUS
10
5.0585549212598426
20
-4.0826682677165351
11
5.0535360629921255
21
-4.0847471653543304
0
LINE
8
BLACK
6
CONTINUOUS
10
5.0535360629921255
20
-4.0847471653543304
11
5.0490190944881892
21
-4.0877652755905514
0
LINE
8
BLACK
6
CONTINUOUS
10
5.0490190944881892
20
-4.0877652755905514
11
5.0490188582677167
21
-4.0877654724409451
0
LINE
8
BLACK
6
CONTINUOUS
10
5.0490188582677167
20
-4.0877654724409451
11
5.0451778346456688
21
-4.0916064960629921
0
LINE
8
BLACK
6
CONTINUOUS
10
5.0451778346456688
20
-4.0916064960629921
11
5.0451776377952751
21
-4.0916067322834646
0
LINE
8
BLACK
6
CONTINUOUS
10
5.0451776377952751
20
-4.0916067322834646
11
5.0421595275590549
21
-4.0961237007874018
0
LINE
8
BLACK
6
CONTINUOUS
10
5.0421595275590549
20
-4.0961237007874018
11
5.0400806299212597
21
-4.101142559055118
0
LINE
8
BLACK
6
CONTINUOUS
10
5.0400806299212597
20
-4.101142559055118
11
5.040080590551181
21
-4.1011426771653543
0
LINE
8
BLACK
6
CONTINUOUS
10
5.040080590551181
20
-4.1011426771653543
11
5.0390207480314961
21
-4.1064707480314961
0
LINE
8
BLACK
6
CONTINUOUS
10
5.0390207480314961
20
-4.1064707480314961
11
5.0390207480314961
21
-4.1064708661417324
0
LINE
8
BLACK
6
CONTINUOUS
10
6.263114842519685
20
-3.5669574015748031
11
6.2631148031496062
21
-3.5669573622047244
0
LINE
8
BLACK
6
CONTINUOUS
10
6.2631148031496062
20
-3.5669573622047244
11
6.2620552362204727
21
-3.567168149606299
0
LINE
8
BLACK
6
CONTINUOUS
10
6.2620552362204727
20
-3.567168149606299
11
6.2620547244094489
21
-3.567168307086614
0
LINE
8
BLACK
6
CONTINUOUS
10
6.2620547244094489
20
-3.567168307086614
11
6.2599761417322837
21
-3.568029251968504
0
LINE
8
BLACK
6
CONTINUOUS
10
6.2599761417322837
20
-3.568029251968504
11
6.2599761811023624
21
-3.5680292913385827
0
LINE
8
BLACK
6
CONTINUOUS
10
6.2599761811023624
20
-3.5680292913385827
11
6.2570360629921256
21
-3.5692471653543305
0
LINE
8
BLACK
6
CONTINUOUS
10
6.2570360629921256
20
-3.5692471653543305
11
6.2570360236220468
21
-3.5692472047244093
0
LINE
8
BLACK
6
CONTINUOUS
10
6.2570360236220468
20
-3.5692472047244093
11
6.2525192125984255
21
-3.5722652362204723
0
LINE
8
BLACK
6
CONTINUOUS
10
6.2525192125984255
20
-3.5722652362204723
11
6.2525189370078742
21
-3.5722654330708661
0
LINE
8
BLACK
6
CONTINUOUS
10
6.2525189370078742
20
-3.5722654330708661
11
6.2001289370078743
21
-3.624655433070866
0
LINE
8
BLACK
6
CONTINUOUS
10
6.2001289370078743
20
-3.624655433070866
11
6.1976757086614169
21
-3.6259950393700788
0
LINE
8
BLACK
6
CONTINUOUS
10
6.1976757086614169
20
-3.6259950393700788
11
6.1966212598425194
21
-3.6261083858267718
0
LINE
8
BLACK
6
CONTINUOUS
10
6.1966212598425194
20
-3.6261083858267718
11
5.2573831102362201
21
-3.6261083858267718
0
LINE
8
BLACK
6
CONTINUOUS
10
5.2573831102362201
20
-3.6261083858267718
11
5.2520550393700782
21
-3.6271682283464566
0
LINE
8
BLACK
6
CONTINUOUS
10
5.2520550393700782
20
-3.6271682283464566
11
5.252054921259842
21
-3.6271682677165353
0
LINE
8
BLACK
6
CONTINUOUS
10
5.252054921259842
20
-3.6271682677165353
11
5.2470360629921258
21
-3.6292471653543306
0
LINE
8
BLACK
6
CONTINUOUS
10
5.2470360629921258
20
-3.6292471653543306
11
5.2425190944881885
21
-3.6322652755905511
0
LINE
8
BLACK
6
CONTINUOUS
10
5.2425190944881885
20
-3.6322652755905511
11
5.242518858267716
21
-3.6322654724409449
0
LINE
8
BLACK
6
CONTINUOUS
10
5.242518858267716
20
-3.6322654724409449
11
5.2386778346456691
21
-3.6361064960629919
0
LINE
8
BLACK
6
CONTINUOUS
10
5.2386778346456691
20
-3.6361064960629919
11
5.2386776377952753
21
-3.6361067322834644
0
LINE
8
BLACK
6
CONTINUOUS
10
5.2386776377952753
20
-3.6361067322834644
11
5.2356595275590552
21
-3.6406237007874016
0
LINE
8
BLACK
6
CONTINUOUS
10
5.2356595275590552
20
-3.6406237007874016
11
5.2335806299212599
21
-3.6456425590551182
0
LINE
8
BLACK
6
CONTINUOUS
10
5.2335806299212599
20
-3.6456425590551182
11
5.2335805905511812
21
-3.6456426771653541
0
LINE
8
BLACK
6
CONTINUOUS
10
5.2335805905511812
20
-3.6456426771653541
11
5.2325207480314964
21
-3.6509707480314959
0
LINE
8
BLACK
6
CONTINUOUS
10
5.2325207480314964
20
-3.6509707480314959
11
5.2325207480314964
21
-3.656403464566929
0
LINE
8
BLACK
6
CONTINUOUS
10
5.2325207480314964
20
-3.656403464566929
11
5.2335805905511812
21
-3.6617315354330708
0
LINE
8
BLACK
6
CONTINUOUS
10
5.2335805905511812
20
-3.6617315354330708
11
5.2335806299212599
21
-3.6617316535433071
0
LINE
8
BLACK
6
CONTINUOUS
10
5.2335806299212599
20
-3.6617316535433071
11
5.2356596456692914
21
-3.6667508661417321
0
LINE
8
BLACK
6
CONTINUOUS
10
5.2356596456692914
20
-3.6667508661417321
11
5.2357744488188978
21
-3.6669656299212599
0
LINE
8
BLACK
6
CONTINUOUS
10
5.2357744488188978
20
-3.6669656299212599
11
5.2357163385826775
21
-3.6669966535433072
0
LINE
8
BLACK
6
CONTINUOUS
10
5.2357163385826775
20
-3.6669966535433072
11
5.2358476377952758
21
-3.6674157480314959
0
LINE
8
BLACK
6
CONTINUOUS
10
5.2358476377952758
20
-3.6674157480314959
11
5.2362568110236216
21
-3.6680524015748031
0
LINE
8
BLACK
6
CONTINUOUS
10
5.2362568110236216
20
-3.6680524015748031
11
5.2364346850393702
21
-3.6692896850393701
0
LINE
8
BLACK
6
CONTINUOUS
10
5.2364346850393702
20
-3.6692896850393701
11
5.236456968503937
21
-3.669360748031496
0
LINE
8
BLACK
6
CONTINUOUS
10
5.236456968503937
20
-3.669360748031496
11
5.2364577559055121
21
-3.6694499606299211
0
LINE
8
BLACK
6
CONTINUOUS
10
5.2364577559055121
20
-3.6694499606299211
11
5.2364577559055121
21
-3.6779242519685038
0
LINE
8
BLACK
6
CONTINUOUS
10
5.2364577559055121
20
-3.6779242519685038
11
5.2357344488188975
21
-3.6803875196850391
0
LINE
8
BLACK
6
CONTINUOUS
10
5.2357344488188975
20
-3.6803875196850391
11
5.2357743700787402
21
-3.6804088582677164
0
LINE
8
BLACK
6
CONTINUOUS
10
5.2357743700787402
20
-3.6804088582677164
11
5.2356719291338578
21
-3.6806004330708659
0
LINE
8
BLACK
6
CONTINUOUS
10
5.2356719291338578
20
-3.6806004330708659
11
5.2356702755905511
21
-3.680606181102362
0
LINE
8
BLACK
6
CONTINUOUS
10
5.2356702755905511
20
-3.680606181102362
11
5.235662755905512
21
-3.6806175984251968
0
LINE
8
BLACK
6
CONTINUOUS
10
5.235662755905512
20
-3.6806175984251968
11
5.2356595275590552
21
-3.6806236614173229
0
LINE
8
BLACK
6
CONTINUOUS
10
5.2356595275590552
20
-3.6806236614173229
11
5.2335806299212599
21
-3.6856425590551178
0
LINE
8
BLACK
6
CONTINUOUS
10
5.2335806299212599
20
-3.6856425590551178
11
5.2335805905511812
21
-3.6856426771653541
0
LINE
8
BLACK
6
CONTINUOUS
10
5.2335805905511812
20
-3.6856426771653541
11
5.2325207480314964
21
-3.6909707480314959
0
LINE
8
BLACK
6
CONTINUOUS
10
5.2325207480314964
20
-3.6909707480314959
11
5.2325207480314964
21
-3.6909708661417322
0
LINE
8
BLACK
6
CONTINUOUS
10
5.2325207480314964
20
-3.6909708661417322
11
5.2325207480314964
21
-3.6964033858267715
0
LINE
8
BLACK
6
CONTINUOUS
10
5.2325207480314964
20
-3.6964033858267715
11
5.2335805905511812
21
-3.7017315354330709
0
LINE
8
BLACK
6
CONTINUOUS
10
5.2335805905511812
20
-3.7017315354330709
11
5.2356595275590552
21
-3.7067505511811021
0
LINE
8
BLACK
6
CONTINUOUS
10
5.2356595275590552
20
-3.7067505511811021
11
5.2376761417322832
21
-3.7097686614173226
0
LINE
8
BLACK
6
CONTINUOUS
10
5.2376761417322832
20
-3.7097686614173226
11
5.2386776377952753
21
-3.7112674803149606
0
LINE
8
BLACK
6
CONTINUOUS
10
5.2386776377952753
20
-3.7112674803149606
11
5.2386778346456691
21
-3.7112677165354331
0
LINE
8
BLACK
6
CONTINUOUS
10
5.2386778346456691
20
-3.7112677165354331
11
5.242518858267716
21
-3.71510874015748
0
LINE
8
BLACK
6
CONTINUOUS
10
5.242518858267716
20
-3.71510874015748
11
5.2425190944881885
21
-3.7151089370078738
0
LINE
8
BLACK
6
CONTINUOUS
10
5.2425190944881885
20
-3.7151089370078738
11
5.2470360629921258
21
-3.7181270866141731
0
LINE
8
BLACK
6
CONTINUOUS
10
5.2470360629921258
20
-3.7181270866141731
11
5.252055078740157
21
-3.7202060236220471
0
LINE
8
BLACK
6
CONTINUOUS
10
5.252055078740157
20
-3.7202060236220471
11
5.2573832283464563
21
-3.7212658661417324
0
LINE
8
BLACK
6
CONTINUOUS
10
5.2573832283464563
20
-3.7212658661417324
11
5.2573832677165351
21
-3.7212658661417324
0
LINE
8
BLACK
6
CONTINUOUS
10
5.2573832677165351
20
-3.7212658661417324
11
5.2628157086614173
21
-3.7212658661417324
0
LINE
8
BLACK
6
CONTINUOUS
10
5.2628157086614173
20
-3.7212658661417324
11
5.2628157480314961
21
-3.7212658661417324
0
LINE
8
BLACK
6
CONTINUOUS
10
5.2628157480314961
20
-3.7212658661417324
11
5.2681438976377954
21
-3.7202060236220471
0
LINE
8
BLACK
6
CONTINUOUS
10
5.2681438976377954
20
-3.7202060236220471
11
5.2731629133858267
21
-3.7181270866141731
0
LINE
8
BLACK
6
CONTINUOUS
10
5.2731629133858267
20
-3.7181270866141731
11
5.2776798818897639
21
-3.7151089370078738
0
LINE
8
BLACK
6
CONTINUOUS
10
5.2776798818897639
20
-3.7151089370078738
11
5.2815212992125984
21
-3.7112675196850393
0
LINE
8
BLACK
6
CONTINUOUS
10
5.2815212992125984
20
-3.7112675196850393
11
5.2845394488188973
21
-3.7067505511811021
0
LINE
8
BLACK
6
CONTINUOUS
10
5.2845394488188973
20
-3.7067505511811021
11
5.2866183858267712
21
-3.7017315354330709
0
LINE
8
BLACK
6
CONTINUOUS
10
5.2866183858267712
20
-3.7017315354330709
11
5.287678228346457
21
-3.6964033858267715
0
LINE
8
BLACK
6
CONTINUOUS
10
5.287678228346457
20
-3.6964033858267715
11
5.287678228346457
21
-3.6909708661417322
0
LINE
8
BLACK
6
CONTINUOUS
10
5.287678228346457
20
-3.6909708661417322
11
5.2869270078740156
21
-3.6871942519685037
0
LINE
8
BLACK
6
CONTINUOUS
10
5.2869270078740156
20
-3.6871942519685037
11
5.2871761417322833
21
-3.684410275590551
0
LINE
8
BLACK
6
CONTINUOUS
10
5.2871761417322833
20
-3.684410275590551
11
5.288890866141732
21
-3.682202874015748
0
LINE
8
BLACK
6
CONTINUOUS
10
5.288890866141732
20
-3.682202874015748
11
5.291526771653543
21
-3.6812729921259844
0
LINE
8
BLACK
6
CONTINUOUS
10
5.291526771653543
20
-3.6812729921259844
11
5.2917923228346453
21
-3.6812658661417323
0
LINE
8
BLACK
6
CONTINUOUS
10
5.2917923228346453
20
-3.6812658661417323
11
6.212815787401575
21
-3.6812658661417323
0
LINE
8
BLACK
6
CONTINUOUS
10
6.212815787401575
20
-3.6812658661417323
11
6.2181438976377947
21
-3.6802060236220471
0
LINE
8
BLACK
6
CONTINUOUS
10
6.2181438976377947
20
-3.6802060236220471
11
6.2231629133858268
21
-3.6781270866141731
0
LINE
8
BLACK
6
CONTINUOUS
10
6.2231629133858268
20
-3.6781270866141731
11
6.2276799212598428
21
-3.6751089370078738
0
LINE
8
BLACK
6
CONTINUOUS
10
6.2276799212598428
20
-3.6751089370078738
11
6.2800700000000003
21
-3.6227187795275588
0
LINE
8
BLACK
6
CONTINUOUS
10
6.2800700000000003
20
-3.6227187795275588
11
6.2825232283464567
21
-3.621379251968504
0
LINE
8
BLACK
6
CONTINUOUS
10
6.2825232283464567
20
-3.621379251968504
11
6.2835776771653542
21
-3.6212658661417323
0
LINE
8
BLACK
6
CONTINUOUS
10
6.2835776771653542
20
-3.6212658661417323
11
6.3928157086614172
21
-3.6212658661417323
0
LINE
8
BLACK
6
CONTINUOUS
10
6.3928157086614172
20
-3.6212658661417323
11
6.392815748031496
21
-3.6212658661417323
0
LINE
8
BLACK
6
CONTINUOUS
10
6.392815748031496
20
-3.6212658661417323
11
6.3981438976377953
21
-3.620206023622047
0
LINE
8
BLACK
6
CONTINUOUS
10
6.3981438976377953
20
-3.620206023622047
11
6.4031629133858265
21
-3.618127086614173
0
LINE
8
BLACK
6
CONTINUOUS
10
6.4031629133858265
20
-3.618127086614173
11
6.4076798818897638
21
-3.6151089370078737
0
LINE
8
BLACK
6
CONTINUOUS
10
6.4076798818897638
20
-3.6151089370078737
11
6.4115212992125983
21
-3.6112675196850392
0
LINE
8
BLACK
6
CONTINUOUS
10
6.4115212992125983
20
-3.6112675196850392
11
6.4145394488188971
21
-3.6067505511811024
0
LINE
8
BLACK
6
CONTINUOUS
10
6.4145394488188971
20
-3.6067505511811024
11
6.4166183858267711
21
-3.6017315354330708
0
LINE
8
BLACK
6
CONTINUOUS
10
6.4166183858267711
20
-3.6017315354330708
11
6.4176782283464568
21
-3.5964033858267714
0
LINE
8
BLACK
6
CONTINUOUS
10
6.4176782283464568
20
-3.5964033858267714
11
6.4176782283464568
21
-3.5909708661417321
0
LINE
8
BLACK
6
CONTINUOUS
10
6.4176782283464568
20
-3.5909708661417321
11
6.4166183858267711
21
-3.5856427165354332
0
LINE
8
BLACK
6
CONTINUOUS
10
6.4166183858267711
20
-3.5856427165354332
11
6.4145394488188971
21
-3.5806237007874016
0
LINE
8
BLACK
6
CONTINUOUS
10
6.4145394488188971
20
-3.5806237007874016
11
6.4115212992125983
21
-3.5761067322834643
0
LINE
8
BLACK
6
CONTINUOUS
10
6.4115212992125983
20
-3.5761067322834643
11
6.4115211023622045
21
-3.5761064960629922
0
LINE
8
BLACK
6
CONTINUOUS
10
6.4115211023622045
20
-3.5761064960629922
11
6.4076800787401575
21
-3.5722654724409448
0
LINE
8
BLACK
6
CONTINUOUS
10
6.4076800787401575
20
-3.5722654724409448
11
6.407679842519685
21
-3.5722652755905511
0
LINE
8
BLACK
6
CONTINUOUS
10
6.407679842519685
20
-3.5722652755905511
11
6.4061810236220467
21
-3.571263779527559
0
LINE
8
BLACK
6
CONTINUOUS
10
6.4061810236220467
20
-3.571263779527559
11
6.4031629133858265
21
-3.5692471653543305
0
LINE
8
BLACK
6
CONTINUOUS
10
6.4031629133858265
20
-3.5692471653543305
11
6.3981440944881891
21
-3.567168307086614
0
LINE
8
BLACK
6
CONTINUOUS
10
6.3981440944881891
20
-3.567168307086614
11
6.3981440157480316
21
-3.5671682677165353
0
LINE
8
BLACK
6
CONTINUOUS
10
6.3981440157480316
20
-3.5671682677165353
11
6.3981438976377953
21
-3.5671682283464565
0
LINE
8
BLACK
6
CONTINUOUS
10
6.3981438976377953
20
-3.5671682283464565
11
6.3928158267716535
21
-3.5661083858267717
0
LINE
8
BLACK
6
CONTINUOUS
10
6.3928158267716535
20
-3.5661083858267717
11
6.392815748031496
21
-3.5661083858267717
0
LINE
8
BLACK
6
CONTINUOUS
10
6.392815748031496
20
-3.5661083858267717
11
6.3428157480314962
21
-3.5661083858267717
0
LINE
8
BLACK
6
CONTINUOUS
10
6.3428157480314962
20
-3.5661083858267717
11
6.2673832283464561
21
-3.5661083858267717
0
LINE
8
BLACK
6
CONTINUOUS
10
6.2673832283464561
20
-3.5661083858267717
11
6.2673829921259845
21
-3.5661083858267717
0
LINE
8
BLACK
6
CONTINUOUS
10
6.2673829921259845
20
-3.5661083858267717
11
6.263114842519685
21
-3.5669574015748031
0
CIRCLE
8
BLACK
10
4.485611338582677
20
-3.323687125984252
40
0.0068897637795276
0
CIRCLE
8
BLACK
10
6.6466349212598423
20
-3.323687125984252
40
0.0068897637795276
0
CIRCLE
8
BLACK
10
7.1552963385826773
20
-4.823687125984252
40
0.0068897637795276
0
CIRCLE
8
BLACK
10
3.7800994881889762
20
-4.9236871653543304
40
0.0068897637795276
0
CIRCLE
8
BLACK
10
4.4300994881889766
20
-4.4969154724409446
40
0.0068897637795276
0
CIRCLE
8
BLACK
10
4.2332490944881886
20
-4.4969154724409446
40
0.0068897637795276
0
CIRCLE
8
BLACK
10
6.1000994881889765
20
-4.7036871259842519
40
0.0068897637795276
0
CIRCLE
8
BLACK
10
6.1000994881889765
20
-4.6036871259842522
40
0.0068897637795276
0
CIRCLE
8
BLACK
10
6.000099488188976
20
-4.6036871259842522
40
0.0068897637795276
0
CIRCLE
8
BLACK
10
5.9000994881889763
20
-4.6036871259842522
40
0.0068897637795276
0
CIRCLE
8
BLACK
10
6.000099488188976
20
-4.7036871259842519
40
0.0068897637795276
0
CIRCLE
8
BLACK
10
6.4000994881889763
20
-4.6036871259842522
40
0.0068897637795276
0
CIRCLE
8
BLACK
10
6.4000994881889763
20
-4.7036871259842519
40
0.0068897637795276
0
CIRCLE
8
BLACK
10
6.2000994881889762
20
-4.6036871259842522
40
0.0068897637795276
0
CIRCLE
8
BLACK
10
6.2000994881889762
20
-4.7036871259842519
40
0.0068897637795276
0
CIRCLE
8
BLACK
10
5.9000994881889763
20
-4.7036871259842519
40
0.0068897637795276
0
CIRCLE
8
BLACK
10
6.3000994881889758
20
-4.7036871259842519
40
0.0068897637795276
0
CIRCLE
8
BLACK
10
6.3000994881889758
20
-4.6036871259842522
40
0.0068897637795276
0
CIRCLE
8
BLACK
10
6.0460919685039372
20
-3.9611949606299213
40
0.0078740157480315
0
CIRCLE
8
BLACK
10
5.3521673228346458
20
-4.5831619685039371
40
0.0078740157480315
0
CIRCLE
8
BLACK
10
5.43432811023622
20
-4.491915748031496
40
0.0078740157480315
0
CIRCLE
8
BLACK
10
6.2065994881889761
20
-4.0241871259842519
40
0.0078740157480315
0
CIRCLE
8
BLACK
10
4.8515994881889766
20
-4.4291871259842521
40
0.0078740157480315
0
CIRCLE
8
BLACK
10
4.2265994881889766
20
-4.6241871259842515
40
0.0078740157480315
0
CIRCLE
8
BLACK
10
4.1665994881889761
20
-4.6241871259842515
40
0.0078740157480315
0
CIRCLE
8
BLACK
10
4.1065994881889765
20
-4.5841871259842515
40
0.0078740157480315
0
CIRCLE
8
BLACK
10
4.0665994881889764
20
-4.5441871259842515
40
0.0078740157480315
0
CIRCLE
8
BLACK
10
5.9815994881889765
20
-4.1191871259842516
40
0.0078740157480315
0
CIRCLE
8
BLACK
10
4.9515994881889762
20
-4.4541871259842516
40
0.0078740157480315
0
CIRCLE
8
BLACK
10
4.9015994881889764
20
-4.3541871259842519
40
0.0078740157480315
0
CIRCLE
8
BLACK
10
4.4363987007874011
20
-4.5658131102362205
40
0.0078740157480315
0
CIRCLE
8
BLACK
10
5.546599488188976
20
-4.2641871259842521
40
0.0078740157480315
0
CIRCLE
8
BLACK
10
4.951599527559055
20
-4.5291871259842518
40
0.0078740157480315
0
CIRCLE
8
BLACK
10
5.4365994881889765
20
-4.3841871259842522
40
0.0078740157480315
0
CIRCLE
8
BLACK
10
4.7015994881889762
20
-4.3041871259842521
40
0.0078740157480315
0
CIRCLE
8
BLACK
10
4.4765994881889766
20
-4.6291871259842523
40
0.0078740157480315
0
CIRCLE
8
BLACK
10
5.4365994881889765
20
-4.3441871259842522
40
0.0078740157480315
0
CIRCLE
8
BLACK
10
5.3015994881889759
20
-4.6041870866141732
40
0.0078740157480315
0
CIRCLE
8
BLACK
10
4.9015994881889764
20
-4.5291871259842518
40
0.0078740157480315
0
CIRCLE
8
BLACK
10
4.7465994881889761
20
-4.2841871259842517
40
0.0078740157480315
0
CIRCLE
8
BLACK
10
5.001599488188976
20
-4.5041871259842523
40
0.0078740157480315
0
CIRCLE
8
BLACK
10
4.4765994881889766
20
-4.5791871259842516
40
0.0078740157480315
0
CIRCLE
8
BLACK
10
4.3865994881889767
20
-4.5841871259842515
40
0.0078740157480315
0
CIRCLE
8
BLACK
10
5.251599488188976
20
-4.5791871259842516
40
0.0078740157480315
0
CIRCLE
8
BLACK
10
5.251599488188976
20
-4.5291871259842518
40
0.0078740157480315
0
CIRCLE
8
BLACK
10
4.3465994881889767
20
-4.6241871259842515
40
0.0078740157480315
0
CIRCLE
8
BLACK
10
4.9015994881889764
20
-4.3041871259842521
40
0.0078740157480315
0
CIRCLE
8
BLACK
10
4.8515994488188978
20
-4.3241871259842517
40
0.0078740157480315
0
CIRCLE
8
BLACK
10
6.126599488188976
20
-3.9641871259842518
40
0.0078740157480315
0
CIRCLE
8
BLACK
10
5.5165994881889766
20
-4.3041871259842521
40
0.0078740157480315
0
CIRCLE
8
BLACK
10
5.1015994881889766
20
-4.5041871259842523
40
0.0078740157480315
0
CIRCLE
8
BLACK
10
5.4015995275590551
20
-4.5791871259842516
40
0.0078740157480315
0
CIRCLE
8
BLACK
10
5.1515994881889764
20
-4.5041871259842523
40
0.0078740157480315
0
CIRCLE
8
BLACK
10
5.0515994881889759
20
-4.5041871259842523
40
0.0078740157480315
0
CIRCLE
8
BLACK
10
4.8515994881889766
20
-4.5041871259842523
40
0.0078740157480315
0
CIRCLE
8
BLACK
10
5.4665994881889759
20
-4.3041871259842521
40
0.0078740157480315
0
CIRCLE
8
BLACK
10
5.4365995275590553
20
-4.4441871259842518
40
0.0078740157480315
0
CIRCLE
8
BLACK
10
4.9265994881889759
20
-4.4041871259842518
40
0.0078740157480315
0
CIRCLE
8
BLACK
10
4.8015994881889759
20
-4.3641871259842517
40
0.0078740157480315
0
CIRCLE
8
BLACK
10
4.6515994881889764
20
-4.3041871259842521
40
0.0078740157480315
0
CIRCLE
8
BLACK
10
5.2015994881889762
20
-4.5041871259842523
40
0.0078740157480315
0
CIRCLE
8
BLACK
10
4.2865994881889762
20
-4.6241871259842515
40
0.0078740157480315
0
CIRCLE
8
BLACK
10
5.1765994488188971
20
-3.829187125984252
40
0.0078740157480315
0
CIRCLE
8
BLACK
10
4.6234065748031492
20
-3.9457343700787399
40
0.0078740157480315
0
CIRCLE
8
BLACK
10
4.251599488188976
20
-4.3541871259842519
40
0.0078740157480315
0
CIRCLE
8
BLACK
10
4.250099488188976
20
-4.403687125984252
40
0.0078740157480315
0
CIRCLE
8
BLACK
10
4.1312805905511807
20
-4.3984903149606298
40
0.0078740157480315
0
CIRCLE
8
BLACK
10
4.0515995275590546
20
-4.3886477559055121
40
0.0078740157480315
0
CIRCLE
8
BLACK
10
3.9265994881889763
20
-4.3541871259842519
40
0.0078740157480315
0
CIRCLE
8
BLACK
10
5.0065994881889759
20
-3.9641871259842518
40
0.0078740157480315
0
CIRCLE
8
BLACK
10
3.9265995275590551
20
-4.2791871259842518
40
0.0078740157480315
0
CIRCLE
8
BLACK
10
4.7265994881889766
20
-3.954187125984252
40
0.0078740157480315
0
CIRCLE
8
BLACK
10
5.1015994881889766
20
-3.954187125984252
40
0.0078740157480315
0
CIRCLE
8
BLACK
10
4.2887609055118112
20
-4.4477028740157483
40
0.0078740157480315
0
CIRCLE
8
BLACK
10
3.9265994881889763
20
-3.9291871259842517
40
0.0078740157480315
0
CIRCLE
8
BLACK
10
4.2887609055118112
20
-4.5166005118110233
40
0.0078740157480315
0
CIRCLE
8
BLACK
10
4.7265994488188978
20
-4.0841871259842515
40
0.0078740157480315
0
CIRCLE
8
BLACK
10
4.3900994881889766
20
-4.543687086614173
40
0.0078740157480315
0
CIRCLE
8
BLACK
10
3.9265994881889763
20
-4.0541871259842521
40
0.0078740157480315
0
CIRCLE
8
BLACK
10
4.4560837401574807
20
-4.4280178346456696
40
0.0078740157480315
0
CIRCLE
8
BLACK
10
3.9265994881889763
20
-3.9791871259842519
40
0.0078740157480315
0
CIRCLE
8
BLACK
10
4.251599488188976
20
-3.7791871259842518
40
0.0078740157480315
0
CIRCLE
8
BLACK
10
4.0265994881889764
20
-4.5041871259842523
40
0.0078740157480315
0
CIRCLE
8
BLACK
10
4.2887609055118112
20
-4.3984902755905511
40
0.0078740157480315
0
CIRCLE
8
BLACK
10
4.126599488188976
20
-3.8041871653543304
40
0.0078740157480315
0
CIRCLE
8
BLACK
10
3.9265995275590551
20
-4.4041871259842518
40
0.0078740157480315
0
CIRCLE
8
BLACK
10
3.9265994881889763
20
-4.2041871259842516
40
0.0078740157480315
0
CIRCLE
8
BLACK
10
3.9515994488188975
20
-3.8791871259842519
40
0.0078740157480315
0
CIRCLE
8
BLACK
10
4.001599488188976
20
-3.8291870866141733
40
0.0078740157480315
0
CIRCLE
8
BLACK
10
5.1515994881889764
20
-3.8791871259842519
40
0.0078740157480315
0
CIRCLE
8
BLACK
10
5.1665994881889761
20
-3.7841871259842517
40
0.0078740157480315
0
CIRCLE
8
BLACK
10
5.0515994881889759
20
-3.9791871259842519
40
0.0078740157480315
0
CIRCLE
8
BLACK
10
4.6765994881889759
20
-4.0841871259842515
40
0.0078740157480315
0
CIRCLE
8
BLACK
10
5.1765994881889759
20
-3.9791871259842519
40
0.0078740157480315
0
CIRCLE
8
BLACK
10
4.7265994488188978
20
-4.0041871259842523
40
0.0078740157480315
0
CIRCLE
8
BLACK
10
4.6765994881889759
20
-3.954187125984252
40
0.0078740157480315
0
CIRCLE
8
BLACK
10
4.6765994881889759
20
-4.0041871259842523
40
0.0078740157480315
0
CIRCLE
8
BLACK
10
4.876599488188976
20
-3.954187125984252
40
0.0078740157480315
0
CIRCLE
8
BLACK
10
4.5765994881889762
20
-3.9041871259842518
40
0.0078740157480315
0
CIRCLE
8
BLACK
10
4.8265994881889762
20
-3.954187125984252
40
0.0078740157480315
0
CIRCLE
8
BLACK
10
4.7765994881889764
20
-3.9541870866141733
40
0.0078740157480315
0
CIRCLE
8
BLACK
10
4.1608081496062992
20
-4.5067579921259844
40
0.0078740157480315
0
CIRCLE
8
BLACK
10
4.1411231102362205
20
-4.3492776771653539
40
0.0078740157480315
0
CIRCLE
8
BLACK
10
3.9265994881889763
20
-4.1291871653543311
40
0.0078740157480315
0
CIRCLE
8
BLACK
10
4.0515994881889759
20
-3.8041871259842517
40
0.0078740157480315
0
CIRCLE
8
BLACK
10
5.1065994881889765
20
-3.7841870866141734
40
0.0078740157480315
0
CIRCLE
8
BLACK
10
4.1765994881889759
20
-3.7791871259842518
40
0.0078740157480315
0
CIRCLE
8
BLACK
10
4.1312805905511807
20
-4.4575453937007872
40
0.0078740157480315
0
CIRCLE
8
BLACK
10
4.6015994881889766
20
-3.7541871259842519
40
0.0078740157480315
0
CIRCLE
8
BLACK
10
4.9265994881889759
20
-3.7541871259842519
40
0.0078740157480315
0
CIRCLE
8
BLACK
10
4.8515994881889766
20
-3.829187125984252
40
0.0078740157480315
0
CIRCLE
8
BLACK
10
4.6515994881889764
20
-3.8041871653543304
40
0.0078740157480315
0
CIRCLE
8
BLACK
10
5.3665994881889763
20
-3.5841871259842519
40
0.0078740157480315
0
CIRCLE
8
BLACK
10
4.9265994881889759
20
-3.704187125984252
40
0.0078740157480315
0
CIRCLE
8
BLACK
10
5.0378987007874017
20
-4.2389509055118113
40
0.0078740157480315
0
CIRCLE
8
BLACK
10
5.1765994881889759
20
-3.5841871259842519
40
0.0078740157480315
0
CIRCLE
8
BLACK
10
4.7015994881889762
20
-3.829187125984252
40
0.0078740157480315
0
CIRCLE
8
BLACK
10
4.9400994881889764
20
-3.6436871259842518
40
0.0078740157480315
0
CIRCLE
8
BLACK
10
5.3528987007874012
20
-4.1239509055118111
40
0.0078740157480315
0
CIRCLE
8
BLACK
10
4.876599488188976
20
-3.6541871259842518
40
0.0078740157480315
0
CIRCLE
8
BLACK
10
5.2365995275590551
20
-3.5841871259842519
40
0.0078740157480315
0
CIRCLE
8
BLACK
10
5.357898700787401
20
-3.9689509055118108
40
0.0078740157480315
0
CIRCLE
8
BLACK
10
5.0600994881889765
20
-3.633687125984252
40
0.0078740157480315
0
CIRCLE
8
BLACK
10
4.0228987007874011
20
-4.1139509055118113
40
0.0078740157480315
0
CIRCLE
8
BLACK
10
5.0828987007874016
20
-4.293950905511811
40
0.0078740157480315
0
CIRCLE
8
BLACK
10
4.5765994881889762
20
-3.9457343700787399
40
0.0078740157480315
0
CIRCLE
8
BLACK
10
5.2965994488188972
20
-3.5841871259842519
40
0.0078740157480315
0
CIRCLE
8
BLACK
10
4.5265994881889764
20
-3.9457344094488187
40
0.0078740157480315
0
CIRCLE
8
BLACK
10
4.5265994881889764
20
-3.8541871259842519
40
0.0078740157480315
0
CIRCLE
8
BLACK
10
5.1343947637795271
20
-4.1939509055118105
40
0.0078740157480315
0
CIRCLE
8
BLACK
10
4.376599488188976
20
-3.7791871259842518
40
0.0078740157480315
0
CIRCLE
8
BLACK
10
4.1928987007874019
20
-3.9739509055118107
40
0.0078740157480315
0
CIRCLE
8
BLACK
10
5.30789874015748
20
-3.9689509055118108
40
0.0078740157480315
0
CIRCLE
8
BLACK
10
5.3828987007874014
20
-4.2689509055118107
40
0.0078740157480315
0
CIRCLE
8
BLACK
10
5.1426698031496061
20
-4.2341798031496065
40
0.0078740157480315
0
CIRCLE
8
BLACK
10
4.9015994881889764
20
-3.8041871653543304
40
0.0078740157480315
0
CIRCLE
8
BLACK
10
5.1428987007874012
20
-4.0739509055118113
40
0.0078740157480315
0
CIRCLE
8
BLACK
10
4.8015994881889759
20
-3.829187125984252
40
0.0078740157480315
0
CIRCLE
8
BLACK
10
4.5515994881889759
20
-3.7291871259842519
40
0.0078740157480315
0
CIRCLE
8
BLACK
10
4.5265994881889764
20
-3.9041871259842518
40
0.0078740157480315
0
CIRCLE
8
BLACK
10
4.3265994881889762
20
-3.7791871259842518
40
0.0078740157480315
0
CIRCLE
8
BLACK
10
4.4265994881889759
20
-3.7291871259842519
40
0.0078740157480315
0
CIRCLE
8
BLACK
10
5.1828987007874012
20
-4.2624548818897638
40
0.0078740157480315
0
CIRCLE
8
BLACK
10
4.501599488188976
20
-3.7291871259842519
40
0.0078740157480315
0
CIRCLE
8
BLACK
10
4.751599488188976
20
-3.829187125984252
40
0.0078740157480315
0
CIRCLE
8
BLACK
10
5.3578987401574798
20
-4.293950905511811
40
0.0078740157480315
0
CIRCLE
8
BLACK
10
5.4265994881889759
20
-3.5841871259842519
40
0.0078740157480315
0
CIRCLE
8
BLACK
10
5.000099488188976
20
-3.633687125984252
40
0.0078740157480315
0
CIRCLE
8
BLACK
10
5.126599488188976
20
-3.644187125984252
40
0.0078740157480315
0
CIRCLE
8
BLACK
10
5.0328987007874018
20
-4.293950905511811
40
0.0078740157480315
0
CIRCLE
8
BLACK
10
4.0228987007874011
20
-4.1639509055118111
40
0.0078740157480315
0
CIRCLE
8
BLACK
10
4.2328773228346455
20
-4.2931857480314957
40
0.0078740157480315
0
CIRCLE
8
BLACK
10
4.3078987007874012
20
-4.3439509055118108
40
0.0078740157480315
0
CIRCLE
8
BLACK
10
5.3015994881889759
20
-3.7291871259842519
40
0.0078740157480315
0
CIRCLE
8
BLACK
10
4.232898700787401
20
-4.1189509055118112
40
0.0078740157480315
0
CIRCLE
8
BLACK
10
3.9865994881889764
20
-4.4641871259842523
40
0.0078740157480315
0
CIRCLE
8
BLACK
10
4.232898700787401
20
-4.2439509055118112
40
0.0078740157480315
0
CIRCLE
8
BLACK
10
4.232898700787401
20
-4.1939509055118105
40
0.0078740157480315
0
CIRCLE
8
BLACK
10
4.2465994881889761
20
-3.9689509055118108
40
0.0078740157480315
0
CIRCLE
8
BLACK
10
4.3078987007874012
20
-3.9689509055118108
40
0.0078740157480315
0
CIRCLE
8
BLACK
10
4.4065994881889763
20
-3.9841871259842518
40
0.0078740157480315
0
CIRCLE
8
BLACK
10
4.3328987007874016
20
-4.0439508661417323
40
0.0078740157480315
0
CIRCLE
8
BLACK
10
4.898997125984252
20
-4.467387913385827
40
0.0078740157480315
0
CIRCLE
8
BLACK
10
6.4442727165354325
20
-4.1130572047244094
40
0.0078740157480315
0
CIRCLE
8
BLACK
10
6.5033278346456695
20
-4.5067579921259844
40
0.0078740157480315
0
CIRCLE
8
BLACK
10
6.750099488188976
20
-3.9236871259842521
40
0.0078740157480315
0
CIRCLE
8
BLACK
10
6.4300994881889766
20
-3.7136871259842521
40
0.0078740157480315
0
CIRCLE
8
BLACK
10
6.5525404330708659
20
-4.5067579921259844
40
0.0078740157480315
0
CIRCLE
8
BLACK
10
6.790099488188976
20
-3.653687125984252
40
0.0078740157480315
0
CIRCLE
8
BLACK
10
6.6408411417322837
20
-3.8511871259842518
40
0.0078740157480315
0
CIRCLE
8
BLACK
10
6.4300994881889766
20
-3.6636871653543306
40
0.0078740157480315
0
CIRCLE
8
BLACK
10
5.0100995275590554
20
-4.2636871259842515
40
0.0078740157480315
0
CIRCLE
8
BLACK
10
6.4300994881889766
20
-3.7636871259842519
40
0.0078740157480315
0
CIRCLE
8
BLACK
10
6.8000994881889758
20
-3.9236871259842521
40
0.0078740157480315
0
CIRCLE
8
BLACK
10
6.7986034251968501
20
-4.0441595669291335
40
0.0078740157480315
0
CIRCLE
8
BLACK
10
6.2080522440944881
20
-4.3197501181102362
40
0.0078740157480315
0
CIRCLE
8
BLACK
10
6.2277372834645668
20
-4.2508524803149603
40
0.0078740157480315
0
CIRCLE
8
BLACK
10
6.7100207480314955
20
-4.5953406692913381
40
0.0078740157480315
0
CIRCLE
8
BLACK
10
6.790099488188976
20
-3.7036871653543306
40
0.0078740157480315
0
CIRCLE
8
BLACK
10
6.2867924015748029
20
-4.3000650787401575
40
0.0078740157480315
0
CIRCLE
8
BLACK
10
5.8800994881889759
20
-4.3606831889763775
40
0.0078740157480315
0
CIRCLE
8
BLACK
10
6.0800994881889761
20
-4.4436871259842521
40
0.0078740157480315
0
CIRCLE
8
BLACK
10
6.3700994881889761
20
-4.3336871259842518
40
0.0078740157480315
0
CIRCLE
8
BLACK
10
6.3900994881889766
20
-3.8136871259842517
40
0.0078740157480315
0
CIRCLE
8
BLACK
10
6.4300994881889766
20
-4.3436871259842516
40
0.0078740157480315
0
CIRCLE
8
BLACK
10
6.4200994488188972
20
-3.8636872047244095
40
0.0078740157480315
0
CIRCLE
8
BLACK
10
6.0265994881889764
20
-4.0241871259842519
40
0.0078740157480315
0
CIRCLE
8
BLACK
10
5.8715994881889761
20
-3.9591871259842519
40
0.0078740157480315
0
CIRCLE
8
BLACK
10
4.9628987007874015
20
-4.3839509055118109
40
0.0078740157480315
0
CIRCLE
8
BLACK
10
4.9628987007874015
20
-3.8939509055118111
40
0.0078740157480315
0
CIRCLE
8
BLACK
10
5.2600994881889767
20
-3.653687125984252
40
0.0078740157480315
0
CIRCLE
8
BLACK
10
6.3400994881889758
20
-3.593687125984252
40
0.0078740157480315
0
CIRCLE
8
BLACK
10
5.2600994881889767
20
-3.6936871259842521
40
0.0078740157480315
0
CIRCLE
8
BLACK
10
6.3900994881889766
20
-3.593687125984252
40
0.0078740157480315
0
CIRCLE
8
BLACK
10
5.0665994881889764
20
-4.1091871259842518
40
0.0078740157480315
0
CIRCLE
8
BLACK
10
6.3300994881889761
20
-4.1436871259842523
40
0.0078740157480315
0
CIRCLE
8
BLACK
10
5.5265994881889764
20
-4.3541871259842519
40
0.0078740157480315
0
CIRCLE
8
BLACK
10
6.2702800393700784
20
-4.153867677165354
40
0.0078740157480315
0
CIRCLE
8
BLACK
10
5.3538870078740155
20
-4.4459482283464569
40
0.0078740157480315
0
CIRCLE
8
BLACK
10
5.2600994881889767
20
-4.153687125984252
40
0.0078740157480315
0
CIRCLE
8
BLACK
10
6.2665994881889766
20
-4.0441871259842515
40
0.0078740157480315
0
CIRCLE
8
BLACK
10
5.5078987007874014
20
-4.0041871653543311
40
0.0078740157480315
0
CIRCLE
8
BLACK
10
6.1288721259842518
20
-4.4199505905511813
40
0.0078740157480315
0
CIRCLE
8
BLACK
10
5.9874084251968505
20
-4.4034522047244096
40
0.0078740157480315
0
CIRCLE
8
BLACK
10
5.9527492913385824
20
-4.3663369291338583
40
0.0078740157480315
0
CIRCLE
8
BLACK
10
6.091254566929134
20
-4.3846315748031497
40
0.0078740157480315
0
CIRCLE
8
WHITE
10
6.0460919685039372
20
-3.9611949606299213
40
0.0068897637795276
0
CIRCLE
8
WHITE
10
5.3521673228346458
20
-4.5831619685039371
40
0.0068897637795276
0
CIRCLE
8
WHITE
10
5.43432811023622
20
-4.491915748031496
40
0.0068897637795276
0
CIRCLE
8
WHITE
10
6.2065994881889761
20
-4.0241871259842519
40
0.0068897637795276
0
CIRCLE
8
WHITE
10
4.8515994881889766
20
-4.4291871259842521
40
0.0068897637795276
0
CIRCLE
8
WHITE
10
4.2265994881889766
20
-4.6241871259842515
40
0.0068897637795276
0
CIRCLE
8
WHITE
10
4.1665994881889761
20
-4.6241871259842515
40
0.0068897637795276
0
CIRCLE
8
WHITE
10
4.1065994881889765
20
-4.5841871259842515
40
0.0068897637795276
0
CIRCLE
8
WHITE
10
4.0665994881889764
20
-4.5441871259842515
40
0.0068897637795276
0
CIRCLE
8
WHITE
10
5.9815994881889765
20
-4.1191871259842516
40
0.0068897637795276
0
CIRCLE
8
WHITE
10
4.9515994881889762
20
-4.4541871259842516
40
0.0068897637795276
0
CIRCLE
8
WHITE
10
4.9015994881889764
20
-4.3541871259842519
40
0.0068897637795276
0
CIRCLE
8
WHITE
10
4.4363987007874011
20
-4.5658131102362205
40
0.0068897637795276
0
CIRCLE
8
WHITE
10
5.546599488188976
20
-4.2641871259842521
40
0.0068897637795276
0
CIRCLE
8
WHITE
10
4.951599527559055
20
-4.5291871259842518
40
0.0068897637795276
0
CIRCLE
8
WHITE
10
5.4365994881889765
20
-4.3841871259842522
40
0.0068897637795276
0
CIRCLE
8
WHITE
10
4.7015994881889762
20
-4.3041871259842521
40
0.0068897637795276
0
CIRCLE
8
WHITE
10
4.4765994881889766
20
-4.6291871259842523
40
0.0068897637795276
0
CIRCLE
8
WHITE
10
5.4365994881889765
20
-4.3441871259842522
40
0.0068897637795276
0
CIRCLE
8
WHITE
10
5.3015994881889759
20
-4.6041870866141732
40
0.0068897637795276
0
CIRCLE
8
WHITE
10
4.9015994881889764
20
-4.5291871259842518
40
0.0068897637795276
0
CIRCLE
8
WHITE
10
4.7465994881889761
20
-4.2841871259842517
40
0.0068897637795276
0
CIRCLE
8
WHITE
10
5.001599488188976
20
-4.5041871259842523
40
0.0068897637795276
0
CIRCLE
8
WHITE
10
4.4765994881889766
20
-4.5791871259842516
40
0.0068897637795276
0
CIRCLE
8
WHITE
10
4.3865994881889767
20
-4.5841871259842515
40
0.0068897637795276
0
CIRCLE
8
WHITE
10
5.251599488188976
20
-4.5791871259842516
40
0.0068897637795276
0
CIRCLE
8
WHITE
10
5.251599488188976
20
-4.5291871259842518
40
0.0068897637795276
0
CIRCLE
8
WHITE
10
4.3465994881889767
20
-4.6241871259842515
40
0.0068897637795276
0
CIRCLE
8
WHITE
10
4.9015994881889764
20
-4.3041871259842521
40
0.0068897637795276
0
CIRCLE
8
WHITE
10
4.8515994488188978
20
-4.3241871259842517
40
0.0068897637795276
0
CIRCLE
8
WHITE
10
6.126599488188976
20
-3.9641871259842518
40
0.0068897637795276
0
CIRCLE
8
WHITE
10
5.5165994881889766
20
-4.3041871259842521
40
0.0068897637795276
0
CIRCLE
8
WHITE
10
5.1015994881889766
20
-4.5041871259842523
40
0.0068897637795276
0
CIRCLE
8
WHITE
10
5.4015995275590551
20
-4.5791871259842516
40
0.0068897637795276
0
CIRCLE
8
WHITE
10
5.1515994881889764
20
-4.5041871259842523
40
0.0068897637795276
0
CIRCLE
8
WHITE
10
5.0515994881889759
20
-4.5041871259842523
40
0.0068897637795276
0
CIRCLE
8
WHITE
10
4.8515994881889766
20
-4.5041871259842523
40
0.0068897637795276
0
CIRCLE
8
WHITE
10
5.4665994881889759
20
-4.3041871259842521
40
0.0068897637795276
0
CIRCLE
8
WHITE
10
5.4365995275590553
20
-4.4441871259842518
40
0.0068897637795276
0
CIRCLE
8
WHITE
10
4.9265994881889759
20
-4.4041871259842518
40
0.0068897637795276
0
CIRCLE
8
WHITE
10
4.8015994881889759
20
-4.3641871259842517
40
0.0068897637795276
0
CIRCLE
8
WHITE
10
4.6515994881889764
20
-4.3041871259842521
40
0.0068897637795276
0
CIRCLE
8
WHITE
10
5.2015994881889762
20
-4.5041871259842523
40
0.0068897637795276
0
CIRCLE
8
WHITE
10
4.2865994881889762
20
-4.6241871259842515
40
0.0068897637795276
0
CIRCLE
8
WHITE
10
5.1765994488188971
20
-3.829187125984252
40
0.0068897637795276
0
CIRCLE
8
WHITE
10
4.6234065748031492
20
-3.9457343700787399
40
0.0068897637795276
0
CIRCLE
8
WHITE
10
4.251599488188976
20
-4.3541871259842519
40
0.0068897637795276
0
CIRCLE
8
WHITE
10
4.250099488188976
20
-4.403687125984252
40
0.0068897637795276
0
CIRCLE
8
WHITE
10
4.1312805905511807
20
-4.3984903149606298
40
0.0068897637795276
0
CIRCLE
8
WHITE
10
4.0515995275590546
20
-4.3886477559055121
40
0.0068897637795276
0
CIRCLE
8
WHITE
10
3.9265994881889763
20
-4.3541871259842519
40
0.0068897637795276
0
CIRCLE
8
WHITE
10
5.0065994881889759
20
-3.9641871259842518
40
0.0068897637795276
0
CIRCLE
8
WHITE
10
3.9265995275590551
20
-4.2791871259842518
40
0.0068897637795276
0
CIRCLE
8
WHITE
10
4.7265994881889766
20
-3.954187125984252
40
0.0068897637795276
0
CIRCLE
8
WHITE
10
5.1015994881889766
20
-3.954187125984252
40
0.0068897637795276
0
CIRCLE
8
WHITE
10
4.2887609055118112
20
-4.4477028740157483
40
0.0068897637795276
0
CIRCLE
8
WHITE
10
3.9265994881889763
20
-3.9291871259842517
40
0.0068897637795276
0
CIRCLE
8
WHITE
10
4.2887609055118112
20
-4.5166005118110233
40
0.0068897637795276
0
CIRCLE
8
WHITE
10
4.7265994488188978
20
-4.0841871259842515
40
0.0068897637795276
0
CIRCLE
8
WHITE
10
4.3900994881889766
20
-4.543687086614173
40
0.0068897637795276
0
CIRCLE
8
WHITE
10
3.9265994881889763
20
-4.0541871259842521
40
0.0068897637795276
0
CIRCLE
8
WHITE
10
4.4560837401574807
20
-4.4280178346456696
40
0.0068897637795276
0
CIRCLE
8
WHITE
10
3.9265994881889763
20
-3.9791871259842519
40
0.0068897637795276
0
CIRCLE
8
WHITE
10
4.251599488188976
20
-3.7791871259842518
40
0.0068897637795276
0
CIRCLE
8
WHITE
10
4.0265994881889764
20
-4.5041871259842523
40
0.0068897637795276
0
CIRCLE
8
WHITE
10
4.2887609055118112
20
-4.3984902755905511
40
0.0068897637795276
0
CIRCLE
8
WHITE
10
4.126599488188976
20
-3.8041871653543304
40
0.0068897637795276
0
CIRCLE
8
WHITE
10
3.9265995275590551
20
-4.4041871259842518
40
0.0068897637795276
0
CIRCLE
8
WHITE
10
3.9265994881889763
20
-4.2041871259842516
40
0.0068897637795276
0
CIRCLE
8
WHITE
10
3.9515994488188975
20
-3.8791871259842519
40
0.0068897637795276
0
CIRCLE
8
WHITE
10
4.001599488188976
20
-3.8291870866141733
40
0.0068897637795276
0
CIRCLE
8
WHITE
10
5.1515994881889764
20
-3.8791871259842519
40
0.0068897637795276
0
CIRCLE
8
WHITE
10
5.1665994881889761
20
-3.7841871259842517
40
0.0068897637795276
0
CIRCLE
8
WHITE
10
5.0515994881889759
20
-3.9791871259842519
40
0.0068897637795276
0
CIRCLE
8
WHITE
10
4.6765994881889759
20
-4.0841871259842515
40
0.0068897637795276
0
CIRCLE
8
WHITE
10
5.1765994881889759
20
-3.9791871259842519
40
0.0068897637795276
0
CIRCLE
8
WHITE
10
4.7265994488188978
20
-4.0041871259842523
40
0.0068897637795276
0
CIRCLE
8
WHITE
10
4.6765994881889759
20
-3.954187125984252
40
0.0068897637795276
0
CIRCLE
8
WHITE
10
4.6765994881889759
20
-4.0041871259842523
40
0.0068897637795276
0
CIRCLE
8
WHITE
10
4.876599488188976
20
-3.954187125984252
40
0.0068897637795276
0
CIRCLE
8
WHITE
10
4.5765994881889762
20
-3.9041871259842518
40
0.0068897637795276
0
CIRCLE
8
WHITE
10
4.8265994881889762
20
-3.954187125984252
40
0.0068897637795276
0
CIRCLE
8
WHITE
10
4.7765994881889764
20
-3.9541870866141733
40
0.0068897637795276
0
CIRCLE
8
WHITE
10
4.1608081496062992
20
-4.5067579921259844
40
0.0068897637795276
0
CIRCLE
8
WHITE
10
4.1411231102362205
20
-4.3492776771653539
40
0.0068897637795276
0
CIRCLE
8
WHITE
10
3.9265994881889763
20
-4.1291871653543311
40
0.0068897637795276
0
CIRCLE
8
WHITE
10
4.0515994881889759
20
-3.8041871259842517
40
0.0068897637795276
0
CIRCLE
8
WHITE
10
5.1065994881889765
20
-3.7841870866141734
40
0.0068897637795276
0
CIRCLE
8
WHITE
10
4.1765994881889759
20
-3.7791871259842518
40
0.0068897637795276
0
CIRCLE
8
WHITE
10
4.1312805905511807
20
-4.4575453937007872
40
0.0068897637795276
0
CIRCLE
8
WHITE
10
4.6015994881889766
20
-3.7541871259842519
40
0.0068897637795276
0
CIRCLE
8
WHITE
10
4.9265994881889759
20
-3.7541871259842519
40
0.0068897637795276
0
CIRCLE
8
WHITE
10
4.8515994881889766
20
-3.829187125984252
40
0.0068897637795276
0
CIRCLE
8
WHITE
10
4.6515994881889764
20
-3.8041871653543304
40
0.0068897637795276
0
CIRCLE
8
WHITE
10
5.3665994881889763
20
-3.5841871259842519
40
0.0068897637795276
0
CIRCLE
8
WHITE
10
4.9265994881889759
20
-3.704187125984252
40
0.0068897637795276
0
CIRCLE
8
WHITE
10
5.0378987007874017
20
-4.2389509055118113
40
0.0068897637795276
0
CIRCLE
8
WHITE
10
5.1765994881889759
20
-3.5841871259842519
40
0.0068897637795276
0
CIRCLE
8
WHITE
10
4.7015994881889762
20
-3.829187125984252
40
0.0068897637795276
0
CIRCLE
8
WHITE
10
4.9400994881889764
20
-3.6436871259842518
40
0.0068897637795276
0
CIRCLE
8
WHITE
10
5.3528987007874012
20
-4.1239509055118111
40
0.0068897637795276
0
CIRCLE
8
WHITE
10
4.876599488188976
20
-3.6541871259842518
40
0.0068897637795276
0
CIRCLE
8
WHITE
10
5.2365995275590551
20
-3.5841871259842519
40
0.0068897637795276
0
CIRCLE
8
WHITE
10
5.357898700787401
20
-3.9689509055118108
40
0.0068897637795276
0
CIRCLE
8
WHITE
10
5.0600994881889765
20
-3.633687125984252
40
0.0068897637795276
0
CIRCLE
8
WHITE
10
4.0228987007874011
20
-4.1139509055118113
40
0.0068897637795276
0
CIRCLE
8
WHITE
10
5.0828987007874016
20
-4.293950905511811
40
0.0068897637795276
0
CIRCLE
8
WHITE
10
4.5765994881889762
20
-3.9457343700787399
40
0.0068897637795276
0
CIRCLE
8
WHITE
10
5.2965994488188972
20
-3.5841871259842519
40
0.0068897637795276
0
CIRCLE
8
WHITE
10
4.5265994881889764
20
-3.9457344094488187
40
0.0068897637795276
0
CIRCLE
8
WHITE
10
4.5265994881889764
20
-3.8541871259842519
40
0.0068897637795276
0
CIRCLE
8
WHITE
10
5.1343947637795271
20
-4.1939509055118105
40
0.0068897637795276
0
CIRCLE
8
WHITE
10
4.376599488188976
20
-3.7791871259842518
40
0.0068897637795276
0
CIRCLE
8
WHITE
10
4.1928987007874019
20
-3.9739509055118107
40
0.0068897637795276
0
CIRCLE
8
WHITE
10
5.30789874015748
20
-3.9689509055118108
40
0.0068897637795276
0
CIRCLE
8
WHITE
10
5.3828987007874014
20
-4.2689509055118107
40
0.0068897637795276
0
CIRCLE
8
WHITE
10
5.1426698031496061
20
-4.2341798031496065
40
0.0068897637795276
0
CIRCLE
8
WHITE
10
4.9015994881889764
20
-3.8041871653543304
40
0.0068897637795276
0
CIRCLE
8
WHITE
10
5.1428987007874012
20
-4.0739509055118113
40
0.0068897637795276
0
CIRCLE
8
WHITE
10
4.8015994881889759
20
-3.829187125984252
40
0.0068897637795276
0
CIRCLE
8
WHITE
10
4.5515994881889759
20
-3.7291871259842519
40
0.0068897637795276
0
CIRCLE
8
WHITE
10
4.5265994881889764
20
-3.9041871259842518
40
0.0068897637795276
0
CIRCLE
8
WHITE
10
4.3265994881889762
20
-3.7791871259842518
40
0.0068897637795276
0
CIRCLE
8
WHITE
10
4.4265994881889759
20
-3.7291871259842519
40
0.0068897637795276
0
CIRCLE
8
WHITE
10
5.1828987007874012
20
-4.2624548818897638
40
0.0068897637795276
0
CIRCLE
8
WHITE
10
4.501599488188976
20
-3.7291871259842519
40
0.0068897637795276
0
CIRCLE
8
WHITE
10
4.751599488188976
20
-3.829187125984252
40
0.0068897637795276
0
CIRCLE
8
WHITE
10
5.3578987401574798
20
-4.293950905511811
40
0.0068897637795276
0
CIRCLE
8
WHITE
10
5.4265994881889759
20
-3.5841871259842519
40
0.0068897637795276
0
CIRCLE
8
WHITE
10
5.000099488188976
20
-3.633687125984252
40
0.0068897637795276
0
CIRCLE
8
WHITE
10
5.126599488188976
20
-3.644187125984252
40
0.0068897637795276
0
CIRCLE
8
WHITE
10
5.0328987007874018
20
-4.293950905511811
40
0.0068897637795276
0
CIRCLE
8
WHITE
10
4.0228987007874011
20
-4.1639509055118111
40
0.0068897637795276
0
CIRCLE
8
WHITE
10
4.2328773228346455
20
-4.2931857480314957
40
0.0068897637795276
0
CIRCLE
8
WHITE
10
4.3078987007874012
20
-4.3439509055118108
40
0.0068897637795276
0
CIRCLE
8
WHITE
10
5.3015994881889759
20
-3.7291871259842519
40
0.0068897637795276
0
CIRCLE
8
WHITE
10
4.232898700787401
20
-4.1189509055118112
40
0.0068897637795276
0
CIRCLE
8
WHITE
10
3.9865994881889764
20
-4.4641871259842523
40
0.0068897637795276
0
CIRCLE
8
WHITE
10
4.232898700787401
20
-4.2439509055118112
40
0.0068897637795276
0
CIRCLE
8
WHITE
10
4.232898700787401
20
-4.1939509055118105
40
0.0068897637795276
0
CIRCLE
8
WHITE
10
4.2465994881889761
20
-3.9689509055118108
40
0.0068897637795276
0
CIRCLE
8
WHITE
10
4.3078987007874012
20
-3.9689509055118108
40
0.0068897637795276
0
CIRCLE
8
WHITE
10
4.4065994881889763
20
-3.9841871259842518
40
0.0068897637795276
0
CIRCLE
8
WHITE
10
4.3328987007874016
20
-4.0439508661417323
40
0.0068897637795276
0
CIRCLE
8
WHITE
10
4.898997125984252
20
-4.467387913385827
40
0.0068897637795276
0
CIRCLE
8
WHITE
10
6.4442727165354325
20
-4.1130572047244094
40
0.0068897637795276
0
CIRCLE
8
WHITE
10
6.5033278346456695
20
-4.5067579921259844
40
0.0068897637795276
0
CIRCLE
8
WHITE
10
6.750099488188976
20
-3.9236871259842521
40
0.0068897637795276
0
CIRCLE
8
WHITE
10
6.4300994881889766
20
-3.7136871259842521
40
0.0068897637795276
0
CIRCLE
8
WHITE
10
6.5525404330708659
20
-4.5067579921259844
40
0.0068897637795276
0
CIRCLE
8
WHITE
10
6.790099488188976
20
-3.653687125984252
40
0.0068897637795276
0
CIRCLE
8
WHITE
10
6.6408411417322837
20
-3.8511871259842518
40
0.0068897637795276
0
CIRCLE
8
WHITE
10
6.4300994881889766
20
-3.6636871653543306
40
0.0068897637795276
0
CIRCLE
8
WHITE
10
5.0100995275590554
20
-4.2636871259842515
40
0.0068897637795276
0
CIRCLE
8
WHITE
10
6.4300994881889766
20
-3.7636871259842519
40
0.0068897637795276
0
CIRCLE
8
WHITE
10
6.8000994881889758
20
-3.9236871259842521
40
0.0068897637795276
0
CIRCLE
8
WHITE
10
6.7986034251968501
20
-4.0441595669291335
40
0.0068897637795276
0
CIRCLE
8
WHITE
10
6.2080522440944881
20
-4.3197501181102362
40
0.0068897637795276
0
CIRCLE
8
WHITE
10
6.2277372834645668
20
-4.2508524803149603
40
0.0068897637795276
0
CIRCLE
8
WHITE
10
6.7100207480314955
20
-4.5953406692913381
40
0.0068897637795276
0
CIRCLE
8
WHITE
10
6.790099488188976
20
-3.7036871653543306
40
0.0068897637795276
0
CIRCLE
8
WHITE
10
6.2867924015748029
20
-4.3000650787401575
40
0.0068897637795276
0
CIRCLE
8
WHITE
10
5.8800994881889759
20
-4.3606831889763775
40
0.0068897637795276
0
CIRCLE
8
WHITE
10
6.0800994881889761
20
-4.4436871259842521
40
0.0068897637795276
0
CIRCLE
8
WHITE
10
6.3700994881889761
20
-4.3336871259842518
40
0.0068897637795276
0
CIRCLE
8
WHITE
10
6.3900994881889766
20
-3.8136871259842517
40
0.0068897637795276
0
CIRCLE
8
WHITE
10
6.4300994881889766
20
-4.3436871259842516
40
0.0068897637795276
0
CIRCLE
8
WHITE
10
6.4200994488188972
20
-3.8636872047244095
40
0.0068897637795276
0
CIRCLE
8
WHITE
10
6.0265994881889764
20
-4.0241871259842519
40
0.0068897637795276
0
CIRCLE
8
WHITE
10
5.8715994881889761
20
-3.9591871259842519
40
0.0068897637795276
0
CIRCLE
8
WHITE
10
4.9628987007874015
20
-4.3839509055118109
40
0.0068897637795276
0
CIRCLE
8
WHITE
10
4.9628987007874015
20
-3.8939509055118111
40
0.0068897637795276
0
CIRCLE
8
WHITE
10
5.2600994881889767
20
-3.653687125984252
40
0.0068897637795276
0
CIRCLE
8
WHITE
10
6.3400994881889758
20
-3.593687125984252
40
0.0068897637795276
0
CIRCLE
8
WHITE
10
5.2600994881889767
20
-3.6936871259842521
40
0.0068897637795276
0
CIRCLE
8
WHITE
10
6.3900994881889766
20
-3.593687125984252
40
0.0068897637795276
0
CIRCLE
8
WHITE
10
5.0665994881889764
20
-4.1091871259842518
40
0.0068897637795276
0
CIRCLE
8
WHITE
10
6.3300994881889761
20
-4.1436871259842523
40
0.0068897637795276
0
CIRCLE
8
WHITE
10
5.5265994881889764
20
-4.3541871259842519
40
0.0068897637795276
0
CIRCLE
8
WHITE
10
6.2702800393700784
20
-4.153867677165354
40
0.0068897637795276
0
CIRCLE
8
WHITE
10
5.3538870078740155
20
-4.4459482283464569
40
0.0068897637795276
0
CIRCLE
8
WHITE
10
5.2600994881889767
20
-4.153687125984252
40
0.0068897637795276
0
CIRCLE
8
WHITE
10
6.2665994881889766
20
-4.0441871259842515
40
0.0068897637795276
0
CIRCLE
8
WHITE
10
5.5078987007874014
20
-4.0041871653543311
40
0.0068897637795276
0
CIRCLE
8
WHITE
10
6.1288721259842518
20
-4.4199505905511813
40
0.0068897637795276
0
CIRCLE
8
WHITE
10
5.9874084251968505
20
-4.4034522047244096
40
0.0068897637795276
0
CIRCLE
8
WHITE
10
5.9527492913385824
20
-4.3663369291338583
40
0.0068897637795276
0
CIRCLE
8
WHITE
10
6.091254566929134
20
-4.3846315748031497
40
0.0068897637795276
0
CIRCLE
8
WHITE
10
4.485611338582677
20
-3.323687125984252
40
0.0068897637795276
0
CIRCLE
8
WHITE
10
6.6466349212598423
20
-3.323687125984252
40
0.0068897637795276
0
CIRCLE
8
WHITE
10
7.1552963385826773
20
-4.823687125984252
40
0.0068897637795276
0
CIRCLE
8
WHITE
10
3.7800994881889762
20
-4.9236871653543304
40
0.0068897637795276
0
CIRCLE
8
WHITE
10
4.4300994881889766
20
-4.4969154724409446
40
0.0068897637795276
0
CIRCLE
8
WHITE
10
4.2332490944881886
20
-4.4969154724409446
40
0.0068897637795276
0
CIRCLE
8
WHITE
10
6.1000994881889765
20
-4.7036871259842519
40
0.0068897637795276
0
CIRCLE
8
WHITE
10
6.1000994881889765
20
-4.6036871259842522
40
0.0068897637795276
0
CIRCLE
8
WHITE
10
6.000099488188976
20
-4.6036871259842522
40
0.0068897637795276
0
CIRCLE
8
WHITE
10
5.9000994881889763
20
-4.6036871259842522
40
0.0068897637795276
0
CIRCLE
8
WHITE
10
6.000099488188976
20
-4.7036871259842519
40
0.0068897637795276
0
CIRCLE
8
WHITE
10
6.4000994881889763
20
-4.6036871259842522
40
0.0068897637795276
0
CIRCLE
8
WHITE
10
6.4000994881889763
20
-4.7036871259842519
40
0.0068897637795276
0
CIRCLE
8
WHITE
10
6.2000994881889762
20
-4.6036871259842522
40
0.0068897637795276
0
CIRCLE
8
WHITE
10
6.2000994881889762
20
-4.7036871259842519
40
0.0068897637795276
0
CIRCLE
8
WHITE
10
5.9000994881889763
20
-4.7036871259842519
40
0.0068897637795276
0
CIRCLE
8
WHITE
10
6.3000994881889758
20
-4.7036871259842519
40
0.0068897637795276
0
CIRCLE
8
WHITE
10
6.3000994881889758
20
-4.6036871259842522
40
0.0068897637795276
  0
ENDSEC
  0
EOF
