  0
SECTION
  2
HEADER
  9
$ANGBASE
  50
0.0
  9
$ANGDIR
  70
1
  9
$MEASUREMENT
  70
0
  0
ENDSEC
  0
SECTION
  2
TABLES
  0
TABLE
  2
LTYPE
  70
4
  0
LTYPE
  5
40F
  2
CONTINUOUS
  70
0
  3
Solid line
  72
65
  73
0
  40
0.0
  0
LTYPE
  5
410
  2
DASHDOT
 70
0
  3
Dash Dot ____ _ ____ _
 72
65
 73
4
 40
2.0
 49
1.25
 49
-0.25
 49
0.25
 49
-0.25
  0
LTYPE
  5
411
  2
DASHED
 70
0
  3
Dashed __ __ __ __ __
 72
65
 73
2
 40
0.75
 49
0.5
 49
-0.25
  0
LTYPE
  5
43B
  2
DOTTED
 70
0
  3
Dotted .  .  .  .
 72
65
 73
2
 40
0.2
 49
0.0
 49
-0.2
  0
ENDTAB
  0
TABLE
  2
STYLE
  70
4
  0
STYLE
  2
KICAD
  70
0
  40
0
  41
1
  42
1
  50
0
  71
0
  3
isocp.shx
  0
STYLE
  2
KICADB
  70
0
  40
0
  41
1
  42
1
  50
0
  71
0
  3
isocp.shx
  0
STYLE
  2
KICADI
  70
0
  40
0
  41
1
  42
1
  50
15
  71
0
  3
isocp.shx
  0
STYLE
  2
KICADBI
  70
0
  40
0
  41
1
  42
1
  50
15
  71
0
  3
isocp.shx
  0
ENDTAB
  0
TABLE
  2
LAYER
  70
1
  0
LAYER
  2
BLACK
  70
0
  62
7
  6
CONTINUOUS
  0
ENDTAB
  0
ENDSEC
  0
SECTION
  2
ENTITIES
0
LINE
8
BLACK
6
CONTINUOUS
10
4.6157036614173226
20
-5.2940516929133858
11
4.6167680708661418
21
-5.2944925984251965
0
LINE
8
BLACK
6
CONTINUOUS
10
4.6167680708661418
20
-5.2944925984251965
11
4.6175827165354333
21
-5.2953072440944879
0
LINE
8
BLACK
6
CONTINUOUS
10
4.6175827165354333
20
-5.2953072440944879
11
4.6180236220472439
21
-5.2963716535433072
0
LINE
8
BLACK
6
CONTINUOUS
10
4.6180236220472439
20
-5.2963716535433072
11
4.6180236220472439
21
-5.2975237795275589
0
LINE
8
BLACK
6
CONTINUOUS
10
4.6180236220472439
20
-5.2975237795275589
11
4.6175827165354333
21
-5.2985881889763782
0
LINE
8
BLACK
6
CONTINUOUS
10
4.6175827165354333
20
-5.2985881889763782
11
4.6167680708661418
21
-5.2994028346456687
0
LINE
8
BLACK
6
CONTINUOUS
10
4.6167680708661418
20
-5.2994028346456687
11
4.6157036614173226
21
-5.2998437401574803
0
LINE
8
BLACK
6
CONTINUOUS
10
4.6157036614173226
20
-5.2998437401574803
11
4.6151275984251967
21
-5.2999004724409451
0
LINE
8
BLACK
6
CONTINUOUS
10
4.6151275984251967
20
-5.2999004724409451
11
4.5990521653543306
21
-5.2999004724409451
0
LINE
8
BLACK
6
CONTINUOUS
10
4.5990521653543306
20
-5.2999004724409451
11
4.5980750393700784
21
-5.3096717322834648
0
LINE
8
BLACK
6
CONTINUOUS
10
4.5980750393700784
20
-5.3096717322834648
11
4.5988089763779527
21
-5.3093048031496064
0
LINE
8
BLACK
6
CONTINUOUS
10
4.5988089763779527
20
-5.3093048031496064
11
4.599349566929134
21
-5.3090979133858269
0
LINE
8
BLACK
6
CONTINUOUS
10
4.599349566929134
20
-5.3090979133858269
11
4.5994554330708661
21
-5.3090903543307082
0
LINE
8
BLACK
6
CONTINUOUS
10
4.5994554330708661
20
-5.3090903543307082
11
4.5995534251968504
21
-5.3090498031496063
0
LINE
8
BLACK
6
CONTINUOUS
10
4.5995534251968504
20
-5.3090498031496063
11
4.6001294881889763
21
-5.3089930708661415
0
LINE
8
BLACK
6
CONTINUOUS
10
4.6001294881889763
20
-5.3089930708661415
11
4.609503307086614
21
-5.3089930708661415
0
LINE
8
BLACK
6
CONTINUOUS
10
4.609503307086614
20
-5.3089930708661415
11
4.6100793700787399
21
-5.3090498031496063
0
LINE
8
BLACK
6
CONTINUOUS
10
4.6100793700787399
20
-5.3090498031496063
11
4.6101773622047242
21
-5.3090903937007869
0
LINE
8
BLACK
6
CONTINUOUS
10
4.6101773622047242
20
-5.3090903937007869
11
4.6102831889763776
21
-5.3090979133858269
0
LINE
8
BLACK
6
CONTINUOUS
10
4.6102831889763776
20
-5.3090979133858269
11
4.6108238188976376
21
-5.3093048031496064
0
LINE
8
BLACK
6
CONTINUOUS
10
4.6108238188976376
20
-5.3093048031496064
11
4.6145733464566927
21
-5.311179566929134
0
LINE
8
BLACK
6
CONTINUOUS
10
4.6145733464566927
20
-5.311179566929134
11
4.6148213385826766
21
-5.3113356299212597
0
LINE
8
BLACK
6
CONTINUOUS
10
4.6148213385826766
20
-5.3113356299212597
11
4.6148933070866143
21
-5.3113654724409445
0
LINE
8
BLACK
6
CONTINUOUS
10
4.6148933070866143
20
-5.3113654724409445
11
4.614974251968504
21
-5.3114319291338585
0
LINE
8
BLACK
6
CONTINUOUS
10
4.614974251968504
20
-5.3114319291338585
11
4.6150632283464565
21
-5.311487913385827
0
LINE
8
BLACK
6
CONTINUOUS
10
4.6150632283464565
20
-5.311487913385827
11
4.6151143700787403
21
-5.311546889763779
0
LINE
8
BLACK
6
CONTINUOUS
10
4.6151143700787403
20
-5.311546889763779
11
4.6153407480314961
21
-5.3117326771653541
0
LINE
8
BLACK
6
CONTINUOUS
10
4.6153407480314961
20
-5.3117326771653541
11
4.6172155118110236
21
-5.3136074409448817
0
LINE
8
BLACK
6
CONTINUOUS
10
4.6172155118110236
20
-5.3136074409448817
11
4.6174012598425191
21
-5.3138337795275588
0
LINE
8
BLACK
6
CONTINUOUS
10
4.6174012598425191
20
-5.3138337795275588
11
4.6174602755905507
21
-5.3138849606299212
0
LINE
8
BLACK
6
CONTINUOUS
10
4.6174602755905507
20
-5.3138849606299212
11
4.6175162204724405
21
-5.313973897637795
0
LINE
8
BLACK
6
CONTINUOUS
10
4.6175162204724405
20
-5.313973897637795
11
4.6175827165354333
21
-5.3140548818897635
0
LINE
8
BLACK
6
CONTINUOUS
10
4.6175827165354333
20
-5.3140548818897635
11
4.6176125196850393
21
-5.3141268110236215
0
LINE
8
BLACK
6
CONTINUOUS
10
4.6176125196850393
20
-5.3141268110236215
11
4.6177686220472438
21
-5.3143748425196851
0
LINE
8
BLACK
6
CONTINUOUS
10
4.6177686220472438
20
-5.3143748425196851
11
4.6196433858267714
21
-5.3181243700787402
0
LINE
8
BLACK
6
CONTINUOUS
10
4.6196433858267714
20
-5.3181243700787402
11
4.6198502755905508
21
-5.3186649606299214
0
LINE
8
BLACK
6
CONTINUOUS
10
4.6198502755905508
20
-5.3186649606299214
11
4.6198577952755908
21
-5.3187708267716536
0
LINE
8
BLACK
6
CONTINUOUS
10
4.6198577952755908
20
-5.3187708267716536
11
4.6198983858267715
21
-5.3188688188976379
0
LINE
8
BLACK
6
CONTINUOUS
10
4.6198983858267715
20
-5.3188688188976379
11
4.6199551181102363
21
-5.3194448818897637
0
LINE
8
BLACK
6
CONTINUOUS
10
4.6199551181102363
20
-5.3194448818897637
11
4.6199551181102363
21
-5.3288187007874015
0
LINE
8
BLACK
6
CONTINUOUS
10
4.6199551181102363
20
-5.3288187007874015
11
4.6198983858267715
21
-5.3293947637795274
0
LINE
8
BLACK
6
CONTINUOUS
10
4.6198983858267715
20
-5.3293947637795274
11
4.6198577952755908
21
-5.3294927165354329
0
LINE
8
BLACK
6
CONTINUOUS
10
4.6198577952755908
20
-5.3294927165354329
11
4.6198502755905508
21
-5.3295986220472438
0
LINE
8
BLACK
6
CONTINUOUS
10
4.6198502755905508
20
-5.3295986220472438
11
4.6196433858267714
21
-5.330139212598425
0
LINE
8
BLACK
6
CONTINUOUS
10
4.6196433858267714
20
-5.330139212598425
11
4.6177686220472438
21
-5.3338887401574802
0
LINE
8
BLACK
6
CONTINUOUS
10
4.6177686220472438
20
-5.3338887401574802
11
4.617612559055118
21
-5.3341366141732278
0
LINE
8
BLACK
6
CONTINUOUS
10
4.617612559055118
20
-5.3341366141732278
11
4.617582755905512
21
-5.334208661417323
0
LINE
8
BLACK
6
CONTINUOUS
10
4.617582755905512
20
-5.334208661417323
11
4.6175162204724405
21
-5.3342896850393702
0
LINE
8
BLACK
6
CONTINUOUS
10
4.6175162204724405
20
-5.3342896850393702
11
4.6174602755905507
21
-5.334378622047244
0
LINE
8
BLACK
6
CONTINUOUS
10
4.6174602755905507
20
-5.334378622047244
11
4.6174012598425191
21
-5.3344297637795277
0
LINE
8
BLACK
6
CONTINUOUS
10
4.6174012598425191
20
-5.3344297637795277
11
4.6172155118110236
21
-5.3346561417322835
0
LINE
8
BLACK
6
CONTINUOUS
10
4.6172155118110236
20
-5.3346561417322835
11
4.6153407874015748
21
-5.3365309055118111
0
LINE
8
BLACK
6
CONTINUOUS
10
4.6153407874015748
20
-5.3365309055118111
11
4.615114409448819
21
-5.3367166535433066
0
LINE
8
BLACK
6
CONTINUOUS
10
4.615114409448819
20
-5.3367166535433066
11
4.6150632283464565
21
-5.3367757086614169
0
LINE
8
BLACK
6
CONTINUOUS
10
4.6150632283464565
20
-5.3367757086614169
11
4.614974251968504
21
-5.3368316929133854
0
LINE
8
BLACK
6
CONTINUOUS
10
4.614974251968504
20
-5.3368316929133854
11
4.6148933070866143
21
-5.3368981496062995
0
LINE
8
BLACK
6
CONTINUOUS
10
4.6148933070866143
20
-5.3368981496062995
11
4.6148213385826766
21
-5.3369279527559055
0
LINE
8
BLACK
6
CONTINUOUS
10
4.6148213385826766
20
-5.3369279527559055
11
4.6145733464566927
21
-5.33708405511811
0
LINE
8
BLACK
6
CONTINUOUS
10
4.6145733464566927
20
-5.33708405511811
11
4.6108238188976376
21
-5.3389588188976376
0
LINE
8
BLACK
6
CONTINUOUS
10
4.6108238188976376
20
-5.3389588188976376
11
4.6102831889763776
21
-5.339165708661417
0
LINE
8
BLACK
6
CONTINUOUS
10
4.6102831889763776
20
-5.339165708661417
11
4.6101773622047242
21
-5.3391731889763783
0
LINE
8
BLACK
6
CONTINUOUS
10
4.6101773622047242
20
-5.3391731889763783
11
4.6100793700787399
21
-5.3392138188976377
0
LINE
8
BLACK
6
CONTINUOUS
10
4.6100793700787399
20
-5.3392138188976377
11
4.609503307086614
21
-5.3392705511811025
0
LINE
8
BLACK
6
CONTINUOUS
10
4.609503307086614
20
-5.3392705511811025
11
4.6001294881889763
21
-5.3392705511811025
0
LINE
8
BLACK
6
CONTINUOUS
10
4.6001294881889763
20
-5.3392705511811025
11
4.5995534251968504
21
-5.3392138188976377
0
LINE
8
BLACK
6
CONTINUOUS
10
4.5995534251968504
20
-5.3392138188976377
11
4.5994554330708661
21
-5.3391732283464561
0
LINE
8
BLACK
6
CONTINUOUS
10
4.5994554330708661
20
-5.3391732283464561
11
4.599349566929134
21
-5.339165708661417
0
LINE
8
BLACK
6
CONTINUOUS
10
4.599349566929134
20
-5.339165708661417
11
4.5988089763779527
21
-5.3389588188976376
0
LINE
8
BLACK
6
CONTINUOUS
10
4.5988089763779527
20
-5.3389588188976376
11
4.5950594488188976
21
-5.33708405511811
0
LINE
8
BLACK
6
CONTINUOUS
10
4.5950594488188976
20
-5.33708405511811
11
4.5948114173228349
21
-5.3369279527559055
0
LINE
8
BLACK
6
CONTINUOUS
10
4.5948114173228349
20
-5.3369279527559055
11
4.594739488188976
21
-5.3368981496062995
0
LINE
8
BLACK
6
CONTINUOUS
10
4.594739488188976
20
-5.3368981496062995
11
4.5946585039370076
21
-5.3368316929133854
0
LINE
8
BLACK
6
CONTINUOUS
10
4.5946585039370076
20
-5.3368316929133854
11
4.5945695669291338
21
-5.3367757086614169
0
LINE
8
BLACK
6
CONTINUOUS
10
4.5945695669291338
20
-5.3367757086614169
11
4.5945183464566925
21
-5.3367166535433066
0
LINE
8
BLACK
6
CONTINUOUS
10
4.5945183464566925
20
-5.3367166535433066
11
4.5942920078740155
21
-5.3365309055118111
0
LINE
8
BLACK
6
CONTINUOUS
10
4.5942920078740155
20
-5.3365309055118111
11
4.5924172440944879
21
-5.3346561023622048
0
LINE
8
BLACK
6
CONTINUOUS
10
4.5924172440944879
20
-5.3346561023622048
11
4.5920500393700783
21
-5.334208661417323
0
LINE
8
BLACK
6
CONTINUOUS
10
4.5920500393700783
20
-5.334208661417323
11
4.5916091732283464
21
-5.3331442519685037
0
LINE
8
BLACK
6
CONTINUOUS
10
4.5916091732283464
20
-5.3331442519685037
11
4.5916091732283464
21
-5.3319921653543307
0
LINE
8
BLACK
6
CONTINUOUS
10
4.5916091732283464
20
-5.3319921653543307
11
4.592050078740157
21
-5.3309277559055115
0
LINE
8
BLACK
6
CONTINUOUS
10
4.592050078740157
20
-5.3309277559055115
11
4.5928647637795272
21
-5.3301130708661413
0
LINE
8
BLACK
6
CONTINUOUS
10
4.5928647637795272
20
-5.3301130708661413
11
4.5939291732283465
21
-5.3296722047244094
0
LINE
8
BLACK
6
CONTINUOUS
10
4.5939291732283465
20
-5.3296722047244094
11
4.5950812598425195
21
-5.3296722047244094
0
LINE
8
BLACK
6
CONTINUOUS
10
4.5950812598425195
20
-5.3296722047244094
11
4.5961456692913387
21
-5.33011311023622
0
LINE
8
BLACK
6
CONTINUOUS
10
4.5961456692913387
20
-5.33011311023622
11
4.5965931496062993
21
-5.3304803543307084
0
LINE
8
BLACK
6
CONTINUOUS
10
4.5965931496062993
20
-5.3304803543307084
11
4.5981290551181102
21
-5.3320162992125981
0
LINE
8
BLACK
6
CONTINUOUS
10
4.5981290551181102
20
-5.3320162992125981
11
4.6008265354330709
21
-5.3333650393700784
0
LINE
8
BLACK
6
CONTINUOUS
10
4.6008265354330709
20
-5.3333650393700784
11
4.6088062598425195
21
-5.3333650393700784
0
LINE
8
BLACK
6
CONTINUOUS
10
4.6088062598425195
20
-5.3333650393700784
11
4.6115037007874013
21
-5.3320162992125981
0
LINE
8
BLACK
6
CONTINUOUS
10
4.6115037007874013
20
-5.3320162992125981
11
4.6127008267716532
21
-5.3308191338582676
0
LINE
8
BLACK
6
CONTINUOUS
10
4.6127008267716532
20
-5.3308191338582676
11
4.6140496062992122
21
-5.3281216535433069
0
LINE
8
BLACK
6
CONTINUOUS
10
4.6140496062992122
20
-5.3281216535433069
11
4.6140496062992122
21
-5.3201419291338583
0
LINE
8
BLACK
6
CONTINUOUS
10
4.6140496062992122
20
-5.3201419291338583
11
4.6127008661417319
21
-5.3174444488188977
0
LINE
8
BLACK
6
CONTINUOUS
10
4.6127008661417319
20
-5.3174444488188977
11
4.6115037401574801
21
-5.3162473228346458
0
LINE
8
BLACK
6
CONTINUOUS
10
4.6115037401574801
20
-5.3162473228346458
11
4.6088062598425195
21
-5.3148985826771655
0
LINE
8
BLACK
6
CONTINUOUS
10
4.6088062598425195
20
-5.3148985826771655
11
4.6008265354330709
21
-5.3148985826771655
0
LINE
8
BLACK
6
CONTINUOUS
10
4.6008265354330709
20
-5.3148985826771655
11
4.5981290551181102
21
-5.3162473228346458
0
LINE
8
BLACK
6
CONTINUOUS
10
4.5981290551181102
20
-5.3162473228346458
11
4.5965931102362205
21
-5.3177832677165355
0
LINE
8
BLACK
6
CONTINUOUS
10
4.5965931102362205
20
-5.3177832677165355
11
4.5961456692913387
21
-5.3181504724409452
0
LINE
8
BLACK
6
CONTINUOUS
10
4.5961456692913387
20
-5.3181504724409452
11
4.5960083070866142
21
-5.3182073622047241
0
LINE
8
BLACK
6
CONTINUOUS
10
4.5960083070866142
20
-5.3182073622047241
11
4.5958932283464566
21
-5.3183015354330712
0
LINE
8
BLACK
6
CONTINUOUS
10
4.5958932283464566
20
-5.3183015354330712
11
4.5954798425196852
21
-5.3184262204724408
0
LINE
8
BLACK
6
CONTINUOUS
10
4.5954798425196852
20
-5.3184262204724408
11
4.5950812204724407
21
-5.3185913779527558
0
LINE
8
BLACK
6
CONTINUOUS
10
4.5950812204724407
20
-5.3185913779527558
11
4.5949325984251965
21
-5.3185913779527558
0
LINE
8
BLACK
6
CONTINUOUS
10
4.5949325984251965
20
-5.3185913779527558
11
4.5947902362204722
21
-5.3186343307086617
0
LINE
8
BLACK
6
CONTINUOUS
10
4.5947902362204722
20
-5.3186343307086617
11
4.5943607086614175
21
-5.3185913779527558
0
LINE
8
BLACK
6
CONTINUOUS
10
4.5943607086614175
20
-5.3185913779527558
11
4.5939291732283465
21
-5.3185913779527558
0
LINE
8
BLACK
6
CONTINUOUS
10
4.5939291732283465
20
-5.3185913779527558
11
4.593791811023622
21
-5.3185344488188973
0
LINE
8
BLACK
6
CONTINUOUS
10
4.593791811023622
20
-5.3185344488188973
11
4.5936438188976378
21
-5.3185196850393703
0
LINE
8
BLACK
6
CONTINUOUS
10
4.5936438188976378
20
-5.3185196850393703
11
4.5932634251968505
21
-5.3183156299212593
0
LINE
8
BLACK
6
CONTINUOUS
10
4.5932634251968505
20
-5.3183156299212593
11
4.5928647244094485
21
-5.3181504724409452
0
LINE
8
BLACK
6
CONTINUOUS
10
4.5928647244094485
20
-5.3181504724409452
11
4.5927595275590551
21
-5.318045275590551
0
LINE
8
BLACK
6
CONTINUOUS
10
4.5927595275590551
20
-5.318045275590551
11
4.5926285826771656
21
-5.3179750393700784
0
LINE
8
BLACK
6
CONTINUOUS
10
4.5926285826771656
20
-5.3179750393700784
11
4.5923553149606295
21
-5.3176410629921262
0
LINE
8
BLACK
6
CONTINUOUS
10
4.5923553149606295
20
-5.3176410629921262
11
4.592050078740157
21
-5.3173358267716537
0
LINE
8
BLACK
6
CONTINUOUS
10
4.592050078740157
20
-5.3173358267716537
11
4.5919931496062993
21
-5.3171984645669292
0
LINE
8
BLACK
6
CONTINUOUS
10
4.5919931496062993
20
-5.3171984645669292
11
4.5918990157480311
21
-5.3170833858267716
0
LINE
8
BLACK
6
CONTINUOUS
10
4.5918990157480311
20
-5.3170833858267716
11
4.5917742913385826
21
-5.3166700000000002
0
LINE
8
BLACK
6
CONTINUOUS
10
4.5917742913385826
20
-5.3166700000000002
11
4.5916091732283464
21
-5.3162713779527557
0
LINE
8
BLACK
6
CONTINUOUS
10
4.5916091732283464
20
-5.3162713779527557
11
4.5916091732283464
21
-5.3161227165354328
0
LINE
8
BLACK
6
CONTINUOUS
10
4.5916091732283464
20
-5.3161227165354328
11
4.5915662204724406
21
-5.3159803937007872
0
LINE
8
BLACK
6
CONTINUOUS
10
4.5915662204724406
20
-5.3159803937007872
11
4.5915670866141731
21
-5.3154015354330708
0
LINE
8
BLACK
6
CONTINUOUS
10
4.5915670866141731
20
-5.3154015354330708
11
4.5934418503937007
21
-5.2966538976377953
0
LINE
8
BLACK
6
CONTINUOUS
10
4.5934418503937007
20
-5.2966538976377953
11
4.5934839370078739
21
-5.296443937007874
0
LINE
8
BLACK
6
CONTINUOUS
10
4.5934839370078739
20
-5.296443937007874
11
4.5934839370078739
21
-5.2963716535433072
0
LINE
8
BLACK
6
CONTINUOUS
10
4.5934839370078739
20
-5.2963716535433072
11
4.5935120078740157
21
-5.2963038188976377
0
LINE
8
BLACK
6
CONTINUOUS
10
4.5935120078740157
20
-5.2963038188976377
11
4.5935556299212594
21
-5.2960863385826773
0
LINE
8
BLACK
6
CONTINUOUS
10
4.5935556299212594
20
-5.2960863385826773
11
4.5937596456692908
21
-5.2957060236220475
0
LINE
8
BLACK
6
CONTINUOUS
10
4.5937596456692908
20
-5.2957060236220475
11
4.5939248425196846
21
-5.2953072440944879
0
LINE
8
BLACK
6
CONTINUOUS
10
4.5939248425196846
20
-5.2953072440944879
11
4.5940300000000001
21
-5.2952020472440946
0
LINE
8
BLACK
6
CONTINUOUS
10
4.5940300000000001
20
-5.2952020472440946
11
4.5941002755905513
21
-5.295071102362205
0
LINE
8
BLACK
6
CONTINUOUS
10
4.5941002755905513
20
-5.295071102362205
11
4.5944342125984248
21
-5.294797834645669
0
LINE
8
BLACK
6
CONTINUOUS
10
4.5944342125984248
20
-5.294797834645669
11
4.594739488188976
21
-5.2944925984251965
0
LINE
8
BLACK
6
CONTINUOUS
10
4.594739488188976
20
-5.2944925984251965
11
4.5948768110236218
21
-5.2944356692913388
0
LINE
8
BLACK
6
CONTINUOUS
10
4.5948768110236218
20
-5.2944356692913388
11
4.5949919291338581
21
-5.2943415354330705
0
LINE
8
BLACK
6
CONTINUOUS
10
4.5949919291338581
20
-5.2943415354330705
11
4.5954051968503933
21
-5.2942168110236221
0
LINE
8
BLACK
6
CONTINUOUS
10
4.5954051968503933
20
-5.2942168110236221
11
4.5958038976377953
21
-5.2940516929133858
0
LINE
8
BLACK
6
CONTINUOUS
10
4.5958038976377953
20
-5.2940516929133858
11
4.5960245669291337
21
-5.2940299212598427
0
LINE
8
BLACK
6
CONTINUOUS
10
4.5960245669291337
20
-5.2940299212598427
11
4.5960949212598425
21
-5.29400874015748
0
LINE
8
BLACK
6
CONTINUOUS
10
4.5960949212598425
20
-5.29400874015748
11
4.5961668897637793
21
-5.2940159055118112
0
LINE
8
BLACK
6
CONTINUOUS
10
4.5961668897637793
20
-5.2940159055118112
11
4.5963799606299212
21
-5.293994960629921
0
LINE
8
BLACK
6
CONTINUOUS
10
4.5963799606299212
20
-5.293994960629921
11
4.6151275984251967
21
-5.293994960629921
0
LINE
8
BLACK
6
CONTINUOUS
10
4.6151275984251967
20
-5.293994960629921
11
4.6157036614173226
21
-5.2940516929133858
0
LINE
8
BLACK
6
CONTINUOUS
10
4.6548023228346453
20
-5.2940249606299208
11
4.6548798031496066
21
-5.294019803149606
0
LINE
8
BLACK
6
CONTINUOUS
10
4.6548798031496066
20
-5.294019803149606
11
4.6549331496062987
21
-5.2940378346456693
0
LINE
8
BLACK
6
CONTINUOUS
10
4.6549331496062987
20
-5.2940378346456693
11
4.65507374015748
21
-5.2940516929133858
0
LINE
8
BLACK
6
CONTINUOUS
10
4.65507374015748
20
-5.2940516929133858
11
4.6555169291338583
21
-5.2942352755905508
0
LINE
8
BLACK
6
CONTINUOUS
10
4.6555169291338583
20
-5.2942352755905508
11
4.6559711811023625
21
-5.2943888976377949
0
LINE
8
BLACK
6
CONTINUOUS
10
4.6559711811023625
20
-5.2943888976377949
11
4.6560461417322836
21
-5.2944544488188976
0
LINE
8
BLACK
6
CONTINUOUS
10
4.6560461417322836
20
-5.2944544488188976
11
4.6561381496062992
21
-5.2944925984251965
0
LINE
8
BLACK
6
CONTINUOUS
10
4.6561381496062992
20
-5.2944925984251965
11
4.6564771259842521
21
-5.2948315748031494
0
LINE
8
BLACK
6
CONTINUOUS
10
4.6564771259842521
20
-5.2948315748031494
11
4.6568382677165356
21
-5.2951475590551178
0
LINE
8
BLACK
6
CONTINUOUS
10
4.6568382677165356
20
-5.2951475590551178
11
4.6568824409448819
21
-5.2952368897637792
0
LINE
8
BLACK
6
CONTINUOUS
10
4.6568824409448819
20
-5.2952368897637792
11
4.6569527952755907
21
-5.2953072440944879
0
LINE
8
BLACK
6
CONTINUOUS
10
4.6569527952755907
20
-5.2953072440944879
11
4.6571362598425194
21
-5.295750157480315
0
LINE
8
BLACK
6
CONTINUOUS
10
4.6571362598425194
20
-5.295750157480315
11
4.6573489763779525
21
-5.2961803149606297
0
LINE
8
BLACK
6
CONTINUOUS
10
4.6573489763779525
20
-5.2961803149606297
11
4.6573555905511812
21
-5.2962796456692915
0
LINE
8
BLACK
6
CONTINUOUS
10
4.6573555905511812
20
-5.2962796456692915
11
4.6573937007874013
21
-5.2963716535433072
0
LINE
8
BLACK
6
CONTINUOUS
10
4.6573937007874013
20
-5.2963716535433072
11
4.6573937007874013
21
-5.2968513385826768
0
LINE
8
BLACK
6
CONTINUOUS
10
4.6573937007874013
20
-5.2968513385826768
11
4.6574255905511812
21
-5.2973298425196846
0
LINE
8
BLACK
6
CONTINUOUS
10
4.6574255905511812
20
-5.2973298425196846
11
4.6573937007874013
21
-5.2974241338582679
0
LINE
8
BLACK
6
CONTINUOUS
10
4.6573937007874013
20
-5.2974241338582679
11
4.6573937007874013
21
-5.2975237795275589
0
LINE
8
BLACK
6
CONTINUOUS
10
4.6573937007874013
20
-5.2975237795275589
11
4.6572100787401576
21
-5.2979669685039372
0
LINE
8
BLACK
6
CONTINUOUS
10
4.6572100787401576
20
-5.2979669685039372
11
4.6570564960629923
21
-5.2984212204724406
0
LINE
8
BLACK
6
CONTINUOUS
10
4.6570564960629923
20
-5.2984212204724406
11
4.65697437007874
21
-5.2985360629921257
0
LINE
8
BLACK
6
CONTINUOUS
10
4.65697437007874
20
-5.2985360629921257
11
4.6569527952755907
21
-5.2985881889763782
0
LINE
8
BLACK
6
CONTINUOUS
10
4.6569527952755907
20
-5.2985881889763782
11
4.6568978346456689
21
-5.2986431102362204
0
LINE
8
BLACK
6
CONTINUOUS
10
4.6568978346456689
20
-5.2986431102362204
11
4.656719842519685
21
-5.2988921259842519
0
LINE
8
BLACK
6
CONTINUOUS
10
4.656719842519685
20
-5.2988921259842519
11
4.6477869291338578
21
-5.3091011417322838
0
LINE
8
BLACK
6
CONTINUOUS
10
4.6477869291338578
20
-5.3091011417322838
11
4.6483191338582674
21
-5.3093048031496064
0
LINE
8
BLACK
6
CONTINUOUS
10
4.6483191338582674
20
-5.3093048031496064
11
4.6520686614173226
21
-5.311179566929134
0
LINE
8
BLACK
6
CONTINUOUS
10
4.6520686614173226
20
-5.311179566929134
11
4.6523166535433074
21
-5.3113356299212597
0
LINE
8
BLACK
6
CONTINUOUS
10
4.6523166535433074
20
-5.3113356299212597
11
4.6523886220472441
21
-5.3113654724409445
0
LINE
8
BLACK
6
CONTINUOUS
10
4.6523886220472441
20
-5.3113654724409445
11
4.6524695669291338
21
-5.3114319291338585
0
LINE
8
BLACK
6
CONTINUOUS
10
4.6524695669291338
20
-5.3114319291338585
11
4.6525585433070864
21
-5.311487913385827
0
LINE
8
BLACK
6
CONTINUOUS
10
4.6525585433070864
20
-5.311487913385827
11
4.6526096850393701
21
-5.311546889763779
0
LINE
8
BLACK
6
CONTINUOUS
10
4.6526096850393701
20
-5.311546889763779
11
4.6528360629921259
21
-5.3117326771653541
0
LINE
8
BLACK
6
CONTINUOUS
10
4.6528360629921259
20
-5.3117326771653541
11
4.6547108267716535
21
-5.3136074409448817
0
LINE
8
BLACK
6
CONTINUOUS
10
4.6547108267716535
20
-5.3136074409448817
11
4.6548965748031499
21
-5.3138337795275588
0
LINE
8
BLACK
6
CONTINUOUS
10
4.6548965748031499
20
-5.3138337795275588
11
4.6549555905511806
21
-5.3138849606299212
0
LINE
8
BLACK
6
CONTINUOUS
10
4.6549555905511806
20
-5.3138849606299212
11
4.6550115354330703
21
-5.313973897637795
0
LINE
8
BLACK
6
CONTINUOUS
10
4.6550115354330703
20
-5.313973897637795
11
4.6550780314960631
21
-5.3140548818897635
0
LINE
8
BLACK
6
CONTINUOUS
10
4.6550780314960631
20
-5.3140548818897635
11
4.6551078346456691
21
-5.3141268110236215
0
LINE
8
BLACK
6
CONTINUOUS
10
4.6551078346456691
20
-5.3141268110236215
11
4.6552639370078737
21
-5.3143748425196851
0
LINE
8
BLACK
6
CONTINUOUS
10
4.6552639370078737
20
-5.3143748425196851
11
4.6571387007874012
21
-5.3181243700787402
0
LINE
8
BLACK
6
CONTINUOUS
10
4.6571387007874012
20
-5.3181243700787402
11
4.6573455905511807
21
-5.3186649606299214
0
LINE
8
BLACK
6
CONTINUOUS
10
4.6573455905511807
20
-5.3186649606299214
11
4.6573531102362207
21
-5.3187708267716536
0
LINE
8
BLACK
6
CONTINUOUS
10
4.6573531102362207
20
-5.3187708267716536
11
4.6573937007874013
21
-5.3188688188976379
0
LINE
8
BLACK
6
CONTINUOUS
10
4.6573937007874013
20
-5.3188688188976379
11
4.6574504330708661
21
-5.3194448818897637
0
LINE
8
BLACK
6
CONTINUOUS
10
4.6574504330708661
20
-5.3194448818897637
11
4.6574504330708661
21
-5.3288187007874015
0
LINE
8
BLACK
6
CONTINUOUS
10
4.6574504330708661
20
-5.3288187007874015
11
4.6573937007874013
21
-5.3293947637795274
0
LINE
8
BLACK
6
CONTINUOUS
10
4.6573937007874013
20
-5.3293947637795274
11
4.6573531102362207
21
-5.3294927165354329
0
LINE
8
BLACK
6
CONTINUOUS
10
4.6573531102362207
20
-5.3294927165354329
11
4.6573455905511807
21
-5.3295986220472438
0
LINE
8
BLACK
6
CONTINUOUS
10
4.6573455905511807
20
-5.3295986220472438
11
4.6571387007874012
21
-5.330139212598425
0
LINE
8
BLACK
6
CONTINUOUS
10
4.6571387007874012
20
-5.330139212598425
11
4.6552639370078737
21
-5.3338887401574802
0
LINE
8
BLACK
6
CONTINUOUS
10
4.6552639370078737
20
-5.3338887401574802
11
4.6551078740157479
21
-5.3341366141732278
0
LINE
8
BLACK
6
CONTINUOUS
10
4.6551078740157479
20
-5.3341366141732278
11
4.6550780708661419
21
-5.334208661417323
0
LINE
8
BLACK
6
CONTINUOUS
10
4.6550780708661419
20
-5.334208661417323
11
4.6550115354330703
21
-5.3342896850393702
0
LINE
8
BLACK
6
CONTINUOUS
10
4.6550115354330703
20
-5.3342896850393702
11
4.6549555905511806
21
-5.334378622047244
0
LINE
8
BLACK
6
CONTINUOUS
10
4.6549555905511806
20
-5.334378622047244
11
4.6548965748031499
21
-5.3344297637795277
0
LINE
8
BLACK
6
CONTINUOUS
10
4.6548965748031499
20
-5.3344297637795277
11
4.6547108267716535
21
-5.3346561417322835
0
LINE
8
BLACK
6
CONTINUOUS
10
4.6547108267716535
20
-5.3346561417322835
11
4.6528361023622047
21
-5.3365309055118111
0
LINE
8
BLACK
6
CONTINUOUS
10
4.6528361023622047
20
-5.3365309055118111
11
4.6526097244094489
21
-5.3367166535433066
0
LINE
8
BLACK
6
CONTINUOUS
10
4.6526097244094489
20
-5.3367166535433066
11
4.6525585433070864
21
-5.3367757086614169
0
LINE
8
BLACK
6
CONTINUOUS
10
4.6525585433070864
20
-5.3367757086614169
11
4.6524695669291338
21
-5.3368316929133854
0
LINE
8
BLACK
6
CONTINUOUS
10
4.6524695669291338
20
-5.3368316929133854
11
4.6523886220472441
21
-5.3368981496062995
0
LINE
8
BLACK
6
CONTINUOUS
10
4.6523886220472441
20
-5.3368981496062995
11
4.6523166535433074
21
-5.3369279527559055
0
LINE
8
BLACK
6
CONTINUOUS
10
4.6523166535433074
20
-5.3369279527559055
11
4.6520686614173226
21
-5.33708405511811
0
LINE
8
BLACK
6
CONTINUOUS
10
4.6520686614173226
20
-5.33708405511811
11
4.6483191338582674
21
-5.3389588188976376
0
LINE
8
BLACK
6
CONTINUOUS
10
4.6483191338582674
20
-5.3389588188976376
11
4.6477785039370074
21
-5.339165708661417
0
LINE
8
BLACK
6
CONTINUOUS
10
4.6477785039370074
20
-5.339165708661417
11
4.647672677165354
21
-5.3391731889763783
0
LINE
8
BLACK
6
CONTINUOUS
10
4.647672677165354
20
-5.3391731889763783
11
4.6475746850393698
21
-5.3392138188976377
0
LINE
8
BLACK
6
CONTINUOUS
10
4.6475746850393698
20
-5.3392138188976377
11
4.6469986220472439
21
-5.3392705511811025
0
LINE
8
BLACK
6
CONTINUOUS
10
4.6469986220472439
20
-5.3392705511811025
11
4.6357500393700786
21
-5.3392705511811025
0
LINE
8
BLACK
6
CONTINUOUS
10
4.6357500393700786
20
-5.3392705511811025
11
4.6351739763779527
21
-5.3392138188976377
0
LINE
8
BLACK
6
CONTINUOUS
10
4.6351739763779527
20
-5.3392138188976377
11
4.6350759842519684
21
-5.3391732283464561
0
LINE
8
BLACK
6
CONTINUOUS
10
4.6350759842519684
20
-5.3391732283464561
11
4.6349701181102363
21
-5.339165708661417
0
LINE
8
BLACK
6
CONTINUOUS
10
4.6349701181102363
20
-5.339165708661417
11
4.634429527559055
21
-5.3389588188976376
0
LINE
8
BLACK
6
CONTINUOUS
10
4.634429527559055
20
-5.3389588188976376
11
4.6306799999999999
21
-5.33708405511811
0
LINE
8
BLACK
6
CONTINUOUS
10
4.6306799999999999
20
-5.33708405511811
11
4.6304319685039372
21
-5.3369279527559055
0
LINE
8
BLACK
6
CONTINUOUS
10
4.6304319685039372
20
-5.3369279527559055
11
4.6303600393700783
21
-5.3368981496062995
0
LINE
8
BLACK
6
CONTINUOUS
10
4.6303600393700783
20
-5.3368981496062995
11
4.6302790551181099
21
-5.3368316929133854
0
LINE
8
BLACK
6
CONTINUOUS
10
4.6302790551181099
20
-5.3368316929133854
11
4.6301901181102361
21
-5.3367757086614169
0
LINE
8
BLACK
6
CONTINUOUS
10
4.6301901181102361
20
-5.3367757086614169
11
4.6301388976377948
21
-5.3367166535433066
0
LINE
8
BLACK
6
CONTINUOUS
10
4.6301388976377948
20
-5.3367166535433066
11
4.6299125590551178
21
-5.3365309055118111
0
LINE
8
BLACK
6
CONTINUOUS
10
4.6299125590551178
20
-5.3365309055118111
11
4.6280377952755902
21
-5.3346561023622048
0
LINE
8
BLACK
6
CONTINUOUS
10
4.6280377952755902
20
-5.3346561023622048
11
4.6276705905511806
21
-5.334208661417323
0
LINE
8
BLACK
6
CONTINUOUS
10
4.6276705905511806
20
-5.334208661417323
11
4.6272297244094487
21
-5.3331442519685037
0
LINE
8
BLACK
6
CONTINUOUS
10
4.6272297244094487
20
-5.3331442519685037
11
4.6272297244094487
21
-5.3319921653543307
0
LINE
8
BLACK
6
CONTINUOUS
10
4.6272297244094487
20
-5.3319921653543307
11
4.6276706299212593
21
-5.3309277559055115
0
LINE
8
BLACK
6
CONTINUOUS
10
4.6276706299212593
20
-5.3309277559055115
11
4.6284853149606295
21
-5.3301130708661413
0
LINE
8
BLACK
6
CONTINUOUS
10
4.6284853149606295
20
-5.3301130708661413
11
4.6295497244094488
21
-5.3296722047244094
0
LINE
8
BLACK
6
CONTINUOUS
10
4.6295497244094488
20
-5.3296722047244094
11
4.6307018110236218
21
-5.3296722047244094
0
LINE
8
BLACK
6
CONTINUOUS
10
4.6307018110236218
20
-5.3296722047244094
11
4.631766220472441
21
-5.33011311023622
0
LINE
8
BLACK
6
CONTINUOUS
10
4.631766220472441
20
-5.33011311023622
11
4.6322137007874016
21
-5.3304803543307084
0
LINE
8
BLACK
6
CONTINUOUS
10
4.6322137007874016
20
-5.3304803543307084
11
4.6337496062992125
21
-5.3320162992125981
0
LINE
8
BLACK
6
CONTINUOUS
10
4.6337496062992125
20
-5.3320162992125981
11
4.6364470866141732
21
-5.3333650393700784
0
LINE
8
BLACK
6
CONTINUOUS
10
4.6364470866141732
20
-5.3333650393700784
11
4.6463015748031493
21
-5.3333650393700784
0
LINE
8
BLACK
6
CONTINUOUS
10
4.6463015748031493
20
-5.3333650393700784
11
4.6489990157480312
21
-5.3320162992125981
0
LINE
8
BLACK
6
CONTINUOUS
10
4.6489990157480312
20
-5.3320162992125981
11
4.650196141732283
21
-5.3308191338582676
0
LINE
8
BLACK
6
CONTINUOUS
10
4.650196141732283
20
-5.3308191338582676
11
4.6515449212598421
21
-5.3281216535433069
0
LINE
8
BLACK
6
CONTINUOUS
10
4.6515449212598421
20
-5.3281216535433069
11
4.6515449212598421
21
-5.3201419291338583
0
LINE
8
BLACK
6
CONTINUOUS
10
4.6515449212598421
20
-5.3201419291338583
11
4.6501961811023618
21
-5.3174444488188977
0
LINE
8
BLACK
6
CONTINUOUS
10
4.6501961811023618
20
-5.3174444488188977
11
4.64899905511811
21
-5.3162473228346458
0
LINE
8
BLACK
6
CONTINUOUS
10
4.64899905511811
20
-5.3162473228346458
11
4.6463015748031493
21
-5.3148985826771655
0
LINE
8
BLACK
6
CONTINUOUS
10
4.6463015748031493
20
-5.3148985826771655
11
4.6413743307086612
21
-5.3148985826771655
0
LINE
8
BLACK
6
CONTINUOUS
10
4.6413743307086612
20
-5.3148985826771655
11
4.6410696456692913
21
-5.3148685433070861
0
LINE
8
BLACK
6
CONTINUOUS
10
4.6410696456692913
20
-5.3148685433070861
11
4.6409922047244097
21
-5.3148737401574806
0
LINE
8
BLACK
6
CONTINUOUS
10
4.6409922047244097
20
-5.3148737401574806
11
4.6409388188976379
21
-5.3148556692913385
0
LINE
8
BLACK
6
CONTINUOUS
10
4.6409388188976379
20
-5.3148556692913385
11
4.6407982677165354
21
-5.3148418503937007
0
LINE
8
BLACK
6
CONTINUOUS
10
4.6407982677165354
20
-5.3148418503937007
11
4.6403550393700783
21
-5.314658228346457
0
LINE
8
BLACK
6
CONTINUOUS
10
4.6403550393700783
20
-5.314658228346457
11
4.6399008267716537
21
-5.3145046456692908
0
LINE
8
BLACK
6
CONTINUOUS
10
4.6399008267716537
20
-5.3145046456692908
11
4.639825826771653
21
-5.3144390551181102
0
LINE
8
BLACK
6
CONTINUOUS
10
4.639825826771653
20
-5.3144390551181102
11
4.6397338582677161
21
-5.3144009448818901
0
LINE
8
BLACK
6
CONTINUOUS
10
4.6397338582677161
20
-5.3144009448818901
11
4.6393948425196854
21
-5.3140619291338584
0
LINE
8
BLACK
6
CONTINUOUS
10
4.6393948425196854
20
-5.3140619291338584
11
4.6390337401574806
21
-5.3137459842519688
0
LINE
8
BLACK
6
CONTINUOUS
10
4.6390337401574806
20
-5.3137459842519688
11
4.6389895275590547
21
-5.3136566141732287
0
LINE
8
BLACK
6
CONTINUOUS
10
4.6389895275590547
20
-5.3136566141732287
11
4.6389192125984247
21
-5.3135862992125986
0
LINE
8
BLACK
6
CONTINUOUS
10
4.6389192125984247
20
-5.3135862992125986
11
4.6387357086614172
21
-5.3131433464566928
0
LINE
8
BLACK
6
CONTINUOUS
10
4.6387357086614172
20
-5.3131433464566928
11
4.6385230314960628
21
-5.3127132283464569
0
LINE
8
BLACK
6
CONTINUOUS
10
4.6385230314960628
20
-5.3127132283464569
11
4.6385163779527554
21
-5.3126138582677163
0
LINE
8
BLACK
6
CONTINUOUS
10
4.6385163779527554
20
-5.3126138582677163
11
4.638478307086614
21
-5.3125218897637794
0
LINE
8
BLACK
6
CONTINUOUS
10
4.638478307086614
20
-5.3125218897637794
11
4.638478307086614
21
-5.3120421653543302
0
LINE
8
BLACK
6
CONTINUOUS
10
4.638478307086614
20
-5.3120421653543302
11
4.6384464173228341
21
-5.311563700787401
0
LINE
8
BLACK
6
CONTINUOUS
10
4.6384464173228341
20
-5.311563700787401
11
4.638478307086614
21
-5.3114693700787399
0
LINE
8
BLACK
6
CONTINUOUS
10
4.638478307086614
20
-5.3114693700787399
11
4.638478307086614
21
-5.3113697637795276
0
LINE
8
BLACK
6
CONTINUOUS
10
4.638478307086614
20
-5.3113697637795276
11
4.638661889763779
21
-5.3109265354330706
0
LINE
8
BLACK
6
CONTINUOUS
10
4.638661889763779
20
-5.3109265354330706
11
4.6388155118110239
21
-5.310472322834646
0
LINE
8
BLACK
6
CONTINUOUS
10
4.6388155118110239
20
-5.310472322834646
11
4.6388975984251966
21
-5.3103574409448822
0
LINE
8
BLACK
6
CONTINUOUS
10
4.6388975984251966
20
-5.3103574409448822
11
4.6389192125984247
21
-5.3103053543307084
0
LINE
8
BLACK
6
CONTINUOUS
10
4.6389192125984247
20
-5.3103053543307084
11
4.6389741338582677
21
-5.3102503937007874
0
LINE
8
BLACK
6
CONTINUOUS
10
4.6389741338582677
20
-5.3102503937007874
11
4.6391521653543304
21
-5.3100014173228347
0
LINE
8
BLACK
6
CONTINUOUS
10
4.6391521653543304
20
-5.3100014173228347
11
4.6479905118110239
21
-5.2999004724409451
0
LINE
8
BLACK
6
CONTINUOUS
10
4.6479905118110239
20
-5.2999004724409451
11
4.6301257480314959
21
-5.2999004724409451
0
LINE
8
BLACK
6
CONTINUOUS
10
4.6301257480314959
20
-5.2999004724409451
11
4.62954968503937
21
-5.2998437401574803
0
LINE
8
BLACK
6
CONTINUOUS
10
4.62954968503937
20
-5.2998437401574803
11
4.6284852755905508
21
-5.2994028346456687
0
LINE
8
BLACK
6
CONTINUOUS
10
4.6284852755905508
20
-5.2994028346456687
11
4.6276706299212593
21
-5.2985881889763782
0
LINE
8
BLACK
6
CONTINUOUS
10
4.6276706299212593
20
-5.2985881889763782
11
4.6272297244094487
21
-5.2975237795275589
0
LINE
8
BLACK
6
CONTINUOUS
10
4.6272297244094487
20
-5.2975237795275589
11
4.6272297244094487
21
-5.2963716535433072
0
LINE
8
BLACK
6
CONTINUOUS
10
4.6272297244094487
20
-5.2963716535433072
11
4.6276706299212593
21
-5.2953072440944879
0
LINE
8
BLACK
6
CONTINUOUS
10
4.6276706299212593
20
-5.2953072440944879
11
4.6284852755905508
21
-5.2944925984251965
0
LINE
8
BLACK
6
CONTINUOUS
10
4.6284852755905508
20
-5.2944925984251965
11
4.62954968503937
21
-5.2940516929133858
0
LINE
8
BLACK
6
CONTINUOUS
10
4.62954968503937
20
-5.2940516929133858
11
4.6301257480314959
21
-5.293994960629921
0
LINE
8
BLACK
6
CONTINUOUS
10
4.6301257480314959
20
-5.293994960629921
11
4.6544976771653541
21
-5.293994960629921
0
LINE
8
BLACK
6
CONTINUOUS
10
4.6544976771653541
20
-5.293994960629921
11
4.6548023228346453
21
-5.2940249606299208
0
LINE
8
BLACK
6
CONTINUOUS
10
4.7038176377952752
20
-5.2940516929133858
11
4.7039156299212594
21
-5.2940922834645665
0
LINE
8
BLACK
6
CONTINUOUS
10
4.7039156299212594
20
-5.2940922834645665
11
4.7040214566929137
21
-5.2940998031496065
0
LINE
8
BLACK
6
CONTINUOUS
10
4.7040214566929137
20
-5.2940998031496065
11
4.7045620866141729
21
-5.294306692913386
0
LINE
8
BLACK
6
CONTINUOUS
10
4.7045620866141729
20
-5.294306692913386
11
4.708311614173228
21
-5.2961814566929135
0
LINE
8
BLACK
6
CONTINUOUS
10
4.708311614173228
20
-5.2961814566929135
11
4.7085596062992128
21
-5.2963375196850393
0
LINE
8
BLACK
6
CONTINUOUS
10
4.7085596062992128
20
-5.2963375196850393
11
4.7086315748031495
21
-5.296367362204724
0
LINE
8
BLACK
6
CONTINUOUS
10
4.7086315748031495
20
-5.296367362204724
11
4.7087125196850392
21
-5.2964338188976381
0
LINE
8
BLACK
6
CONTINUOUS
10
4.7087125196850392
20
-5.2964338188976381
11
4.7088014960629918
21
-5.2964898031496066
0
LINE
8
BLACK
6
CONTINUOUS
10
4.7088014960629918
20
-5.2964898031496066
11
4.7088526377952755
21
-5.2965487795275585
0
LINE
8
BLACK
6
CONTINUOUS
10
4.7088526377952755
20
-5.2965487795275585
11
4.7090790157480313
21
-5.2967345669291337
0
LINE
8
BLACK
6
CONTINUOUS
10
4.7090790157480313
20
-5.2967345669291337
11
4.7109537795275589
21
-5.2986093307086612
0
LINE
8
BLACK
6
CONTINUOUS
10
4.7109537795275589
20
-5.2986093307086612
11
4.7111395275590553
21
-5.2988356692913383
0
LINE
8
BLACK
6
CONTINUOUS
10
4.7111395275590553
20
-5.2988356692913383
11
4.7111985433070869
21
-5.2988868503937008
0
LINE
8
BLACK
6
CONTINUOUS
10
4.7111985433070869
20
-5.2988868503937008
11
4.7112544881889766
21
-5.2989757874015746
0
LINE
8
BLACK
6
CONTINUOUS
10
4.7112544881889766
20
-5.2989757874015746
11
4.7113209842519685
21
-5.2990567716535431
0
LINE
8
BLACK
6
CONTINUOUS
10
4.7113209842519685
20
-5.2990567716535431
11
4.7113507874015745
21
-5.2991287007874011
0
LINE
8
BLACK
6
CONTINUOUS
10
4.7113507874015745
20
-5.2991287007874011
11
4.7115068897637791
21
-5.2993767322834646
0
LINE
8
BLACK
6
CONTINUOUS
10
4.7115068897637791
20
-5.2993767322834646
11
4.7133816535433066
21
-5.3031262598425197
0
LINE
8
BLACK
6
CONTINUOUS
10
4.7133816535433066
20
-5.3031262598425197
11
4.7135885433070861
21
-5.303666850393701
0
LINE
8
BLACK
6
CONTINUOUS
10
4.7135885433070861
20
-5.303666850393701
11
4.7135960629921261
21
-5.3037727165354331
0
LINE
8
BLACK
6
CONTINUOUS
10
4.7135960629921261
20
-5.3037727165354331
11
4.7136366535433067
21
-5.3038707086614174
0
LINE
8
BLACK
6
CONTINUOUS
10
4.7136366535433067
20
-5.3038707086614174
11
4.7136933858267716
21
-5.3044467716535433
0
LINE
8
BLACK
6
CONTINUOUS
10
4.7136933858267716
20
-5.3044467716535433
11
4.7136933858267716
21
-5.3063215354330708
0
LINE
8
BLACK
6
CONTINUOUS
10
4.7136933858267716
20
-5.3063215354330708
11
4.7136366535433067
21
-5.3068975984251967
0
LINE
8
BLACK
6
CONTINUOUS
10
4.7136366535433067
20
-5.3068975984251967
11
4.7135960629921261
21
-5.3069955511811022
0
LINE
8
BLACK
6
CONTINUOUS
10
4.7135960629921261
20
-5.3069955511811022
11
4.7135885433070861
21
-5.3071014566929131
0
LINE
8
BLACK
6
CONTINUOUS
10
4.7135885433070861
20
-5.3071014566929131
11
4.7133816535433066
21
-5.3076420472440944
0
LINE
8
BLACK
6
CONTINUOUS
10
4.7133816535433066
20
-5.3076420472440944
11
4.7115068897637791
21
-5.3113915748031495
0
LINE
8
BLACK
6
CONTINUOUS
10
4.7115068897637791
20
-5.3113915748031495
11
4.7113507874015745
21
-5.3116395669291334
0
LINE
8
BLACK
6
CONTINUOUS
10
4.7113507874015745
20
-5.3116395669291334
11
4.7113209842519685
21
-5.3117115354330711
0
LINE
8
BLACK
6
CONTINUOUS
10
4.7113209842519685
20
-5.3117115354330711
11
4.7112544881889766
21
-5.3117924803149608
0
LINE
8
BLACK
6
CONTINUOUS
10
4.7112544881889766
20
-5.3117924803149608
11
4.7111985433070869
21
-5.3118814566929133
0
LINE
8
BLACK
6
CONTINUOUS
10
4.7111985433070869
20
-5.3118814566929133
11
4.7111395275590553
21
-5.311932598425197
0
LINE
8
BLACK
6
CONTINUOUS
10
4.7111395275590553
20
-5.311932598425197
11
4.7109537795275589
21
-5.3121589763779529
0
LINE
8
BLACK
6
CONTINUOUS
10
4.7109537795275589
20
-5.3121589763779529
11
4.7092921653543307
21
-5.3138205905511811
0
LINE
8
BLACK
6
CONTINUOUS
10
4.7092921653543307
20
-5.3138205905511811
11
4.7109537795275589
21
-5.3154822047244092
0
LINE
8
BLACK
6
CONTINUOUS
10
4.7109537795275589
20
-5.3154822047244092
11
4.7111395275590553
21
-5.3157085433070863
0
LINE
8
BLACK
6
CONTINUOUS
10
4.7111395275590553
20
-5.3157085433070863
11
4.7111985433070869
21
-5.3157597244094488
0
LINE
8
BLACK
6
CONTINUOUS
10
4.7111985433070869
20
-5.3157597244094488
11
4.7112544881889766
21
-5.3158486614173226
0
LINE
8
BLACK
6
CONTINUOUS
10
4.7112544881889766
20
-5.3158486614173226
11
4.7113209842519685
21
-5.315929645669291
0
LINE
8
BLACK
6
CONTINUOUS
10
4.7113209842519685
20
-5.315929645669291
11
4.7113507874015745
21
-5.3160015748031491
0
LINE
8
BLACK
6
CONTINUOUS
10
4.7113507874015745
20
-5.3160015748031491
11
4.7115068897637791
21
-5.3162496062992126
0
LINE
8
BLACK
6
CONTINUOUS
10
4.7115068897637791
20
-5.3162496062992126
11
4.7133816535433066
21
-5.3199991338582677
0
LINE
8
BLACK
6
CONTINUOUS
10
4.7133816535433066
20
-5.3199991338582677
11
4.7135885433070861
21
-5.320539724409449
0
LINE
8
BLACK
6
CONTINUOUS
10
4.7135885433070861
20
-5.320539724409449
11
4.7135960629921261
21
-5.3206455905511811
0
LINE
8
BLACK
6
CONTINUOUS
10
4.7135960629921261
20
-5.3206455905511811
11
4.7136366535433067
21
-5.3207435826771654
0
LINE
8
BLACK
6
CONTINUOUS
10
4.7136366535433067
20
-5.3207435826771654
11
4.7136933858267716
21
-5.3213196456692913
0
LINE
8
BLACK
6
CONTINUOUS
10
4.7136933858267716
20
-5.3213196456692913
11
4.7136933858267716
21
-5.3288187007874015
0
LINE
8
BLACK
6
CONTINUOUS
10
4.7136933858267716
20
-5.3288187007874015
11
4.7136366535433067
21
-5.3293947637795274
0
LINE
8
BLACK
6
CONTINUOUS
10
4.7136366535433067
20
-5.3293947637795274
11
4.7135960629921261
21
-5.3294927165354329
0
LINE
8
BLACK
6
CONTINUOUS
10
4.7135960629921261
20
-5.3294927165354329
11
4.7135885433070861
21
-5.3295986220472438
0
LINE
8
BLACK
6
CONTINUOUS
10
4.7135885433070861
20
-5.3295986220472438
11
4.7133816535433066
21
-5.330139212598425
0
LINE
8
BLACK
6
CONTINUOUS
10
4.7133816535433066
20
-5.330139212598425
11
4.7115068897637791
21
-5.3338887401574802
0
LINE
8
BLACK
6
CONTINUOUS
10
4.7115068897637791
20
-5.3338887401574802
11
4.7113508267716533
21
-5.3341366141732278
0
LINE
8
BLACK
6
CONTINUOUS
10
4.7113508267716533
20
-5.3341366141732278
11
4.7113210236220473
21
-5.334208661417323
0
LINE
8
BLACK
6
CONTINUOUS
10
4.7113210236220473
20
-5.334208661417323
11
4.7112544881889766
21
-5.3342896850393702
0
LINE
8
BLACK
6
CONTINUOUS
10
4.7112544881889766
20
-5.3342896850393702
11
4.7111985433070869
21
-5.334378622047244
0
LINE
8
BLACK
6
CONTINUOUS
10
4.7111985433070869
20
-5.334378622047244
11
4.7111395275590553
21
-5.3344297637795277
0
LINE
8
BLACK
6
CONTINUOUS
10
4.7111395275590553
20
-5.3344297637795277
11
4.7109537795275589
21
-5.3346561417322835
0
LINE
8
BLACK
6
CONTINUOUS
10
4.7109537795275589
20
-5.3346561417322835
11
4.7090790551181101
21
-5.3365309055118111
0
LINE
8
BLACK
6
CONTINUOUS
10
4.7090790551181101
20
-5.3365309055118111
11
4.7088526771653543
21
-5.3367166535433066
0
LINE
8
BLACK
6
CONTINUOUS
10
4.7088526771653543
20
-5.3367166535433066
11
4.7088014960629918
21
-5.3367757086614169
0
LINE
8
BLACK
6
CONTINUOUS
10
4.7088014960629918
20
-5.3367757086614169
11
4.7087125196850392
21
-5.3368316929133854
0
LINE
8
BLACK
6
CONTINUOUS
10
4.7087125196850392
20
-5.3368316929133854
11
4.7086315748031495
21
-5.3368981496062995
0
LINE
8
BLACK
6
CONTINUOUS
10
4.7086315748031495
20
-5.3368981496062995
11
4.7085596062992128
21
-5.3369279527559055
0
LINE
8
BLACK
6
CONTINUOUS
10
4.7085596062992128
20
-5.3369279527559055
11
4.708311614173228
21
-5.33708405511811
0
LINE
8
BLACK
6
CONTINUOUS
10
4.708311614173228
20
-5.33708405511811
11
4.7045620866141729
21
-5.3389588188976376
0
LINE
8
BLACK
6
CONTINUOUS
10
4.7045620866141729
20
-5.3389588188976376
11
4.7040214566929137
21
-5.339165708661417
0
LINE
8
BLACK
6
CONTINUOUS
10
4.7040214566929137
20
-5.339165708661417
11
4.7039156299212594
21
-5.3391731889763783
0
LINE
8
BLACK
6
CONTINUOUS
10
4.7039156299212594
20
-5.3391731889763783
11
4.7038176377952752
21
-5.3392138188976377
0
LINE
8
BLACK
6
CONTINUOUS
10
4.7038176377952752
20
-5.3392138188976377
11
4.7032415748031493
21
-5.3392705511811025
0
LINE
8
BLACK
6
CONTINUOUS
10
4.7032415748031493
20
-5.3392705511811025
11
4.6957425196850391
21
-5.3392705511811025
0
LINE
8
BLACK
6
CONTINUOUS
10
4.6957425196850391
20
-5.3392705511811025
11
4.6951664566929132
21
-5.3392138188976377
0
LINE
8
BLACK
6
CONTINUOUS
10
4.6951664566929132
20
-5.3392138188976377
11
4.6950684645669289
21
-5.3391732283464561
0
LINE
8
BLACK
6
CONTINUOUS
10
4.6950684645669289
20
-5.3391732283464561
11
4.6949625984251968
21
-5.339165708661417
0
LINE
8
BLACK
6
CONTINUOUS
10
4.6949625984251968
20
-5.339165708661417
11
4.6944220078740155
21
-5.3389588188976376
0
LINE
8
BLACK
6
CONTINUOUS
10
4.6944220078740155
20
-5.3389588188976376
11
4.6906724803149604
21
-5.33708405511811
0
LINE
8
BLACK
6
CONTINUOUS
10
4.6906724803149604
20
-5.33708405511811
11
4.6904244488188978
21
-5.3369279527559055
0
LINE
8
BLACK
6
CONTINUOUS
10
4.6904244488188978
20
-5.3369279527559055
11
4.6903525196850389
21
-5.3368981496062995
0
LINE
8
BLACK
6
CONTINUOUS
10
4.6903525196850389
20
-5.3368981496062995
11
4.6902715354330704
21
-5.3368316929133854
0
LINE
8
BLACK
6
CONTINUOUS
10
4.6902715354330704
20
-5.3368316929133854
11
4.6901825984251966
21
-5.3367757086614169
0
LINE
8
BLACK
6
CONTINUOUS
10
4.6901825984251966
20
-5.3367757086614169
11
4.6901313779527554
21
-5.3367166535433066
0
LINE
8
BLACK
6
CONTINUOUS
10
4.6901313779527554
20
-5.3367166535433066
11
4.6899050393700783
21
-5.3365309055118111
0
LINE
8
BLACK
6
CONTINUOUS
10
4.6899050393700783
20
-5.3365309055118111
11
4.6880302755905507
21
-5.3346561023622048
0
LINE
8
BLACK
6
CONTINUOUS
10
4.6880302755905507
20
-5.3346561023622048
11
4.6878445275590552
21
-5.3344297637795277
0
LINE
8
BLACK
6
CONTINUOUS
10
4.6878445275590552
20
-5.3344297637795277
11
4.6877855511811024
21
-5.334378622047244
0
LINE
8
BLACK
6
CONTINUOUS
10
4.6877855511811024
20
-5.334378622047244
11
4.6877295669291339
21
-5.3342896850393702
0
LINE
8
BLACK
6
CONTINUOUS
10
4.6877295669291339
20
-5.3342896850393702
11
4.687663070866142
21
-5.334208661417323
0
LINE
8
BLACK
6
CONTINUOUS
10
4.687663070866142
20
-5.334208661417323
11
4.6876332283464563
21
-5.3341366141732278
0
LINE
8
BLACK
6
CONTINUOUS
10
4.6876332283464563
20
-5.3341366141732278
11
4.6874772047244093
21
-5.3338887401574802
0
LINE
8
BLACK
6
CONTINUOUS
10
4.6874772047244093
20
-5.3338887401574802
11
4.6856024409448818
21
-5.330139212598425
0
LINE
8
BLACK
6
CONTINUOUS
10
4.6856024409448818
20
-5.330139212598425
11
4.6853955511811023
21
-5.329598582677165
0
LINE
8
BLACK
6
CONTINUOUS
10
4.6853955511811023
20
-5.329598582677165
11
4.6853880314960632
21
-5.3294927559055116
0
LINE
8
BLACK
6
CONTINUOUS
10
4.6853880314960632
20
-5.3294927559055116
11
4.6853474409448816
21
-5.3293947637795274
0
LINE
8
BLACK
6
CONTINUOUS
10
4.6853474409448816
20
-5.3293947637795274
11
4.6852907086614168
21
-5.3288187007874015
0
LINE
8
BLACK
6
CONTINUOUS
10
4.6852907086614168
20
-5.3288187007874015
11
4.6852907086614168
21
-5.3213196456692913
0
LINE
8
BLACK
6
CONTINUOUS
10
4.6852907086614168
20
-5.3213196456692913
11
4.6853474409448816
21
-5.3207435826771654
0
LINE
8
BLACK
6
CONTINUOUS
10
4.6853474409448816
20
-5.3207435826771654
11
4.6853880314960632
21
-5.3206455511811024
0
LINE
8
BLACK
6
CONTINUOUS
10
4.6853880314960632
20
-5.3206455511811024
11
4.6853955511811023
21
-5.3205397637795278
0
LINE
8
BLACK
6
CONTINUOUS
10
4.6853955511811023
20
-5.3205397637795278
11
4.6856024409448818
21
-5.3199991338582677
0
LINE
8
BLACK
6
CONTINUOUS
10
4.6856024409448818
20
-5.3199991338582677
11
4.6874772047244093
21
-5.3162496062992126
0
LINE
8
BLACK
6
CONTINUOUS
10
4.6874772047244093
20
-5.3162496062992126
11
4.6876332677165351
21
-5.3160015748031491
0
LINE
8
BLACK
6
CONTINUOUS
10
4.6876332677165351
20
-5.3160015748031491
11
4.6876631102362207
21
-5.315929645669291
0
LINE
8
BLACK
6
CONTINUOUS
10
4.6876631102362207
20
-5.315929645669291
11
4.6877295669291339
21
-5.3158486614173226
0
LINE
8
BLACK
6
CONTINUOUS
10
4.6877295669291339
20
-5.3158486614173226
11
4.6877855511811024
21
-5.3157597244094488
0
LINE
8
BLACK
6
CONTINUOUS
10
4.6877855511811024
20
-5.3157597244094488
11
4.6878445275590552
21
-5.3157085433070863
0
LINE
8
BLACK
6
CONTINUOUS
10
4.6878445275590552
20
-5.3157085433070863
11
4.6880303149606295
21
-5.3154822047244092
0
LINE
8
BLACK
6
CONTINUOUS
10
4.6880303149606295
20
-5.3154822047244092
11
4.6896919291338586
21
-5.3138205905511811
0
LINE
8
BLACK
6
CONTINUOUS
10
4.6896919291338586
20
-5.3138205905511811
11
4.6880303149606295
21
-5.3121589763779529
0
LINE
8
BLACK
6
CONTINUOUS
10
4.6880303149606295
20
-5.3121589763779529
11
4.6878445275590552
21
-5.311932598425197
0
LINE
8
BLACK
6
CONTINUOUS
10
4.6878445275590552
20
-5.311932598425197
11
4.6877855511811024
21
-5.3118814566929133
0
LINE
8
BLACK
6
CONTINUOUS
10
4.6877855511811024
20
-5.3118814566929133
11
4.6877295669291339
21
-5.3117924803149608
0
LINE
8
BLACK
6
CONTINUOUS
10
4.6877295669291339
20
-5.3117924803149608
11
4.6876631102362207
21
-5.3117115354330711
0
LINE
8
BLACK
6
CONTINUOUS
10
4.6876631102362207
20
-5.3117115354330711
11
4.6876332677165351
21
-5.3116395669291334
0
LINE
8
BLACK
6
CONTINUOUS
10
4.6876332677165351
20
-5.3116395669291334
11
4.6874772047244093
21
-5.3113915748031495
0
LINE
8
BLACK
6
CONTINUOUS
10
4.6874772047244093
20
-5.3113915748031495
11
4.6856024409448818
21
-5.3076420472440944
0
LINE
8
BLACK
6
CONTINUOUS
10
4.6856024409448818
20
-5.3076420472440944
11
4.6853955511811023
21
-5.3071014173228344
0
LINE
8
BLACK
6
CONTINUOUS
10
4.6853955511811023
20
-5.3071014173228344
11
4.6853880314960632
21
-5.306995590551181
0
LINE
8
BLACK
6
CONTINUOUS
10
4.6853880314960632
20
-5.306995590551181
11
4.6853474409448816
21
-5.3068975984251967
0
LINE
8
BLACK
6
CONTINUOUS
10
4.6853474409448816
20
-5.3068975984251967
11
4.6852907086614168
21
-5.3063215354330708
0
LINE
8
BLACK
6
CONTINUOUS
10
4.6852907086614168
20
-5.3063215354330708
11
4.6852907086614168
21
-5.3044467716535433
0
LINE
8
BLACK
6
CONTINUOUS
10
4.6852907086614168
20
-5.3044467716535433
11
4.6853474409448816
21
-5.3038707086614174
0
LINE
8
BLACK
6
CONTINUOUS
10
4.6853474409448816
20
-5.3038707086614174
11
4.6853880314960632
21
-5.3037726771653544
0
LINE
8
BLACK
6
CONTINUOUS
10
4.6853880314960632
20
-5.3037726771653544
11
4.6853955511811023
21
-5.3036668897637798
0
LINE
8
BLACK
6
CONTINUOUS
10
4.6853955511811023
20
-5.3036668897637798
11
4.6856024409448818
21
-5.3031262598425197
0
LINE
8
BLACK
6
CONTINUOUS
10
4.6856024409448818
20
-5.3031262598425197
11
4.6874772047244093
21
-5.2993767322834646
0
LINE
8
BLACK
6
CONTINUOUS
10
4.6874772047244093
20
-5.2993767322834646
11
4.6876332677165351
21
-5.2991287007874011
0
LINE
8
BLACK
6
CONTINUOUS
10
4.6876332677165351
20
-5.2991287007874011
11
4.6876631102362207
21
-5.2990567716535431
0
LINE
8
BLACK
6
CONTINUOUS
10
4.6876631102362207
20
-5.2990567716535431
11
4.6877295669291339
21
-5.2989757874015746
0
LINE
8
BLACK
6
CONTINUOUS
10
4.6877295669291339
20
-5.2989757874015746
11
4.6877855511811024
21
-5.2988868503937008
0
LINE
8
BLACK
6
CONTINUOUS
10
4.6877855511811024
20
-5.2988868503937008
11
4.6878445275590552
21
-5.2988356692913383
0
LINE
8
BLACK
6
CONTINUOUS
10
4.6878445275590552
20
-5.2988356692913383
11
4.6880303149606295
21
-5.2986093307086612
0
LINE
8
BLACK
6
CONTINUOUS
10
4.6880303149606295
20
-5.2986093307086612
11
4.6899050787401571
21
-5.2967345669291337
0
LINE
8
BLACK
6
CONTINUOUS
10
4.6899050787401571
20
-5.2967345669291337
11
4.6901314173228341
21
-5.2965487795275585
0
LINE
8
BLACK
6
CONTINUOUS
10
4.6901314173228341
20
-5.2965487795275585
11
4.6901825984251966
21
-5.2964898031496066
0
LINE
8
BLACK
6
CONTINUOUS
10
4.6901825984251966
20
-5.2964898031496066
11
4.6902715354330704
21
-5.2964338188976381
0
LINE
8
BLACK
6
CONTINUOUS
10
4.6902715354330704
20
-5.2964338188976381
11
4.6903525196850389
21
-5.296367362204724
0
LINE
8
BLACK
6
CONTINUOUS
10
4.6903525196850389
20
-5.296367362204724
11
4.6904244488188978
21
-5.2963375196850393
0
LINE
8
BLACK
6
CONTINUOUS
10
4.6904244488188978
20
-5.2963375196850393
11
4.6906724803149604
21
-5.2961814566929135
0
LINE
8
BLACK
6
CONTINUOUS
10
4.6906724803149604
20
-5.2961814566929135
11
4.6944220078740155
21
-5.294306692913386
0
LINE
8
BLACK
6
CONTINUOUS
10
4.6944220078740155
20
-5.294306692913386
11
4.6949625984251968
21
-5.2940998031496065
0
LINE
8
BLACK
6
CONTINUOUS
10
4.6949625984251968
20
-5.2940998031496065
11
4.6950684645669289
21
-5.2940922440944878
0
LINE
8
BLACK
6
CONTINUOUS
10
4.6950684645669289
20
-5.2940922440944878
11
4.6951664566929132
21
-5.2940516929133858
0
LINE
8
BLACK
6
CONTINUOUS
10
4.6951664566929132
20
-5.2940516929133858
11
4.6957425196850391
21
-5.293994960629921
0
LINE
8
BLACK
6
CONTINUOUS
10
4.6957425196850391
20
-5.293994960629921
11
4.7032415748031493
21
-5.293994960629921
0
LINE
8
BLACK
6
CONTINUOUS
10
4.7032415748031493
20
-5.293994960629921
11
4.7038176377952752
21
-5.2940516929133858
0
LINE
8
BLACK
6
CONTINUOUS
10
4.693742086614173
20
-5.3181220866141734
11
4.6925449606299212
21
-5.3193192125984252
0
LINE
8
BLACK
6
CONTINUOUS
10
4.6925449606299212
20
-5.3193192125984252
11
4.6911962204724409
21
-5.3220166929133859
0
LINE
8
BLACK
6
CONTINUOUS
10
4.6911962204724409
20
-5.3220166929133859
11
4.6911962204724409
21
-5.3281216535433069
0
LINE
8
BLACK
6
CONTINUOUS
10
4.6911962204724409
20
-5.3281216535433069
11
4.6925449606299212
21
-5.3308191338582676
0
LINE
8
BLACK
6
CONTINUOUS
10
4.6925449606299212
20
-5.3308191338582676
11
4.693742086614173
21
-5.3320162992125981
0
LINE
8
BLACK
6
CONTINUOUS
10
4.693742086614173
20
-5.3320162992125981
11
4.6964395669291337
21
-5.3333650393700784
0
LINE
8
BLACK
6
CONTINUOUS
10
4.6964395669291337
20
-5.3333650393700784
11
4.7025445275590547
21
-5.3333650393700784
0
LINE
8
BLACK
6
CONTINUOUS
10
4.7025445275590547
20
-5.3333650393700784
11
4.7052419685039366
21
-5.3320162992125981
0
LINE
8
BLACK
6
CONTINUOUS
10
4.7052419685039366
20
-5.3320162992125981
11
4.7064390944881893
21
-5.3308191338582676
0
LINE
8
BLACK
6
CONTINUOUS
10
4.7064390944881893
20
-5.3308191338582676
11
4.7077878740157475
21
-5.3281216535433069
0
LINE
8
BLACK
6
CONTINUOUS
10
4.7077878740157475
20
-5.3281216535433069
11
4.7077878740157475
21
-5.3220166929133859
0
LINE
8
BLACK
6
CONTINUOUS
10
4.7077878740157475
20
-5.3220166929133859
11
4.7064391338582672
21
-5.3193192125984252
0
LINE
8
BLACK
6
CONTINUOUS
10
4.7064391338582672
20
-5.3193192125984252
11
4.7052420078740154
21
-5.3181220866141734
0
LINE
8
BLACK
6
CONTINUOUS
10
4.7052420078740154
20
-5.3181220866141734
11
4.7025445275590547
21
-5.3167733464566931
0
LINE
8
BLACK
6
CONTINUOUS
10
4.7025445275590547
20
-5.3167733464566931
11
4.6964395669291337
21
-5.3167733464566931
0
LINE
8
BLACK
6
CONTINUOUS
10
4.6964395669291337
20
-5.3167733464566931
11
4.693742086614173
21
-5.3181220866141734
0
LINE
8
BLACK
6
CONTINUOUS
10
4.693742086614173
20
-5.3012492125984254
11
4.6925449606299212
21
-5.3024463385826772
0
LINE
8
BLACK
6
CONTINUOUS
10
4.6925449606299212
20
-5.3024463385826772
11
4.6911962204724409
21
-5.3051438188976379
0
LINE
8
BLACK
6
CONTINUOUS
10
4.6911962204724409
20
-5.3051438188976379
11
4.6911962204724409
21
-5.3056244881889763
0
LINE
8
BLACK
6
CONTINUOUS
10
4.6911962204724409
20
-5.3056244881889763
11
4.6925449606299212
21
-5.3083219685039369
0
LINE
8
BLACK
6
CONTINUOUS
10
4.6925449606299212
20
-5.3083219685039369
11
4.693742086614173
21
-5.3095190944881887
0
LINE
8
BLACK
6
CONTINUOUS
10
4.693742086614173
20
-5.3095190944881887
11
4.6964395669291337
21
-5.310867834645669
0
LINE
8
BLACK
6
CONTINUOUS
10
4.6964395669291337
20
-5.310867834645669
11
4.7025445275590547
21
-5.310867834645669
0
LINE
8
BLACK
6
CONTINUOUS
10
4.7025445275590547
20
-5.310867834645669
11
4.7052420078740154
21
-5.3095190944881887
0
LINE
8
BLACK
6
CONTINUOUS
10
4.7052420078740154
20
-5.3095190944881887
11
4.7064391338582672
21
-5.3083219685039369
0
LINE
8
BLACK
6
CONTINUOUS
10
4.7064391338582672
20
-5.3083219685039369
11
4.7077878740157475
21
-5.3056244881889763
0
LINE
8
BLACK
6
CONTINUOUS
10
4.7077878740157475
20
-5.3056244881889763
11
4.7077878740157475
21
-5.3051438188976379
0
LINE
8
BLACK
6
CONTINUOUS
10
4.7077878740157475
20
-5.3051438188976379
11
4.7064391338582672
21
-5.3024463385826772
0
LINE
8
BLACK
6
CONTINUOUS
10
4.7064391338582672
20
-5.3024463385826772
11
4.7052420078740154
21
-5.3012492125984254
0
LINE
8
BLACK
6
CONTINUOUS
10
4.7052420078740154
20
-5.3012492125984254
11
4.7025445275590547
21
-5.2999004724409451
0
LINE
8
BLACK
6
CONTINUOUS
10
4.7025445275590547
20
-5.2999004724409451
11
4.6964395669291337
21
-5.2999004724409451
0
LINE
8
BLACK
6
CONTINUOUS
10
4.6964395669291337
20
-5.2999004724409451
11
4.693742086614173
21
-5.3012492125984254
0
LINE
8
BLACK
6
CONTINUOUS
10
4.7469372440944877
20
-5.2940516929133858
11
4.7480016535433069
21
-5.2944925984251965
0
LINE
8
BLACK
6
CONTINUOUS
10
4.7480016535433069
20
-5.2944925984251965
11
4.7488162992125984
21
-5.2953072440944879
0
LINE
8
BLACK
6
CONTINUOUS
10
4.7488162992125984
20
-5.2953072440944879
11
4.749257204724409
21
-5.2963716535433072
0
LINE
8
BLACK
6
CONTINUOUS
10
4.749257204724409
20
-5.2963716535433072
11
4.749257204724409
21
-5.2975237795275589
0
LINE
8
BLACK
6
CONTINUOUS
10
4.749257204724409
20
-5.2975237795275589
11
4.7488162992125984
21
-5.2985881889763782
0
LINE
8
BLACK
6
CONTINUOUS
10
4.7488162992125984
20
-5.2985881889763782
11
4.7480016535433069
21
-5.2994028346456687
0
LINE
8
BLACK
6
CONTINUOUS
10
4.7480016535433069
20
-5.2994028346456687
11
4.7469372440944877
21
-5.2998437401574803
0
LINE
8
BLACK
6
CONTINUOUS
10
4.7469372440944877
20
-5.2998437401574803
11
4.7463611811023618
21
-5.2999004724409451
0
LINE
8
BLACK
6
CONTINUOUS
10
4.7463611811023618
20
-5.2999004724409451
11
4.7302857480314957
21
-5.2999004724409451
0
LINE
8
BLACK
6
CONTINUOUS
10
4.7302857480314957
20
-5.2999004724409451
11
4.7293086220472436
21
-5.3096717322834648
0
LINE
8
BLACK
6
CONTINUOUS
10
4.7293086220472436
20
-5.3096717322834648
11
4.7300425590551178
21
-5.3093048031496064
0
LINE
8
BLACK
6
CONTINUOUS
10
4.7300425590551178
20
-5.3093048031496064
11
4.7305831496062991
21
-5.3090979133858269
0
LINE
8
BLACK
6
CONTINUOUS
10
4.7305831496062991
20
-5.3090979133858269
11
4.7306890157480312
21
-5.3090903543307082
0
LINE
8
BLACK
6
CONTINUOUS
10
4.7306890157480312
20
-5.3090903543307082
11
4.7307870078740155
21
-5.3090498031496063
0
LINE
8
BLACK
6
CONTINUOUS
10
4.7307870078740155
20
-5.3090498031496063
11
4.7313630708661414
21
-5.3089930708661415
0
LINE
8
BLACK
6
CONTINUOUS
10
4.7313630708661414
20
-5.3089930708661415
11
4.7407368897637792
21
-5.3089930708661415
0
LINE
8
BLACK
6
CONTINUOUS
10
4.7407368897637792
20
-5.3089930708661415
11
4.741312952755905
21
-5.3090498031496063
0
LINE
8
BLACK
6
CONTINUOUS
10
4.741312952755905
20
-5.3090498031496063
11
4.7414109448818893
21
-5.3090903937007869
0
LINE
8
BLACK
6
CONTINUOUS
10
4.7414109448818893
20
-5.3090903937007869
11
4.7415167716535436
21
-5.3090979133858269
0
LINE
8
BLACK
6
CONTINUOUS
10
4.7415167716535436
20
-5.3090979133858269
11
4.7420574015748027
21
-5.3093048031496064
0
LINE
8
BLACK
6
CONTINUOUS
10
4.7420574015748027
20
-5.3093048031496064
11
4.7458069291338578
21
-5.311179566929134
0
LINE
8
BLACK
6
CONTINUOUS
10
4.7458069291338578
20
-5.311179566929134
11
4.7460549212598426
21
-5.3113356299212597
0
LINE
8
BLACK
6
CONTINUOUS
10
4.7460549212598426
20
-5.3113356299212597
11
4.7461268897637794
21
-5.3113654724409445
0
LINE
8
BLACK
6
CONTINUOUS
10
4.7461268897637794
20
-5.3113654724409445
11
4.7462078346456691
21
-5.3114319291338585
0
LINE
8
BLACK
6
CONTINUOUS
10
4.7462078346456691
20
-5.3114319291338585
11
4.7462968110236217
21
-5.311487913385827
0
LINE
8
BLACK
6
CONTINUOUS
10
4.7462968110236217
20
-5.311487913385827
11
4.7463479527559054
21
-5.311546889763779
0
LINE
8
BLACK
6
CONTINUOUS
10
4.7463479527559054
20
-5.311546889763779
11
4.7465743307086612
21
-5.3117326771653541
0
LINE
8
BLACK
6
CONTINUOUS
10
4.7465743307086612
20
-5.3117326771653541
11
4.7484490944881887
21
-5.3136074409448817
0
LINE
8
BLACK
6
CONTINUOUS
10
4.7484490944881887
20
-5.3136074409448817
11
4.7486348425196852
21
-5.3138337795275588
0
LINE
8
BLACK
6
CONTINUOUS
10
4.7486348425196852
20
-5.3138337795275588
11
4.7486938582677167
21
-5.3138849606299212
0
LINE
8
BLACK
6
CONTINUOUS
10
4.7486938582677167
20
-5.3138849606299212
11
4.7487498031496065
21
-5.313973897637795
0
LINE
8
BLACK
6
CONTINUOUS
10
4.7487498031496065
20
-5.313973897637795
11
4.7488162992125984
21
-5.3140548818897635
0
LINE
8
BLACK
6
CONTINUOUS
10
4.7488162992125984
20
-5.3140548818897635
11
4.7488461023622044
21
-5.3141268110236215
0
LINE
8
BLACK
6
CONTINUOUS
10
4.7488461023622044
20
-5.3141268110236215
11
4.7490022047244089
21
-5.3143748425196851
0
LINE
8
BLACK
6
CONTINUOUS
10
4.7490022047244089
20
-5.3143748425196851
11
4.7508769685039365
21
-5.3181243700787402
0
LINE
8
BLACK
6
CONTINUOUS
10
4.7508769685039365
20
-5.3181243700787402
11
4.7510838582677168
21
-5.3186649606299214
0
LINE
8
BLACK
6
CONTINUOUS
10
4.7510838582677168
20
-5.3186649606299214
11
4.7510913779527559
21
-5.3187708267716536
0
LINE
8
BLACK
6
CONTINUOUS
10
4.7510913779527559
20
-5.3187708267716536
11
4.7511319685039366
21
-5.3188688188976379
0
LINE
8
BLACK
6
CONTINUOUS
10
4.7511319685039366
20
-5.3188688188976379
11
4.7511887007874014
21
-5.3194448818897637
0
LINE
8
BLACK
6
CONTINUOUS
10
4.7511887007874014
20
-5.3194448818897637
11
4.7511887007874014
21
-5.3288187007874015
0
LINE
8
BLACK
6
CONTINUOUS
10
4.7511887007874014
20
-5.3288187007874015
11
4.7511319685039366
21
-5.3293947637795274
0
LINE
8
BLACK
6
CONTINUOUS
10
4.7511319685039366
20
-5.3293947637795274
11
4.7510913779527559
21
-5.3294927165354329
0
LINE
8
BLACK
6
CONTINUOUS
10
4.7510913779527559
20
-5.3294927165354329
11
4.7510838582677168
21
-5.3295986220472438
0
LINE
8
BLACK
6
CONTINUOUS
10
4.7510838582677168
20
-5.3295986220472438
11
4.7508769685039365
21
-5.330139212598425
0
LINE
8
BLACK
6
CONTINUOUS
10
4.7508769685039365
20
-5.330139212598425
11
4.7490022047244089
21
-5.3338887401574802
0
LINE
8
BLACK
6
CONTINUOUS
10
4.7490022047244089
20
-5.3338887401574802
11
4.7488461417322831
21
-5.3341366141732278
0
LINE
8
BLACK
6
CONTINUOUS
10
4.7488461417322831
20
-5.3341366141732278
11
4.7488163385826772
21
-5.334208661417323
0
LINE
8
BLACK
6
CONTINUOUS
10
4.7488163385826772
20
-5.334208661417323
11
4.7487498031496065
21
-5.3342896850393702
0
LINE
8
BLACK
6
CONTINUOUS
10
4.7487498031496065
20
-5.3342896850393702
11
4.7486938582677167
21
-5.334378622047244
0
LINE
8
BLACK
6
CONTINUOUS
10
4.7486938582677167
20
-5.334378622047244
11
4.7486348425196852
21
-5.3344297637795277
0
LINE
8
BLACK
6
CONTINUOUS
10
4.7486348425196852
20
-5.3344297637795277
11
4.7484490944881887
21
-5.3346561417322835
0
LINE
8
BLACK
6
CONTINUOUS
10
4.7484490944881887
20
-5.3346561417322835
11
4.7465743700787399
21
-5.3365309055118111
0
LINE
8
BLACK
6
CONTINUOUS
10
4.7465743700787399
20
-5.3365309055118111
11
4.7463479921259841
21
-5.3367166535433066
0
LINE
8
BLACK
6
CONTINUOUS
10
4.7463479921259841
20
-5.3367166535433066
11
4.7462968110236217
21
-5.3367757086614169
0
LINE
8
BLACK
6
CONTINUOUS
10
4.7462968110236217
20
-5.3367757086614169
11
4.7462078346456691
21
-5.3368316929133854
0
LINE
8
BLACK
6
CONTINUOUS
10
4.7462078346456691
20
-5.3368316929133854
11
4.7461268897637794
21
-5.3368981496062995
0
LINE
8
BLACK
6
CONTINUOUS
10
4.7461268897637794
20
-5.3368981496062995
11
4.7460549212598426
21
-5.3369279527559055
0
LINE
8
BLACK
6
CONTINUOUS
10
4.7460549212598426
20
-5.3369279527559055
11
4.7458069291338578
21
-5.33708405511811
0
LINE
8
BLACK
6
CONTINUOUS
10
4.7458069291338578
20
-5.33708405511811
11
4.7420574015748027
21
-5.3389588188976376
0
LINE
8
BLACK
6
CONTINUOUS
10
4.7420574015748027
20
-5.3389588188976376
11
4.7415167716535436
21
-5.339165708661417
0
LINE
8
BLACK
6
CONTINUOUS
10
4.7415167716535436
20
-5.339165708661417
11
4.7414109448818893
21
-5.3391731889763783
0
LINE
8
BLACK
6
CONTINUOUS
10
4.7414109448818893
20
-5.3391731889763783
11
4.741312952755905
21
-5.3392138188976377
0
LINE
8
BLACK
6
CONTINUOUS
10
4.741312952755905
20
-5.3392138188976377
11
4.7407368897637792
21
-5.3392705511811025
0
LINE
8
BLACK
6
CONTINUOUS
10
4.7407368897637792
20
-5.3392705511811025
11
4.7313630708661414
21
-5.3392705511811025
0
LINE
8
BLACK
6
CONTINUOUS
10
4.7313630708661414
20
-5.3392705511811025
11
4.7307870078740155
21
-5.3392138188976377
0
LINE
8
BLACK
6
CONTINUOUS
10
4.7307870078740155
20
-5.3392138188976377
11
4.7306890157480312
21
-5.3391732283464561
0
LINE
8
BLACK
6
CONTINUOUS
10
4.7306890157480312
20
-5.3391732283464561
11
4.7305831496062991
21
-5.339165708661417
0
LINE
8
BLACK
6
CONTINUOUS
10
4.7305831496062991
20
-5.339165708661417
11
4.7300425590551178
21
-5.3389588188976376
0
LINE
8
BLACK
6
CONTINUOUS
10
4.7300425590551178
20
-5.3389588188976376
11
4.7262930314960627
21
-5.33708405511811
0
LINE
8
BLACK
6
CONTINUOUS
10
4.7262930314960627
20
-5.33708405511811
11
4.7260450000000001
21
-5.3369279527559055
0
LINE
8
BLACK
6
CONTINUOUS
10
4.7260450000000001
20
-5.3369279527559055
11
4.725973070866142
21
-5.3368981496062995
0
LINE
8
BLACK
6
CONTINUOUS
10
4.725973070866142
20
-5.3368981496062995
11
4.7258920866141727
21
-5.3368316929133854
0
LINE
8
BLACK
6
CONTINUOUS
10
4.7258920866141727
20
-5.3368316929133854
11
4.7258031496062989
21
-5.3367757086614169
0
LINE
8
BLACK
6
CONTINUOUS
10
4.7258031496062989
20
-5.3367757086614169
11
4.7257519291338586
21
-5.3367166535433066
0
LINE
8
BLACK
6
CONTINUOUS
10
4.7257519291338586
20
-5.3367166535433066
11
4.7255255905511806
21
-5.3365309055118111
0
LINE
8
BLACK
6
CONTINUOUS
10
4.7255255905511806
20
-5.3365309055118111
11
4.723650826771653
21
-5.3346561023622048
0
LINE
8
BLACK
6
CONTINUOUS
10
4.723650826771653
20
-5.3346561023622048
11
4.7232836220472443
21
-5.334208661417323
0
LINE
8
BLACK
6
CONTINUOUS
10
4.7232836220472443
20
-5.334208661417323
11
4.7228427559055115
21
-5.3331442519685037
0
LINE
8
BLACK
6
CONTINUOUS
10
4.7228427559055115
20
-5.3331442519685037
11
4.7228427559055115
21
-5.3319921653543307
0
LINE
8
BLACK
6
CONTINUOUS
10
4.7228427559055115
20
-5.3319921653543307
11
4.723283661417323
21
-5.3309277559055115
0
LINE
8
BLACK
6
CONTINUOUS
10
4.723283661417323
20
-5.3309277559055115
11
4.7240983464566932
21
-5.3301130708661413
0
LINE
8
BLACK
6
CONTINUOUS
10
4.7240983464566932
20
-5.3301130708661413
11
4.7251627559055116
21
-5.3296722047244094
0
LINE
8
BLACK
6
CONTINUOUS
10
4.7251627559055116
20
-5.3296722047244094
11
4.7263148425196846
21
-5.3296722047244094
0
LINE
8
BLACK
6
CONTINUOUS
10
4.7263148425196846
20
-5.3296722047244094
11
4.7273792519685038
21
-5.33011311023622
0
LINE
8
BLACK
6
CONTINUOUS
10
4.7273792519685038
20
-5.33011311023622
11
4.7278267322834644
21
-5.3304803543307084
0
LINE
8
BLACK
6
CONTINUOUS
10
4.7278267322834644
20
-5.3304803543307084
11
4.7293626377952753
21
-5.3320162992125981
0
LINE
8
BLACK
6
CONTINUOUS
10
4.7293626377952753
20
-5.3320162992125981
11
4.732060118110236
21
-5.3333650393700784
0
LINE
8
BLACK
6
CONTINUOUS
10
4.732060118110236
20
-5.3333650393700784
11
4.7400398425196846
21
-5.3333650393700784
0
LINE
8
BLACK
6
CONTINUOUS
10
4.7400398425196846
20
-5.3333650393700784
11
4.7427372834645665
21
-5.3320162992125981
0
LINE
8
BLACK
6
CONTINUOUS
10
4.7427372834645665
20
-5.3320162992125981
11
4.7439344094488192
21
-5.3308191338582676
0
LINE
8
BLACK
6
CONTINUOUS
10
4.7439344094488192
20
-5.3308191338582676
11
4.7452831889763782
21
-5.3281216535433069
0
LINE
8
BLACK
6
CONTINUOUS
10
4.7452831889763782
20
-5.3281216535433069
11
4.7452831889763782
21
-5.3201419291338583
0
LINE
8
BLACK
6
CONTINUOUS
10
4.7452831889763782
20
-5.3201419291338583
11
4.7439344488188979
21
-5.3174444488188977
0
LINE
8
BLACK
6
CONTINUOUS
10
4.7439344488188979
20
-5.3174444488188977
11
4.7427373228346452
21
-5.3162473228346458
0
LINE
8
BLACK
6
CONTINUOUS
10
4.7427373228346452
20
-5.3162473228346458
11
4.7400398425196846
21
-5.3148985826771655
0
LINE
8
BLACK
6
CONTINUOUS
10
4.7400398425196846
20
-5.3148985826771655
11
4.732060118110236
21
-5.3148985826771655
0
LINE
8
BLACK
6
CONTINUOUS
10
4.732060118110236
20
-5.3148985826771655
11
4.7293626377952753
21
-5.3162473228346458
0
LINE
8
BLACK
6
CONTINUOUS
10
4.7293626377952753
20
-5.3162473228346458
11
4.7278266929133856
21
-5.3177832677165355
0
LINE
8
BLACK
6
CONTINUOUS
10
4.7278266929133856
20
-5.3177832677165355
11
4.7273792519685038
21
-5.3181504724409452
0
LINE
8
BLACK
6
CONTINUOUS
10
4.7273792519685038
20
-5.3181504724409452
11
4.7272418897637793
21
-5.3182073622047241
0
LINE
8
BLACK
6
CONTINUOUS
10
4.7272418897637793
20
-5.3182073622047241
11
4.7271268110236218
21
-5.3183015354330712
0
LINE
8
BLACK
6
CONTINUOUS
10
4.7271268110236218
20
-5.3183015354330712
11
4.7267134251968503
21
-5.3184262204724408
0
LINE
8
BLACK
6
CONTINUOUS
10
4.7267134251968503
20
-5.3184262204724408
11
4.7263148031496058
21
-5.3185913779527558
0
LINE
8
BLACK
6
CONTINUOUS
10
4.7263148031496058
20
-5.3185913779527558
11
4.7261661811023625
21
-5.3185913779527558
0
LINE
8
BLACK
6
CONTINUOUS
10
4.7261661811023625
20
-5.3185913779527558
11
4.7260238188976373
21
-5.3186343307086617
0
LINE
8
BLACK
6
CONTINUOUS
10
4.7260238188976373
20
-5.3186343307086617
11
4.7255942913385827
21
-5.3185913779527558
0
LINE
8
BLACK
6
CONTINUOUS
10
4.7255942913385827
20
-5.3185913779527558
11
4.7251627559055116
21
-5.3185913779527558
0
LINE
8
BLACK
6
CONTINUOUS
10
4.7251627559055116
20
-5.3185913779527558
11
4.7250253937007871
21
-5.3185344488188973
0
LINE
8
BLACK
6
CONTINUOUS
10
4.7250253937007871
20
-5.3185344488188973
11
4.724877401574803
21
-5.3185196850393703
0
LINE
8
BLACK
6
CONTINUOUS
10
4.724877401574803
20
-5.3185196850393703
11
4.7244970078740156
21
-5.3183156299212593
0
LINE
8
BLACK
6
CONTINUOUS
10
4.7244970078740156
20
-5.3183156299212593
11
4.7240983070866145
21
-5.3181504724409452
0
LINE
8
BLACK
6
CONTINUOUS
10
4.7240983070866145
20
-5.3181504724409452
11
4.7239931102362203
21
-5.318045275590551
0
LINE
8
BLACK
6
CONTINUOUS
10
4.7239931102362203
20
-5.318045275590551
11
4.7238621653543307
21
-5.3179750393700784
0
LINE
8
BLACK
6
CONTINUOUS
10
4.7238621653543307
20
-5.3179750393700784
11
4.7235888976377955
21
-5.3176410629921262
0
LINE
8
BLACK
6
CONTINUOUS
10
4.7235888976377955
20
-5.3176410629921262
11
4.723283661417323
21
-5.3173358267716537
0
LINE
8
BLACK
6
CONTINUOUS
10
4.723283661417323
20
-5.3173358267716537
11
4.7232267322834645
21
-5.3171984645669292
0
LINE
8
BLACK
6
CONTINUOUS
10
4.7232267322834645
20
-5.3171984645669292
11
4.7231325984251971
21
-5.3170833858267716
0
LINE
8
BLACK
6
CONTINUOUS
10
4.7231325984251971
20
-5.3170833858267716
11
4.7230078740157477
21
-5.3166700000000002
0
LINE
8
BLACK
6
CONTINUOUS
10
4.7230078740157477
20
-5.3166700000000002
11
4.7228427559055115
21
-5.3162713779527557
0
LINE
8
BLACK
6
CONTINUOUS
10
4.7228427559055115
20
-5.3162713779527557
11
4.7228427559055115
21
-5.3161227165354328
0
LINE
8
BLACK
6
CONTINUOUS
10
4.7228427559055115
20
-5.3161227165354328
11
4.7227998031496066
21
-5.3159803937007872
0
LINE
8
BLACK
6
CONTINUOUS
10
4.7227998031496066
20
-5.3159803937007872
11
4.7228006692913382
21
-5.3154015354330708
0
LINE
8
BLACK
6
CONTINUOUS
10
4.7228006692913382
20
-5.3154015354330708
11
4.7246754330708658
21
-5.2966538976377953
0
LINE
8
BLACK
6
CONTINUOUS
10
4.7246754330708658
20
-5.2966538976377953
11
4.7247175196850391
21
-5.296443937007874
0
LINE
8
BLACK
6
CONTINUOUS
10
4.7247175196850391
20
-5.296443937007874
11
4.7247175196850391
21
-5.2963716535433072
0
LINE
8
BLACK
6
CONTINUOUS
10
4.7247175196850391
20
-5.2963716535433072
11
4.7247455905511808
21
-5.2963038188976377
0
LINE
8
BLACK
6
CONTINUOUS
10
4.7247455905511808
20
-5.2963038188976377
11
4.7247892125984254
21
-5.2960863385826773
0
LINE
8
BLACK
6
CONTINUOUS
10
4.7247892125984254
20
-5.2960863385826773
11
4.7249932283464569
21
-5.2957060236220475
0
LINE
8
BLACK
6
CONTINUOUS
10
4.7249932283464569
20
-5.2957060236220475
11
4.7251584251968506
21
-5.2953072440944879
0
LINE
8
BLACK
6
CONTINUOUS
10
4.7251584251968506
20
-5.2953072440944879
11
4.7252635826771652
21
-5.2952020472440946
0
LINE
8
BLACK
6
CONTINUOUS
10
4.7252635826771652
20
-5.2952020472440946
11
4.7253338582677165
21
-5.295071102362205
0
LINE
8
BLACK
6
CONTINUOUS
10
4.7253338582677165
20
-5.295071102362205
11
4.7256677952755908
21
-5.294797834645669
0
LINE
8
BLACK
6
CONTINUOUS
10
4.7256677952755908
20
-5.294797834645669
11
4.725973070866142
21
-5.2944925984251965
0
LINE
8
BLACK
6
CONTINUOUS
10
4.725973070866142
20
-5.2944925984251965
11
4.7261103937007869
21
-5.2944356692913388
0
LINE
8
BLACK
6
CONTINUOUS
10
4.7261103937007869
20
-5.2944356692913388
11
4.7262255118110232
21
-5.2943415354330705
0
LINE
8
BLACK
6
CONTINUOUS
10
4.7262255118110232
20
-5.2943415354330705
11
4.7266387795275593
21
-5.2942168110236221
0
LINE
8
BLACK
6
CONTINUOUS
10
4.7266387795275593
20
-5.2942168110236221
11
4.7270374803149604
21
-5.2940516929133858
0
LINE
8
BLACK
6
CONTINUOUS
10
4.7270374803149604
20
-5.2940516929133858
11
4.7272581496062989
21
-5.2940299212598427
0
LINE
8
BLACK
6
CONTINUOUS
10
4.7272581496062989
20
-5.2940299212598427
11
4.7273285039370077
21
-5.29400874015748
0
LINE
8
BLACK
6
CONTINUOUS
10
4.7273285039370077
20
-5.29400874015748
11
4.7274004724409444
21
-5.2940159055118112
0
LINE
8
BLACK
6
CONTINUOUS
10
4.7274004724409444
20
-5.2940159055118112
11
4.7276135433070863
21
-5.293994960629921
0
LINE
8
BLACK
6
CONTINUOUS
10
4.7276135433070863
20
-5.293994960629921
11
4.7463611811023618
21
-5.293994960629921
0
LINE
8
BLACK
6
CONTINUOUS
10
4.7463611811023618
20
-5.293994960629921
11
4.7469372440944877
21
-5.2940516929133858
0
LINE
8
BLACK
6
CONTINUOUS
10
4.8256774409448822
20
-5.3334217716535433
11
4.8267418503937005
21
-5.3338626771653539
0
LINE
8
BLACK
6
CONTINUOUS
10
4.8267418503937005
20
-5.3338626771653539
11
4.827556496062992
21
-5.3346773228346454
0
LINE
8
BLACK
6
CONTINUOUS
10
4.827556496062992
20
-5.3346773228346454
11
4.8279974015748026
21
-5.3357417322834646
0
LINE
8
BLACK
6
CONTINUOUS
10
4.8279974015748026
20
-5.3357417322834646
11
4.8279974015748026
21
-5.3368938582677163
0
LINE
8
BLACK
6
CONTINUOUS
10
4.8279974015748026
20
-5.3368938582677163
11
4.827556496062992
21
-5.3379582677165356
0
LINE
8
BLACK
6
CONTINUOUS
10
4.827556496062992
20
-5.3379582677165356
11
4.8267418503937005
21
-5.338772913385827
0
LINE
8
BLACK
6
CONTINUOUS
10
4.8267418503937005
20
-5.338772913385827
11
4.8256774409448822
21
-5.3392138188976377
0
LINE
8
BLACK
6
CONTINUOUS
10
4.8256774409448822
20
-5.3392138188976377
11
4.8251013779527554
21
-5.3392705511811025
0
LINE
8
BLACK
6
CONTINUOUS
10
4.8251013779527554
20
-5.3392705511811025
11
4.7951051181102358
21
-5.3392705511811025
0
LINE
8
BLACK
6
CONTINUOUS
10
4.7951051181102358
20
-5.3392705511811025
11
4.7945290551181099
21
-5.3392138188976377
0
LINE
8
BLACK
6
CONTINUOUS
10
4.7945290551181099
20
-5.3392138188976377
11
4.7934646456692915
21
-5.338772913385827
0
LINE
8
BLACK
6
CONTINUOUS
10
4.7934646456692915
20
-5.338772913385827
11
4.7926500000000001
21
-5.3379582677165356
0
LINE
8
BLACK
6
CONTINUOUS
10
4.7926500000000001
20
-5.3379582677165356
11
4.7922090944881885
21
-5.3368938582677163
0
LINE
8
BLACK
6
CONTINUOUS
10
4.7922090944881885
20
-5.3368938582677163
11
4.7922090944881885
21
-5.3357417322834646
0
LINE
8
BLACK
6
CONTINUOUS
10
4.7922090944881885
20
-5.3357417322834646
11
4.7926500000000001
21
-5.3346773228346454
0
LINE
8
BLACK
6
CONTINUOUS
10
4.7926500000000001
20
-5.3346773228346454
11
4.7934646456692915
21
-5.3338626771653539
0
LINE
8
BLACK
6
CONTINUOUS
10
4.7934646456692915
20
-5.3338626771653539
11
4.7945290551181099
21
-5.3334217716535433
0
LINE
8
BLACK
6
CONTINUOUS
10
4.7945290551181099
20
-5.3334217716535433
11
4.7951051181102358
21
-5.3333650393700784
0
LINE
8
BLACK
6
CONTINUOUS
10
4.7951051181102358
20
-5.3333650393700784
11
4.8251013779527554
21
-5.3333650393700784
0
LINE
8
BLACK
6
CONTINUOUS
10
4.8251013779527554
20
-5.3333650393700784
11
4.8256774409448822
21
-5.3334217716535433
0
LINE
8
BLACK
6
CONTINUOUS
10
4.8856699212598427
20
-5.2940516929133858
11
4.8857679133858269
21
-5.2940922834645665
0
LINE
8
BLACK
6
CONTINUOUS
10
4.8857679133858269
20
-5.2940922834645665
11
4.8858737401574803
21
-5.2940998031496065
0
LINE
8
BLACK
6
CONTINUOUS
10
4.8858737401574803
20
-5.2940998031496065
11
4.8864143700787404
21
-5.294306692913386
0
LINE
8
BLACK
6
CONTINUOUS
10
4.8864143700787404
20
-5.294306692913386
11
4.8901638976377955
21
-5.2961814566929135
0
LINE
8
BLACK
6
CONTINUOUS
10
4.8901638976377955
20
-5.2961814566929135
11
4.8904118897637794
21
-5.2963375196850393
0
LINE
8
BLACK
6
CONTINUOUS
10
4.8904118897637794
20
-5.2963375196850393
11
4.8904838582677161
21
-5.296367362204724
0
LINE
8
BLACK
6
CONTINUOUS
10
4.8904838582677161
20
-5.296367362204724
11
4.8905648031496058
21
-5.2964338188976381
0
LINE
8
BLACK
6
CONTINUOUS
10
4.8905648031496058
20
-5.2964338188976381
11
4.8906537795275593
21
-5.2964898031496066
0
LINE
8
BLACK
6
CONTINUOUS
10
4.8906537795275593
20
-5.2964898031496066
11
4.8907049212598421
21
-5.2965487795275585
0
LINE
8
BLACK
6
CONTINUOUS
10
4.8907049212598421
20
-5.2965487795275585
11
4.8909312992125979
21
-5.2967345669291337
0
LINE
8
BLACK
6
CONTINUOUS
10
4.8909312992125979
20
-5.2967345669291337
11
4.8928060629921255
21
-5.2986093307086612
0
LINE
8
BLACK
6
CONTINUOUS
10
4.8928060629921255
20
-5.2986093307086612
11
4.8929918110236219
21
-5.2988356692913383
0
LINE
8
BLACK
6
CONTINUOUS
10
4.8929918110236219
20
-5.2988356692913383
11
4.8930508267716535
21
-5.2988868503937008
0
LINE
8
BLACK
6
CONTINUOUS
10
4.8930508267716535
20
-5.2988868503937008
11
4.8931067716535432
21
-5.2989757874015746
0
LINE
8
BLACK
6
CONTINUOUS
10
4.8931067716535432
20
-5.2989757874015746
11
4.8931732677165352
21
-5.2990567716535431
0
LINE
8
BLACK
6
CONTINUOUS
10
4.8931732677165352
20
-5.2990567716535431
11
4.893203070866142
21
-5.2991287007874011
0
LINE
8
BLACK
6
CONTINUOUS
10
4.893203070866142
20
-5.2991287007874011
11
4.8933591732283466
21
-5.2993767322834646
0
LINE
8
BLACK
6
CONTINUOUS
10
4.8933591732283466
20
-5.2993767322834646
11
4.8952339370078741
21
-5.3031262598425197
0
LINE
8
BLACK
6
CONTINUOUS
10
4.8952339370078741
20
-5.3031262598425197
11
4.8952500393700786
21
-5.303168346456693
0
LINE
8
BLACK
6
CONTINUOUS
10
4.8952500393700786
20
-5.303168346456693
11
4.8952627559055113
21
-5.3031855118110238
0
LINE
8
BLACK
6
CONTINUOUS
10
4.8952627559055113
20
-5.3031855118110238
11
4.8953490551181105
21
-5.3034270866141728
0
LINE
8
BLACK
6
CONTINUOUS
10
4.8953490551181105
20
-5.3034270866141728
11
4.8954408267716536
21
-5.303666850393701
0
LINE
8
BLACK
6
CONTINUOUS
10
4.8954408267716536
20
-5.303666850393701
11
4.8954423228346453
21
-5.3036881102362203
0
LINE
8
BLACK
6
CONTINUOUS
10
4.8954423228346453
20
-5.3036881102362203
11
4.8954575196850394
21
-5.3037306299212599
0
LINE
8
BLACK
6
CONTINUOUS
10
4.8954575196850394
20
-5.3037306299212599
11
4.8973322834645669
21
-5.3112296850393701
0
LINE
8
BLACK
6
CONTINUOUS
10
4.8973322834645669
20
-5.3112296850393701
11
4.8973470472440948
21
-5.3113295275590549
0
LINE
8
BLACK
6
CONTINUOUS
10
4.8973470472440948
20
-5.3113295275590549
11
4.8973637007874018
21
-5.3113697637795276
0
LINE
8
BLACK
6
CONTINUOUS
10
4.8973637007874018
20
-5.3113697637795276
11
4.8973850393700786
21
-5.311586771653543
0
LINE
8
BLACK
6
CONTINUOUS
10
4.8973850393700786
20
-5.311586771653543
11
4.8974169291338585
21
-5.3118022834645666
0
LINE
8
BLACK
6
CONTINUOUS
10
4.8974169291338585
20
-5.3118022834645666
11
4.8974105118110236
21
-5.3118452755905512
0
LINE
8
BLACK
6
CONTINUOUS
10
4.8974105118110236
20
-5.3118452755905512
11
4.8974204330708657
21
-5.3119458267716535
0
LINE
8
BLACK
6
CONTINUOUS
10
4.8974204330708657
20
-5.3119458267716535
11
4.8974204330708657
21
-5.3213196456692913
0
LINE
8
BLACK
6
CONTINUOUS
10
4.8974204330708657
20
-5.3213196456692913
11
4.8974105118110236
21
-5.3214201574803148
0
LINE
8
BLACK
6
CONTINUOUS
10
4.8974105118110236
20
-5.3214201574803148
11
4.8974169291338585
21
-5.3214631889763782
0
LINE
8
BLACK
6
CONTINUOUS
10
4.8974169291338585
20
-5.3214631889763782
11
4.8973850393700786
21
-5.321678661417323
0
LINE
8
BLACK
6
CONTINUOUS
10
4.8973850393700786
20
-5.321678661417323
11
4.8973637007874018
21
-5.3218957086614171
0
LINE
8
BLACK
6
CONTINUOUS
10
4.8973637007874018
20
-5.3218957086614171
11
4.8973470472440948
21
-5.3219359055118112
0
LINE
8
BLACK
6
CONTINUOUS
10
4.8973470472440948
20
-5.3219359055118112
11
4.8973322834645669
21
-5.3220357874015747
0
LINE
8
BLACK
6
CONTINUOUS
10
4.8973322834645669
20
-5.3220357874015747
11
4.8954575196850394
21
-5.3295348425196849
0
LINE
8
BLACK
6
CONTINUOUS
10
4.8954575196850394
20
-5.3295348425196849
11
4.8954423228346453
21
-5.3295773228346457
0
LINE
8
BLACK
6
CONTINUOUS
10
4.8954423228346453
20
-5.3295773228346457
11
4.8954408267716536
21
-5.3295986220472438
0
LINE
8
BLACK
6
CONTINUOUS
10
4.8954408267716536
20
-5.3295986220472438
11
4.8953490551181105
21
-5.3298383464566932
0
LINE
8
BLACK
6
CONTINUOUS
10
4.8953490551181105
20
-5.3298383464566932
11
4.8952627559055113
21
-5.330079960629921
0
LINE
8
BLACK
6
CONTINUOUS
10
4.8952627559055113
20
-5.330079960629921
11
4.8952500393700786
21
-5.330097086614173
0
LINE
8
BLACK
6
CONTINUOUS
10
4.8952500393700786
20
-5.330097086614173
11
4.8952339370078741
21
-5.330139212598425
0
LINE
8
BLACK
6
CONTINUOUS
10
4.8952339370078741
20
-5.330139212598425
11
4.8933591732283466
21
-5.3338887401574802
0
LINE
8
BLACK
6
CONTINUOUS
10
4.8933591732283466
20
-5.3338887401574802
11
4.8932031102362208
21
-5.3341366141732278
0
LINE
8
BLACK
6
CONTINUOUS
10
4.8932031102362208
20
-5.3341366141732278
11
4.8931733070866139
21
-5.334208661417323
0
LINE
8
BLACK
6
CONTINUOUS
10
4.8931733070866139
20
-5.334208661417323
11
4.8931067716535432
21
-5.3342896850393702
0
LINE
8
BLACK
6
CONTINUOUS
10
4.8931067716535432
20
-5.3342896850393702
11
4.8930508267716535
21
-5.334378622047244
0
LINE
8
BLACK
6
CONTINUOUS
10
4.8930508267716535
20
-5.334378622047244
11
4.8929918110236219
21
-5.3344297637795277
0
LINE
8
BLACK
6
CONTINUOUS
10
4.8929918110236219
20
-5.3344297637795277
11
4.8928060629921255
21
-5.3346561417322835
0
LINE
8
BLACK
6
CONTINUOUS
10
4.8928060629921255
20
-5.3346561417322835
11
4.8909313385826767
21
-5.3365309055118111
0
LINE
8
BLACK
6
CONTINUOUS
10
4.8909313385826767
20
-5.3365309055118111
11
4.8907049606299209
21
-5.3367166535433066
0
LINE
8
BLACK
6
CONTINUOUS
10
4.8907049606299209
20
-5.3367166535433066
11
4.8906537795275593
21
-5.3367757086614169
0
LINE
8
BLACK
6
CONTINUOUS
10
4.8906537795275593
20
-5.3367757086614169
11
4.8905648031496058
21
-5.3368316929133854
0
LINE
8
BLACK
6
CONTINUOUS
10
4.8905648031496058
20
-5.3368316929133854
11
4.8904838582677161
21
-5.3368981496062995
0
LINE
8
BLACK
6
CONTINUOUS
10
4.8904838582677161
20
-5.3368981496062995
11
4.8904118897637794
21
-5.3369279527559055
0
LINE
8
BLACK
6
CONTINUOUS
10
4.8904118897637794
20
-5.3369279527559055
11
4.8901638976377955
21
-5.33708405511811
0
LINE
8
BLACK
6
CONTINUOUS
10
4.8901638976377955
20
-5.33708405511811
11
4.8864143700787404
21
-5.3389588188976376
0
LINE
8
BLACK
6
CONTINUOUS
10
4.8864143700787404
20
-5.3389588188976376
11
4.8858737401574803
21
-5.339165708661417
0
LINE
8
BLACK
6
CONTINUOUS
10
4.8858737401574803
20
-5.339165708661417
11
4.8857679133858269
21
-5.3391731889763783
0
LINE
8
BLACK
6
CONTINUOUS
10
4.8857679133858269
20
-5.3391731889763783
11
4.8856699212598427
21
-5.3392138188976377
0
LINE
8
BLACK
6
CONTINUOUS
10
4.8856699212598427
20
-5.3392138188976377
11
4.8850938582677168
21
-5.3392705511811025
0
LINE
8
BLACK
6
CONTINUOUS
10
4.8850938582677168
20
-5.3392705511811025
11
4.8813443307086617
21
-5.3392705511811025
0
LINE
8
BLACK
6
CONTINUOUS
10
4.8813443307086617
20
-5.3392705511811025
11
4.8807682677165349
21
-5.3392138188976377
0
LINE
8
BLACK
6
CONTINUOUS
10
4.8807682677165349
20
-5.3392138188976377
11
4.8806702755905507
21
-5.3391732283464561
0
LINE
8
BLACK
6
CONTINUOUS
10
4.8806702755905507
20
-5.3391732283464561
11
4.8805644094488185
21
-5.339165708661417
0
LINE
8
BLACK
6
CONTINUOUS
10
4.8805644094488185
20
-5.339165708661417
11
4.8800238188976373
21
-5.3389588188976376
0
LINE
8
BLACK
6
CONTINUOUS
10
4.8800238188976373
20
-5.3389588188976376
11
4.8762742913385821
21
-5.33708405511811
0
LINE
8
BLACK
6
CONTINUOUS
10
4.8762742913385821
20
-5.33708405511811
11
4.8760262598425195
21
-5.3369279527559055
0
LINE
8
BLACK
6
CONTINUOUS
10
4.8760262598425195
20
-5.3369279527559055
11
4.8759543307086615
21
-5.3368981496062995
0
LINE
8
BLACK
6
CONTINUOUS
10
4.8759543307086615
20
-5.3368981496062995
11
4.875873346456693
21
-5.3368316929133854
0
LINE
8
BLACK
6
CONTINUOUS
10
4.875873346456693
20
-5.3368316929133854
11
4.8757844094488192
21
-5.3367757086614169
0
LINE
8
BLACK
6
CONTINUOUS
10
4.8757844094488192
20
-5.3367757086614169
11
4.875733188976378
21
-5.3367166535433066
0
LINE
8
BLACK
6
CONTINUOUS
10
4.875733188976378
20
-5.3367166535433066
11
4.8755068503937009
21
-5.3365309055118111
0
LINE
8
BLACK
6
CONTINUOUS
10
4.8755068503937009
20
-5.3365309055118111
11
4.8736320866141734
21
-5.3346561023622048
0
LINE
8
BLACK
6
CONTINUOUS
10
4.8736320866141734
20
-5.3346561023622048
11
4.873446338582677
21
-5.3344297637795277
0
LINE
8
BLACK
6
CONTINUOUS
10
4.873446338582677
20
-5.3344297637795277
11
4.8733873622047241
21
-5.334378622047244
0
LINE
8
BLACK
6
CONTINUOUS
10
4.8733873622047241
20
-5.334378622047244
11
4.8733313779527556
21
-5.3342896850393702
0
LINE
8
BLACK
6
CONTINUOUS
10
4.8733313779527556
20
-5.3342896850393702
11
4.8732648818897637
21
-5.334208661417323
0
LINE
8
BLACK
6
CONTINUOUS
10
4.8732648818897637
20
-5.334208661417323
11
4.873235039370079
21
-5.3341366141732278
0
LINE
8
BLACK
6
CONTINUOUS
10
4.873235039370079
20
-5.3341366141732278
11
4.873079015748031
21
-5.3338887401574802
0
LINE
8
BLACK
6
CONTINUOUS
10
4.873079015748031
20
-5.3338887401574802
11
4.8712042519685035
21
-5.330139212598425
0
LINE
8
BLACK
6
CONTINUOUS
10
4.8712042519685035
20
-5.330139212598425
11
4.8711881102362202
21
-5.330097086614173
0
LINE
8
BLACK
6
CONTINUOUS
10
4.8711881102362202
20
-5.330097086614173
11
4.8711754330708663
21
-5.330079960629921
0
LINE
8
BLACK
6
CONTINUOUS
10
4.8711754330708663
20
-5.330079960629921
11
4.871088976377953
21
-5.3298379921259844
0
LINE
8
BLACK
6
CONTINUOUS
10
4.871088976377953
20
-5.3298379921259844
11
4.870997362204724
21
-5.329598582677165
0
LINE
8
BLACK
6
CONTINUOUS
10
4.870997362204724
20
-5.329598582677165
11
4.8709958267716535
21
-5.3295773228346457
0
LINE
8
BLACK
6
CONTINUOUS
10
4.8709958267716535
20
-5.3295773228346457
11
4.8709806692913382
21
-5.3295348425196849
0
LINE
8
BLACK
6
CONTINUOUS
10
4.8709806692913382
20
-5.3295348425196849
11
4.8691059055118107
21
-5.3220357874015747
0
LINE
8
BLACK
6
CONTINUOUS
10
4.8691059055118107
20
-5.3220357874015747
11
4.869091102362205
21
-5.3219359055118112
0
LINE
8
BLACK
6
CONTINUOUS
10
4.869091102362205
20
-5.3219359055118112
11
4.8690744881889767
21
-5.3218957086614171
0
LINE
8
BLACK
6
CONTINUOUS
10
4.8690744881889767
20
-5.3218957086614171
11
4.8690531102362202
21
-5.321678661417323
0
LINE
8
BLACK
6
CONTINUOUS
10
4.8690531102362202
20
-5.321678661417323
11
4.86902125984252
21
-5.3214631889763782
0
LINE
8
BLACK
6
CONTINUOUS
10
4.86902125984252
20
-5.3214631889763782
11
4.8690276377952753
21
-5.3214201574803148
0
LINE
8
BLACK
6
CONTINUOUS
10
4.8690276377952753
20
-5.3214201574803148
11
4.8690177559055119
21
-5.3213196456692913
0
LINE
8
BLACK
6
CONTINUOUS
10
4.8690177559055119
20
-5.3213196456692913
11
4.8690177559055119
21
-5.3119458267716535
0
LINE
8
BLACK
6
CONTINUOUS
10
4.8690177559055119
20
-5.3119458267716535
11
4.8690276377952753
21
-5.3118452755905512
0
LINE
8
BLACK
6
CONTINUOUS
10
4.8690276377952753
20
-5.3118452755905512
11
4.86902125984252
21
-5.3118022834645666
0
LINE
8
BLACK
6
CONTINUOUS
10
4.86902125984252
20
-5.3118022834645666
11
4.8690531102362202
21
-5.311586771653543
0
LINE
8
BLACK
6
CONTINUOUS
10
4.8690531102362202
20
-5.311586771653543
11
4.8690744881889767
21
-5.3113697637795276
0
LINE
8
BLACK
6
CONTINUOUS
10
4.8690744881889767
20
-5.3113697637795276
11
4.869091102362205
21
-5.3113295275590549
0
LINE
8
BLACK
6
CONTINUOUS
10
4.869091102362205
20
-5.3113295275590549
11
4.8691059055118107
21
-5.3112296850393701
0
LINE
8
BLACK
6
CONTINUOUS
10
4.8691059055118107
20
-5.3112296850393701
11
4.8709806692913382
21
-5.3037306299212599
0
LINE
8
BLACK
6
CONTINUOUS
10
4.8709806692913382
20
-5.3037306299212599
11
4.8709958267716535
21
-5.3036881102362203
0
LINE
8
BLACK
6
CONTINUOUS
10
4.8709958267716535
20
-5.3036881102362203
11
4.870997362204724
21
-5.3036668897637798
0
LINE
8
BLACK
6
CONTINUOUS
10
4.870997362204724
20
-5.3036668897637798
11
4.871088976377953
21
-5.3034274409448816
0
LINE
8
BLACK
6
CONTINUOUS
10
4.871088976377953
20
-5.3034274409448816
11
4.8711754330708663
21
-5.3031855118110238
0
LINE
8
BLACK
6
CONTINUOUS
10
4.8711754330708663
20
-5.3031855118110238
11
4.8711881102362202
21
-5.303168346456693
0
LINE
8
BLACK
6
CONTINUOUS
10
4.8711881102362202
20
-5.303168346456693
11
4.8712042519685035
21
-5.3031262598425197
0
LINE
8
BLACK
6
CONTINUOUS
10
4.8712042519685035
20
-5.3031262598425197
11
4.873079015748031
21
-5.2993767322834646
0
LINE
8
BLACK
6
CONTINUOUS
10
4.873079015748031
20
-5.2993767322834646
11
4.8732350787401577
21
-5.2991287007874011
0
LINE
8
BLACK
6
CONTINUOUS
10
4.8732350787401577
20
-5.2991287007874011
11
4.8732649212598425
21
-5.2990567716535431
0
LINE
8
BLACK
6
CONTINUOUS
10
4.8732649212598425
20
-5.2990567716535431
11
4.8733313779527556
21
-5.2989757874015746
0
LINE
8
BLACK
6
CONTINUOUS
10
4.8733313779527556
20
-5.2989757874015746
11
4.8733873622047241
21
-5.2988868503937008
0
LINE
8
BLACK
6
CONTINUOUS
10
4.8733873622047241
20
-5.2988868503937008
11
4.873446338582677
21
-5.2988356692913383
0
LINE
8
BLACK
6
CONTINUOUS
10
4.873446338582677
20
-5.2988356692913383
11
4.8736321259842521
21
-5.2986093307086612
0
LINE
8
BLACK
6
CONTINUOUS
10
4.8736321259842521
20
-5.2986093307086612
11
4.8755068897637797
21
-5.2967345669291337
0
LINE
8
BLACK
6
CONTINUOUS
10
4.8755068897637797
20
-5.2967345669291337
11
4.8757332283464567
21
-5.2965487795275585
0
LINE
8
BLACK
6
CONTINUOUS
10
4.8757332283464567
20
-5.2965487795275585
11
4.8757844094488192
21
-5.2964898031496066
0
LINE
8
BLACK
6
CONTINUOUS
10
4.8757844094488192
20
-5.2964898031496066
11
4.875873346456693
21
-5.2964338188976381
0
LINE
8
BLACK
6
CONTINUOUS
10
4.875873346456693
20
-5.2964338188976381
11
4.8759543307086615
21
-5.296367362204724
0
LINE
8
BLACK
6
CONTINUOUS
10
4.8759543307086615
20
-5.296367362204724
11
4.8760262598425195
21
-5.2963375196850393
0
LINE
8
BLACK
6
CONTINUOUS
10
4.8760262598425195
20
-5.2963375196850393
11
4.8762742913385821
21
-5.2961814566929135
0
LINE
8
BLACK
6
CONTINUOUS
10
4.8762742913385821
20
-5.2961814566929135
11
4.8800238188976373
21
-5.294306692913386
0
LINE
8
BLACK
6
CONTINUOUS
10
4.8800238188976373
20
-5.294306692913386
11
4.8805644094488185
21
-5.2940998031496065
0
LINE
8
BLACK
6
CONTINUOUS
10
4.8805644094488185
20
-5.2940998031496065
11
4.8806702755905507
21
-5.2940922440944878
0
LINE
8
BLACK
6
CONTINUOUS
10
4.8806702755905507
20
-5.2940922440944878
11
4.8807682677165349
21
-5.2940516929133858
0
LINE
8
BLACK
6
CONTINUOUS
10
4.8807682677165349
20
-5.2940516929133858
11
4.8813443307086617
21
-5.293994960629921
0
LINE
8
BLACK
6
CONTINUOUS
10
4.8813443307086617
20
-5.293994960629921
11
4.8850938582677168
21
-5.293994960629921
0
LINE
8
BLACK
6
CONTINUOUS
10
4.8850938582677168
20
-5.293994960629921
11
4.8856699212598427
21
-5.2940516929133858
0
LINE
8
BLACK
6
CONTINUOUS
10
4.8793438976377947
20
-5.3012492125984254
11
4.8781467716535429
21
-5.3024463385826772
0
LINE
8
BLACK
6
CONTINUOUS
10
4.8781467716535429
20
-5.3024463385826772
11
4.8766312598425197
21
-5.3054773228346459
0
LINE
8
BLACK
6
CONTINUOUS
10
4.8766312598425197
20
-5.3054773228346459
11
4.8749232677165351
21
-5.31230937007874
0
LINE
8
BLACK
6
CONTINUOUS
10
4.8749232677165351
20
-5.31230937007874
11
4.8749232677165351
21
-5.3209561023622047
0
LINE
8
BLACK
6
CONTINUOUS
10
4.8749232677165351
20
-5.3209561023622047
11
4.8766312598425197
21
-5.3277881496062989
0
LINE
8
BLACK
6
CONTINUOUS
10
4.8766312598425197
20
-5.3277881496062989
11
4.8781467716535429
21
-5.3308191338582676
0
LINE
8
BLACK
6
CONTINUOUS
10
4.8781467716535429
20
-5.3308191338582676
11
4.8793438976377947
21
-5.3320162992125981
0
LINE
8
BLACK
6
CONTINUOUS
10
4.8793438976377947
20
-5.3320162992125981
11
4.8820413779527554
21
-5.3333650393700784
0
LINE
8
BLACK
6
CONTINUOUS
10
4.8820413779527554
20
-5.3333650393700784
11
4.8843968110236222
21
-5.3333650393700784
0
LINE
8
BLACK
6
CONTINUOUS
10
4.8843968110236222
20
-5.3333650393700784
11
4.8870942519685041
21
-5.3320162992125981
0
LINE
8
BLACK
6
CONTINUOUS
10
4.8870942519685041
20
-5.3320162992125981
11
4.8882913779527559
21
-5.3308191338582676
0
LINE
8
BLACK
6
CONTINUOUS
10
4.8882913779527559
20
-5.3308191338582676
11
4.8898068897637792
21
-5.3277881496062989
0
LINE
8
BLACK
6
CONTINUOUS
10
4.8898068897637792
20
-5.3277881496062989
11
4.8915149212598426
21
-5.3209561023622047
0
LINE
8
BLACK
6
CONTINUOUS
10
4.8915149212598426
20
-5.3209561023622047
11
4.8915149212598426
21
-5.31230937007874
0
LINE
8
BLACK
6
CONTINUOUS
10
4.8915149212598426
20
-5.31230937007874
11
4.8898068897637792
21
-5.3054773228346459
0
LINE
8
BLACK
6
CONTINUOUS
10
4.8898068897637792
20
-5.3054773228346459
11
4.8882914173228347
21
-5.3024463385826772
0
LINE
8
BLACK
6
CONTINUOUS
10
4.8882914173228347
20
-5.3024463385826772
11
4.8870942913385829
21
-5.3012492125984254
0
LINE
8
BLACK
6
CONTINUOUS
10
4.8870942913385829
20
-5.3012492125984254
11
4.8843968110236222
21
-5.2999004724409451
0
LINE
8
BLACK
6
CONTINUOUS
10
4.8843968110236222
20
-5.2999004724409451
11
4.8820413779527554
21
-5.2999004724409451
0
LINE
8
BLACK
6
CONTINUOUS
10
4.8820413779527554
20
-5.2999004724409451
11
4.8793438976377947
21
-5.3012492125984254
0
LINE
8
BLACK
6
CONTINUOUS
10
4.9397457086614169
20
-5.2940516929133858
11
4.9400381102362205
21
-5.2940516929133858
0
LINE
8
BLACK
6
CONTINUOUS
10
4.9400381102362205
20
-5.2940516929133858
11
4.9403053543307083
21
-5.2941624015748028
0
LINE
8
BLACK
6
CONTINUOUS
10
4.9403053543307083
20
-5.2941624015748028
11
4.9405891732283465
21
-5.2942185433070863
0
LINE
8
BLACK
6
CONTINUOUS
10
4.9405891732283465
20
-5.2942185433070863
11
4.9408324409448818
21
-5.294380708661417
0
LINE
8
BLACK
6
CONTINUOUS
10
4.9408324409448818
20
-5.294380708661417
11
4.9411025196850389
21
-5.2944925984251965
0
LINE
8
BLACK
6
CONTINUOUS
10
4.9411025196850389
20
-5.2944925984251965
11
4.9413069685039366
21
-5.2946970472440942
0
LINE
8
BLACK
6
CONTINUOUS
10
4.9413069685039366
20
-5.2946970472440942
11
4.9415477952755902
21
-5.2948575984251969
0
LINE
8
BLACK
6
CONTINUOUS
10
4.9415477952755902
20
-5.2948575984251969
11
4.9417105118110234
21
-5.295100590551181
0
LINE
8
BLACK
6
CONTINUOUS
10
4.9417105118110234
20
-5.295100590551181
11
4.9419171653543303
21
-5.2953072440944879
0
LINE
8
BLACK
6
CONTINUOUS
10
4.9419171653543303
20
-5.2953072440944879
11
4.9420278346456694
21
-5.2955744488188978
0
LINE
8
BLACK
6
CONTINUOUS
10
4.9420278346456694
20
-5.2955744488188978
11
4.9421888582677163
21
-5.2958148818897639
0
LINE
8
BLACK
6
CONTINUOUS
10
4.9421888582677163
20
-5.2958148818897639
11
4.9422461811023624
21
-5.2961015354330705
0
LINE
8
BLACK
6
CONTINUOUS
10
4.9422461811023624
20
-5.2961015354330705
11
4.9423580708661419
21
-5.2963716535433072
0
LINE
8
BLACK
6
CONTINUOUS
10
4.9423580708661419
20
-5.2963716535433072
11
4.9424141732283466
21
-5.2969415748031494
0
LINE
8
BLACK
6
CONTINUOUS
10
4.9424141732283466
20
-5.2969415748031494
11
4.9424148031496058
21
-5.2969446062992125
0
LINE
8
BLACK
6
CONTINUOUS
10
4.9424148031496058
20
-5.2969446062992125
11
4.9424145669291342
21
-5.2969456299212601
0
LINE
8
BLACK
6
CONTINUOUS
10
4.9424145669291342
20
-5.2969456299212601
11
4.9424148031496058
21
-5.2969477165354331
0
LINE
8
BLACK
6
CONTINUOUS
10
4.9424148031496058
20
-5.2969477165354331
11
4.9424148031496058
21
-5.3333650393700784
0
LINE
8
BLACK
6
CONTINUOUS
10
4.9424148031496058
20
-5.3333650393700784
11
4.95071062992126
21
-5.3333650393700784
0
LINE
8
BLACK
6
CONTINUOUS
10
4.95071062992126
20
-5.3333650393700784
11
4.9512866929133859
21
-5.3334217716535433
0
LINE
8
BLACK
6
CONTINUOUS
10
4.9512866929133859
20
-5.3334217716535433
11
4.9523511023622042
21
-5.3338626771653539
0
LINE
8
BLACK
6
CONTINUOUS
10
4.9523511023622042
20
-5.3338626771653539
11
4.9531657480314957
21
-5.3346773228346454
0
LINE
8
BLACK
6
CONTINUOUS
10
4.9531657480314957
20
-5.3346773228346454
11
4.9536066535433072
21
-5.3357417322834646
0
LINE
8
BLACK
6
CONTINUOUS
10
4.9536066535433072
20
-5.3357417322834646
11
4.9536066535433072
21
-5.3368938582677163
0
LINE
8
BLACK
6
CONTINUOUS
10
4.9536066535433072
20
-5.3368938582677163
11
4.9531657480314957
21
-5.3379582677165356
0
LINE
8
BLACK
6
CONTINUOUS
10
4.9531657480314957
20
-5.3379582677165356
11
4.9523511023622042
21
-5.338772913385827
0
LINE
8
BLACK
6
CONTINUOUS
10
4.9523511023622042
20
-5.338772913385827
11
4.9512866929133859
21
-5.3392138188976377
0
LINE
8
BLACK
6
CONTINUOUS
10
4.9512866929133859
20
-5.3392138188976377
11
4.95071062992126
21
-5.3392705511811025
0
LINE
8
BLACK
6
CONTINUOUS
10
4.95071062992126
20
-5.3392705511811025
11
4.9282134645669293
21
-5.3392705511811025
0
LINE
8
BLACK
6
CONTINUOUS
10
4.9282134645669293
20
-5.3392705511811025
11
4.9276374015748035
21
-5.3392138188976377
0
LINE
8
BLACK
6
CONTINUOUS
10
4.9276374015748035
20
-5.3392138188976377
11
4.9265729921259842
21
-5.338772913385827
0
LINE
8
BLACK
6
CONTINUOUS
10
4.9265729921259842
20
-5.338772913385827
11
4.9257583464566927
21
-5.3379582677165356
0
LINE
8
BLACK
6
CONTINUOUS
10
4.9257583464566927
20
-5.3379582677165356
11
4.9253174409448821
21
-5.3368938582677163
0
LINE
8
BLACK
6
CONTINUOUS
10
4.9253174409448821
20
-5.3368938582677163
11
4.9253174409448821
21
-5.3357417322834646
0
LINE
8
BLACK
6
CONTINUOUS
10
4.9253174409448821
20
-5.3357417322834646
11
4.9257583464566927
21
-5.3346773228346454
0
LINE
8
BLACK
6
CONTINUOUS
10
4.9257583464566927
20
-5.3346773228346454
11
4.9265729921259842
21
-5.3338626771653539
0
LINE
8
BLACK
6
CONTINUOUS
10
4.9265729921259842
20
-5.3338626771653539
11
4.9276374015748035
21
-5.3334217716535433
0
LINE
8
BLACK
6
CONTINUOUS
10
4.9276374015748035
20
-5.3334217716535433
11
4.9282134645669293
21
-5.3333650393700784
0
LINE
8
BLACK
6
CONTINUOUS
10
4.9282134645669293
20
-5.3333650393700784
11
4.9365092913385826
21
-5.3333650393700784
0
LINE
8
BLACK
6
CONTINUOUS
10
4.9365092913385826
20
-5.3333650393700784
11
4.9365092913385826
21
-5.3059510629921256
0
LINE
8
BLACK
6
CONTINUOUS
10
4.9365092913385826
20
-5.3059510629921256
11
4.9340509055118105
21
-5.3084094488188978
0
LINE
8
BLACK
6
CONTINUOUS
10
4.9340509055118105
20
-5.3084094488188978
11
4.9338245275590547
21
-5.3085951968503933
0
LINE
8
BLACK
6
CONTINUOUS
10
4.9338245275590547
20
-5.3085951968503933
11
4.9337733858267718
21
-5.3086542125984248
0
LINE
8
BLACK
6
CONTINUOUS
10
4.9337733858267718
20
-5.3086542125984248
11
4.9336844094488184
21
-5.3087101574803146
0
LINE
8
BLACK
6
CONTINUOUS
10
4.9336844094488184
20
-5.3087101574803146
11
4.9336034645669287
21
-5.3087766535433065
0
LINE
8
BLACK
6
CONTINUOUS
10
4.9336034645669287
20
-5.3087766535433065
11
4.9335314960629919
21
-5.3088064566929134
0
LINE
8
BLACK
6
CONTINUOUS
10
4.9335314960629919
20
-5.3088064566929134
11
4.933283503937008
21
-5.3089625590551179
0
LINE
8
BLACK
6
CONTINUOUS
10
4.933283503937008
20
-5.3089625590551179
11
4.9295339763779529
21
-5.3108373228346455
0
LINE
8
BLACK
6
CONTINUOUS
10
4.9295339763779529
20
-5.3108373228346455
11
4.9289933464566928
21
-5.311044212598425
0
LINE
8
BLACK
6
CONTINUOUS
10
4.9289933464566928
20
-5.311044212598425
11
4.9278441338582679
21
-5.3111258661417322
0
LINE
8
BLACK
6
CONTINUOUS
10
4.9278441338582679
20
-5.3111258661417322
11
4.9267511811023619
21
-5.3107615354330706
0
LINE
8
BLACK
6
CONTINUOUS
10
4.9267511811023619
20
-5.3107615354330706
11
4.9258807874015744
21
-5.3100066929133858
0
LINE
8
BLACK
6
CONTINUOUS
10
4.9258807874015744
20
-5.3100066929133858
11
4.9253655511811019
21
-5.3089761811023619
0
LINE
8
BLACK
6
CONTINUOUS
10
4.9253655511811019
20
-5.3089761811023619
11
4.9252838976377955
21
-5.307826968503937
0
LINE
8
BLACK
6
CONTINUOUS
10
4.9252838976377955
20
-5.307826968503937
11
4.9256482283464562
21
-5.3067340157480309
0
LINE
8
BLACK
6
CONTINUOUS
10
4.9256482283464562
20
-5.3067340157480309
11
4.9264030708661419
21
-5.3058636220472444
0
LINE
8
BLACK
6
CONTINUOUS
10
4.9264030708661419
20
-5.3058636220472444
11
4.9268929527559058
21
-5.3055552755905513
0
LINE
8
BLACK
6
CONTINUOUS
10
4.9268929527559058
20
-5.3055552755905513
11
4.9302138976377954
21
-5.303894803149606
0
LINE
8
BLACK
6
CONTINUOUS
10
4.9302138976377954
20
-5.303894803149606
11
4.9334177952755907
21
-5.3006909055118108
0
LINE
8
BLACK
6
CONTINUOUS
10
4.9334177952755907
20
-5.3006909055118108
11
4.9370051968503939
21
-5.295309803149606
0
LINE
8
BLACK
6
CONTINUOUS
10
4.9370051968503939
20
-5.295309803149606
11
4.9370065354330706
21
-5.2953081102362205
0
LINE
8
BLACK
6
CONTINUOUS
10
4.9370065354330706
20
-5.2953081102362205
11
4.9370069291338581
21
-5.2953072440944879
0
LINE
8
BLACK
6
CONTINUOUS
10
4.9370069291338581
20
-5.2953072440944879
11
4.9370089370078736
21
-5.2953051968503937
0
LINE
8
BLACK
6
CONTINUOUS
10
4.9370089370078736
20
-5.2953051968503937
11
4.9373719685039372
21
-5.2948619685039366
0
LINE
8
BLACK
6
CONTINUOUS
10
4.9373719685039372
20
-5.2948619685039366
11
4.9376148425196851
21
-5.2946992913385822
0
LINE
8
BLACK
6
CONTINUOUS
10
4.9376148425196851
20
-5.2946992913385822
11
4.9378215748031495
21
-5.2944925984251965
0
LINE
8
BLACK
6
CONTINUOUS
10
4.9378215748031495
20
-5.2944925984251965
11
4.938088858267716
21
-5.2943818503937008
0
LINE
8
BLACK
6
CONTINUOUS
10
4.938088858267716
20
-5.2943818503937008
11
4.9383292519685043
21
-5.2942209055118106
0
LINE
8
BLACK
6
CONTINUOUS
10
4.9383292519685043
20
-5.2942209055118106
11
4.9386158661417321
21
-5.2941635433070866
0
LINE
8
BLACK
6
CONTINUOUS
10
4.9386158661417321
20
-5.2941635433070866
11
4.9388859842519688
21
-5.2940516929133858
0
LINE
8
BLACK
6
CONTINUOUS
10
4.9388859842519688
20
-5.2940516929133858
11
4.9391752755905509
21
-5.2940516929133858
0
LINE
8
BLACK
6
CONTINUOUS
10
4.9391752755905509
20
-5.2940516929133858
11
4.9394589370078741
21
-5.293994960629921
0
LINE
8
BLACK
6
CONTINUOUS
10
4.9394589370078741
20
-5.293994960629921
11
4.9397457086614169
21
-5.2940516929133858
0
LINE
8
BLACK
6
CONTINUOUS
10
4.6722907086614169
20
-5.3298147244094487
11
4.6730110236220472
21
-5.3301130708661413
0
LINE
8
BLACK
6
CONTINUOUS
10
4.6730110236220472
20
-5.3301130708661413
11
4.673011062992126
21
-5.33011311023622
0
LINE
8
BLACK
6
CONTINUOUS
10
4.673011062992126
20
-5.33011311023622
11
4.6734585433070865
21
-5.3304803543307084
0
LINE
8
BLACK
6
CONTINUOUS
10
4.6734585433070865
20
-5.3304803543307084
11
4.6753332677165353
21
-5.332355118110236
0
LINE
8
BLACK
6
CONTINUOUS
10
4.6753332677165353
20
-5.332355118110236
11
4.6757005118110238
21
-5.3328025984251965
0
LINE
8
BLACK
6
CONTINUOUS
10
4.6757005118110238
20
-5.3328025984251965
11
4.6761395669291339
21
-5.3338626771653539
0
LINE
8
BLACK
6
CONTINUOUS
10
4.6761395669291339
20
-5.3338626771653539
11
4.6761413779527556
21
-5.3338670078740158
0
LINE
8
BLACK
6
CONTINUOUS
10
4.6761413779527556
20
-5.3338670078740158
11
4.6761413779527556
21
-5.3350190944881888
0
LINE
8
BLACK
6
CONTINUOUS
10
4.6761413779527556
20
-5.3350190944881888
11
4.675700472440945
21
-5.336083503937008
0
LINE
8
BLACK
6
CONTINUOUS
10
4.675700472440945
20
-5.336083503937008
11
4.6753332677165353
21
-5.3365309448818898
0
LINE
8
BLACK
6
CONTINUOUS
10
4.6753332677165353
20
-5.3365309448818898
11
4.6734585039370078
21
-5.3384057086614174
0
LINE
8
BLACK
6
CONTINUOUS
10
4.6734585039370078
20
-5.3384057086614174
11
4.673011062992126
21
-5.338772913385827
0
LINE
8
BLACK
6
CONTINUOUS
10
4.673011062992126
20
-5.338772913385827
11
4.6719466535433067
21
-5.3392138188976377
0
LINE
8
BLACK
6
CONTINUOUS
10
4.6719466535433067
20
-5.3392138188976377
11
4.671946614173228
21
-5.3392138188976377
0
LINE
8
BLACK
6
CONTINUOUS
10
4.671946614173228
20
-5.3392138188976377
11
4.6707945669291338
21
-5.3392138188976377
0
LINE
8
BLACK
6
CONTINUOUS
10
4.6707945669291338
20
-5.3392138188976377
11
4.670794527559055
21
-5.3392138188976377
0
LINE
8
BLACK
6
CONTINUOUS
10
4.670794527559055
20
-5.3392138188976377
11
4.6697301181102358
21
-5.338772913385827
0
LINE
8
BLACK
6
CONTINUOUS
10
4.6697301181102358
20
-5.338772913385827
11
4.6692826771653539
21
-5.3384057086614174
0
LINE
8
BLACK
6
CONTINUOUS
10
4.6692826771653539
20
-5.3384057086614174
11
4.6674079133858264
21
-5.3365309448818898
0
LINE
8
BLACK
6
CONTINUOUS
10
4.6674079133858264
20
-5.3365309448818898
11
4.6670407086614176
21
-5.336083503937008
0
LINE
8
BLACK
6
CONTINUOUS
10
4.6670407086614176
20
-5.336083503937008
11
4.6667981102362202
21
-5.3354977952755904
0
LINE
8
BLACK
6
CONTINUOUS
10
4.6667981102362202
20
-5.3354977952755904
11
4.6665998031496061
21
-5.3350190944881888
0
LINE
8
BLACK
6
CONTINUOUS
10
4.6665998031496061
20
-5.3350190944881888
11
4.6665998031496061
21
-5.3338670078740158
0
LINE
8
BLACK
6
CONTINUOUS
10
4.6665998031496061
20
-5.3338670078740158
11
4.6670406692913389
21
-5.3328025984251965
0
LINE
8
BLACK
6
CONTINUOUS
10
4.6670406692913389
20
-5.3328025984251965
11
4.6674078740157476
21
-5.3323551574803147
0
LINE
8
BLACK
6
CONTINUOUS
10
4.6674078740157476
20
-5.3323551574803147
11
4.6692826377952752
21
-5.3304803543307084
0
LINE
8
BLACK
6
CONTINUOUS
10
4.6692826377952752
20
-5.3304803543307084
11
4.6697301181102358
21
-5.33011311023622
0
LINE
8
BLACK
6
CONTINUOUS
10
4.6697301181102358
20
-5.33011311023622
11
4.6697301574803145
21
-5.3301130708661413
0
LINE
8
BLACK
6
CONTINUOUS
10
4.6697301574803145
20
-5.3301130708661413
11
4.6704504724409448
21
-5.3298147244094487
0
LINE
8
BLACK
6
CONTINUOUS
10
4.6704504724409448
20
-5.3298147244094487
11
4.670794527559055
21
-5.3296722047244094
0
LINE
8
BLACK
6
CONTINUOUS
10
4.670794527559055
20
-5.3296722047244094
11
4.671946614173228
21
-5.3296722047244094
0
LINE
8
BLACK
6
CONTINUOUS
10
4.671946614173228
20
-5.3296722047244094
11
4.6719466535433067
21
-5.3296722047244094
0
LINE
8
BLACK
6
CONTINUOUS
10
4.6719466535433067
20
-5.3296722047244094
11
4.6722907086614169
21
-5.3298147244094487
0
LINE
8
BLACK
6
CONTINUOUS
10
4.9122607086614174
20
-5.3298147244094487
11
4.9129810236220468
21
-5.3301130708661413
0
LINE
8
BLACK
6
CONTINUOUS
10
4.9129810236220468
20
-5.3301130708661413
11
4.9129810629921256
21
-5.33011311023622
0
LINE
8
BLACK
6
CONTINUOUS
10
4.9129810629921256
20
-5.33011311023622
11
4.9134285433070861
21
-5.3304803543307084
0
LINE
8
BLACK
6
CONTINUOUS
10
4.9134285433070861
20
-5.3304803543307084
11
4.9153032677165349
21
-5.332355118110236
0
LINE
8
BLACK
6
CONTINUOUS
10
4.9153032677165349
20
-5.332355118110236
11
4.9156705118110233
21
-5.3328025984251965
0
LINE
8
BLACK
6
CONTINUOUS
10
4.9156705118110233
20
-5.3328025984251965
11
4.9161095669291335
21
-5.3338626771653539
0
LINE
8
BLACK
6
CONTINUOUS
10
4.9161095669291335
20
-5.3338626771653539
11
4.9161113779527561
21
-5.3338670078740158
0
LINE
8
BLACK
6
CONTINUOUS
10
4.9161113779527561
20
-5.3338670078740158
11
4.9161113779527561
21
-5.3350190944881888
0
LINE
8
BLACK
6
CONTINUOUS
10
4.9161113779527561
20
-5.3350190944881888
11
4.9156704724409446
21
-5.336083503937008
0
LINE
8
BLACK
6
CONTINUOUS
10
4.9156704724409446
20
-5.336083503937008
11
4.9153032677165349
21
-5.3365309448818898
0
LINE
8
BLACK
6
CONTINUOUS
10
4.9153032677165349
20
-5.3365309448818898
11
4.9134285039370074
21
-5.3384057086614174
0
LINE
8
BLACK
6
CONTINUOUS
10
4.9134285039370074
20
-5.3384057086614174
11
4.9129810629921256
21
-5.338772913385827
0
LINE
8
BLACK
6
CONTINUOUS
10
4.9129810629921256
20
-5.338772913385827
11
4.9119166535433072
21
-5.3392138188976377
0
LINE
8
BLACK
6
CONTINUOUS
10
4.9119166535433072
20
-5.3392138188976377
11
4.9119166141732284
21
-5.3392138188976377
0
LINE
8
BLACK
6
CONTINUOUS
10
4.9119166141732284
20
-5.3392138188976377
11
4.9107645669291333
21
-5.3392138188976377
0
LINE
8
BLACK
6
CONTINUOUS
10
4.9107645669291333
20
-5.3392138188976377
11
4.9107645275590546
21
-5.3392138188976377
0
LINE
8
BLACK
6
CONTINUOUS
10
4.9107645275590546
20
-5.3392138188976377
11
4.9097001181102362
21
-5.338772913385827
0
LINE
8
BLACK
6
CONTINUOUS
10
4.9097001181102362
20
-5.338772913385827
11
4.9092526771653544
21
-5.3384057086614174
0
LINE
8
BLACK
6
CONTINUOUS
10
4.9092526771653544
20
-5.3384057086614174
11
4.9073779133858269
21
-5.3365309448818898
0
LINE
8
BLACK
6
CONTINUOUS
10
4.9073779133858269
20
-5.3365309448818898
11
4.9070107086614172
21
-5.336083503937008
0
LINE
8
BLACK
6
CONTINUOUS
10
4.9070107086614172
20
-5.336083503937008
11
4.9067681102362206
21
-5.3354977952755904
0
LINE
8
BLACK
6
CONTINUOUS
10
4.9067681102362206
20
-5.3354977952755904
11
4.9065698031496066
21
-5.3350190944881888
0
LINE
8
BLACK
6
CONTINUOUS
10
4.9065698031496066
20
-5.3350190944881888
11
4.9065698031496066
21
-5.3338670078740158
0
LINE
8
BLACK
6
CONTINUOUS
10
4.9065698031496066
20
-5.3338670078740158
11
4.9070106692913384
21
-5.3328025984251965
0
LINE
8
BLACK
6
CONTINUOUS
10
4.9070106692913384
20
-5.3328025984251965
11
4.9073778740157481
21
-5.3323551574803147
0
LINE
8
BLACK
6
CONTINUOUS
10
4.9073778740157481
20
-5.3323551574803147
11
4.9092526377952757
21
-5.3304803543307084
0
LINE
8
BLACK
6
CONTINUOUS
10
4.9092526377952757
20
-5.3304803543307084
11
4.9097001181102362
21
-5.33011311023622
0
LINE
8
BLACK
6
CONTINUOUS
10
4.9097001181102362
20
-5.33011311023622
11
4.909700157480315
21
-5.3301130708661413
0
LINE
8
BLACK
6
CONTINUOUS
10
4.909700157480315
20
-5.3301130708661413
11
4.9104204724409444
21
-5.3298147244094487
0
LINE
8
BLACK
6
CONTINUOUS
10
4.9104204724409444
20
-5.3298147244094487
11
4.9107645275590546
21
-5.3296722047244094
0
LINE
8
BLACK
6
CONTINUOUS
10
4.9107645275590546
20
-5.3296722047244094
11
4.9119166141732284
21
-5.3296722047244094
0
LINE
8
BLACK
6
CONTINUOUS
10
4.9119166141732284
20
-5.3296722047244094
11
4.9119166535433072
21
-5.3296722047244094
0
LINE
8
BLACK
6
CONTINUOUS
10
4.9119166535433072
20
-5.3296722047244094
11
4.9122607086614174
21
-5.3298147244094487
0
LINE
8
BLACK
6
CONTINUOUS
10
5.0094044488188976
20
-5.3071750393700787
11
5.0095024409448818
21
-5.3072156299212594
0
LINE
8
BLACK
6
CONTINUOUS
10
5.0095024409448818
20
-5.3072156299212594
11
5.0096082677165352
21
-5.3072231496062994
0
LINE
8
BLACK
6
CONTINUOUS
10
5.0096082677165352
20
-5.3072231496062994
11
5.0101488976377953
21
-5.3074300393700788
0
LINE
8
BLACK
6
CONTINUOUS
10
5.0101488976377953
20
-5.3074300393700788
11
5.0138984251968504
21
-5.3093048031496064
0
LINE
8
BLACK
6
CONTINUOUS
10
5.0138984251968504
20
-5.3093048031496064
11
5.013994763779527
21
-5.3093654330708659
0
LINE
8
BLACK
6
CONTINUOUS
10
5.013994763779527
20
-5.3093654330708659
11
5.0140401968503934
21
-5.3093805905511813
0
LINE
8
BLACK
6
CONTINUOUS
10
5.0140401968503934
20
-5.3093805905511813
11
5.0140967322834644
21
-5.3094296062992123
0
LINE
8
BLACK
6
CONTINUOUS
10
5.0140967322834644
20
-5.3094296062992123
11
5.0143883070866142
21
-5.3096131496062995
0
LINE
8
BLACK
6
CONTINUOUS
10
5.0143883070866142
20
-5.3096131496062995
11
5.0144526771653544
21
-5.3096873622047243
0
LINE
8
BLACK
6
CONTINUOUS
10
5.0144526771653544
20
-5.3096873622047243
11
5.0145170472440945
21
-5.3096131496062995
0
LINE
8
BLACK
6
CONTINUOUS
10
5.0145170472440945
20
-5.3096131496062995
11
5.0148085826771656
21
-5.3094296062992123
0
LINE
8
BLACK
6
CONTINUOUS
10
5.0148085826771656
20
-5.3094296062992123
11
5.0148651574803145
21
-5.3093805905511813
0
LINE
8
BLACK
6
CONTINUOUS
10
5.0148651574803145
20
-5.3093805905511813
11
5.0149105511811021
21
-5.3093654330708659
0
LINE
8
BLACK
6
CONTINUOUS
10
5.0149105511811021
20
-5.3093654330708659
11
5.0150069291338584
21
-5.3093048031496064
0
LINE
8
BLACK
6
CONTINUOUS
10
5.0150069291338584
20
-5.3093048031496064
11
5.0187564566929135
21
-5.3074300393700788
0
LINE
8
BLACK
6
CONTINUOUS
10
5.0187564566929135
20
-5.3074300393700788
11
5.0192970472440948
21
-5.3072231496062994
0
LINE
8
BLACK
6
CONTINUOUS
10
5.0192970472440948
20
-5.3072231496062994
11
5.0194029133858269
21
-5.3072155905511806
0
LINE
8
BLACK
6
CONTINUOUS
10
5.0194029133858269
20
-5.3072155905511806
11
5.0195009055118112
21
-5.3071750393700787
0
LINE
8
BLACK
6
CONTINUOUS
10
5.0195009055118112
20
-5.3071750393700787
11
5.020076968503937
21
-5.3071183070866139
0
LINE
8
BLACK
6
CONTINUOUS
10
5.020076968503937
20
-5.3071183070866139
11
5.0257012598425197
21
-5.3071183070866139
0
LINE
8
BLACK
6
CONTINUOUS
10
5.0257012598425197
20
-5.3071183070866139
11
5.0262773228346456
21
-5.3071750393700787
0
LINE
8
BLACK
6
CONTINUOUS
10
5.0262773228346456
20
-5.3071750393700787
11
5.0263753149606298
21
-5.3072156299212594
0
LINE
8
BLACK
6
CONTINUOUS
10
5.0263753149606298
20
-5.3072156299212594
11
5.0264811417322832
21
-5.3072231496062994
0
LINE
8
BLACK
6
CONTINUOUS
10
5.0264811417322832
20
-5.3072231496062994
11
5.0270217716535432
21
-5.3074300393700788
0
LINE
8
BLACK
6
CONTINUOUS
10
5.0270217716535432
20
-5.3074300393700788
11
5.0307713385826771
21
-5.3093048031496064
0
LINE
8
BLACK
6
CONTINUOUS
10
5.0307713385826771
20
-5.3093048031496064
11
5.0308676377952759
21
-5.3093654330708659
0
LINE
8
BLACK
6
CONTINUOUS
10
5.0308676377952759
20
-5.3093654330708659
11
5.0309131102362201
21
-5.3093805905511813
0
LINE
8
BLACK
6
CONTINUOUS
10
5.0309131102362201
20
-5.3093805905511813
11
5.0309696850393699
21
-5.3094296456692911
0
LINE
8
BLACK
6
CONTINUOUS
10
5.0309696850393699
20
-5.3094296456692911
11
5.0312611811023622
21
-5.3096131496062995
0
LINE
8
BLACK
6
CONTINUOUS
10
5.0312611811023622
20
-5.3096131496062995
11
5.0315036614173225
21
-5.309892755905512
0
LINE
8
BLACK
6
CONTINUOUS
10
5.0315036614173225
20
-5.309892755905512
11
5.0317835039370076
21
-5.3101354330708661
0
LINE
8
BLACK
6
CONTINUOUS
10
5.0317835039370076
20
-5.3101354330708661
11
5.031967007874016
21
-5.3104269685039371
0
LINE
8
BLACK
6
CONTINUOUS
10
5.031967007874016
20
-5.3104269685039371
11
5.0320160629921258
21
-5.3104835433070861
0
LINE
8
BLACK
6
CONTINUOUS
10
5.0320160629921258
20
-5.3104835433070861
11
5.0320311811023624
21
-5.3105289370078737
0
LINE
8
BLACK
6
CONTINUOUS
10
5.0320311811023624
20
-5.3105289370078737
11
5.0320918503937007
21
-5.31062531496063
0
LINE
8
BLACK
6
CONTINUOUS
10
5.0320918503937007
20
-5.31062531496063
11
5.0339666141732282
21
-5.3143748425196851
0
LINE
8
BLACK
6
CONTINUOUS
10
5.0339666141732282
20
-5.3143748425196851
11
5.0341735039370077
21
-5.3149154330708663
0
LINE
8
BLACK
6
CONTINUOUS
10
5.0341735039370077
20
-5.3149154330708663
11
5.0341810236220468
21
-5.3150212992125985
0
LINE
8
BLACK
6
CONTINUOUS
10
5.0341810236220468
20
-5.3150212992125985
11
5.0342216141732283
21
-5.3151192913385827
0
LINE
8
BLACK
6
CONTINUOUS
10
5.0342216141732283
20
-5.3151192913385827
11
5.0342783464566931
21
-5.3156953543307086
0
LINE
8
BLACK
6
CONTINUOUS
10
5.0342783464566931
20
-5.3156953543307086
11
5.0342783464566931
21
-5.3363177952755905
0
LINE
8
BLACK
6
CONTINUOUS
10
5.0342783464566931
20
-5.3363177952755905
11
5.0342216141732283
21
-5.3368938582677163
0
LINE
8
BLACK
6
CONTINUOUS
10
5.0342216141732283
20
-5.3368938582677163
11
5.0337807086614168
21
-5.3379582677165356
0
LINE
8
BLACK
6
CONTINUOUS
10
5.0337807086614168
20
-5.3379582677165356
11
5.0329660629921262
21
-5.338772913385827
0
LINE
8
BLACK
6
CONTINUOUS
10
5.0329660629921262
20
-5.338772913385827
11
5.031901653543307
21
-5.3392138188976377
0
LINE
8
BLACK
6
CONTINUOUS
10
5.031901653543307
20
-5.3392138188976377
11
5.0307495275590552
21
-5.3392138188976377
0
LINE
8
BLACK
6
CONTINUOUS
10
5.0307495275590552
20
-5.3392138188976377
11
5.029685118110236
21
-5.338772913385827
0
LINE
8
BLACK
6
CONTINUOUS
10
5.029685118110236
20
-5.338772913385827
11
5.0288704724409445
21
-5.3379582677165356
0
LINE
8
BLACK
6
CONTINUOUS
10
5.0288704724409445
20
-5.3379582677165356
11
5.0284295669291339
21
-5.3368938582677163
0
LINE
8
BLACK
6
CONTINUOUS
10
5.0284295669291339
20
-5.3368938582677163
11
5.0283728346456691
21
-5.3363177952755905
0
LINE
8
BLACK
6
CONTINUOUS
10
5.0283728346456691
20
-5.3363177952755905
11
5.0283728346456691
21
-5.3163924015748032
0
LINE
8
BLACK
6
CONTINUOUS
10
5.0283728346456691
20
-5.3163924015748032
11
5.0272499606299208
21
-5.3141466535433066
0
LINE
8
BLACK
6
CONTINUOUS
10
5.0272499606299208
20
-5.3141466535433066
11
5.0250042125984251
21
-5.313023818897638
0
LINE
8
BLACK
6
CONTINUOUS
10
5.0250042125984251
20
-5.313023818897638
11
5.0207740157480316
21
-5.313023818897638
0
LINE
8
BLACK
6
CONTINUOUS
10
5.0207740157480316
20
-5.313023818897638
11
5.018528267716535
21
-5.3141466535433066
0
LINE
8
BLACK
6
CONTINUOUS
10
5.018528267716535
20
-5.3141466535433066
11
5.0174054330708664
21
-5.3163924015748032
0
LINE
8
BLACK
6
CONTINUOUS
10
5.0174054330708664
20
-5.3163924015748032
11
5.0174054330708664
21
-5.3363177952755905
0
LINE
8
BLACK
6
CONTINUOUS
10
5.0174054330708664
20
-5.3363177952755905
11
5.0173487007874016
21
-5.3368938582677163
0
LINE
8
BLACK
6
CONTINUOUS
10
5.0173487007874016
20
-5.3368938582677163
11
5.0169077952755901
21
-5.3379582677165356
0
LINE
8
BLACK
6
CONTINUOUS
10
5.0169077952755901
20
-5.3379582677165356
11
5.0160931496062995
21
-5.338772913385827
0
LINE
8
BLACK
6
CONTINUOUS
10
5.0160931496062995
20
-5.338772913385827
11
5.0150287401574802
21
-5.3392138188976377
0
LINE
8
BLACK
6
CONTINUOUS
10
5.0150287401574802
20
-5.3392138188976377
11
5.0138766141732285
21
-5.3392138188976377
0
LINE
8
BLACK
6
CONTINUOUS
10
5.0138766141732285
20
-5.3392138188976377
11
5.0128122047244092
21
-5.338772913385827
0
LINE
8
BLACK
6
CONTINUOUS
10
5.0128122047244092
20
-5.338772913385827
11
5.0119975590551178
21
-5.3379582677165356
0
LINE
8
BLACK
6
CONTINUOUS
10
5.0119975590551178
20
-5.3379582677165356
11
5.0115566535433071
21
-5.3368938582677163
0
LINE
8
BLACK
6
CONTINUOUS
10
5.0115566535433071
20
-5.3368938582677163
11
5.0114999212598423
21
-5.3363177952755905
0
LINE
8
BLACK
6
CONTINUOUS
10
5.0114999212598423
20
-5.3363177952755905
11
5.0114999212598423
21
-5.3163924015748032
0
LINE
8
BLACK
6
CONTINUOUS
10
5.0114999212598423
20
-5.3163924015748032
11
5.0103770472440941
21
-5.3141466535433066
0
LINE
8
BLACK
6
CONTINUOUS
10
5.0103770472440941
20
-5.3141466535433066
11
5.0081313385826771
21
-5.313023818897638
0
LINE
8
BLACK
6
CONTINUOUS
10
5.0081313385826771
20
-5.313023818897638
11
5.0039011417322836
21
-5.313023818897638
0
LINE
8
BLACK
6
CONTINUOUS
10
5.0039011417322836
20
-5.313023818897638
11
5.001203661417323
21
-5.3143725590551183
0
LINE
8
BLACK
6
CONTINUOUS
10
5.001203661417323
20
-5.3143725590551183
11
5.0005325590551184
21
-5.3150436614173229
0
LINE
8
BLACK
6
CONTINUOUS
10
5.0005325590551184
20
-5.3150436614173229
11
5.0005325590551184
21
-5.3363177952755905
0
LINE
8
BLACK
6
CONTINUOUS
10
5.0005325590551184
20
-5.3363177952755905
11
5.0004758267716536
21
-5.3368938582677163
0
LINE
8
BLACK
6
CONTINUOUS
10
5.0004758267716536
20
-5.3368938582677163
11
5.0000349212598421
21
-5.3379582677165356
0
LINE
8
BLACK
6
CONTINUOUS
10
5.0000349212598421
20
-5.3379582677165356
11
4.9992202755905515
21
-5.338772913385827
0
LINE
8
BLACK
6
CONTINUOUS
10
4.9992202755905515
20
-5.338772913385827
11
4.9981558661417322
21
-5.3392138188976377
0
LINE
8
BLACK
6
CONTINUOUS
10
4.9981558661417322
20
-5.3392138188976377
11
4.9970037401574805
21
-5.3392138188976377
0
LINE
8
BLACK
6
CONTINUOUS
10
4.9970037401574805
20
-5.3392138188976377
11
4.9959393307086613
21
-5.338772913385827
0
LINE
8
BLACK
6
CONTINUOUS
10
4.9959393307086613
20
-5.338772913385827
11
4.9951246850393698
21
-5.3379582677165356
0
LINE
8
BLACK
6
CONTINUOUS
10
4.9951246850393698
20
-5.3379582677165356
11
4.9946837795275592
21
-5.3368938582677163
0
LINE
8
BLACK
6
CONTINUOUS
10
4.9946837795275592
20
-5.3368938582677163
11
4.9946270472440943
21
-5.3363177952755905
0
LINE
8
BLACK
6
CONTINUOUS
10
4.9946270472440943
20
-5.3363177952755905
11
4.9946270472440943
21
-5.3100710629921259
0
LINE
8
BLACK
6
CONTINUOUS
10
4.9946270472440943
20
-5.3100710629921259
11
4.9946837795275592
21
-5.3094950000000001
0
LINE
8
BLACK
6
CONTINUOUS
10
4.9946837795275592
20
-5.3094950000000001
11
4.9951246850393698
21
-5.3084305905511808
0
LINE
8
BLACK
6
CONTINUOUS
10
4.9951246850393698
20
-5.3084305905511808
11
4.9959393307086613
21
-5.3076159448818894
0
LINE
8
BLACK
6
CONTINUOUS
10
4.9959393307086613
20
-5.3076159448818894
11
4.9970037401574805
21
-5.3071750393700787
0
LINE
8
BLACK
6
CONTINUOUS
10
4.9970037401574805
20
-5.3071750393700787
11
4.9981558661417322
21
-5.3071750393700787
0
LINE
8
BLACK
6
CONTINUOUS
10
4.9981558661417322
20
-5.3071750393700787
11
4.9992202755905515
21
-5.3076159448818894
0
LINE
8
BLACK
6
CONTINUOUS
10
4.9992202755905515
20
-5.3076159448818894
11
4.9999840944881893
21
-5.3083797637795271
0
LINE
8
BLACK
6
CONTINUOUS
10
4.9999840944881893
20
-5.3083797637795271
11
5.0018835826771655
21
-5.3074300393700788
0
LINE
8
BLACK
6
CONTINUOUS
10
5.0018835826771655
20
-5.3074300393700788
11
5.0024241732283468
21
-5.3072231496062994
0
LINE
8
BLACK
6
CONTINUOUS
10
5.0024241732283468
20
-5.3072231496062994
11
5.0025300393700789
21
-5.3072155905511806
0
LINE
8
BLACK
6
CONTINUOUS
10
5.0025300393700789
20
-5.3072155905511806
11
5.0026280314960632
21
-5.3071750393700787
0
LINE
8
BLACK
6
CONTINUOUS
10
5.0026280314960632
20
-5.3071750393700787
11
5.003204094488189
21
-5.3071183070866139
0
LINE
8
BLACK
6
CONTINUOUS
10
5.003204094488189
20
-5.3071183070866139
11
5.0088283858267717
21
-5.3071183070866139
0
LINE
8
BLACK
6
CONTINUOUS
10
5.0088283858267717
20
-5.3071183070866139
11
5.0094044488188976
21
-5.3071750393700787
0
LINE
8
BLACK
6
CONTINUOUS
10
5.0618978740157479
20
-5.3071750393700787
11
5.0619958661417321
21
-5.3072156299212594
0
LINE
8
BLACK
6
CONTINUOUS
10
5.0619958661417321
20
-5.3072156299212594
11
5.0621016929133855
21
-5.3072231496062994
0
LINE
8
BLACK
6
CONTINUOUS
10
5.0621016929133855
20
-5.3072231496062994
11
5.0626423228346455
21
-5.3074300393700788
0
LINE
8
BLACK
6
CONTINUOUS
10
5.0626423228346455
20
-5.3074300393700788
11
5.0663918503937007
21
-5.3093048031496064
0
LINE
8
BLACK
6
CONTINUOUS
10
5.0663918503937007
20
-5.3093048031496064
11
5.0664881889763782
21
-5.3093654330708659
0
LINE
8
BLACK
6
CONTINUOUS
10
5.0664881889763782
20
-5.3093654330708659
11
5.0665336220472437
21
-5.3093805905511813
0
LINE
8
BLACK
6
CONTINUOUS
10
5.0665336220472437
20
-5.3093805905511813
11
5.0665901574803147
21
-5.3094296062992123
0
LINE
8
BLACK
6
CONTINUOUS
10
5.0665901574803147
20
-5.3094296062992123
11
5.0668817322834645
21
-5.3096131496062995
0
LINE
8
BLACK
6
CONTINUOUS
10
5.0668817322834645
20
-5.3096131496062995
11
5.0669461023622047
21
-5.3096873622047243
0
LINE
8
BLACK
6
CONTINUOUS
10
5.0669461023622047
20
-5.3096873622047243
11
5.0670104724409448
21
-5.3096131496062995
0
LINE
8
BLACK
6
CONTINUOUS
10
5.0670104724409448
20
-5.3096131496062995
11
5.0673020078740159
21
-5.3094296062992123
0
LINE
8
BLACK
6
CONTINUOUS
10
5.0673020078740159
20
-5.3094296062992123
11
5.0673585826771657
21
-5.3093805905511813
0
LINE
8
BLACK
6
CONTINUOUS
10
5.0673585826771657
20
-5.3093805905511813
11
5.0674039763779524
21
-5.3093654330708659
0
LINE
8
BLACK
6
CONTINUOUS
10
5.0674039763779524
20
-5.3093654330708659
11
5.0675003543307087
21
-5.3093048031496064
0
LINE
8
BLACK
6
CONTINUOUS
10
5.0675003543307087
20
-5.3093048031496064
11
5.0712498818897638
21
-5.3074300393700788
0
LINE
8
BLACK
6
CONTINUOUS
10
5.0712498818897638
20
-5.3074300393700788
11
5.0717904724409451
21
-5.3072231496062994
0
LINE
8
BLACK
6
CONTINUOUS
10
5.0717904724409451
20
-5.3072231496062994
11
5.0718963385826772
21
-5.3072155905511806
0
LINE
8
BLACK
6
CONTINUOUS
10
5.0718963385826772
20
-5.3072155905511806
11
5.0719943307086615
21
-5.3071750393700787
0
LINE
8
BLACK
6
CONTINUOUS
10
5.0719943307086615
20
-5.3071750393700787
11
5.0725703937007873
21
-5.3071183070866139
0
LINE
8
BLACK
6
CONTINUOUS
10
5.0725703937007873
20
-5.3071183070866139
11
5.07819468503937
21
-5.3071183070866139
0
LINE
8
BLACK
6
CONTINUOUS
10
5.07819468503937
20
-5.3071183070866139
11
5.0787707480314959
21
-5.3071750393700787
0
LINE
8
BLACK
6
CONTINUOUS
10
5.0787707480314959
20
-5.3071750393700787
11
5.0788687401574801
21
-5.3072156299212594
0
LINE
8
BLACK
6
CONTINUOUS
10
5.0788687401574801
20
-5.3072156299212594
11
5.0789745669291335
21
-5.3072231496062994
0
LINE
8
BLACK
6
CONTINUOUS
10
5.0789745669291335
20
-5.3072231496062994
11
5.0795151968503935
21
-5.3074300393700788
0
LINE
8
BLACK
6
CONTINUOUS
10
5.0795151968503935
20
-5.3074300393700788
11
5.0832647637795274
21
-5.3093048031496064
0
LINE
8
BLACK
6
CONTINUOUS
10
5.0832647637795274
20
-5.3093048031496064
11
5.0833610629921262
21
-5.3093654330708659
0
LINE
8
BLACK
6
CONTINUOUS
10
5.0833610629921262
20
-5.3093654330708659
11
5.0834065354330704
21
-5.3093805905511813
0
LINE
8
BLACK
6
CONTINUOUS
10
5.0834065354330704
20
-5.3093805905511813
11
5.0834631102362202
21
-5.3094296456692911
0
LINE
8
BLACK
6
CONTINUOUS
10
5.0834631102362202
20
-5.3094296456692911
11
5.0837546062992125
21
-5.3096131496062995
0
LINE
8
BLACK
6
CONTINUOUS
10
5.0837546062992125
20
-5.3096131496062995
11
5.0839970866141728
21
-5.309892755905512
0
LINE
8
BLACK
6
CONTINUOUS
10
5.0839970866141728
20
-5.309892755905512
11
5.0842769291338579
21
-5.3101354330708661
0
LINE
8
BLACK
6
CONTINUOUS
10
5.0842769291338579
20
-5.3101354330708661
11
5.0844604330708663
21
-5.3104269685039371
0
LINE
8
BLACK
6
CONTINUOUS
10
5.0844604330708663
20
-5.3104269685039371
11
5.0845094881889761
21
-5.3104835433070861
0
LINE
8
BLACK
6
CONTINUOUS
10
5.0845094881889761
20
-5.3104835433070861
11
5.0845246062992127
21
-5.3105289370078737
0
LINE
8
BLACK
6
CONTINUOUS
10
5.0845246062992127
20
-5.3105289370078737
11
5.084585275590551
21
-5.31062531496063
0
LINE
8
BLACK
6
CONTINUOUS
10
5.084585275590551
20
-5.31062531496063
11
5.0864600393700785
21
-5.3143748425196851
0
LINE
8
BLACK
6
CONTINUOUS
10
5.0864600393700785
20
-5.3143748425196851
11
5.086666929133858
21
-5.3149154330708663
0
LINE
8
BLACK
6
CONTINUOUS
10
5.086666929133858
20
-5.3149154330708663
11
5.086674448818898
21
-5.3150212992125985
0
LINE
8
BLACK
6
CONTINUOUS
10
5.086674448818898
20
-5.3150212992125985
11
5.0867150393700786
21
-5.3151192913385827
0
LINE
8
BLACK
6
CONTINUOUS
10
5.0867150393700786
20
-5.3151192913385827
11
5.0867717716535434
21
-5.3156953543307086
0
LINE
8
BLACK
6
CONTINUOUS
10
5.0867717716535434
20
-5.3156953543307086
11
5.0867717716535434
21
-5.3363177952755905
0
LINE
8
BLACK
6
CONTINUOUS
10
5.0867717716535434
20
-5.3363177952755905
11
5.0867150393700786
21
-5.3368938582677163
0
LINE
8
BLACK
6
CONTINUOUS
10
5.0867150393700786
20
-5.3368938582677163
11
5.086274133858268
21
-5.3379582677165356
0
LINE
8
BLACK
6
CONTINUOUS
10
5.086274133858268
20
-5.3379582677165356
11
5.0854594881889765
21
-5.338772913385827
0
LINE
8
BLACK
6
CONTINUOUS
10
5.0854594881889765
20
-5.338772913385827
11
5.0843950787401573
21
-5.3392138188976377
0
LINE
8
BLACK
6
CONTINUOUS
10
5.0843950787401573
20
-5.3392138188976377
11
5.0832429527559055
21
-5.3392138188976377
0
LINE
8
BLACK
6
CONTINUOUS
10
5.0832429527559055
20
-5.3392138188976377
11
5.0821785433070863
21
-5.338772913385827
0
LINE
8
BLACK
6
CONTINUOUS
10
5.0821785433070863
20
-5.338772913385827
11
5.0813638976377948
21
-5.3379582677165356
0
LINE
8
BLACK
6
CONTINUOUS
10
5.0813638976377948
20
-5.3379582677165356
11
5.0809229921259842
21
-5.3368938582677163
0
LINE
8
BLACK
6
CONTINUOUS
10
5.0809229921259842
20
-5.3368938582677163
11
5.0808662598425194
21
-5.3363177952755905
0
LINE
8
BLACK
6
CONTINUOUS
10
5.0808662598425194
20
-5.3363177952755905
11
5.0808662598425194
21
-5.3163924015748032
0
LINE
8
BLACK
6
CONTINUOUS
10
5.0808662598425194
20
-5.3163924015748032
11
5.0797433858267711
21
-5.3141466535433066
0
LINE
8
BLACK
6
CONTINUOUS
10
5.0797433858267711
20
-5.3141466535433066
11
5.0774976377952754
21
-5.313023818897638
0
LINE
8
BLACK
6
CONTINUOUS
10
5.0774976377952754
20
-5.313023818897638
11
5.0732674409448819
21
-5.313023818897638
0
LINE
8
BLACK
6
CONTINUOUS
10
5.0732674409448819
20
-5.313023818897638
11
5.0710216929133853
21
-5.3141466535433066
0
LINE
8
BLACK
6
CONTINUOUS
10
5.0710216929133853
20
-5.3141466535433066
11
5.0698988582677167
21
-5.3163924015748032
0
LINE
8
BLACK
6
CONTINUOUS
10
5.0698988582677167
20
-5.3163924015748032
11
5.0698988582677167
21
-5.3363177952755905
0
LINE
8
BLACK
6
CONTINUOUS
10
5.0698988582677167
20
-5.3363177952755905
11
5.0698421259842519
21
-5.3368938582677163
0
LINE
8
BLACK
6
CONTINUOUS
10
5.0698421259842519
20
-5.3368938582677163
11
5.0694012204724412
21
-5.3379582677165356
0
LINE
8
BLACK
6
CONTINUOUS
10
5.0694012204724412
20
-5.3379582677165356
11
5.0685865748031498
21
-5.338772913385827
0
LINE
8
BLACK
6
CONTINUOUS
10
5.0685865748031498
20
-5.338772913385827
11
5.0675221653543305
21
-5.3392138188976377
0
LINE
8
BLACK
6
CONTINUOUS
10
5.0675221653543305
20
-5.3392138188976377
11
5.0663700393700788
21
-5.3392138188976377
0
LINE
8
BLACK
6
CONTINUOUS
10
5.0663700393700788
20
-5.3392138188976377
11
5.0653056299212595
21
-5.338772913385827
0
LINE
8
BLACK
6
CONTINUOUS
10
5.0653056299212595
20
-5.338772913385827
11
5.0644909842519681
21
-5.3379582677165356
0
LINE
8
BLACK
6
CONTINUOUS
10
5.0644909842519681
20
-5.3379582677165356
11
5.0640500787401574
21
-5.3368938582677163
0
LINE
8
BLACK
6
CONTINUOUS
10
5.0640500787401574
20
-5.3368938582677163
11
5.0639933464566926
21
-5.3363177952755905
0
LINE
8
BLACK
6
CONTINUOUS
10
5.0639933464566926
20
-5.3363177952755905
11
5.0639933464566926
21
-5.3163924015748032
0
LINE
8
BLACK
6
CONTINUOUS
10
5.0639933464566926
20
-5.3163924015748032
11
5.0628704724409443
21
-5.3141466535433066
0
LINE
8
BLACK
6
CONTINUOUS
10
5.0628704724409443
20
-5.3141466535433066
11
5.0606247637795274
21
-5.313023818897638
0
LINE
8
BLACK
6
CONTINUOUS
10
5.0606247637795274
20
-5.313023818897638
11
5.0563945669291339
21
-5.313023818897638
0
LINE
8
BLACK
6
CONTINUOUS
10
5.0563945669291339
20
-5.313023818897638
11
5.0536970866141733
21
-5.3143725590551183
0
LINE
8
BLACK
6
CONTINUOUS
10
5.0536970866141733
20
-5.3143725590551183
11
5.0530259842519687
21
-5.3150436614173229
0
LINE
8
BLACK
6
CONTINUOUS
10
5.0530259842519687
20
-5.3150436614173229
11
5.0530259842519687
21
-5.3363177952755905
0
LINE
8
BLACK
6
CONTINUOUS
10
5.0530259842519687
20
-5.3363177952755905
11
5.0529692519685039
21
-5.3368938582677163
0
LINE
8
BLACK
6
CONTINUOUS
10
5.0529692519685039
20
-5.3368938582677163
11
5.0525283464566932
21
-5.3379582677165356
0
LINE
8
BLACK
6
CONTINUOUS
10
5.0525283464566932
20
-5.3379582677165356
11
5.0517137007874018
21
-5.338772913385827
0
LINE
8
BLACK
6
CONTINUOUS
10
5.0517137007874018
20
-5.338772913385827
11
5.0506492913385825
21
-5.3392138188976377
0
LINE
8
BLACK
6
CONTINUOUS
10
5.0506492913385825
20
-5.3392138188976377
11
5.0494971653543308
21
-5.3392138188976377
0
LINE
8
BLACK
6
CONTINUOUS
10
5.0494971653543308
20
-5.3392138188976377
11
5.0484327559055115
21
-5.338772913385827
0
LINE
8
BLACK
6
CONTINUOUS
10
5.0484327559055115
20
-5.338772913385827
11
5.0476181102362201
21
-5.3379582677165356
0
LINE
8
BLACK
6
CONTINUOUS
10
5.0476181102362201
20
-5.3379582677165356
11
5.0471772047244094
21
-5.3368938582677163
0
LINE
8
BLACK
6
CONTINUOUS
10
5.0471772047244094
20
-5.3368938582677163
11
5.0471204724409446
21
-5.3363177952755905
0
LINE
8
BLACK
6
CONTINUOUS
10
5.0471204724409446
20
-5.3363177952755905
11
5.0471204724409446
21
-5.3100710629921259
0
LINE
8
BLACK
6
CONTINUOUS
10
5.0471204724409446
20
-5.3100710629921259
11
5.0471772047244094
21
-5.3094950000000001
0
LINE
8
BLACK
6
CONTINUOUS
10
5.0471772047244094
20
-5.3094950000000001
11
5.0476181102362201
21
-5.3084305905511808
0
LINE
8
BLACK
6
CONTINUOUS
10
5.0476181102362201
20
-5.3084305905511808
11
5.0484327559055115
21
-5.3076159448818894
0
LINE
8
BLACK
6
CONTINUOUS
10
5.0484327559055115
20
-5.3076159448818894
11
5.0494971653543308
21
-5.3071750393700787
0
LINE
8
BLACK
6
CONTINUOUS
10
5.0494971653543308
20
-5.3071750393700787
11
5.0506492913385825
21
-5.3071750393700787
0
LINE
8
BLACK
6
CONTINUOUS
10
5.0506492913385825
20
-5.3071750393700787
11
5.0517137007874018
21
-5.3076159448818894
0
LINE
8
BLACK
6
CONTINUOUS
10
5.0517137007874018
20
-5.3076159448818894
11
5.0524775196850396
21
-5.3083797637795271
0
LINE
8
BLACK
6
CONTINUOUS
10
5.0524775196850396
20
-5.3083797637795271
11
5.0543770078740158
21
-5.3074300393700788
0
LINE
8
BLACK
6
CONTINUOUS
10
5.0543770078740158
20
-5.3074300393700788
11
5.0549175984251971
21
-5.3072231496062994
0
LINE
8
BLACK
6
CONTINUOUS
10
5.0549175984251971
20
-5.3072231496062994
11
5.0550234645669292
21
-5.3072155905511806
0
LINE
8
BLACK
6
CONTINUOUS
10
5.0550234645669292
20
-5.3072155905511806
11
5.0551214566929135
21
-5.3071750393700787
0
LINE
8
BLACK
6
CONTINUOUS
10
5.0551214566929135
20
-5.3071750393700787
11
5.0556975196850393
21
-5.3071183070866139
0
LINE
8
BLACK
6
CONTINUOUS
10
5.0556975196850393
20
-5.3071183070866139
11
5.061321811023622
21
-5.3071183070866139
0
LINE
8
BLACK
6
CONTINUOUS
10
5.061321811023622
20
-5.3071183070866139
11
5.0618978740157479
21
-5.3071750393700787
0
LINE
8
BLACK
6
CONTINUOUS
10
4.8117437007874013
20
-5.296367362204724
11
4.8125583464566928
21
-5.2971820078740155
0
LINE
8
BLACK
6
CONTINUOUS
10
4.8125583464566928
20
-5.2971820078740155
11
4.8129992519685034
21
-5.2982464173228347
0
LINE
8
BLACK
6
CONTINUOUS
10
4.8129992519685034
20
-5.2982464173228347
11
4.8130559842519682
21
-5.2988224803149606
0
LINE
8
BLACK
6
CONTINUOUS
10
4.8130559842519682
20
-5.2988224803149606
11
4.8130559842519682
21
-5.310867834645669
0
LINE
8
BLACK
6
CONTINUOUS
10
4.8130559842519682
20
-5.310867834645669
11
4.8251013779527554
21
-5.310867834645669
0
LINE
8
BLACK
6
CONTINUOUS
10
4.8251013779527554
20
-5.310867834645669
11
4.8256774409448822
21
-5.3109245669291338
0
LINE
8
BLACK
6
CONTINUOUS
10
4.8256774409448822
20
-5.3109245669291338
11
4.8267418503937005
21
-5.3113654724409445
0
LINE
8
BLACK
6
CONTINUOUS
10
4.8267418503937005
20
-5.3113654724409445
11
4.827556496062992
21
-5.3121801181102359
0
LINE
8
BLACK
6
CONTINUOUS
10
4.827556496062992
20
-5.3121801181102359
11
4.8279974015748026
21
-5.3132445275590552
0
LINE
8
BLACK
6
CONTINUOUS
10
4.8279974015748026
20
-5.3132445275590552
11
4.8279974015748026
21
-5.3143966535433069
0
LINE
8
BLACK
6
CONTINUOUS
10
4.8279974015748026
20
-5.3143966535433069
11
4.827556496062992
21
-5.3154610629921262
0
LINE
8
BLACK
6
CONTINUOUS
10
4.827556496062992
20
-5.3154610629921262
11
4.8267418503937005
21
-5.3162757086614176
0
LINE
8
BLACK
6
CONTINUOUS
10
4.8267418503937005
20
-5.3162757086614176
11
4.8256774409448822
21
-5.3167166141732283
0
LINE
8
BLACK
6
CONTINUOUS
10
4.8256774409448822
20
-5.3167166141732283
11
4.8251013779527554
21
-5.3167733464566931
0
LINE
8
BLACK
6
CONTINUOUS
10
4.8251013779527554
20
-5.3167733464566931
11
4.8130559842519682
21
-5.3167733464566931
0
LINE
8
BLACK
6
CONTINUOUS
10
4.8130559842519682
20
-5.3167733464566931
11
4.8130559842519682
21
-5.3288187007874015
0
LINE
8
BLACK
6
CONTINUOUS
10
4.8130559842519682
20
-5.3288187007874015
11
4.8129992519685034
21
-5.3293947637795274
0
LINE
8
BLACK
6
CONTINUOUS
10
4.8129992519685034
20
-5.3293947637795274
11
4.8125583464566928
21
-5.3304591732283466
0
LINE
8
BLACK
6
CONTINUOUS
10
4.8125583464566928
20
-5.3304591732283466
11
4.8117437007874013
21
-5.3312738188976381
0
LINE
8
BLACK
6
CONTINUOUS
10
4.8117437007874013
20
-5.3312738188976381
11
4.810679291338583
21
-5.3317147244094487
0
LINE
8
BLACK
6
CONTINUOUS
10
4.810679291338583
20
-5.3317147244094487
11
4.8095271653543303
21
-5.3317147244094487
0
LINE
8
BLACK
6
CONTINUOUS
10
4.8095271653543303
20
-5.3317147244094487
11
4.808462755905512
21
-5.3312738188976381
0
LINE
8
BLACK
6
CONTINUOUS
10
4.808462755905512
20
-5.3312738188976381
11
4.8076481102362205
21
-5.3304591732283466
0
LINE
8
BLACK
6
CONTINUOUS
10
4.8076481102362205
20
-5.3304591732283466
11
4.807207204724409
21
-5.3293947637795274
0
LINE
8
BLACK
6
CONTINUOUS
10
4.807207204724409
20
-5.3293947637795274
11
4.8071504724409451
21
-5.3288187007874015
0
LINE
8
BLACK
6
CONTINUOUS
10
4.8071504724409451
20
-5.3288187007874015
11
4.8071504724409451
21
-5.3167733464566931
0
LINE
8
BLACK
6
CONTINUOUS
10
4.8071504724409451
20
-5.3167733464566931
11
4.7951051181102358
21
-5.3167733464566931
0
LINE
8
BLACK
6
CONTINUOUS
10
4.7951051181102358
20
-5.3167733464566931
11
4.7945290551181099
21
-5.3167166141732283
0
LINE
8
BLACK
6
CONTINUOUS
10
4.7945290551181099
20
-5.3167166141732283
11
4.7934646456692915
21
-5.3162757086614176
0
LINE
8
BLACK
6
CONTINUOUS
10
4.7934646456692915
20
-5.3162757086614176
11
4.7926500000000001
21
-5.3154610629921262
0
LINE
8
BLACK
6
CONTINUOUS
10
4.7926500000000001
20
-5.3154610629921262
11
4.7922090944881885
21
-5.3143966535433069
0
LINE
8
BLACK
6
CONTINUOUS
10
4.7922090944881885
20
-5.3143966535433069
11
4.7922090944881885
21
-5.3132445275590552
0
LINE
8
BLACK
6
CONTINUOUS
10
4.7922090944881885
20
-5.3132445275590552
11
4.7926500000000001
21
-5.3121801181102359
0
LINE
8
BLACK
6
CONTINUOUS
10
4.7926500000000001
20
-5.3121801181102359
11
4.7934646456692915
21
-5.3113654724409445
0
LINE
8
BLACK
6
CONTINUOUS
10
4.7934646456692915
20
-5.3113654724409445
11
4.7945290551181099
21
-5.3109245669291338
0
LINE
8
BLACK
6
CONTINUOUS
10
4.7945290551181099
20
-5.3109245669291338
11
4.7951051181102358
21
-5.310867834645669
0
LINE
8
BLACK
6
CONTINUOUS
10
4.7951051181102358
20
-5.310867834645669
11
4.8071504724409451
21
-5.310867834645669
0
LINE
8
BLACK
6
CONTINUOUS
10
4.8071504724409451
20
-5.310867834645669
11
4.8071504724409451
21
-5.2988224803149606
0
LINE
8
BLACK
6
CONTINUOUS
10
4.8071504724409451
20
-5.2988224803149606
11
4.807207204724409
21
-5.2982464173228347
0
LINE
8
BLACK
6
CONTINUOUS
10
4.807207204724409
20
-5.2982464173228347
11
4.8076481102362205
21
-5.2971820078740155
0
LINE
8
BLACK
6
CONTINUOUS
10
4.8076481102362205
20
-5.2971820078740155
11
4.808462755905512
21
-5.296367362204724
0
LINE
8
BLACK
6
CONTINUOUS
10
4.808462755905512
20
-5.296367362204724
11
4.8095271653543303
21
-5.2959264566929134
0
LINE
8
BLACK
6
CONTINUOUS
10
4.8095271653543303
20
-5.2959264566929134
11
4.810679291338583
21
-5.2959264566929134
0
LINE
8
BLACK
6
CONTINUOUS
10
4.810679291338583
20
-5.2959264566929134
11
4.8117437007874013
21
-5.296367362204724
0
LINE
8
BLACK
6
CONTINUOUS
10
6.601575236220472
20
-3.0077648818897638
11
6.6021124015748027
21
-3.0079805511811024
0
LINE
8
BLACK
6
CONTINUOUS
10
6.6021124015748027
20
-3.0079805511811024
11
6.6421467716535432
21
-3.0288211023622047
0
LINE
8
BLACK
6
CONTINUOUS
10
6.6421467716535432
20
-3.0288211023622047
11
6.6421467716535432
21
-3.0105997244094489
0
LINE
8
BLACK
6
CONTINUOUS
10
6.6421467716535432
20
-3.0105997244094489
11
6.642203503937008
21
-3.0100236614173226
0
LINE
8
BLACK
6
CONTINUOUS
10
6.642203503937008
20
-3.0100236614173226
11
6.6426444094488186
21
-3.0089592519685038
0
LINE
8
BLACK
6
CONTINUOUS
10
6.6426444094488186
20
-3.0089592519685038
11
6.6434590551181101
21
-3.0081446062992123
0
LINE
8
BLACK
6
CONTINUOUS
10
6.6434590551181101
20
-3.0081446062992123
11
6.6445234645669293
21
-3.0077037007874017
0
LINE
8
BLACK
6
CONTINUOUS
10
6.6445234645669293
20
-3.0077037007874017
11
6.6456755905511811
21
-3.0077037007874017
0
LINE
8
BLACK
6
CONTINUOUS
10
6.6456755905511811
20
-3.0077037007874017
11
6.6467399999999994
21
-3.0081446062992123
0
LINE
8
BLACK
6
CONTINUOUS
10
6.6467399999999994
20
-3.0081446062992123
11
6.6475546456692909
21
-3.0089592519685038
0
LINE
8
BLACK
6
CONTINUOUS
10
6.6475546456692909
20
-3.0089592519685038
11
6.6479955511811024
21
-3.0100236614173226
0
LINE
8
BLACK
6
CONTINUOUS
10
6.6479955511811024
20
-3.0100236614173226
11
6.6480522834645663
21
-3.0105997244094489
0
LINE
8
BLACK
6
CONTINUOUS
10
6.6480522834645663
20
-3.0105997244094489
11
6.6480522834645663
21
-3.3207343700787399
0
LINE
8
BLACK
6
CONTINUOUS
10
6.6480522834645663
20
-3.3207343700787399
11
7.5181868897637791
21
-3.3207343700787399
0
LINE
8
BLACK
6
CONTINUOUS
10
7.5181868897637791
20
-3.3207343700787399
11
7.518762952755905
21
-3.3207911023622048
0
LINE
8
BLACK
6
CONTINUOUS
10
7.518762952755905
20
-3.3207911023622048
11
7.5198273622047243
21
-3.3212320078740158
0
LINE
8
BLACK
6
CONTINUOUS
10
7.5198273622047243
20
-3.3212320078740158
11
7.5206420078740157
21
-3.3220466535433069
0
LINE
8
BLACK
6
CONTINUOUS
10
7.5206420078740157
20
-3.3220466535433069
11
7.5210829133858264
21
-3.3231110629921261
0
LINE
8
BLACK
6
CONTINUOUS
10
7.5210829133858264
20
-3.3231110629921261
11
7.5210829133858264
21
-3.3242631889763778
0
LINE
8
BLACK
6
CONTINUOUS
10
7.5210829133858264
20
-3.3242631889763778
11
7.5206420078740157
21
-3.3253275984251967
0
LINE
8
BLACK
6
CONTINUOUS
10
7.5206420078740157
20
-3.3253275984251967
11
7.5198273622047243
21
-3.3261422440944881
0
LINE
8
BLACK
6
CONTINUOUS
10
7.5198273622047243
20
-3.3261422440944881
11
7.518762952755905
21
-3.3265831496062992
0
LINE
8
BLACK
6
CONTINUOUS
10
7.518762952755905
20
-3.3265831496062992
11
7.5181868897637791
21
-3.3266398818897636
0
LINE
8
BLACK
6
CONTINUOUS
10
7.5181868897637791
20
-3.3266398818897636
11
7.4999654724409446
21
-3.3266398818897636
0
LINE
8
BLACK
6
CONTINUOUS
10
7.4999654724409446
20
-3.3266398818897636
11
7.5208060629921256
21
-3.366674251968504
0
LINE
8
BLACK
6
CONTINUOUS
10
7.5208060629921256
20
-3.366674251968504
11
7.5210217322834643
21
-3.3672114173228347
0
LINE
8
BLACK
6
CONTINUOUS
10
7.5210217322834643
20
-3.3672114173228347
11
7.5211221259842516
21
-3.3683591338582675
0
LINE
8
BLACK
6
CONTINUOUS
10
7.5211221259842516
20
-3.3683591338582675
11
7.5207756692913383
21
-3.3694579133858267
0
LINE
8
BLACK
6
CONTINUOUS
10
7.5207756692913383
20
-3.3694579133858267
11
7.5200351181102363
21
-3.3703404724409447
0
LINE
8
BLACK
6
CONTINUOUS
10
7.5200351181102363
20
-3.3703404724409447
11
7.5190131889763778
21
-3.3708724803149606
0
LINE
8
BLACK
6
CONTINUOUS
10
7.5190131889763778
20
-3.3708724803149606
11
7.5178654724409446
21
-3.3709728740157479
0
LINE
8
BLACK
6
CONTINUOUS
10
7.5178654724409446
20
-3.3709728740157479
11
7.5167666929133858
21
-3.3706264173228346
0
LINE
8
BLACK
6
CONTINUOUS
10
7.5167666929133858
20
-3.3706264173228346
11
7.5158841338582674
21
-3.3698858661417321
0
LINE
8
BLACK
6
CONTINUOUS
10
7.5158841338582674
20
-3.3698858661417321
11
7.5155677952755902
21
-3.3694011023622048
0
LINE
8
BLACK
6
CONTINUOUS
10
7.5155677952755902
20
-3.3694011023622048
11
7.4980522440944881
21
-3.3357540157480314
0
LINE
8
BLACK
6
CONTINUOUS
10
7.4980522440944881
20
-3.3357540157480314
11
7.4980522440944881
21
-4.8116201968503933
0
LINE
8
BLACK
6
CONTINUOUS
10
7.4980522440944881
20
-4.8116201968503933
11
7.5155677952755902
21
-4.7779731496062992
0
LINE
8
BLACK
6
CONTINUOUS
10
7.5155677952755902
20
-4.7779731496062992
11
7.5158841338582674
21
-4.7774883858267714
0
LINE
8
BLACK
6
CONTINUOUS
10
7.5158841338582674
20
-4.7774883858267714
11
7.5167666929133858
21
-4.7767478346456693
0
LINE
8
BLACK
6
CONTINUOUS
10
7.5167666929133858
20
-4.7767478346456693
11
7.5178654724409446
21
-4.7764013779527561
0
LINE
8
BLACK
6
CONTINUOUS
10
7.5178654724409446
20
-4.7764013779527561
11
7.5190131889763778
21
-4.7765017716535434
0
LINE
8
BLACK
6
CONTINUOUS
10
7.5190131889763778
20
-4.7765017716535434
11
7.5200351181102363
21
-4.7770337795275593
0
LINE
8
BLACK
6
CONTINUOUS
10
7.5200351181102363
20
-4.7770337795275593
11
7.5207756692913383
21
-4.7779163385826768
0
LINE
8
BLACK
6
CONTINUOUS
10
7.5207756692913383
20
-4.7779163385826768
11
7.5211221259842516
21
-4.7790151181102365
0
LINE
8
BLACK
6
CONTINUOUS
10
7.5211221259842516
20
-4.7790151181102365
11
7.5210217322834643
21
-4.7801628346456688
0
LINE
8
BLACK
6
CONTINUOUS
10
7.5210217322834643
20
-4.7801628346456688
11
7.5208060629921256
21
-4.7806999999999995
0
LINE
8
BLACK
6
CONTINUOUS
10
7.5208060629921256
20
-4.7806999999999995
11
7.4999654724409446
21
-4.8207343700787399
0
LINE
8
BLACK
6
CONTINUOUS
10
7.4999654724409446
20
-4.8207343700787399
11
7.5181868897637791
21
-4.8207343700787399
0
LINE
8
BLACK
6
CONTINUOUS
10
7.5181868897637791
20
-4.8207343700787399
11
7.518762952755905
21
-4.8207911023622048
0
LINE
8
BLACK
6
CONTINUOUS
10
7.518762952755905
20
-4.8207911023622048
11
7.5198273622047243
21
-4.8212320078740154
0
LINE
8
BLACK
6
CONTINUOUS
10
7.5198273622047243
20
-4.8212320078740154
11
7.5206420078740157
21
-4.8220466535433069
0
LINE
8
BLACK
6
CONTINUOUS
10
7.5206420078740157
20
-4.8220466535433069
11
7.5210829133858264
21
-4.8231110629921261
0
LINE
8
BLACK
6
CONTINUOUS
10
7.5210829133858264
20
-4.8231110629921261
11
7.5210829133858264
21
-4.8242631889763778
0
LINE
8
BLACK
6
CONTINUOUS
10
7.5210829133858264
20
-4.8242631889763778
11
7.5206420078740157
21
-4.8253275984251971
0
LINE
8
BLACK
6
CONTINUOUS
10
7.5206420078740157
20
-4.8253275984251971
11
7.5198273622047243
21
-4.8261422440944877
0
LINE
8
BLACK
6
CONTINUOUS
10
7.5198273622047243
20
-4.8261422440944877
11
7.518762952755905
21
-4.8265831496062992
0
LINE
8
BLACK
6
CONTINUOUS
10
7.518762952755905
20
-4.8265831496062992
11
7.5181868897637791
21
-4.826639881889764
0
LINE
8
BLACK
6
CONTINUOUS
10
7.5181868897637791
20
-4.826639881889764
11
7.1580522440944883
21
-4.826639881889764
0
LINE
8
BLACK
6
CONTINUOUS
10
7.1580522440944883
20
-4.826639881889764
11
7.1580522440944883
21
-5.6292745275590548
0
LINE
8
BLACK
6
CONTINUOUS
10
7.1580522440944883
20
-5.6292745275590548
11
7.1579955118110234
21
-5.6298505905511806
0
LINE
8
BLACK
6
CONTINUOUS
10
7.1579955118110234
20
-5.6298505905511806
11
7.1575546062992128
21
-5.6309149999999999
0
LINE
8
BLACK
6
CONTINUOUS
10
7.1575546062992128
20
-5.6309149999999999
11
7.1567399606299213
21
-5.6317296456692914
0
LINE
8
BLACK
6
CONTINUOUS
10
7.1567399606299213
20
-5.6317296456692914
11
7.1556755511811021
21
-5.632170551181102
0
LINE
8
BLACK
6
CONTINUOUS
10
7.1556755511811021
20
-5.632170551181102
11
7.1545234251968504
21
-5.632170551181102
0
LINE
8
BLACK
6
CONTINUOUS
10
7.1545234251968504
20
-5.632170551181102
11
7.1534590157480311
21
-5.6317296456692914
0
LINE
8
BLACK
6
CONTINUOUS
10
7.1534590157480311
20
-5.6317296456692914
11
7.1526443700787397
21
-5.6309149999999999
0
LINE
8
BLACK
6
CONTINUOUS
10
7.1526443700787397
20
-5.6309149999999999
11
7.152203464566929
21
-5.6298505905511806
0
LINE
8
BLACK
6
CONTINUOUS
10
7.152203464566929
20
-5.6298505905511806
11
7.1521467322834642
21
-5.6292745275590548
0
LINE
8
BLACK
6
CONTINUOUS
10
7.1521467322834642
20
-5.6292745275590548
11
7.1521467322834642
21
-5.6110531102362202
0
LINE
8
BLACK
6
CONTINUOUS
10
7.1521467322834642
20
-5.6110531102362202
11
7.1121123622047246
21
-5.6318937007874013
0
LINE
8
BLACK
6
CONTINUOUS
10
7.1121123622047246
20
-5.6318937007874013
11
7.111575196850394
21
-5.6321093700787399
0
LINE
8
BLACK
6
CONTINUOUS
10
7.111575196850394
20
-5.6321093700787399
11
7.1104274803149607
21
-5.6322097637795272
0
LINE
8
BLACK
6
CONTINUOUS
10
7.1104274803149607
20
-5.6322097637795272
11
7.1093287007874011
21
-5.6318633464566927
0
LINE
8
BLACK
6
CONTINUOUS
10
7.1093287007874011
20
-5.6318633464566927
11
7.1084461417322835
21
-5.6311227952755907
0
LINE
8
BLACK
6
CONTINUOUS
10
7.1084461417322835
20
-5.6311227952755907
11
7.1079141338582676
21
-5.6301008267716535
0
LINE
8
BLACK
6
CONTINUOUS
10
7.1079141338582676
20
-5.6301008267716535
11
7.1078137401574804
21
-5.6289531102362202
0
LINE
8
BLACK
6
CONTINUOUS
10
7.1078137401574804
20
-5.6289531102362202
11
7.1081601574803148
21
-5.6278543307086615
0
LINE
8
BLACK
6
CONTINUOUS
10
7.1081601574803148
20
-5.6278543307086615
11
7.1089007086614169
21
-5.626971771653543
0
LINE
8
BLACK
6
CONTINUOUS
10
7.1089007086614169
20
-5.626971771653543
11
7.1093855118110234
21
-5.6266554330708658
0
LINE
8
BLACK
6
CONTINUOUS
10
7.1093855118110234
20
-5.6266554330708658
11
7.1430325590551176
21
-5.6091398818897638
0
LINE
8
BLACK
6
CONTINUOUS
10
7.1430325590551176
20
-5.6091398818897638
11
3.7921664173228344
21
-5.6091398818897638
0
LINE
8
BLACK
6
CONTINUOUS
10
3.7921664173228344
20
-5.6091398818897638
11
3.8258134645669291
21
-5.6266554330708658
0
LINE
8
BLACK
6
CONTINUOUS
10
3.8258134645669291
20
-5.6266554330708658
11
3.8262982283464564
21
-5.626971771653543
0
LINE
8
BLACK
6
CONTINUOUS
10
3.8262982283464564
20
-5.626971771653543
11
3.8270387795275589
21
-5.6278543307086615
0
LINE
8
BLACK
6
CONTINUOUS
10
3.8270387795275589
20
-5.6278543307086615
11
3.8273852362204726
21
-5.6289531102362202
0
LINE
8
BLACK
6
CONTINUOUS
10
3.8273852362204726
20
-5.6289531102362202
11
3.8272848425196848
21
-5.6301008267716535
0
LINE
8
BLACK
6
CONTINUOUS
10
3.8272848425196848
20
-5.6301008267716535
11
3.8267528346456694
21
-5.6311227559055119
0
LINE
8
BLACK
6
CONTINUOUS
10
3.8267528346456694
20
-5.6311227559055119
11
3.8258702755905509
21
-5.631863307086614
0
LINE
8
BLACK
6
CONTINUOUS
10
3.8258702755905509
20
-5.631863307086614
11
3.8247714960629922
21
-5.6322097637795272
0
LINE
8
BLACK
6
CONTINUOUS
10
3.8247714960629922
20
-5.6322097637795272
11
3.8236237795275589
21
-5.6321093700787399
0
LINE
8
BLACK
6
CONTINUOUS
10
3.8236237795275589
20
-5.6321093700787399
11
3.8230866141732283
21
-5.6318937007874013
0
LINE
8
BLACK
6
CONTINUOUS
10
3.8230866141732283
20
-5.6318937007874013
11
3.7830522440944883
21
-5.6110531102362202
0
LINE
8
BLACK
6
CONTINUOUS
10
3.7830522440944883
20
-5.6110531102362202
11
3.7830522440944883
21
-5.6292745275590548
0
LINE
8
BLACK
6
CONTINUOUS
10
3.7830522440944883
20
-5.6292745275590548
11
3.7829955118110234
21
-5.6298505905511806
0
LINE
8
BLACK
6
CONTINUOUS
10
3.7829955118110234
20
-5.6298505905511806
11
3.7825546062992124
21
-5.6309149999999999
0
LINE
8
BLACK
6
CONTINUOUS
10
3.7825546062992124
20
-5.6309149999999999
11
3.7817399606299213
21
-5.6317296456692914
0
LINE
8
BLACK
6
CONTINUOUS
10
3.7817399606299213
20
-5.6317296456692914
11
3.7806755511811021
21
-5.632170551181102
0
LINE
8
BLACK
6
CONTINUOUS
10
3.7806755511811021
20
-5.632170551181102
11
3.7795234251968504
21
-5.632170551181102
0
LINE
8
BLACK
6
CONTINUOUS
10
3.7795234251968504
20
-5.632170551181102
11
3.7784590157480316
21
-5.6317296456692914
0
LINE
8
BLACK
6
CONTINUOUS
10
3.7784590157480316
20
-5.6317296456692914
11
3.7776443700787401
21
-5.6309149999999999
0
LINE
8
BLACK
6
CONTINUOUS
10
3.7776443700787401
20
-5.6309149999999999
11
3.777203464566929
21
-5.6298505905511806
0
LINE
8
BLACK
6
CONTINUOUS
10
3.777203464566929
20
-5.6298505905511806
11
3.7771467322834646
21
-5.6292745275590548
0
LINE
8
BLACK
6
CONTINUOUS
10
3.7771467322834646
20
-5.6292745275590548
11
3.7771467322834646
21
-4.9246792519685041
0
LINE
8
BLACK
6
CONTINUOUS
10
3.7771467322834646
20
-4.9246792519685041
11
3.7771039763779526
21
-4.9245760629921262
0
LINE
8
BLACK
6
CONTINUOUS
10
3.7771039763779526
20
-4.9245760629921262
11
3.7771039763779526
21
-4.9234239370078736
0
LINE
8
BLACK
6
CONTINUOUS
10
3.7771039763779526
20
-4.9234239370078736
11
3.7771467322834646
21
-4.923320708661417
0
LINE
8
BLACK
6
CONTINUOUS
10
3.7771467322834646
20
-4.923320708661417
11
3.7771467322834646
21
-4.823687125984252
0
LINE
8
BLACK
6
CONTINUOUS
10
3.7771467322834646
20
-4.823687125984252
11
3.7771467322834646
21
-4.7036871259842519
0
LINE
8
BLACK
6
CONTINUOUS
10
3.7771467322834646
20
-4.7036871259842519
11
3.777203464566929
21
-4.703111062992126
0
LINE
8
BLACK
6
CONTINUOUS
10
3.777203464566929
20
-4.703111062992126
11
3.7776443700787401
21
-4.7020466535433068
0
LINE
8
BLACK
6
CONTINUOUS
10
3.7776443700787401
20
-4.7020466535433068
11
3.7784590157480316
21
-4.7012320078740153
0
LINE
8
BLACK
6
CONTINUOUS
10
3.7784590157480316
20
-4.7012320078740153
11
3.7795234251968504
21
-4.7007911023622047
0
LINE
8
BLACK
6
CONTINUOUS
10
3.7795234251968504
20
-4.7007911023622047
11
3.7806755511811021
21
-4.7007911023622047
0
LINE
8
BLACK
6
CONTINUOUS
10
3.7806755511811021
20
-4.7007911023622047
11
3.7817399606299213
21
-4.7012320078740153
0
LINE
8
BLACK
6
CONTINUOUS
10
3.7817399606299213
20
-4.7012320078740153
11
3.7825546062992124
21
-4.7020466535433068
0
LINE
8
BLACK
6
CONTINUOUS
10
3.7825546062992124
20
-4.7020466535433068
11
3.7829955118110234
21
-4.703111062992126
0
LINE
8
BLACK
6
CONTINUOUS
10
3.7829955118110234
20
-4.703111062992126
11
3.7830522440944883
21
-4.7036871259842519
0
LINE
8
BLACK
6
CONTINUOUS
10
3.7830522440944883
20
-4.7036871259842519
11
3.7830522440944883
21
-4.823687125984252
0
LINE
8
BLACK
6
CONTINUOUS
10
3.7830522440944883
20
-4.823687125984252
11
3.7830522440944883
21
-4.9210472440944883
0
LINE
8
BLACK
6
CONTINUOUS
10
3.7830522440944883
20
-4.9210472440944883
11
5.4757182677165357
21
-4.9210472440944883
0
LINE
8
BLACK
6
CONTINUOUS
10
5.4757182677165357
20
-4.9210472440944883
11
5.4763365354330711
21
-4.9207911417322832
0
LINE
8
BLACK
6
CONTINUOUS
10
5.4763365354330711
20
-4.9207911417322832
11
5.476912598425197
21
-4.9207344094488183
0
LINE
8
BLACK
6
CONTINUOUS
10
5.476912598425197
20
-4.9207344094488183
11
5.4951340157480315
21
-4.9207344094488183
0
LINE
8
BLACK
6
CONTINUOUS
10
5.4951340157480315
20
-4.9207344094488183
11
5.4742934251968505
21
-4.8807000393700788
0
LINE
8
BLACK
6
CONTINUOUS
10
5.4742934251968505
20
-4.8807000393700788
11
5.4740777559055118
21
-4.8801628740157481
0
LINE
8
BLACK
6
CONTINUOUS
10
5.4740777559055118
20
-4.8801628740157481
11
5.4739773622047245
21
-4.8790151574803149
0
LINE
8
BLACK
6
CONTINUOUS
10
5.4739773622047245
20
-4.8790151574803149
11
5.474323779527559
21
-4.8779163779527561
0
LINE
8
BLACK
6
CONTINUOUS
10
5.474323779527559
20
-4.8779163779527561
11
5.4750643307086611
21
-4.8770338188976377
0
LINE
8
BLACK
6
CONTINUOUS
10
5.4750643307086611
20
-4.8770338188976377
11
5.4760862992125983
21
-4.8765018110236218
0
LINE
8
BLACK
6
CONTINUOUS
10
5.4760862992125983
20
-4.8765018110236218
11
5.4772340157480315
21
-4.8764014173228345
0
LINE
8
BLACK
6
CONTINUOUS
10
5.4772340157480315
20
-4.8764014173228345
11
5.4783327952755903
21
-4.876747834645669
0
LINE
8
BLACK
6
CONTINUOUS
10
5.4783327952755903
20
-4.876747834645669
11
5.4792153543307087
21
-4.8774883858267719
0
LINE
8
BLACK
6
CONTINUOUS
10
5.4792153543307087
20
-4.8774883858267719
11
5.4795316929133859
21
-4.8779731889763775
0
LINE
8
BLACK
6
CONTINUOUS
10
5.4795316929133859
20
-4.8779731889763775
11
5.497047244094488
21
-4.9116202362204726
0
LINE
8
BLACK
6
CONTINUOUS
10
5.497047244094488
20
-4.9116202362204726
11
5.497047244094488
21
-4.8411772834645665
0
LINE
8
BLACK
6
CONTINUOUS
10
5.497047244094488
20
-4.8411772834645665
11
5.4971039763779528
21
-4.8406012204724407
0
LINE
8
BLACK
6
CONTINUOUS
10
5.4971039763779528
20
-4.8406012204724407
11
5.4975448818897634
21
-4.8395368110236223
0
LINE
8
BLACK
6
CONTINUOUS
10
5.4975448818897634
20
-4.8395368110236223
11
5.4983595275590549
21
-4.8387221653543309
0
LINE
8
BLACK
6
CONTINUOUS
10
5.4983595275590549
20
-4.8387221653543309
11
5.4994239370078741
21
-4.8382812598425193
0
LINE
8
BLACK
6
CONTINUOUS
10
5.4994239370078741
20
-4.8382812598425193
11
5.5005760629921259
21
-4.8382812598425193
0
LINE
8
BLACK
6
CONTINUOUS
10
5.5005760629921259
20
-4.8382812598425193
11
5.5016404724409451
21
-4.8387221653543309
0
LINE
8
BLACK
6
CONTINUOUS
10
5.5016404724409451
20
-4.8387221653543309
11
5.5024551181102357
21
-4.8395368110236223
0
LINE
8
BLACK
6
CONTINUOUS
10
5.5024551181102357
20
-4.8395368110236223
11
5.5028960236220472
21
-4.8406012204724407
0
LINE
8
BLACK
6
CONTINUOUS
10
5.5028960236220472
20
-4.8406012204724407
11
5.502952755905512
21
-4.8411772834645665
0
LINE
8
BLACK
6
CONTINUOUS
10
5.502952755905512
20
-4.8411772834645665
11
5.502952755905512
21
-4.9116202362204726
0
LINE
8
BLACK
6
CONTINUOUS
10
5.502952755905512
20
-4.9116202362204726
11
5.5204683070866141
21
-4.8779731889763775
0
LINE
8
BLACK
6
CONTINUOUS
10
5.5204683070866141
20
-4.8779731889763775
11
5.5207846456692913
21
-4.8774884251968507
0
LINE
8
BLACK
6
CONTINUOUS
10
5.5207846456692913
20
-4.8774884251968507
11
5.5216672047244097
21
-4.8767478740157477
0
LINE
8
BLACK
6
CONTINUOUS
10
5.5216672047244097
20
-4.8767478740157477
11
5.5227659842519685
21
-4.8764014173228345
0
LINE
8
BLACK
6
CONTINUOUS
10
5.5227659842519685
20
-4.8764014173228345
11
5.5239137007874017
21
-4.8765018110236218
0
LINE
8
BLACK
6
CONTINUOUS
10
5.5239137007874017
20
-4.8765018110236218
11
5.5249356299212593
21
-4.8770338188976377
0
LINE
8
BLACK
6
CONTINUOUS
10
5.5249356299212593
20
-4.8770338188976377
11
5.5256761811023622
21
-4.8779163779527561
0
LINE
8
BLACK
6
CONTINUOUS
10
5.5256761811023622
20
-4.8779163779527561
11
5.5260226377952755
21
-4.8790151574803149
0
LINE
8
BLACK
6
CONTINUOUS
10
5.5260226377952755
20
-4.8790151574803149
11
5.5259222440944882
21
-4.8801628740157481
0
LINE
8
BLACK
6
CONTINUOUS
10
5.5259222440944882
20
-4.8801628740157481
11
5.5257065748031495
21
-4.8807000393700788
0
LINE
8
BLACK
6
CONTINUOUS
10
5.5257065748031495
20
-4.8807000393700788
11
5.5048659842519685
21
-4.9207344094488183
0
LINE
8
BLACK
6
CONTINUOUS
10
5.5048659842519685
20
-4.9207344094488183
11
5.8971467322834643
21
-4.9207344094488183
0
LINE
8
BLACK
6
CONTINUOUS
10
5.8971467322834643
20
-4.9207344094488183
11
5.8971467322834643
21
-4.7066398818897639
0
LINE
8
BLACK
6
CONTINUOUS
10
5.8971467322834643
20
-4.7066398818897639
11
5.5048659842519685
21
-4.7066398818897639
0
LINE
8
BLACK
6
CONTINUOUS
10
5.5048659842519685
20
-4.7066398818897639
11
5.5257065748031495
21
-4.7466742519685035
0
LINE
8
BLACK
6
CONTINUOUS
10
5.5257065748031495
20
-4.7466742519685035
11
5.5259222440944882
21
-4.7472114173228341
0
LINE
8
BLACK
6
CONTINUOUS
10
5.5259222440944882
20
-4.7472114173228341
11
5.5260226377952755
21
-4.7483591338582674
0
LINE
8
BLACK
6
CONTINUOUS
10
5.5260226377952755
20
-4.7483591338582674
11
5.5256761811023622
21
-4.749457913385827
0
LINE
8
BLACK
6
CONTINUOUS
10
5.5256761811023622
20
-4.749457913385827
11
5.5249356299212593
21
-4.7503404724409446
0
LINE
8
BLACK
6
CONTINUOUS
10
5.5249356299212593
20
-4.7503404724409446
11
5.5239137007874017
21
-4.7508724803149605
0
LINE
8
BLACK
6
CONTINUOUS
10
5.5239137007874017
20
-4.7508724803149605
11
5.5227659842519685
21
-4.7509728740157477
0
LINE
8
BLACK
6
CONTINUOUS
10
5.5227659842519685
20
-4.7509728740157477
11
5.5216672047244097
21
-4.7506264173228345
0
LINE
8
BLACK
6
CONTINUOUS
10
5.5216672047244097
20
-4.7506264173228345
11
5.5207846456692913
21
-4.7498858661417325
0
LINE
8
BLACK
6
CONTINUOUS
10
5.5207846456692913
20
-4.7498858661417325
11
5.5204683070866141
21
-4.7494011023622047
0
LINE
8
BLACK
6
CONTINUOUS
10
5.5204683070866141
20
-4.7494011023622047
11
5.502952755905512
21
-4.7157540157480318
0
LINE
8
BLACK
6
CONTINUOUS
10
5.502952755905512
20
-4.7157540157480318
11
5.502952755905512
21
-4.7861969685039369
0
LINE
8
BLACK
6
CONTINUOUS
10
5.502952755905512
20
-4.7861969685039369
11
5.5028960236220472
21
-4.7867730314960628
0
LINE
8
BLACK
6
CONTINUOUS
10
5.5028960236220472
20
-4.7867730314960628
11
5.5024551181102357
21
-4.7878374409448821
0
LINE
8
BLACK
6
CONTINUOUS
10
5.5024551181102357
20
-4.7878374409448821
11
5.5016404724409451
21
-4.7886520866141735
0
LINE
8
BLACK
6
CONTINUOUS
10
5.5016404724409451
20
-4.7886520866141735
11
5.5005760629921259
21
-4.7890929921259842
0
LINE
8
BLACK
6
CONTINUOUS
10
5.5005760629921259
20
-4.7890929921259842
11
5.4994239370078741
21
-4.7890929921259842
0
LINE
8
BLACK
6
CONTINUOUS
10
5.4994239370078741
20
-4.7890929921259842
11
5.4983595275590549
21
-4.7886520866141735
0
LINE
8
BLACK
6
CONTINUOUS
10
5.4983595275590549
20
-4.7886520866141735
11
5.4975448818897634
21
-4.7878374409448821
0
LINE
8
BLACK
6
CONTINUOUS
10
5.4975448818897634
20
-4.7878374409448821
11
5.4971039763779528
21
-4.7867730314960628
0
LINE
8
BLACK
6
CONTINUOUS
10
5.4971039763779528
20
-4.7867730314960628
11
5.497047244094488
21
-4.7861969685039369
0
LINE
8
BLACK
6
CONTINUOUS
10
5.497047244094488
20
-4.7861969685039369
11
5.497047244094488
21
-4.7157540157480318
0
LINE
8
BLACK
6
CONTINUOUS
10
5.497047244094488
20
-4.7157540157480318
11
5.4795316929133859
21
-4.7494011023622047
0
LINE
8
BLACK
6
CONTINUOUS
10
5.4795316929133859
20
-4.7494011023622047
11
5.4792153543307087
21
-4.7498859055118112
0
LINE
8
BLACK
6
CONTINUOUS
10
5.4792153543307087
20
-4.7498859055118112
11
5.4783327952755903
21
-4.7506264566929133
0
LINE
8
BLACK
6
CONTINUOUS
10
5.4783327952755903
20
-4.7506264566929133
11
5.4772340157480315
21
-4.7509728740157477
0
LINE
8
BLACK
6
CONTINUOUS
10
5.4772340157480315
20
-4.7509728740157477
11
5.4760862992125983
21
-4.7508724803149605
0
LINE
8
BLACK
6
CONTINUOUS
10
5.4760862992125983
20
-4.7508724803149605
11
5.4750643307086611
21
-4.7503404724409446
0
LINE
8
BLACK
6
CONTINUOUS
10
5.4750643307086611
20
-4.7503404724409446
11
5.474323779527559
21
-4.749457913385827
0
LINE
8
BLACK
6
CONTINUOUS
10
5.474323779527559
20
-4.749457913385827
11
5.4739773622047245
21
-4.7483591338582674
0
LINE
8
BLACK
6
CONTINUOUS
10
5.4739773622047245
20
-4.7483591338582674
11
5.4740777559055118
21
-4.7472114173228341
0
LINE
8
BLACK
6
CONTINUOUS
10
5.4740777559055118
20
-4.7472114173228341
11
5.4742934251968505
21
-4.7466742519685035
0
LINE
8
BLACK
6
CONTINUOUS
10
5.4742934251968505
20
-4.7466742519685035
11
5.4951340157480315
21
-4.7066398818897639
0
LINE
8
BLACK
6
CONTINUOUS
10
5.4951340157480315
20
-4.7066398818897639
11
5.476912598425197
21
-4.7066398818897639
0
LINE
8
BLACK
6
CONTINUOUS
10
5.476912598425197
20
-4.7066398818897639
11
5.4763365354330711
21
-4.7065831496062991
0
LINE
8
BLACK
6
CONTINUOUS
10
5.4763365354330711
20
-4.7065831496062991
11
5.4752721259842518
21
-4.7061422440944884
0
LINE
8
BLACK
6
CONTINUOUS
10
5.4752721259842518
20
-4.7061422440944884
11
5.4744574803149604
21
-4.705327598425197
0
LINE
8
BLACK
6
CONTINUOUS
10
5.4744574803149604
20
-4.705327598425197
11
5.4740165748031497
21
-4.7042631889763777
0
LINE
8
BLACK
6
CONTINUOUS
10
5.4740165748031497
20
-4.7042631889763777
11
5.4740165748031497
21
-4.703111062992126
0
LINE
8
BLACK
6
CONTINUOUS
10
5.4740165748031497
20
-4.703111062992126
11
5.4744574803149604
21
-4.7020466535433068
0
LINE
8
BLACK
6
CONTINUOUS
10
5.4744574803149604
20
-4.7020466535433068
11
5.4752721259842518
21
-4.7012320078740153
0
LINE
8
BLACK
6
CONTINUOUS
10
5.4752721259842518
20
-4.7012320078740153
11
5.4763365354330711
21
-4.7007911023622047
0
LINE
8
BLACK
6
CONTINUOUS
10
5.4763365354330711
20
-4.7007911023622047
11
5.476912598425197
21
-4.7007343700787398
0
LINE
8
BLACK
6
CONTINUOUS
10
5.476912598425197
20
-4.7007343700787398
11
5.9089960629921254
21
-4.7007343700787398
0
LINE
8
BLACK
6
CONTINUOUS
10
5.9089960629921254
20
-4.7007343700787398
11
5.9095721259842522
21
-4.7007911023622047
0
LINE
8
BLACK
6
CONTINUOUS
10
5.9095721259842522
20
-4.7007911023622047
11
5.9106365354330705
21
-4.7012320078740153
0
LINE
8
BLACK
6
CONTINUOUS
10
5.9106365354330705
20
-4.7012320078740153
11
5.911451181102362
21
-4.7020466535433068
0
LINE
8
BLACK
6
CONTINUOUS
10
5.911451181102362
20
-4.7020466535433068
11
5.9118920866141735
21
-4.703111062992126
0
LINE
8
BLACK
6
CONTINUOUS
10
5.9118920866141735
20
-4.703111062992126
11
5.9118920866141735
21
-4.7042631889763777
0
LINE
8
BLACK
6
CONTINUOUS
10
5.9118920866141735
20
-4.7042631889763777
11
5.911451181102362
21
-4.705327598425197
0
LINE
8
BLACK
6
CONTINUOUS
10
5.911451181102362
20
-4.705327598425197
11
5.9106365354330705
21
-4.7061422440944884
0
LINE
8
BLACK
6
CONTINUOUS
10
5.9106365354330705
20
-4.7061422440944884
11
5.9095721259842522
21
-4.7065831496062991
0
LINE
8
BLACK
6
CONTINUOUS
10
5.9095721259842522
20
-4.7065831496062991
11
5.9089960629921254
21
-4.7066398818897639
0
LINE
8
BLACK
6
CONTINUOUS
10
5.9089960629921254
20
-4.7066398818897639
11
5.9030522440944884
21
-4.7066398818897639
0
LINE
8
BLACK
6
CONTINUOUS
10
5.9030522440944884
20
-4.7066398818897639
11
5.9030522440944884
21
-4.9207344094488183
0
LINE
8
BLACK
6
CONTINUOUS
10
5.9030522440944884
20
-4.9207344094488183
11
5.9089960629921254
21
-4.9207344094488183
0
LINE
8
BLACK
6
CONTINUOUS
10
5.9089960629921254
20
-4.9207344094488183
11
5.9095721259842522
21
-4.9207911417322832
0
LINE
8
BLACK
6
CONTINUOUS
10
5.9095721259842522
20
-4.9207911417322832
11
5.9106365354330705
21
-4.9212320472440947
0
LINE
8
BLACK
6
CONTINUOUS
10
5.9106365354330705
20
-4.9212320472440947
11
5.911451181102362
21
-4.9220466929133861
0
LINE
8
BLACK
6
CONTINUOUS
10
5.911451181102362
20
-4.9220466929133861
11
5.9118920866141735
21
-4.9231111023622045
0
LINE
8
BLACK
6
CONTINUOUS
10
5.9118920866141735
20
-4.9231111023622045
11
5.9118920866141735
21
-4.9242632283464562
0
LINE
8
BLACK
6
CONTINUOUS
10
5.9118920866141735
20
-4.9242632283464562
11
5.911451181102362
21
-4.9253276377952755
0
LINE
8
BLACK
6
CONTINUOUS
10
5.911451181102362
20
-4.9253276377952755
11
5.9106365354330705
21
-4.926142283464567
0
LINE
8
BLACK
6
CONTINUOUS
10
5.9106365354330705
20
-4.926142283464567
11
5.9095721259842522
21
-4.9265831889763776
0
LINE
8
BLACK
6
CONTINUOUS
10
5.9095721259842522
20
-4.9265831889763776
11
5.9089960629921254
21
-4.9266399212598424
0
LINE
8
BLACK
6
CONTINUOUS
10
5.9089960629921254
20
-4.9266399212598424
11
5.9030522440944884
21
-4.9266399212598424
0
LINE
8
BLACK
6
CONTINUOUS
10
5.9030522440944884
20
-4.9266399212598424
11
5.9030522440944884
21
-5.3867745275590551
0
LINE
8
BLACK
6
CONTINUOUS
10
5.9030522440944884
20
-5.3867745275590551
11
5.9029955118110236
21
-5.3873505905511809
0
LINE
8
BLACK
6
CONTINUOUS
10
5.9029955118110236
20
-5.3873505905511809
11
5.902554606299212
21
-5.3884150000000002
0
LINE
8
BLACK
6
CONTINUOUS
10
5.902554606299212
20
-5.3884150000000002
11
5.9017399606299215
21
-5.3892296456692916
0
LINE
8
BLACK
6
CONTINUOUS
10
5.9017399606299215
20
-5.3892296456692916
11
5.9006755511811022
21
-5.3896705511811023
0
LINE
8
BLACK
6
CONTINUOUS
10
5.9006755511811022
20
-5.3896705511811023
11
5.8995234251968505
21
-5.3896705511811023
0
LINE
8
BLACK
6
CONTINUOUS
10
5.8995234251968505
20
-5.3896705511811023
11
5.8984590157480312
21
-5.3892296456692916
0
LINE
8
BLACK
6
CONTINUOUS
10
5.8984590157480312
20
-5.3892296456692916
11
5.8976443700787398
21
-5.3884150000000002
0
LINE
8
BLACK
6
CONTINUOUS
10
5.8976443700787398
20
-5.3884150000000002
11
5.8972034645669291
21
-5.3873505905511809
0
LINE
8
BLACK
6
CONTINUOUS
10
5.8972034645669291
20
-5.3873505905511809
11
5.8971467322834643
21
-5.3867745275590551
0
LINE
8
BLACK
6
CONTINUOUS
10
5.8971467322834643
20
-5.3867745275590551
11
5.8971467322834643
21
-5.3685531102362205
0
LINE
8
BLACK
6
CONTINUOUS
10
5.8971467322834643
20
-5.3685531102362205
11
5.8571123622047239
21
-5.3893937007874015
0
LINE
8
BLACK
6
CONTINUOUS
10
5.8571123622047239
20
-5.3893937007874015
11
5.8565751968503932
21
-5.3896093700787402
0
LINE
8
BLACK
6
CONTINUOUS
10
5.8565751968503932
20
-5.3896093700787402
11
5.8554274803149609
21
-5.3897097637795275
0
LINE
8
BLACK
6
CONTINUOUS
10
5.8554274803149609
20
-5.3897097637795275
11
5.8543287007874012
21
-5.389363346456693
0
LINE
8
BLACK
6
CONTINUOUS
10
5.8543287007874012
20
-5.389363346456693
11
5.8534461417322836
21
-5.3886227952755901
0
LINE
8
BLACK
6
CONTINUOUS
10
5.8534461417322836
20
-5.3886227952755901
11
5.8529141338582678
21
-5.3876008267716538
0
LINE
8
BLACK
6
CONTINUOUS
10
5.8529141338582678
20
-5.3876008267716538
11
5.8528137401574805
21
-5.3864531102362205
0
LINE
8
BLACK
6
CONTINUOUS
10
5.8528137401574805
20
-5.3864531102362205
11
5.8531601574803149
21
-5.3853543307086609
0
LINE
8
BLACK
6
CONTINUOUS
10
5.8531601574803149
20
-5.3853543307086609
11
5.853900708661417
21
-5.3844717716535433
0
LINE
8
BLACK
6
CONTINUOUS
10
5.853900708661417
20
-5.3844717716535433
11
5.8543855118110235
21
-5.3841554330708661
0
LINE
8
BLACK
6
CONTINUOUS
10
5.8543855118110235
20
-5.3841554330708661
11
5.8880325590551177
21
-5.366639881889764
0
LINE
8
BLACK
6
CONTINUOUS
10
5.8880325590551177
20
-5.366639881889764
11
3.7921664173228344
21
-5.366639881889764
0
LINE
8
BLACK
6
CONTINUOUS
10
3.7921664173228344
20
-5.366639881889764
11
3.8258134645669291
21
-5.3841554330708661
0
LINE
8
BLACK
6
CONTINUOUS
10
3.8258134645669291
20
-5.3841554330708661
11
3.8262982283464564
21
-5.3844717716535433
0
LINE
8
BLACK
6
CONTINUOUS
10
3.8262982283464564
20
-5.3844717716535433
11
3.8270387795275589
21
-5.3853543307086609
0
LINE
8
BLACK
6
CONTINUOUS
10
3.8270387795275589
20
-5.3853543307086609
11
3.8273852362204726
21
-5.3864531102362205
0
LINE
8
BLACK
6
CONTINUOUS
10
3.8273852362204726
20
-5.3864531102362205
11
3.8272848425196848
21
-5.3876008267716538
0
LINE
8
BLACK
6
CONTINUOUS
10
3.8272848425196848
20
-5.3876008267716538
11
3.8267528346456694
21
-5.3886227559055113
0
LINE
8
BLACK
6
CONTINUOUS
10
3.8267528346456694
20
-5.3886227559055113
11
3.8258702755905509
21
-5.3893633070866143
0
LINE
8
BLACK
6
CONTINUOUS
10
3.8258702755905509
20
-5.3893633070866143
11
3.8247714960629922
21
-5.3897097637795275
0
LINE
8
BLACK
6
CONTINUOUS
10
3.8247714960629922
20
-5.3897097637795275
11
3.8236237795275589
21
-5.3896093700787402
0
LINE
8
BLACK
6
CONTINUOUS
10
3.8236237795275589
20
-5.3896093700787402
11
3.8230866141732283
21
-5.3893937007874015
0
LINE
8
BLACK
6
CONTINUOUS
10
3.8230866141732283
20
-5.3893937007874015
11
3.7830522440944883
21
-5.3685531102362205
0
LINE
8
BLACK
6
CONTINUOUS
10
3.7830522440944883
20
-5.3685531102362205
11
3.7830522440944883
21
-5.6013211023622045
0
LINE
8
BLACK
6
CONTINUOUS
10
3.7830522440944883
20
-5.6013211023622045
11
3.8230866141732283
21
-5.5804805511811022
0
LINE
8
BLACK
6
CONTINUOUS
10
3.8230866141732283
20
-5.5804805511811022
11
3.8236237795275589
21
-5.5802648818897636
0
LINE
8
BLACK
6
CONTINUOUS
10
3.8236237795275589
20
-5.5802648818897636
11
3.8247714960629922
21
-5.5801644881889763
0
LINE
8
BLACK
6
CONTINUOUS
10
3.8247714960629922
20
-5.5801644881889763
11
3.8258702755905509
21
-5.5805109448818895
0
LINE
8
BLACK
6
CONTINUOUS
10
3.8258702755905509
20
-5.5805109448818895
11
3.8267528346456694
21
-5.5812514960629924
0
LINE
8
BLACK
6
CONTINUOUS
10
3.8267528346456694
20
-5.5812514960629924
11
3.8272848425196848
21
-5.58227342519685
0
LINE
8
BLACK
6
CONTINUOUS
10
3.8272848425196848
20
-5.58227342519685
11
3.8273852362204726
21
-5.5834211417322832
0
LINE
8
BLACK
6
CONTINUOUS
10
3.8273852362204726
20
-5.5834211417322832
11
3.8270387795275589
21
-5.584519921259842
0
LINE
8
BLACK
6
CONTINUOUS
10
3.8270387795275589
20
-5.584519921259842
11
3.8262982283464564
21
-5.5854024803149604
0
LINE
8
BLACK
6
CONTINUOUS
10
3.8262982283464564
20
-5.5854024803149604
11
3.8258134645669291
21
-5.5857188188976377
0
LINE
8
BLACK
6
CONTINUOUS
10
3.8258134645669291
20
-5.5857188188976377
11
3.7921664173228344
21
-5.6032343700787397
0
LINE
8
BLACK
6
CONTINUOUS
10
3.7921664173228344
20
-5.6032343700787397
11
7.1430325590551176
21
-5.6032343700787397
0
LINE
8
BLACK
6
CONTINUOUS
10
7.1430325590551176
20
-5.6032343700787397
11
7.1093855118110234
21
-5.5857188188976377
0
LINE
8
BLACK
6
CONTINUOUS
10
7.1093855118110234
20
-5.5857188188976377
11
7.1089007086614169
21
-5.5854024803149604
0
LINE
8
BLACK
6
CONTINUOUS
10
7.1089007086614169
20
-5.5854024803149604
11
7.1081601574803148
21
-5.584519921259842
0
LINE
8
BLACK
6
CONTINUOUS
10
7.1081601574803148
20
-5.584519921259842
11
7.1078137401574804
21
-5.5834211417322832
0
LINE
8
BLACK
6
CONTINUOUS
10
7.1078137401574804
20
-5.5834211417322832
11
7.1079141338582676
21
-5.58227342519685
0
LINE
8
BLACK
6
CONTINUOUS
10
7.1079141338582676
20
-5.58227342519685
11
7.1084461417322835
21
-5.5812514566929137
0
LINE
8
BLACK
6
CONTINUOUS
10
7.1084461417322835
20
-5.5812514566929137
11
7.1093287007874011
21
-5.5805109055118107
0
LINE
8
BLACK
6
CONTINUOUS
10
7.1093287007874011
20
-5.5805109055118107
11
7.1104274803149607
21
-5.5801644881889763
0
LINE
8
BLACK
6
CONTINUOUS
10
7.1104274803149607
20
-5.5801644881889763
11
7.111575196850394
21
-5.5802648818897636
0
LINE
8
BLACK
6
CONTINUOUS
10
7.111575196850394
20
-5.5802648818897636
11
7.1121123622047246
21
-5.5804805511811022
0
LINE
8
BLACK
6
CONTINUOUS
10
7.1121123622047246
20
-5.5804805511811022
11
7.1521467322834642
21
-5.6013211023622045
0
LINE
8
BLACK
6
CONTINUOUS
10
7.1521467322834642
20
-5.6013211023622045
11
7.1521467322834642
21
-4.826639881889764
0
LINE
8
BLACK
6
CONTINUOUS
10
7.1521467322834642
20
-4.826639881889764
11
6.6475994881889759
21
-4.826639881889764
0
LINE
8
BLACK
6
CONTINUOUS
10
6.6475994881889759
20
-4.826639881889764
11
6.6470234251968501
21
-4.8265831496062992
0
LINE
8
BLACK
6
CONTINUOUS
10
6.6470234251968501
20
-4.8265831496062992
11
6.6459590157480317
21
-4.8261422440944877
0
LINE
8
BLACK
6
CONTINUOUS
10
6.6459590157480317
20
-4.8261422440944877
11
6.6451443700787403
21
-4.8253275984251971
0
LINE
8
BLACK
6
CONTINUOUS
10
6.6451443700787403
20
-4.8253275984251971
11
6.6447034645669287
21
-4.8242631889763778
0
LINE
8
BLACK
6
CONTINUOUS
10
6.6447034645669287
20
-4.8242631889763778
11
6.6447034645669287
21
-4.8231110629921261
0
LINE
8
BLACK
6
CONTINUOUS
10
6.6447034645669287
20
-4.8231110629921261
11
6.6451443700787403
21
-4.8220466535433069
0
LINE
8
BLACK
6
CONTINUOUS
10
6.6451443700787403
20
-4.8220466535433069
11
6.6459590157480317
21
-4.8212320078740154
0
LINE
8
BLACK
6
CONTINUOUS
10
6.6459590157480317
20
-4.8212320078740154
11
6.6470234251968501
21
-4.8207911023622048
0
LINE
8
BLACK
6
CONTINUOUS
10
6.6470234251968501
20
-4.8207911023622048
11
6.6475994881889759
21
-4.8207343700787399
0
LINE
8
BLACK
6
CONTINUOUS
10
6.6475994881889759
20
-4.8207343700787399
11
7.4902335039370076
21
-4.8207343700787399
0
LINE
8
BLACK
6
CONTINUOUS
10
7.4902335039370076
20
-4.8207343700787399
11
7.4693929133858266
21
-4.7806999999999995
0
LINE
8
BLACK
6
CONTINUOUS
10
7.4693929133858266
20
-4.7806999999999995
11
7.4691772440944879
21
-4.7801628346456688
0
LINE
8
BLACK
6
CONTINUOUS
10
7.4691772440944879
20
-4.7801628346456688
11
7.4690768503937006
21
-4.7790151181102365
0
LINE
8
BLACK
6
CONTINUOUS
10
7.4690768503937006
20
-4.7790151181102365
11
7.4694232677165351
21
-4.7779163385826768
0
LINE
8
BLACK
6
CONTINUOUS
10
7.4694232677165351
20
-4.7779163385826768
11
7.470163818897638
21
-4.7770337795275593
0
LINE
8
BLACK
6
CONTINUOUS
10
7.470163818897638
20
-4.7770337795275593
11
7.4711857874015744
21
-4.7765017716535434
0
LINE
8
BLACK
6
CONTINUOUS
10
7.4711857874015744
20
-4.7765017716535434
11
7.4723335039370076
21
-4.7764013779527561
0
LINE
8
BLACK
6
CONTINUOUS
10
7.4723335039370076
20
-4.7764013779527561
11
7.4734322834645663
21
-4.7767477952755906
0
LINE
8
BLACK
6
CONTINUOUS
10
7.4734322834645663
20
-4.7767477952755906
11
7.4743148425196848
21
-4.7774883464566926
0
LINE
8
BLACK
6
CONTINUOUS
10
7.4743148425196848
20
-4.7774883464566926
11
7.474631181102362
21
-4.7779731496062992
0
LINE
8
BLACK
6
CONTINUOUS
10
7.474631181102362
20
-4.7779731496062992
11
7.4921467322834641
21
-4.8116201968503933
0
LINE
8
BLACK
6
CONTINUOUS
10
7.4921467322834641
20
-4.8116201968503933
11
7.4921467322834641
21
-3.3357540157480314
0
LINE
8
BLACK
6
CONTINUOUS
10
7.4921467322834641
20
-3.3357540157480314
11
7.474631181102362
21
-3.3694011023622048
0
LINE
8
BLACK
6
CONTINUOUS
10
7.474631181102362
20
-3.3694011023622048
11
7.4743148425196848
21
-3.3698859055118109
0
LINE
8
BLACK
6
CONTINUOUS
10
7.4743148425196848
20
-3.3698859055118109
11
7.4734322834645663
21
-3.3706264566929134
0
LINE
8
BLACK
6
CONTINUOUS
10
7.4734322834645663
20
-3.3706264566929134
11
7.4723335039370076
21
-3.3709728740157479
0
LINE
8
BLACK
6
CONTINUOUS
10
7.4723335039370076
20
-3.3709728740157479
11
7.4711857874015744
21
-3.3708724803149606
0
LINE
8
BLACK
6
CONTINUOUS
10
7.4711857874015744
20
-3.3708724803149606
11
7.470163818897638
21
-3.3703404724409447
0
LINE
8
BLACK
6
CONTINUOUS
10
7.470163818897638
20
-3.3703404724409447
11
7.4694232677165351
21
-3.3694579133858267
0
LINE
8
BLACK
6
CONTINUOUS
10
7.4694232677165351
20
-3.3694579133858267
11
7.4690768503937006
21
-3.3683591338582675
0
LINE
8
BLACK
6
CONTINUOUS
10
7.4690768503937006
20
-3.3683591338582675
11
7.4691772440944879
21
-3.3672114173228347
0
LINE
8
BLACK
6
CONTINUOUS
10
7.4691772440944879
20
-3.3672114173228347
11
7.4693929133858266
21
-3.366674251968504
0
LINE
8
BLACK
6
CONTINUOUS
10
7.4693929133858266
20
-3.366674251968504
11
7.4902335039370076
21
-3.3266398818897636
0
LINE
8
BLACK
6
CONTINUOUS
10
7.4902335039370076
20
-3.3266398818897636
11
6.6475994881889759
21
-3.3266398818897636
0
LINE
8
BLACK
6
CONTINUOUS
10
6.6475994881889759
20
-3.3266398818897636
11
6.6470234251968501
21
-3.3265831496062992
0
LINE
8
BLACK
6
CONTINUOUS
10
6.6470234251968501
20
-3.3265831496062992
11
6.6463494881889762
21
-3.3263039763779525
0
LINE
8
BLACK
6
CONTINUOUS
10
6.6463494881889762
20
-3.3263039763779525
11
6.6456755905511811
21
-3.3265831496062992
0
LINE
8
BLACK
6
CONTINUOUS
10
6.6456755905511811
20
-3.3265831496062992
11
6.6445234645669293
21
-3.3265831496062992
0
LINE
8
BLACK
6
CONTINUOUS
10
6.6445234645669293
20
-3.3265831496062992
11
6.6434590551181101
21
-3.3261422440944881
0
LINE
8
BLACK
6
CONTINUOUS
10
6.6434590551181101
20
-3.3261422440944881
11
6.6426444094488186
21
-3.3253275984251967
0
LINE
8
BLACK
6
CONTINUOUS
10
6.6426444094488186
20
-3.3253275984251967
11
6.642203503937008
21
-3.3242631889763778
0
LINE
8
BLACK
6
CONTINUOUS
10
6.642203503937008
20
-3.3242631889763778
11
6.6421467716535432
21
-3.323687125984252
0
LINE
8
BLACK
6
CONTINUOUS
10
6.6421467716535432
20
-3.323687125984252
11
6.6421467716535432
21
-3.0385531102362204
0
LINE
8
BLACK
6
CONTINUOUS
10
6.6421467716535432
20
-3.0385531102362204
11
6.6021124015748027
21
-3.0593937007874015
0
LINE
8
BLACK
6
CONTINUOUS
10
6.6021124015748027
20
-3.0593937007874015
11
6.601575236220472
21
-3.0596093700787401
0
LINE
8
BLACK
6
CONTINUOUS
10
6.601575236220472
20
-3.0596093700787401
11
6.6004275196850388
21
-3.0597097637795274
0
LINE
8
BLACK
6
CONTINUOUS
10
6.6004275196850388
20
-3.0597097637795274
11
6.5993287401574801
21
-3.0593633464566929
0
LINE
8
BLACK
6
CONTINUOUS
10
6.5993287401574801
20
-3.0593633464566929
11
6.5984461811023625
21
-3.0586227952755904
0
LINE
8
BLACK
6
CONTINUOUS
10
6.5984461811023625
20
-3.0586227952755904
11
6.5979141732283466
21
-3.0576008267716537
0
LINE
8
BLACK
6
CONTINUOUS
10
6.5979141732283466
20
-3.0576008267716537
11
6.5978137795275593
21
-3.0564531102362205
0
LINE
8
BLACK
6
CONTINUOUS
10
6.5978137795275593
20
-3.0564531102362205
11
6.5981601968503938
21
-3.0553543307086612
0
LINE
8
BLACK
6
CONTINUOUS
10
6.5981601968503938
20
-3.0553543307086612
11
6.5989007480314958
21
-3.0544717716535432
0
LINE
8
BLACK
6
CONTINUOUS
10
6.5989007480314958
20
-3.0544717716535432
11
6.5993855511811024
21
-3.054155433070866
0
LINE
8
BLACK
6
CONTINUOUS
10
6.5993855511811024
20
-3.054155433070866
11
6.6330325984251965
21
-3.0366398818897635
0
LINE
8
BLACK
6
CONTINUOUS
10
6.6330325984251965
20
-3.0366398818897635
11
4.497166417322835
21
-3.0366398818897635
0
LINE
8
BLACK
6
CONTINUOUS
10
4.497166417322835
20
-3.0366398818897635
11
4.5308134645669291
21
-3.054155433070866
0
LINE
8
BLACK
6
CONTINUOUS
10
4.5308134645669291
20
-3.054155433070866
11
4.5312982283464569
21
-3.0544717716535432
0
LINE
8
BLACK
6
CONTINUOUS
10
4.5312982283464569
20
-3.0544717716535432
11
4.532038779527559
21
-3.0553543307086612
0
LINE
8
BLACK
6
CONTINUOUS
10
4.532038779527559
20
-3.0553543307086612
11
4.5323852362204722
21
-3.0564531102362205
0
LINE
8
BLACK
6
CONTINUOUS
10
4.5323852362204722
20
-3.0564531102362205
11
4.5322848425196849
21
-3.0576008267716537
0
LINE
8
BLACK
6
CONTINUOUS
10
4.5322848425196849
20
-3.0576008267716537
11
4.531752834645669
21
-3.0586227559055117
0
LINE
8
BLACK
6
CONTINUOUS
10
4.531752834645669
20
-3.0586227559055117
11
4.5308702755905514
21
-3.0593633070866142
0
LINE
8
BLACK
6
CONTINUOUS
10
4.5308702755905514
20
-3.0593633070866142
11
4.5297714960629918
21
-3.0597097637795274
0
LINE
8
BLACK
6
CONTINUOUS
10
4.5297714960629918
20
-3.0597097637795274
11
4.5286237795275586
21
-3.0596093700787401
0
LINE
8
BLACK
6
CONTINUOUS
10
4.5286237795275586
20
-3.0596093700787401
11
4.5280866141732279
21
-3.0593937007874015
0
LINE
8
BLACK
6
CONTINUOUS
10
4.5280866141732279
20
-3.0593937007874015
11
4.4905522047244091
21
-3.0398544881889764
0
LINE
8
BLACK
6
CONTINUOUS
10
4.4905522047244091
20
-3.0398544881889764
11
4.4905522047244091
21
-3.323687125984252
0
LINE
8
BLACK
6
CONTINUOUS
10
4.4905522047244091
20
-3.323687125984252
11
4.4904954724409452
21
-3.3242631889763778
0
LINE
8
BLACK
6
CONTINUOUS
10
4.4904954724409452
20
-3.3242631889763778
11
4.4900545669291336
21
-3.3253275984251967
0
LINE
8
BLACK
6
CONTINUOUS
10
4.4900545669291336
20
-3.3253275984251967
11
4.4892399212598422
21
-3.3261422440944881
0
LINE
8
BLACK
6
CONTINUOUS
10
4.4892399212598422
20
-3.3261422440944881
11
4.4881755118110238
21
-3.3265831496062992
0
LINE
8
BLACK
6
CONTINUOUS
10
4.4881755118110238
20
-3.3265831496062992
11
4.4870233858267712
21
-3.3265831496062992
0
LINE
8
BLACK
6
CONTINUOUS
10
4.4870233858267712
20
-3.3265831496062992
11
4.4863494488188973
21
-3.3263039763779525
0
LINE
8
BLACK
6
CONTINUOUS
10
4.4863494488188973
20
-3.3263039763779525
11
4.4856755511811022
21
-3.3265831496062992
0
LINE
8
BLACK
6
CONTINUOUS
10
4.4856755511811022
20
-3.3265831496062992
11
4.4845234251968504
21
-3.3265831496062992
0
LINE
8
BLACK
6
CONTINUOUS
10
4.4845234251968504
20
-3.3265831496062992
11
4.4834590157480312
21
-3.3261422440944881
0
LINE
8
BLACK
6
CONTINUOUS
10
4.4834590157480312
20
-3.3261422440944881
11
4.4826443700787397
21
-3.3253275984251967
0
LINE
8
BLACK
6
CONTINUOUS
10
4.4826443700787397
20
-3.3253275984251967
11
4.4822034645669291
21
-3.3242631889763778
0
LINE
8
BLACK
6
CONTINUOUS
10
4.4822034645669291
20
-3.3242631889763778
11
4.4821467322834643
21
-3.323687125984252
0
LINE
8
BLACK
6
CONTINUOUS
10
4.4821467322834643
20
-3.323687125984252
11
4.4821467322834643
21
-3.0448544881889763
0
LINE
8
BLACK
6
CONTINUOUS
10
4.4821467322834643
20
-3.0448544881889763
11
4.4446123228346455
21
-3.0643937007874014
0
LINE
8
BLACK
6
CONTINUOUS
10
4.4446123228346455
20
-3.0643937007874014
11
4.4440751574803148
21
-3.06460937007874
0
LINE
8
BLACK
6
CONTINUOUS
10
4.4440751574803148
20
-3.06460937007874
11
4.4429274409448816
21
-3.0647097637795273
0
LINE
8
BLACK
6
CONTINUOUS
10
4.4429274409448816
20
-3.0647097637795273
11
4.4418286614173228
21
-3.0643633464566928
0
LINE
8
BLACK
6
CONTINUOUS
10
4.4418286614173228
20
-3.0643633464566928
11
4.4409461023622043
21
-3.0636227952755903
0
LINE
8
BLACK
6
CONTINUOUS
10
4.4409461023622043
20
-3.0636227952755903
11
4.4404140944881885
21
-3.0626008267716536
0
LINE
8
BLACK
6
CONTINUOUS
10
4.4404140944881885
20
-3.0626008267716536
11
4.4403137007874012
21
-3.0614531102362204
0
LINE
8
BLACK
6
CONTINUOUS
10
4.4403137007874012
20
-3.0614531102362204
11
4.4406601181102365
21
-3.0603543307086611
0
LINE
8
BLACK
6
CONTINUOUS
10
4.4406601181102365
20
-3.0603543307086611
11
4.4414006692913386
21
-3.0594717716535431
0
LINE
8
BLACK
6
CONTINUOUS
10
4.4414006692913386
20
-3.0594717716535431
11
4.4418854724409451
21
-3.0591554330708659
0
LINE
8
BLACK
6
CONTINUOUS
10
4.4418854724409451
20
-3.0591554330708659
11
4.4755325196850393
21
-3.0416398818897639
0
LINE
8
BLACK
6
CONTINUOUS
10
4.4755325196850393
20
-3.0416398818897639
11
3.7896664173228345
21
-3.0416398818897639
0
LINE
8
BLACK
6
CONTINUOUS
10
3.7896664173228345
20
-3.0416398818897639
11
3.8233134645669291
21
-3.0591554330708659
0
LINE
8
BLACK
6
CONTINUOUS
10
3.8233134645669291
20
-3.0591554330708659
11
3.8237982283464564
21
-3.0594717716535431
0
LINE
8
BLACK
6
CONTINUOUS
10
3.8237982283464564
20
-3.0594717716535431
11
3.8245387795275589
21
-3.0603543307086611
0
LINE
8
BLACK
6
CONTINUOUS
10
3.8245387795275589
20
-3.0603543307086611
11
3.8248852362204722
21
-3.0614531102362204
0
LINE
8
BLACK
6
CONTINUOUS
10
3.8248852362204722
20
-3.0614531102362204
11
3.8247848425196849
21
-3.0626008267716536
0
LINE
8
BLACK
6
CONTINUOUS
10
3.8247848425196849
20
-3.0626008267716536
11
3.824252834645669
21
-3.0636227559055116
0
LINE
8
BLACK
6
CONTINUOUS
10
3.824252834645669
20
-3.0636227559055116
11
3.823370275590551
21
-3.0643633070866141
0
LINE
8
BLACK
6
CONTINUOUS
10
3.823370275590551
20
-3.0643633070866141
11
3.8222714960629922
21
-3.0647097637795273
0
LINE
8
BLACK
6
CONTINUOUS
10
3.8222714960629922
20
-3.0647097637795273
11
3.821123779527559
21
-3.06460937007874
0
LINE
8
BLACK
6
CONTINUOUS
10
3.821123779527559
20
-3.06460937007874
11
3.8205866141732283
21
-3.0643937007874014
0
LINE
8
BLACK
6
CONTINUOUS
10
3.8205866141732283
20
-3.0643937007874014
11
3.7805522440944883
21
-3.0435531102362203
0
LINE
8
BLACK
6
CONTINUOUS
10
3.7805522440944883
20
-3.0435531102362203
11
3.7805522440944883
21
-3.323687125984252
0
LINE
8
BLACK
6
CONTINUOUS
10
3.7805522440944883
20
-3.323687125984252
11
3.7804955118110235
21
-3.3242631889763778
0
LINE
8
BLACK
6
CONTINUOUS
10
3.7804955118110235
20
-3.3242631889763778
11
3.7800546062992124
21
-3.3253275984251967
0
LINE
8
BLACK
6
CONTINUOUS
10
3.7800546062992124
20
-3.3253275984251967
11
3.779239960629921
21
-3.3261422440944881
0
LINE
8
BLACK
6
CONTINUOUS
10
3.779239960629921
20
-3.3261422440944881
11
3.7781755511811022
21
-3.3265831496062992
0
LINE
8
BLACK
6
CONTINUOUS
10
3.7781755511811022
20
-3.3265831496062992
11
3.7770234251968504
21
-3.3265831496062992
0
LINE
8
BLACK
6
CONTINUOUS
10
3.7770234251968504
20
-3.3265831496062992
11
3.7759590157480316
21
-3.3261422440944881
0
LINE
8
BLACK
6
CONTINUOUS
10
3.7759590157480316
20
-3.3261422440944881
11
3.7751443700787402
21
-3.3253275984251967
0
LINE
8
BLACK
6
CONTINUOUS
10
3.7751443700787402
20
-3.3253275984251967
11
3.7747034645669291
21
-3.3242631889763778
0
LINE
8
BLACK
6
CONTINUOUS
10
3.7747034645669291
20
-3.3242631889763778
11
3.7746467322834647
21
-3.323687125984252
0
LINE
8
BLACK
6
CONTINUOUS
10
3.7746467322834647
20
-3.323687125984252
11
3.7746467322834647
21
-3.0155997244094488
0
LINE
8
BLACK
6
CONTINUOUS
10
3.7746467322834647
20
-3.0155997244094488
11
3.7747034645669291
21
-3.0150236614173229
0
LINE
8
BLACK
6
CONTINUOUS
10
3.7747034645669291
20
-3.0150236614173229
11
3.7751443700787402
21
-3.0139592519685037
0
LINE
8
BLACK
6
CONTINUOUS
10
3.7751443700787402
20
-3.0139592519685037
11
3.7759590157480316
21
-3.0131446062992127
0
LINE
8
BLACK
6
CONTINUOUS
10
3.7759590157480316
20
-3.0131446062992127
11
3.7770234251968504
21
-3.0127037007874016
0
LINE
8
BLACK
6
CONTINUOUS
10
3.7770234251968504
20
-3.0127037007874016
11
3.7781755511811022
21
-3.0127037007874016
0
LINE
8
BLACK
6
CONTINUOUS
10
3.7781755511811022
20
-3.0127037007874016
11
3.779239960629921
21
-3.0131446062992127
0
LINE
8
BLACK
6
CONTINUOUS
10
3.779239960629921
20
-3.0131446062992127
11
3.7800546062992124
21
-3.0139592519685037
0
LINE
8
BLACK
6
CONTINUOUS
10
3.7800546062992124
20
-3.0139592519685037
11
3.7804955118110235
21
-3.0150236614173229
0
LINE
8
BLACK
6
CONTINUOUS
10
3.7804955118110235
20
-3.0150236614173229
11
3.7805522440944883
21
-3.0155997244094488
0
LINE
8
BLACK
6
CONTINUOUS
10
3.7805522440944883
20
-3.0155997244094488
11
3.7805522440944883
21
-3.0338211023622046
0
LINE
8
BLACK
6
CONTINUOUS
10
3.7805522440944883
20
-3.0338211023622046
11
3.8205866141732283
21
-3.0129805511811023
0
LINE
8
BLACK
6
CONTINUOUS
10
3.8205866141732283
20
-3.0129805511811023
11
3.821123779527559
21
-3.0127648818897637
0
LINE
8
BLACK
6
CONTINUOUS
10
3.821123779527559
20
-3.0127648818897637
11
3.8222714960629922
21
-3.0126644881889764
0
LINE
8
BLACK
6
CONTINUOUS
10
3.8222714960629922
20
-3.0126644881889764
11
3.823370275590551
21
-3.0130109448818896
0
LINE
8
BLACK
6
CONTINUOUS
10
3.823370275590551
20
-3.0130109448818896
11
3.824252834645669
21
-3.0137514960629921
0
LINE
8
BLACK
6
CONTINUOUS
10
3.824252834645669
20
-3.0137514960629921
11
3.8247848425196849
21
-3.0147734251968505
0
LINE
8
BLACK
6
CONTINUOUS
10
3.8247848425196849
20
-3.0147734251968505
11
3.8248852362204722
21
-3.0159211417322833
0
LINE
8
BLACK
6
CONTINUOUS
10
3.8248852362204722
20
-3.0159211417322833
11
3.8245387795275589
21
-3.0170199212598425
0
LINE
8
BLACK
6
CONTINUOUS
10
3.8245387795275589
20
-3.0170199212598425
11
3.8237982283464564
21
-3.0179024803149606
0
LINE
8
BLACK
6
CONTINUOUS
10
3.8237982283464564
20
-3.0179024803149606
11
3.8233134645669291
21
-3.0182188188976378
0
LINE
8
BLACK
6
CONTINUOUS
10
3.8233134645669291
20
-3.0182188188976378
11
3.7896664173228345
21
-3.0357343700787403
0
LINE
8
BLACK
6
CONTINUOUS
10
3.7896664173228345
20
-3.0357343700787403
11
4.4755325196850393
21
-3.0357343700787403
0
LINE
8
BLACK
6
CONTINUOUS
10
4.4755325196850393
20
-3.0357343700787403
11
4.4418854724409451
21
-3.0182188188976378
0
LINE
8
BLACK
6
CONTINUOUS
10
4.4418854724409451
20
-3.0182188188976378
11
4.4414006692913386
21
-3.0179024803149606
0
LINE
8
BLACK
6
CONTINUOUS
10
4.4414006692913386
20
-3.0179024803149606
11
4.4406601181102365
21
-3.0170199212598425
0
LINE
8
BLACK
6
CONTINUOUS
10
4.4406601181102365
20
-3.0170199212598425
11
4.4403137007874012
21
-3.0159211417322833
0
LINE
8
BLACK
6
CONTINUOUS
10
4.4403137007874012
20
-3.0159211417322833
11
4.4404140944881885
21
-3.0147734251968505
0
LINE
8
BLACK
6
CONTINUOUS
10
4.4404140944881885
20
-3.0147734251968505
11
4.4409461023622043
21
-3.0137514566929133
0
LINE
8
BLACK
6
CONTINUOUS
10
4.4409461023622043
20
-3.0137514566929133
11
4.4418286614173228
21
-3.0130109055118108
0
LINE
8
BLACK
6
CONTINUOUS
10
4.4418286614173228
20
-3.0130109055118108
11
4.4429274409448816
21
-3.0126644881889764
0
LINE
8
BLACK
6
CONTINUOUS
10
4.4429274409448816
20
-3.0126644881889764
11
4.4440751574803148
21
-3.0127648818897637
0
LINE
8
BLACK
6
CONTINUOUS
10
4.4440751574803148
20
-3.0127648818897637
11
4.4446123228346455
21
-3.0129805511811023
0
LINE
8
BLACK
6
CONTINUOUS
10
4.4446123228346455
20
-3.0129805511811023
11
4.4821467322834643
21
-3.0325197244094486
0
LINE
8
BLACK
6
CONTINUOUS
10
4.4821467322834643
20
-3.0325197244094486
11
4.4821467322834643
21
-3.0105997244094489
0
LINE
8
BLACK
6
CONTINUOUS
10
4.4821467322834643
20
-3.0105997244094489
11
4.4822034645669291
21
-3.0100236614173226
0
LINE
8
BLACK
6
CONTINUOUS
10
4.4822034645669291
20
-3.0100236614173226
11
4.4826443700787397
21
-3.0089592519685038
0
LINE
8
BLACK
6
CONTINUOUS
10
4.4826443700787397
20
-3.0089592519685038
11
4.4834590157480312
21
-3.0081446062992123
0
LINE
8
BLACK
6
CONTINUOUS
10
4.4834590157480312
20
-3.0081446062992123
11
4.4845234251968504
21
-3.0077037007874017
0
LINE
8
BLACK
6
CONTINUOUS
10
4.4845234251968504
20
-3.0077037007874017
11
4.4856755511811022
21
-3.0077037007874017
0
LINE
8
BLACK
6
CONTINUOUS
10
4.4856755511811022
20
-3.0077037007874017
11
4.4867399606299214
21
-3.0081446062992123
0
LINE
8
BLACK
6
CONTINUOUS
10
4.4867399606299214
20
-3.0081446062992123
11
4.4875546062992129
21
-3.0089592519685038
0
LINE
8
BLACK
6
CONTINUOUS
10
4.4875546062992129
20
-3.0089592519685038
11
4.4879955118110235
21
-3.0100236614173226
0
LINE
8
BLACK
6
CONTINUOUS
10
4.4879955118110235
20
-3.0100236614173226
11
4.4880522440944883
21
-3.0105997244094489
0
LINE
8
BLACK
6
CONTINUOUS
10
4.4880522440944883
20
-3.0105997244094489
11
4.4880522440944883
21
-3.0127037007874016
0
LINE
8
BLACK
6
CONTINUOUS
10
4.4880522440944883
20
-3.0127037007874016
11
4.4881755118110238
21
-3.0127037007874016
0
LINE
8
BLACK
6
CONTINUOUS
10
4.4881755118110238
20
-3.0127037007874016
11
4.4892399212598422
21
-3.0131446062992127
0
LINE
8
BLACK
6
CONTINUOUS
10
4.4892399212598422
20
-3.0131446062992127
11
4.4900545669291336
21
-3.0139592519685037
0
LINE
8
BLACK
6
CONTINUOUS
10
4.4900545669291336
20
-3.0139592519685037
11
4.4904954724409452
21
-3.0150236614173229
0
LINE
8
BLACK
6
CONTINUOUS
10
4.4904954724409452
20
-3.0150236614173229
11
4.4905522047244091
21
-3.0155997244094488
0
LINE
8
BLACK
6
CONTINUOUS
10
4.4905522047244091
20
-3.0155997244094488
11
4.4905522047244091
21
-3.0275197244094487
0
LINE
8
BLACK
6
CONTINUOUS
10
4.4905522047244091
20
-3.0275197244094487
11
4.5280866141732279
21
-3.0079805511811024
0
LINE
8
BLACK
6
CONTINUOUS
10
4.5280866141732279
20
-3.0079805511811024
11
4.5286237795275586
21
-3.0077648818897638
0
LINE
8
BLACK
6
CONTINUOUS
10
4.5286237795275586
20
-3.0077648818897638
11
4.5297714960629918
21
-3.0076644881889765
0
LINE
8
BLACK
6
CONTINUOUS
10
4.5297714960629918
20
-3.0076644881889765
11
4.5308702755905514
21
-3.0080109448818897
0
LINE
8
BLACK
6
CONTINUOUS
10
4.5308702755905514
20
-3.0080109448818897
11
4.531752834645669
21
-3.0087514960629922
0
LINE
8
BLACK
6
CONTINUOUS
10
4.531752834645669
20
-3.0087514960629922
11
4.5322848425196849
21
-3.0097734251968502
0
LINE
8
BLACK
6
CONTINUOUS
10
4.5322848425196849
20
-3.0097734251968502
11
4.5323852362204722
21
-3.0109211417322834
0
LINE
8
BLACK
6
CONTINUOUS
10
4.5323852362204722
20
-3.0109211417322834
11
4.532038779527559
21
-3.0120199212598426
0
LINE
8
BLACK
6
CONTINUOUS
10
4.532038779527559
20
-3.0120199212598426
11
4.5312982283464569
21
-3.0129024803149607
0
LINE
8
BLACK
6
CONTINUOUS
10
4.5312982283464569
20
-3.0129024803149607
11
4.5308134645669291
21
-3.0132188188976379
0
LINE
8
BLACK
6
CONTINUOUS
10
4.5308134645669291
20
-3.0132188188976379
11
4.497166417322835
21
-3.0307343700787399
0
LINE
8
BLACK
6
CONTINUOUS
10
4.497166417322835
20
-3.0307343700787399
11
6.6330325984251965
21
-3.0307343700787399
0
LINE
8
BLACK
6
CONTINUOUS
10
6.6330325984251965
20
-3.0307343700787399
11
6.5993855511811024
21
-3.0132188188976379
0
LINE
8
BLACK
6
CONTINUOUS
10
6.5993855511811024
20
-3.0132188188976379
11
6.5989007480314958
21
-3.0129024803149607
0
LINE
8
BLACK
6
CONTINUOUS
10
6.5989007480314958
20
-3.0129024803149607
11
6.5981601968503938
21
-3.0120199212598426
0
LINE
8
BLACK
6
CONTINUOUS
10
6.5981601968503938
20
-3.0120199212598426
11
6.5978137795275593
21
-3.0109211417322834
0
LINE
8
BLACK
6
CONTINUOUS
10
6.5978137795275593
20
-3.0109211417322834
11
6.5979141732283466
21
-3.0097734251968502
0
LINE
8
BLACK
6
CONTINUOUS
10
6.5979141732283466
20
-3.0097734251968502
11
6.5984461811023625
21
-3.0087514566929134
0
LINE
8
BLACK
6
CONTINUOUS
10
6.5984461811023625
20
-3.0087514566929134
11
6.5993287401574801
21
-3.0080109055118109
0
LINE
8
BLACK
6
CONTINUOUS
10
6.5993287401574801
20
-3.0080109055118109
11
6.6004275196850388
21
-3.0076644881889765
0
LINE
8
BLACK
6
CONTINUOUS
10
6.6004275196850388
20
-3.0076644881889765
11
6.601575236220472
21
-3.0077648818897638
0
LINE
8
BLACK
6
CONTINUOUS
10
5.5091943307086613
20
-4.9266399212598424
11
5.5085760629921259
21
-4.9268960236220467
0
LINE
8
BLACK
6
CONTINUOUS
10
5.5085760629921259
20
-4.9268960236220467
11
5.508
21
-4.9269527559055115
0
LINE
8
BLACK
6
CONTINUOUS
10
5.508
20
-4.9269527559055115
11
3.7830522440944883
21
-4.9269527559055115
0
LINE
8
BLACK
6
CONTINUOUS
10
3.7830522440944883
20
-4.9269527559055115
11
3.7830522440944883
21
-5.3588211023622048
0
LINE
8
BLACK
6
CONTINUOUS
10
3.7830522440944883
20
-5.3588211023622048
11
3.8230866141732283
21
-5.3379805511811025
0
LINE
8
BLACK
6
CONTINUOUS
10
3.8230866141732283
20
-5.3379805511811025
11
3.8236237795275589
21
-5.3377648818897638
0
LINE
8
BLACK
6
CONTINUOUS
10
3.8236237795275589
20
-5.3377648818897638
11
3.8247714960629922
21
-5.3376644881889765
0
LINE
8
BLACK
6
CONTINUOUS
10
3.8247714960629922
20
-5.3376644881889765
11
3.8258702755905509
21
-5.3380109448818898
0
LINE
8
BLACK
6
CONTINUOUS
10
3.8258702755905509
20
-5.3380109448818898
11
3.8267528346456694
21
-5.3387514960629918
0
LINE
8
BLACK
6
CONTINUOUS
10
3.8267528346456694
20
-5.3387514960629918
11
3.8272848425196848
21
-5.3397734251968503
0
LINE
8
BLACK
6
CONTINUOUS
10
3.8272848425196848
20
-5.3397734251968503
11
3.8273852362204726
21
-5.3409211417322835
0
LINE
8
BLACK
6
CONTINUOUS
10
3.8273852362204726
20
-5.3409211417322835
11
3.8270387795275589
21
-5.3420199212598423
0
LINE
8
BLACK
6
CONTINUOUS
10
3.8270387795275589
20
-5.3420199212598423
11
3.8262982283464564
21
-5.3429024803149607
0
LINE
8
BLACK
6
CONTINUOUS
10
3.8262982283464564
20
-5.3429024803149607
11
3.8258134645669291
21
-5.3432188188976379
0
LINE
8
BLACK
6
CONTINUOUS
10
3.8258134645669291
20
-5.3432188188976379
11
3.7921664173228344
21
-5.36073437007874
0
LINE
8
BLACK
6
CONTINUOUS
10
3.7921664173228344
20
-5.36073437007874
11
5.8880325590551177
21
-5.36073437007874
0
LINE
8
BLACK
6
CONTINUOUS
10
5.8880325590551177
20
-5.36073437007874
11
5.8543855118110235
21
-5.3432188188976379
0
LINE
8
BLACK
6
CONTINUOUS
10
5.8543855118110235
20
-5.3432188188976379
11
5.853900708661417
21
-5.3429024803149607
0
LINE
8
BLACK
6
CONTINUOUS
10
5.853900708661417
20
-5.3429024803149607
11
5.8531601574803149
21
-5.3420199212598423
0
LINE
8
BLACK
6
CONTINUOUS
10
5.8531601574803149
20
-5.3420199212598423
11
5.8528137401574805
21
-5.3409211417322835
0
LINE
8
BLACK
6
CONTINUOUS
10
5.8528137401574805
20
-5.3409211417322835
11
5.8529141338582678
21
-5.3397734251968503
0
LINE
8
BLACK
6
CONTINUOUS
10
5.8529141338582678
20
-5.3397734251968503
11
5.8534461417322836
21
-5.3387514566929131
0
LINE
8
BLACK
6
CONTINUOUS
10
5.8534461417322836
20
-5.3387514566929131
11
5.8543287007874012
21
-5.338010905511811
0
LINE
8
BLACK
6
CONTINUOUS
10
5.8543287007874012
20
-5.338010905511811
11
5.8554274803149609
21
-5.3376644881889765
0
LINE
8
BLACK
6
CONTINUOUS
10
5.8554274803149609
20
-5.3376644881889765
11
5.8565751968503932
21
-5.3377648818897638
0
LINE
8
BLACK
6
CONTINUOUS
10
5.8565751968503932
20
-5.3377648818897638
11
5.8571123622047239
21
-5.3379805511811025
0
LINE
8
BLACK
6
CONTINUOUS
10
5.8571123622047239
20
-5.3379805511811025
11
5.8971467322834643
21
-5.3588211023622048
0
LINE
8
BLACK
6
CONTINUOUS
10
5.8971467322834643
20
-5.3588211023622048
11
5.8971467322834643
21
-4.9266399212598424
0
LINE
8
BLACK
6
CONTINUOUS
10
5.8971467322834643
20
-4.9266399212598424
11
5.5091943307086613
21
-4.9266399212598424
0
LINE
8
BLACK
6
CONTINUOUS
10
5.2375793700787403
20
-5.5365516929133856
11
5.2376773622047246
21
-5.5365922834645671
0
LINE
8
BLACK
6
CONTINUOUS
10
5.2376773622047246
20
-5.5365922834645671
11
5.237783188976378
21
-5.5365998031496062
0
LINE
8
BLACK
6
CONTINUOUS
10
5.237783188976378
20
-5.5365998031496062
11
5.238323818897638
21
-5.5368066929133857
0
LINE
8
BLACK
6
CONTINUOUS
10
5.238323818897638
20
-5.5368066929133857
11
5.2420733464566931
21
-5.5386814566929132
0
LINE
8
BLACK
6
CONTINUOUS
10
5.2420733464566931
20
-5.5386814566929132
11
5.242321338582677
21
-5.538837519685039
0
LINE
8
BLACK
6
CONTINUOUS
10
5.242321338582677
20
-5.538837519685039
11
5.2423933070866138
21
-5.5388673622047246
0
LINE
8
BLACK
6
CONTINUOUS
10
5.2423933070866138
20
-5.5388673622047246
11
5.2424742519685035
21
-5.5389338188976378
0
LINE
8
BLACK
6
CONTINUOUS
10
5.2424742519685035
20
-5.5389338188976378
11
5.2425632283464569
21
-5.5389898031496063
0
LINE
8
BLACK
6
CONTINUOUS
10
5.2425632283464569
20
-5.5389898031496063
11
5.2426143700787398
21
-5.5390487795275591
0
LINE
8
BLACK
6
CONTINUOUS
10
5.2426143700787398
20
-5.5390487795275591
11
5.2428407480314956
21
-5.5392345669291334
0
LINE
8
BLACK
6
CONTINUOUS
10
5.2428407480314956
20
-5.5392345669291334
11
5.2447155118110231
21
-5.541109330708661
0
LINE
8
BLACK
6
CONTINUOUS
10
5.2447155118110231
20
-5.541109330708661
11
5.2449012598425195
21
-5.541335669291338
0
LINE
8
BLACK
6
CONTINUOUS
10
5.2449012598425195
20
-5.541335669291338
11
5.2449602755905511
21
-5.5413868503937005
0
LINE
8
BLACK
6
CONTINUOUS
10
5.2449602755905511
20
-5.5413868503937005
11
5.2450162204724409
21
-5.5414757874015743
0
LINE
8
BLACK
6
CONTINUOUS
10
5.2450162204724409
20
-5.5414757874015743
11
5.2450827165354328
21
-5.5415567716535428
0
LINE
8
BLACK
6
CONTINUOUS
10
5.2450827165354328
20
-5.5415567716535428
11
5.2451125196850397
21
-5.5416287007874017
0
LINE
8
BLACK
6
CONTINUOUS
10
5.2451125196850397
20
-5.5416287007874017
11
5.2452686220472442
21
-5.5418767322834643
0
LINE
8
BLACK
6
CONTINUOUS
10
5.2452686220472442
20
-5.5418767322834643
11
5.2471433858267718
21
-5.5456262598425194
0
LINE
8
BLACK
6
CONTINUOUS
10
5.2471433858267718
20
-5.5456262598425194
11
5.2473502755905512
21
-5.5461668503937007
0
LINE
8
BLACK
6
CONTINUOUS
10
5.2473502755905512
20
-5.5461668503937007
11
5.2473577952755903
21
-5.5462727165354329
0
LINE
8
BLACK
6
CONTINUOUS
10
5.2473577952755903
20
-5.5462727165354329
11
5.2473983858267719
21
-5.5463707086614171
0
LINE
8
BLACK
6
CONTINUOUS
10
5.2473983858267719
20
-5.5463707086614171
11
5.2474551181102358
21
-5.546946771653543
0
LINE
8
BLACK
6
CONTINUOUS
10
5.2474551181102358
20
-5.546946771653543
11
5.2474551181102358
21
-5.5488215354330706
0
LINE
8
BLACK
6
CONTINUOUS
10
5.2474551181102358
20
-5.5488215354330706
11
5.2473983858267719
21
-5.5493975984251964
0
LINE
8
BLACK
6
CONTINUOUS
10
5.2473983858267719
20
-5.5493975984251964
11
5.2473577952755903
21
-5.5494955511811019
0
LINE
8
BLACK
6
CONTINUOUS
10
5.2473577952755903
20
-5.5494955511811019
11
5.2473502755905512
21
-5.5496014566929128
0
LINE
8
BLACK
6
CONTINUOUS
10
5.2473502755905512
20
-5.5496014566929128
11
5.2471433858267718
21
-5.5501420472440941
0
LINE
8
BLACK
6
CONTINUOUS
10
5.2471433858267718
20
-5.5501420472440941
11
5.2452686220472442
21
-5.5538915748031492
0
LINE
8
BLACK
6
CONTINUOUS
10
5.2452686220472442
20
-5.5538915748031492
11
5.2451125196850397
21
-5.554139566929134
0
LINE
8
BLACK
6
CONTINUOUS
10
5.2451125196850397
20
-5.554139566929134
11
5.2450827165354328
21
-5.5542115354330708
0
LINE
8
BLACK
6
CONTINUOUS
10
5.2450827165354328
20
-5.5542115354330708
11
5.2450162204724409
21
-5.5542924803149605
0
LINE
8
BLACK
6
CONTINUOUS
10
5.2450162204724409
20
-5.5542924803149605
11
5.2449602755905511
21
-5.5543814566929131
0
LINE
8
BLACK
6
CONTINUOUS
10
5.2449602755905511
20
-5.5543814566929131
11
5.2449012598425195
21
-5.5544325984251968
0
LINE
8
BLACK
6
CONTINUOUS
10
5.2449012598425195
20
-5.5544325984251968
11
5.2447155118110231
21
-5.5546589763779526
0
LINE
8
BLACK
6
CONTINUOUS
10
5.2447155118110231
20
-5.5546589763779526
11
5.2430538976377949
21
-5.5563205905511808
0
LINE
8
BLACK
6
CONTINUOUS
10
5.2430538976377949
20
-5.5563205905511808
11
5.2447155118110231
21
-5.557982204724409
0
LINE
8
BLACK
6
CONTINUOUS
10
5.2447155118110231
20
-5.557982204724409
11
5.2449012598425195
21
-5.5582085433070869
0
LINE
8
BLACK
6
CONTINUOUS
10
5.2449012598425195
20
-5.5582085433070869
11
5.2449602755905511
21
-5.5582597244094485
0
LINE
8
BLACK
6
CONTINUOUS
10
5.2449602755905511
20
-5.5582597244094485
11
5.2450162204724409
21
-5.5583486614173223
0
LINE
8
BLACK
6
CONTINUOUS
10
5.2450162204724409
20
-5.5583486614173223
11
5.2450827165354328
21
-5.5584296456692917
0
LINE
8
BLACK
6
CONTINUOUS
10
5.2450827165354328
20
-5.5584296456692917
11
5.2451125196850397
21
-5.5585015748031497
0
LINE
8
BLACK
6
CONTINUOUS
10
5.2451125196850397
20
-5.5585015748031497
11
5.2452686220472442
21
-5.5587496062992123
0
LINE
8
BLACK
6
CONTINUOUS
10
5.2452686220472442
20
-5.5587496062992123
11
5.2471433858267718
21
-5.5624991338582674
0
LINE
8
BLACK
6
CONTINUOUS
10
5.2471433858267718
20
-5.5624991338582674
11
5.2473502755905512
21
-5.5630397244094487
0
LINE
8
BLACK
6
CONTINUOUS
10
5.2473502755905512
20
-5.5630397244094487
11
5.2473577952755903
21
-5.5631455905511809
0
LINE
8
BLACK
6
CONTINUOUS
10
5.2473577952755903
20
-5.5631455905511809
11
5.2473983858267719
21
-5.5632435826771651
0
LINE
8
BLACK
6
CONTINUOUS
10
5.2473983858267719
20
-5.5632435826771651
11
5.2474551181102358
21
-5.563819645669291
0
LINE
8
BLACK
6
CONTINUOUS
10
5.2474551181102358
20
-5.563819645669291
11
5.2474551181102358
21
-5.5713187007874012
0
LINE
8
BLACK
6
CONTINUOUS
10
5.2474551181102358
20
-5.5713187007874012
11
5.2473983858267719
21
-5.5718947637795271
0
LINE
8
BLACK
6
CONTINUOUS
10
5.2473983858267719
20
-5.5718947637795271
11
5.2473577952755903
21
-5.5719927165354326
0
LINE
8
BLACK
6
CONTINUOUS
10
5.2473577952755903
20
-5.5719927165354326
11
5.2473502755905512
21
-5.5720986220472444
0
LINE
8
BLACK
6
CONTINUOUS
10
5.2473502755905512
20
-5.5720986220472444
11
5.2471433858267718
21
-5.5726392125984248
0
LINE
8
BLACK
6
CONTINUOUS
10
5.2471433858267718
20
-5.5726392125984248
11
5.2452686220472442
21
-5.5763887401574799
0
LINE
8
BLACK
6
CONTINUOUS
10
5.2452686220472442
20
-5.5763887401574799
11
5.2451125590551184
21
-5.5766366141732284
0
LINE
8
BLACK
6
CONTINUOUS
10
5.2451125590551184
20
-5.5766366141732284
11
5.2450827559055115
21
-5.5767086614173227
0
LINE
8
BLACK
6
CONTINUOUS
10
5.2450827559055115
20
-5.5767086614173227
11
5.2450162204724409
21
-5.5767896850393699
0
LINE
8
BLACK
6
CONTINUOUS
10
5.2450162204724409
20
-5.5767896850393699
11
5.2449602755905511
21
-5.5768786220472437
0
LINE
8
BLACK
6
CONTINUOUS
10
5.2449602755905511
20
-5.5768786220472437
11
5.2449012598425195
21
-5.5769297637795274
0
LINE
8
BLACK
6
CONTINUOUS
10
5.2449012598425195
20
-5.5769297637795274
11
5.2447155118110231
21
-5.5771561417322832
0
LINE
8
BLACK
6
CONTINUOUS
10
5.2447155118110231
20
-5.5771561417322832
11
5.2428407874015743
21
-5.5790309055118108
0
LINE
8
BLACK
6
CONTINUOUS
10
5.2428407874015743
20
-5.5790309055118108
11
5.2426144094488185
21
-5.5792166535433072
0
LINE
8
BLACK
6
CONTINUOUS
10
5.2426144094488185
20
-5.5792166535433072
11
5.2425632283464569
21
-5.5792757086614175
0
LINE
8
BLACK
6
CONTINUOUS
10
5.2425632283464569
20
-5.5792757086614175
11
5.2424742519685035
21
-5.579331692913386
0
LINE
8
BLACK
6
CONTINUOUS
10
5.2424742519685035
20
-5.579331692913386
11
5.2423933070866138
21
-5.5793981496062992
0
LINE
8
BLACK
6
CONTINUOUS
10
5.2423933070866138
20
-5.5793981496062992
11
5.242321338582677
21
-5.5794279527559052
0
LINE
8
BLACK
6
CONTINUOUS
10
5.242321338582677
20
-5.5794279527559052
11
5.2420733464566931
21
-5.5795840551181097
0
LINE
8
BLACK
6
CONTINUOUS
10
5.2420733464566931
20
-5.5795840551181097
11
5.238323818897638
21
-5.5814588188976373
0
LINE
8
BLACK
6
CONTINUOUS
10
5.238323818897638
20
-5.5814588188976373
11
5.237783188976378
21
-5.5816657086614168
0
LINE
8
BLACK
6
CONTINUOUS
10
5.237783188976378
20
-5.5816657086614168
11
5.2376773622047246
21
-5.581673188976378
0
LINE
8
BLACK
6
CONTINUOUS
10
5.2376773622047246
20
-5.581673188976378
11
5.2375793700787403
21
-5.5817138188976374
0
LINE
8
BLACK
6
CONTINUOUS
10
5.2375793700787403
20
-5.5817138188976374
11
5.2370033070866144
21
-5.5817705511811022
0
LINE
8
BLACK
6
CONTINUOUS
10
5.2370033070866144
20
-5.5817705511811022
11
5.2295042519685042
21
-5.5817705511811022
0
LINE
8
BLACK
6
CONTINUOUS
10
5.2295042519685042
20
-5.5817705511811022
11
5.2289281889763775
21
-5.5817138188976374
0
LINE
8
BLACK
6
CONTINUOUS
10
5.2289281889763775
20
-5.5817138188976374
11
5.2288301968503932
21
-5.5816732283464567
0
LINE
8
BLACK
6
CONTINUOUS
10
5.2288301968503932
20
-5.5816732283464567
11
5.228724330708661
21
-5.5816657086614168
0
LINE
8
BLACK
6
CONTINUOUS
10
5.228724330708661
20
-5.5816657086614168
11
5.2281837401574798
21
-5.5814588188976373
0
LINE
8
BLACK
6
CONTINUOUS
10
5.2281837401574798
20
-5.5814588188976373
11
5.2244342125984247
21
-5.5795840551181097
0
LINE
8
BLACK
6
CONTINUOUS
10
5.2244342125984247
20
-5.5795840551181097
11
5.224186181102362
21
-5.5794279527559052
0
LINE
8
BLACK
6
CONTINUOUS
10
5.224186181102362
20
-5.5794279527559052
11
5.224114251968504
21
-5.5793981496062992
0
LINE
8
BLACK
6
CONTINUOUS
10
5.224114251968504
20
-5.5793981496062992
11
5.2240332677165355
21
-5.579331692913386
0
LINE
8
BLACK
6
CONTINUOUS
10
5.2240332677165355
20
-5.579331692913386
11
5.2239443307086617
21
-5.5792757086614175
0
LINE
8
BLACK
6
CONTINUOUS
10
5.2239443307086617
20
-5.5792757086614175
11
5.2238931102362205
21
-5.5792166535433072
0
LINE
8
BLACK
6
CONTINUOUS
10
5.2238931102362205
20
-5.5792166535433072
11
5.2236667716535434
21
-5.5790309055118108
0
LINE
8
BLACK
6
CONTINUOUS
10
5.2236667716535434
20
-5.5790309055118108
11
5.2217920078740159
21
-5.5771561023622045
0
LINE
8
BLACK
6
CONTINUOUS
10
5.2217920078740159
20
-5.5771561023622045
11
5.2216062598425195
21
-5.5769297637795274
0
LINE
8
BLACK
6
CONTINUOUS
10
5.2216062598425195
20
-5.5769297637795274
11
5.2215472834645666
21
-5.5768786220472437
0
LINE
8
BLACK
6
CONTINUOUS
10
5.2215472834645666
20
-5.5768786220472437
11
5.2214912992125981
21
-5.5767896850393699
0
LINE
8
BLACK
6
CONTINUOUS
10
5.2214912992125981
20
-5.5767896850393699
11
5.2214248031496062
21
-5.5767086614173227
0
LINE
8
BLACK
6
CONTINUOUS
10
5.2214248031496062
20
-5.5767086614173227
11
5.2213949606299215
21
-5.5766366141732284
0
LINE
8
BLACK
6
CONTINUOUS
10
5.2213949606299215
20
-5.5766366141732284
11
5.2212389370078736
21
-5.5763887401574799
0
LINE
8
BLACK
6
CONTINUOUS
10
5.2212389370078736
20
-5.5763887401574799
11
5.219364173228346
21
-5.5726392125984248
0
LINE
8
BLACK
6
CONTINUOUS
10
5.219364173228346
20
-5.5726392125984248
11
5.2191572834645665
21
-5.5720985826771656
0
LINE
8
BLACK
6
CONTINUOUS
10
5.2191572834645665
20
-5.5720985826771656
11
5.2191497637795274
21
-5.5719927559055114
0
LINE
8
BLACK
6
CONTINUOUS
10
5.2191497637795274
20
-5.5719927559055114
11
5.2191091732283468
21
-5.5718947637795271
0
LINE
8
BLACK
6
CONTINUOUS
10
5.2191091732283468
20
-5.5718947637795271
11
5.219052440944882
21
-5.5713187007874012
0
LINE
8
BLACK
6
CONTINUOUS
10
5.219052440944882
20
-5.5713187007874012
11
5.219052440944882
21
-5.563819645669291
0
LINE
8
BLACK
6
CONTINUOUS
10
5.219052440944882
20
-5.563819645669291
11
5.2191091732283468
21
-5.5632435826771651
0
LINE
8
BLACK
6
CONTINUOUS
10
5.2191091732283468
20
-5.5632435826771651
11
5.2191497637795274
21
-5.5631455511811021
0
LINE
8
BLACK
6
CONTINUOUS
10
5.2191497637795274
20
-5.5631455511811021
11
5.2191572834645665
21
-5.5630397637795275
0
LINE
8
BLACK
6
CONTINUOUS
10
5.2191572834645665
20
-5.5630397637795275
11
5.219364173228346
21
-5.5624991338582674
0
LINE
8
BLACK
6
CONTINUOUS
10
5.219364173228346
20
-5.5624991338582674
11
5.2212389370078736
21
-5.5587496062992123
0
LINE
8
BLACK
6
CONTINUOUS
10
5.2212389370078736
20
-5.5587496062992123
11
5.2213950000000002
21
-5.5585015748031497
0
LINE
8
BLACK
6
CONTINUOUS
10
5.2213950000000002
20
-5.5585015748031497
11
5.221424842519685
21
-5.5584296456692917
0
LINE
8
BLACK
6
CONTINUOUS
10
5.221424842519685
20
-5.5584296456692917
11
5.2214912992125981
21
-5.5583486614173223
0
LINE
8
BLACK
6
CONTINUOUS
10
5.2214912992125981
20
-5.5583486614173223
11
5.2215472834645666
21
-5.5582597244094485
0
LINE
8
BLACK
6
CONTINUOUS
10
5.2215472834645666
20
-5.5582597244094485
11
5.2216062598425195
21
-5.5582085433070869
0
LINE
8
BLACK
6
CONTINUOUS
10
5.2216062598425195
20
-5.5582085433070869
11
5.2217920472440946
21
-5.557982204724409
0
LINE
8
BLACK
6
CONTINUOUS
10
5.2217920472440946
20
-5.557982204724409
11
5.2234536614173228
21
-5.5563205905511808
0
LINE
8
BLACK
6
CONTINUOUS
10
5.2234536614173228
20
-5.5563205905511808
11
5.2217920472440946
21
-5.5546589763779526
0
LINE
8
BLACK
6
CONTINUOUS
10
5.2217920472440946
20
-5.5546589763779526
11
5.2216062598425195
21
-5.5544325984251968
0
LINE
8
BLACK
6
CONTINUOUS
10
5.2216062598425195
20
-5.5544325984251968
11
5.2215472834645666
21
-5.5543814566929131
0
LINE
8
BLACK
6
CONTINUOUS
10
5.2215472834645666
20
-5.5543814566929131
11
5.2214912992125981
21
-5.5542924803149605
0
LINE
8
BLACK
6
CONTINUOUS
10
5.2214912992125981
20
-5.5542924803149605
11
5.221424842519685
21
-5.5542115354330708
0
LINE
8
BLACK
6
CONTINUOUS
10
5.221424842519685
20
-5.5542115354330708
11
5.2213950000000002
21
-5.554139566929134
0
LINE
8
BLACK
6
CONTINUOUS
10
5.2213950000000002
20
-5.554139566929134
11
5.2212389370078736
21
-5.5538915748031492
0
LINE
8
BLACK
6
CONTINUOUS
10
5.2212389370078736
20
-5.5538915748031492
11
5.219364173228346
21
-5.5501420472440941
0
LINE
8
BLACK
6
CONTINUOUS
10
5.219364173228346
20
-5.5501420472440941
11
5.2191572834645665
21
-5.549601417322835
0
LINE
8
BLACK
6
CONTINUOUS
10
5.2191572834645665
20
-5.549601417322835
11
5.2191497637795274
21
-5.5494955905511807
0
LINE
8
BLACK
6
CONTINUOUS
10
5.2191497637795274
20
-5.5494955905511807
11
5.2191091732283468
21
-5.5493975984251964
0
LINE
8
BLACK
6
CONTINUOUS
10
5.2191091732283468
20
-5.5493975984251964
11
5.219052440944882
21
-5.5488215354330706
0
LINE
8
BLACK
6
CONTINUOUS
10
5.219052440944882
20
-5.5488215354330706
11
5.219052440944882
21
-5.546946771653543
0
LINE
8
BLACK
6
CONTINUOUS
10
5.219052440944882
20
-5.546946771653543
11
5.2191091732283468
21
-5.5463707086614171
0
LINE
8
BLACK
6
CONTINUOUS
10
5.2191091732283468
20
-5.5463707086614171
11
5.2191497637795274
21
-5.5462726771653541
0
LINE
8
BLACK
6
CONTINUOUS
10
5.2191497637795274
20
-5.5462726771653541
11
5.2191572834645665
21
-5.5461668897637795
0
LINE
8
BLACK
6
CONTINUOUS
10
5.2191572834645665
20
-5.5461668897637795
11
5.219364173228346
21
-5.5456262598425194
0
LINE
8
BLACK
6
CONTINUOUS
10
5.219364173228346
20
-5.5456262598425194
11
5.2212389370078736
21
-5.5418767322834643
0
LINE
8
BLACK
6
CONTINUOUS
10
5.2212389370078736
20
-5.5418767322834643
11
5.2213950000000002
21
-5.5416287007874017
0
LINE
8
BLACK
6
CONTINUOUS
10
5.2213950000000002
20
-5.5416287007874017
11
5.221424842519685
21
-5.5415567716535428
0
LINE
8
BLACK
6
CONTINUOUS
10
5.221424842519685
20
-5.5415567716535428
11
5.2214912992125981
21
-5.5414757874015743
0
LINE
8
BLACK
6
CONTINUOUS
10
5.2214912992125981
20
-5.5414757874015743
11
5.2215472834645666
21
-5.5413868503937005
0
LINE
8
BLACK
6
CONTINUOUS
10
5.2215472834645666
20
-5.5413868503937005
11
5.2216062598425195
21
-5.541335669291338
0
LINE
8
BLACK
6
CONTINUOUS
10
5.2216062598425195
20
-5.541335669291338
11
5.2217920472440946
21
-5.541109330708661
0
LINE
8
BLACK
6
CONTINUOUS
10
5.2217920472440946
20
-5.541109330708661
11
5.2236668110236222
21
-5.5392345669291334
0
LINE
8
BLACK
6
CONTINUOUS
10
5.2236668110236222
20
-5.5392345669291334
11
5.2238931496062992
21
-5.5390487795275591
0
LINE
8
BLACK
6
CONTINUOUS
10
5.2238931496062992
20
-5.5390487795275591
11
5.2239443307086617
21
-5.5389898031496063
0
LINE
8
BLACK
6
CONTINUOUS
10
5.2239443307086617
20
-5.5389898031496063
11
5.2240332677165355
21
-5.5389338188976378
0
LINE
8
BLACK
6
CONTINUOUS
10
5.2240332677165355
20
-5.5389338188976378
11
5.224114251968504
21
-5.5388673622047246
0
LINE
8
BLACK
6
CONTINUOUS
10
5.224114251968504
20
-5.5388673622047246
11
5.224186181102362
21
-5.538837519685039
0
LINE
8
BLACK
6
CONTINUOUS
10
5.224186181102362
20
-5.538837519685039
11
5.2244342125984247
21
-5.5386814566929132
0
LINE
8
BLACK
6
CONTINUOUS
10
5.2244342125984247
20
-5.5386814566929132
11
5.2281837401574798
21
-5.5368066929133857
0
LINE
8
BLACK
6
CONTINUOUS
10
5.2281837401574798
20
-5.5368066929133857
11
5.228724330708661
21
-5.5365998031496062
0
LINE
8
BLACK
6
CONTINUOUS
10
5.228724330708661
20
-5.5365998031496062
11
5.2288301968503932
21
-5.5365922440944884
0
LINE
8
BLACK
6
CONTINUOUS
10
5.2288301968503932
20
-5.5365922440944884
11
5.2289281889763775
21
-5.5365516929133856
0
LINE
8
BLACK
6
CONTINUOUS
10
5.2289281889763775
20
-5.5365516929133856
11
5.2295042519685042
21
-5.5364949606299207
0
LINE
8
BLACK
6
CONTINUOUS
10
5.2295042519685042
20
-5.5364949606299207
11
5.2370033070866144
21
-5.5364949606299207
0
LINE
8
BLACK
6
CONTINUOUS
10
5.2370033070866144
20
-5.5364949606299207
11
5.2375793700787403
21
-5.5365516929133856
0
LINE
8
BLACK
6
CONTINUOUS
10
5.2275038188976373
20
-5.5606220866141731
11
5.2263066929133855
21
-5.5618192125984249
0
LINE
8
BLACK
6
CONTINUOUS
10
5.2263066929133855
20
-5.5618192125984249
11
5.2249579527559051
21
-5.5645166929133856
0
LINE
8
BLACK
6
CONTINUOUS
10
5.2249579527559051
20
-5.5645166929133856
11
5.2249579527559051
21
-5.5706216535433066
0
LINE
8
BLACK
6
CONTINUOUS
10
5.2249579527559051
20
-5.5706216535433066
11
5.2263066929133855
21
-5.5733191338582673
0
LINE
8
BLACK
6
CONTINUOUS
10
5.2263066929133855
20
-5.5733191338582673
11
5.2275038188976373
21
-5.5745162992125987
0
LINE
8
BLACK
6
CONTINUOUS
10
5.2275038188976373
20
-5.5745162992125987
11
5.2302012992125979
21
-5.575865039370079
0
LINE
8
BLACK
6
CONTINUOUS
10
5.2302012992125979
20
-5.575865039370079
11
5.2363062598425199
21
-5.575865039370079
0
LINE
8
BLACK
6
CONTINUOUS
10
5.2363062598425199
20
-5.575865039370079
11
5.2390037007874017
21
-5.5745162992125987
0
LINE
8
BLACK
6
CONTINUOUS
10
5.2390037007874017
20
-5.5745162992125987
11
5.2402008267716536
21
-5.5733191338582673
0
LINE
8
BLACK
6
CONTINUOUS
10
5.2402008267716536
20
-5.5733191338582673
11
5.2415496062992126
21
-5.5706216535433066
0
LINE
8
BLACK
6
CONTINUOUS
10
5.2415496062992126
20
-5.5706216535433066
11
5.2415496062992126
21
-5.5645166929133856
0
LINE
8
BLACK
6
CONTINUOUS
10
5.2415496062992126
20
-5.5645166929133856
11
5.2402008661417323
21
-5.5618192125984249
0
LINE
8
BLACK
6
CONTINUOUS
10
5.2402008661417323
20
-5.5618192125984249
11
5.2390037401574805
21
-5.5606220866141731
0
LINE
8
BLACK
6
CONTINUOUS
10
5.2390037401574805
20
-5.5606220866141731
11
5.2363062598425199
21
-5.5592733464566928
0
LINE
8
BLACK
6
CONTINUOUS
10
5.2363062598425199
20
-5.5592733464566928
11
5.2302012992125979
21
-5.5592733464566928
0
LINE
8
BLACK
6
CONTINUOUS
10
5.2302012992125979
20
-5.5592733464566928
11
5.2275038188976373
21
-5.5606220866141731
0
LINE
8
BLACK
6
CONTINUOUS
10
5.2275038188976373
20
-5.5437492125984251
11
5.2263066929133855
21
-5.5449463385826769
0
LINE
8
BLACK
6
CONTINUOUS
10
5.2263066929133855
20
-5.5449463385826769
11
5.2249579527559051
21
-5.5476438188976376
0
LINE
8
BLACK
6
CONTINUOUS
10
5.2249579527559051
20
-5.5476438188976376
11
5.2249579527559051
21
-5.548124488188976
0
LINE
8
BLACK
6
CONTINUOUS
10
5.2249579527559051
20
-5.548124488188976
11
5.2263066929133855
21
-5.5508219685039366
0
LINE
8
BLACK
6
CONTINUOUS
10
5.2263066929133855
20
-5.5508219685039366
11
5.2275038188976373
21
-5.5520190944881884
0
LINE
8
BLACK
6
CONTINUOUS
10
5.2275038188976373
20
-5.5520190944881884
11
5.2302012992125979
21
-5.5533678346456687
0
LINE
8
BLACK
6
CONTINUOUS
10
5.2302012992125979
20
-5.5533678346456687
11
5.2363062598425199
21
-5.5533678346456687
0
LINE
8
BLACK
6
CONTINUOUS
10
5.2363062598425199
20
-5.5533678346456687
11
5.2390037401574805
21
-5.5520190944881884
0
LINE
8
BLACK
6
CONTINUOUS
10
5.2390037401574805
20
-5.5520190944881884
11
5.2402008661417323
21
-5.5508219685039366
0
LINE
8
BLACK
6
CONTINUOUS
10
5.2402008661417323
20
-5.5508219685039366
11
5.2415496062992126
21
-5.548124488188976
0
LINE
8
BLACK
6
CONTINUOUS
10
5.2415496062992126
20
-5.548124488188976
11
5.2415496062992126
21
-5.5476438188976376
0
LINE
8
BLACK
6
CONTINUOUS
10
5.2415496062992126
20
-5.5476438188976376
11
5.2402008661417323
21
-5.5449463385826769
0
LINE
8
BLACK
6
CONTINUOUS
10
5.2402008661417323
20
-5.5449463385826769
11
5.2390037401574805
21
-5.5437492125984251
0
LINE
8
BLACK
6
CONTINUOUS
10
5.2390037401574805
20
-5.5437492125984251
11
5.2363062598425199
21
-5.5424004724409448
0
LINE
8
BLACK
6
CONTINUOUS
10
5.2363062598425199
20
-5.5424004724409448
11
5.2302012992125979
21
-5.5424004724409448
0
LINE
8
BLACK
6
CONTINUOUS
10
5.2302012992125979
20
-5.5424004724409448
11
5.2275038188976373
21
-5.5437492125984251
0
LINE
8
BLACK
6
CONTINUOUS
10
5.2806989763779528
20
-5.5365516929133856
11
5.2817633858267712
21
-5.5369925984251971
0
LINE
8
BLACK
6
CONTINUOUS
10
5.2817633858267712
20
-5.5369925984251971
11
5.2825780314960626
21
-5.5378072440944877
0
LINE
8
BLACK
6
CONTINUOUS
10
5.2825780314960626
20
-5.5378072440944877
11
5.2830189370078742
21
-5.5388716535433069
0
LINE
8
BLACK
6
CONTINUOUS
10
5.2830189370078742
20
-5.5388716535433069
11
5.2830189370078742
21
-5.5400237795275586
0
LINE
8
BLACK
6
CONTINUOUS
10
5.2830189370078742
20
-5.5400237795275586
11
5.2825780314960626
21
-5.5410881889763779
0
LINE
8
BLACK
6
CONTINUOUS
10
5.2825780314960626
20
-5.5410881889763779
11
5.2817633858267712
21
-5.5419028346456694
0
LINE
8
BLACK
6
CONTINUOUS
10
5.2817633858267712
20
-5.5419028346456694
11
5.2806989763779528
21
-5.54234374015748
0
LINE
8
BLACK
6
CONTINUOUS
10
5.2806989763779528
20
-5.54234374015748
11
5.280122913385827
21
-5.5424004724409448
0
LINE
8
BLACK
6
CONTINUOUS
10
5.280122913385827
20
-5.5424004724409448
11
5.2640474803149608
21
-5.5424004724409448
0
LINE
8
BLACK
6
CONTINUOUS
10
5.2640474803149608
20
-5.5424004724409448
11
5.2630703543307087
21
-5.5521717322834645
0
LINE
8
BLACK
6
CONTINUOUS
10
5.2630703543307087
20
-5.5521717322834645
11
5.263804291338583
21
-5.5518048031496061
0
LINE
8
BLACK
6
CONTINUOUS
10
5.263804291338583
20
-5.5518048031496061
11
5.2643448818897634
21
-5.5515979133858266
0
LINE
8
BLACK
6
CONTINUOUS
10
5.2643448818897634
20
-5.5515979133858266
11
5.2644507480314964
21
-5.5515903543307088
0
LINE
8
BLACK
6
CONTINUOUS
10
5.2644507480314964
20
-5.5515903543307088
11
5.2645487401574798
21
-5.551549803149606
0
LINE
8
BLACK
6
CONTINUOUS
10
5.2645487401574798
20
-5.551549803149606
11
5.2651248031496065
21
-5.5514930708661412
0
LINE
8
BLACK
6
CONTINUOUS
10
5.2651248031496065
20
-5.5514930708661412
11
5.2744986220472443
21
-5.5514930708661412
0
LINE
8
BLACK
6
CONTINUOUS
10
5.2744986220472443
20
-5.5514930708661412
11
5.2750746850393702
21
-5.551549803149606
0
LINE
8
BLACK
6
CONTINUOUS
10
5.2750746850393702
20
-5.551549803149606
11
5.2751726771653544
21
-5.5515903937007876
0
LINE
8
BLACK
6
CONTINUOUS
10
5.2751726771653544
20
-5.5515903937007876
11
5.2752785039370078
21
-5.5515979133858266
0
LINE
8
BLACK
6
CONTINUOUS
10
5.2752785039370078
20
-5.5515979133858266
11
5.2758191338582678
21
-5.5518048031496061
0
LINE
8
BLACK
6
CONTINUOUS
10
5.2758191338582678
20
-5.5518048031496061
11
5.279568661417323
21
-5.5536795669291337
0
LINE
8
BLACK
6
CONTINUOUS
10
5.279568661417323
20
-5.5536795669291337
11
5.2798166535433069
21
-5.5538356299212595
0
LINE
8
BLACK
6
CONTINUOUS
10
5.2798166535433069
20
-5.5538356299212595
11
5.2798886220472436
21
-5.5538654724409451
0
LINE
8
BLACK
6
CONTINUOUS
10
5.2798886220472436
20
-5.5538654724409451
11
5.2799695669291333
21
-5.5539319291338582
0
LINE
8
BLACK
6
CONTINUOUS
10
5.2799695669291333
20
-5.5539319291338582
11
5.2800585433070868
21
-5.5539879133858268
0
LINE
8
BLACK
6
CONTINUOUS
10
5.2800585433070868
20
-5.5539879133858268
11
5.2801096850393696
21
-5.5540468897637796
0
LINE
8
BLACK
6
CONTINUOUS
10
5.2801096850393696
20
-5.5540468897637796
11
5.2803360629921254
21
-5.5542326771653538
0
LINE
8
BLACK
6
CONTINUOUS
10
5.2803360629921254
20
-5.5542326771653538
11
5.282210826771653
21
-5.5561074409448814
0
LINE
8
BLACK
6
CONTINUOUS
10
5.282210826771653
20
-5.5561074409448814
11
5.2823965748031494
21
-5.5563337795275594
0
LINE
8
BLACK
6
CONTINUOUS
10
5.2823965748031494
20
-5.5563337795275594
11
5.282455590551181
21
-5.5563849606299209
0
LINE
8
BLACK
6
CONTINUOUS
10
5.282455590551181
20
-5.5563849606299209
11
5.2825115354330707
21
-5.5564738976377948
0
LINE
8
BLACK
6
CONTINUOUS
10
5.2825115354330707
20
-5.5564738976377948
11
5.2825780314960626
21
-5.5565548818897641
0
LINE
8
BLACK
6
CONTINUOUS
10
5.2825780314960626
20
-5.5565548818897641
11
5.2826078346456695
21
-5.5566268110236221
0
LINE
8
BLACK
6
CONTINUOUS
10
5.2826078346456695
20
-5.5566268110236221
11
5.2827639370078741
21
-5.5568748425196848
0
LINE
8
BLACK
6
CONTINUOUS
10
5.2827639370078741
20
-5.5568748425196848
11
5.2846387007874016
21
-5.5606243700787399
0
LINE
8
BLACK
6
CONTINUOUS
10
5.2846387007874016
20
-5.5606243700787399
11
5.2848455905511811
21
-5.5611649606299212
0
LINE
8
BLACK
6
CONTINUOUS
10
5.2848455905511811
20
-5.5611649606299212
11
5.2848531102362202
21
-5.5612708267716533
0
LINE
8
BLACK
6
CONTINUOUS
10
5.2848531102362202
20
-5.5612708267716533
11
5.2848937007874017
21
-5.5613688188976376
0
LINE
8
BLACK
6
CONTINUOUS
10
5.2848937007874017
20
-5.5613688188976376
11
5.2849504330708656
21
-5.5619448818897634
0
LINE
8
BLACK
6
CONTINUOUS
10
5.2849504330708656
20
-5.5619448818897634
11
5.2849504330708656
21
-5.5713187007874012
0
LINE
8
BLACK
6
CONTINUOUS
10
5.2849504330708656
20
-5.5713187007874012
11
5.2848937007874017
21
-5.5718947637795271
0
LINE
8
BLACK
6
CONTINUOUS
10
5.2848937007874017
20
-5.5718947637795271
11
5.2848531102362202
21
-5.5719927165354326
0
LINE
8
BLACK
6
CONTINUOUS
10
5.2848531102362202
20
-5.5719927165354326
11
5.2848455905511811
21
-5.5720986220472444
0
LINE
8
BLACK
6
CONTINUOUS
10
5.2848455905511811
20
-5.5720986220472444
11
5.2846387007874016
21
-5.5726392125984248
0
LINE
8
BLACK
6
CONTINUOUS
10
5.2846387007874016
20
-5.5726392125984248
11
5.2827639370078741
21
-5.5763887401574799
0
LINE
8
BLACK
6
CONTINUOUS
10
5.2827639370078741
20
-5.5763887401574799
11
5.2826078740157483
21
-5.5766366141732284
0
LINE
8
BLACK
6
CONTINUOUS
10
5.2826078740157483
20
-5.5766366141732284
11
5.2825780708661414
21
-5.5767086614173227
0
LINE
8
BLACK
6
CONTINUOUS
10
5.2825780708661414
20
-5.5767086614173227
11
5.2825115354330707
21
-5.5767896850393699
0
LINE
8
BLACK
6
CONTINUOUS
10
5.2825115354330707
20
-5.5767896850393699
11
5.282455590551181
21
-5.5768786220472437
0
LINE
8
BLACK
6
CONTINUOUS
10
5.282455590551181
20
-5.5768786220472437
11
5.2823965748031494
21
-5.5769297637795274
0
LINE
8
BLACK
6
CONTINUOUS
10
5.2823965748031494
20
-5.5769297637795274
11
5.282210826771653
21
-5.5771561417322832
0
LINE
8
BLACK
6
CONTINUOUS
10
5.282210826771653
20
-5.5771561417322832
11
5.2803361023622042
21
-5.5790309055118108
0
LINE
8
BLACK
6
CONTINUOUS
10
5.2803361023622042
20
-5.5790309055118108
11
5.2801097244094484
21
-5.5792166535433072
0
LINE
8
BLACK
6
CONTINUOUS
10
5.2801097244094484
20
-5.5792166535433072
11
5.2800585433070868
21
-5.5792757086614175
0
LINE
8
BLACK
6
CONTINUOUS
10
5.2800585433070868
20
-5.5792757086614175
11
5.2799695669291333
21
-5.579331692913386
0
LINE
8
BLACK
6
CONTINUOUS
10
5.2799695669291333
20
-5.579331692913386
11
5.2798886220472436
21
-5.5793981496062992
0
LINE
8
BLACK
6
CONTINUOUS
10
5.2798886220472436
20
-5.5793981496062992
11
5.2798166535433069
21
-5.5794279527559052
0
LINE
8
BLACK
6
CONTINUOUS
10
5.2798166535433069
20
-5.5794279527559052
11
5.279568661417323
21
-5.5795840551181097
0
LINE
8
BLACK
6
CONTINUOUS
10
5.279568661417323
20
-5.5795840551181097
11
5.2758191338582678
21
-5.5814588188976373
0
LINE
8
BLACK
6
CONTINUOUS
10
5.2758191338582678
20
-5.5814588188976373
11
5.2752785039370078
21
-5.5816657086614168
0
LINE
8
BLACK
6
CONTINUOUS
10
5.2752785039370078
20
-5.5816657086614168
11
5.2751726771653544
21
-5.581673188976378
0
LINE
8
BLACK
6
CONTINUOUS
10
5.2751726771653544
20
-5.581673188976378
11
5.2750746850393702
21
-5.5817138188976374
0
LINE
8
BLACK
6
CONTINUOUS
10
5.2750746850393702
20
-5.5817138188976374
11
5.2744986220472443
21
-5.5817705511811022
0
LINE
8
BLACK
6
CONTINUOUS
10
5.2744986220472443
20
-5.5817705511811022
11
5.2651248031496065
21
-5.5817705511811022
0
LINE
8
BLACK
6
CONTINUOUS
10
5.2651248031496065
20
-5.5817705511811022
11
5.2645487401574798
21
-5.5817138188976374
0
LINE
8
BLACK
6
CONTINUOUS
10
5.2645487401574798
20
-5.5817138188976374
11
5.2644507480314964
21
-5.5816732283464567
0
LINE
8
BLACK
6
CONTINUOUS
10
5.2644507480314964
20
-5.5816732283464567
11
5.2643448818897634
21
-5.5816657086614168
0
LINE
8
BLACK
6
CONTINUOUS
10
5.2643448818897634
20
-5.5816657086614168
11
5.263804291338583
21
-5.5814588188976373
0
LINE
8
BLACK
6
CONTINUOUS
10
5.263804291338583
20
-5.5814588188976373
11
5.2600547637795279
21
-5.5795840551181097
0
LINE
8
BLACK
6
CONTINUOUS
10
5.2600547637795279
20
-5.5795840551181097
11
5.2598067322834643
21
-5.5794279527559052
0
LINE
8
BLACK
6
CONTINUOUS
10
5.2598067322834643
20
-5.5794279527559052
11
5.2597348031496063
21
-5.5793981496062992
0
LINE
8
BLACK
6
CONTINUOUS
10
5.2597348031496063
20
-5.5793981496062992
11
5.2596538188976378
21
-5.579331692913386
0
LINE
8
BLACK
6
CONTINUOUS
10
5.2596538188976378
20
-5.579331692913386
11
5.259564881889764
21
-5.5792757086614175
0
LINE
8
BLACK
6
CONTINUOUS
10
5.259564881889764
20
-5.5792757086614175
11
5.2595136614173228
21
-5.5792166535433072
0
LINE
8
BLACK
6
CONTINUOUS
10
5.2595136614173228
20
-5.5792166535433072
11
5.2592873228346457
21
-5.5790309055118108
0
LINE
8
BLACK
6
CONTINUOUS
10
5.2592873228346457
20
-5.5790309055118108
11
5.2574125590551182
21
-5.5771561023622045
0
LINE
8
BLACK
6
CONTINUOUS
10
5.2574125590551182
20
-5.5771561023622045
11
5.2570453543307085
21
-5.5767086614173227
0
LINE
8
BLACK
6
CONTINUOUS
10
5.2570453543307085
20
-5.5767086614173227
11
5.2566044881889766
21
-5.5756442519685034
0
LINE
8
BLACK
6
CONTINUOUS
10
5.2566044881889766
20
-5.5756442519685034
11
5.2566044881889766
21
-5.5744921653543305
0
LINE
8
BLACK
6
CONTINUOUS
10
5.2566044881889766
20
-5.5744921653543305
11
5.2570453937007873
21
-5.5734277559055121
0
LINE
8
BLACK
6
CONTINUOUS
10
5.2570453937007873
20
-5.5734277559055121
11
5.2578600787401575
21
-5.5726130708661419
0
LINE
8
BLACK
6
CONTINUOUS
10
5.2578600787401575
20
-5.5726130708661419
11
5.2589244881889758
21
-5.5721722047244091
0
LINE
8
BLACK
6
CONTINUOUS
10
5.2589244881889758
20
-5.5721722047244091
11
5.2600765748031497
21
-5.5721722047244091
0
LINE
8
BLACK
6
CONTINUOUS
10
5.2600765748031497
20
-5.5721722047244091
11
5.2611409842519681
21
-5.5726131102362206
0
LINE
8
BLACK
6
CONTINUOUS
10
5.2611409842519681
20
-5.5726131102362206
11
5.2615884645669286
21
-5.5729803543307082
0
LINE
8
BLACK
6
CONTINUOUS
10
5.2615884645669286
20
-5.5729803543307082
11
5.2631243700787405
21
-5.5745162992125987
0
LINE
8
BLACK
6
CONTINUOUS
10
5.2631243700787405
20
-5.5745162992125987
11
5.2658218503937011
21
-5.575865039370079
0
LINE
8
BLACK
6
CONTINUOUS
10
5.2658218503937011
20
-5.575865039370079
11
5.2738015748031497
21
-5.575865039370079
0
LINE
8
BLACK
6
CONTINUOUS
10
5.2738015748031497
20
-5.575865039370079
11
5.2764990157480316
21
-5.5745162992125987
0
LINE
8
BLACK
6
CONTINUOUS
10
5.2764990157480316
20
-5.5745162992125987
11
5.2776961417322834
21
-5.5733191338582673
0
LINE
8
BLACK
6
CONTINUOUS
10
5.2776961417322834
20
-5.5733191338582673
11
5.2790449212598425
21
-5.5706216535433066
0
LINE
8
BLACK
6
CONTINUOUS
10
5.2790449212598425
20
-5.5706216535433066
11
5.2790449212598425
21
-5.562641929133858
0
LINE
8
BLACK
6
CONTINUOUS
10
5.2790449212598425
20
-5.562641929133858
11
5.2776961811023622
21
-5.5599444488188974
0
LINE
8
BLACK
6
CONTINUOUS
10
5.2776961811023622
20
-5.5599444488188974
11
5.2764990551181103
21
-5.5587473228346456
0
LINE
8
BLACK
6
CONTINUOUS
10
5.2764990551181103
20
-5.5587473228346456
11
5.2738015748031497
21
-5.5573985826771652
0
LINE
8
BLACK
6
CONTINUOUS
10
5.2738015748031497
20
-5.5573985826771652
11
5.2658218503937011
21
-5.5573985826771652
0
LINE
8
BLACK
6
CONTINUOUS
10
5.2658218503937011
20
-5.5573985826771652
11
5.2631243700787405
21
-5.5587473228346456
0
LINE
8
BLACK
6
CONTINUOUS
10
5.2631243700787405
20
-5.5587473228346456
11
5.2615884251968499
21
-5.5602832677165352
0
LINE
8
BLACK
6
CONTINUOUS
10
5.2615884251968499
20
-5.5602832677165352
11
5.2611409842519681
21
-5.5606504724409449
0
LINE
8
BLACK
6
CONTINUOUS
10
5.2611409842519681
20
-5.5606504724409449
11
5.2610036220472436
21
-5.5607073622047247
0
LINE
8
BLACK
6
CONTINUOUS
10
5.2610036220472436
20
-5.5607073622047247
11
5.2608885433070869
21
-5.5608015354330709
0
LINE
8
BLACK
6
CONTINUOUS
10
5.2608885433070869
20
-5.5608015354330709
11
5.2604751574803146
21
-5.5609262204724406
0
LINE
8
BLACK
6
CONTINUOUS
10
5.2604751574803146
20
-5.5609262204724406
11
5.260076535433071
21
-5.5610913779527555
0
LINE
8
BLACK
6
CONTINUOUS
10
5.260076535433071
20
-5.5610913779527555
11
5.2599279133858268
21
-5.5610913779527555
0
LINE
8
BLACK
6
CONTINUOUS
10
5.2599279133858268
20
-5.5610913779527555
11
5.2597855511811025
21
-5.5611343307086614
0
LINE
8
BLACK
6
CONTINUOUS
10
5.2597855511811025
20
-5.5611343307086614
11
5.2593560236220469
21
-5.5610913779527555
0
LINE
8
BLACK
6
CONTINUOUS
10
5.2593560236220469
20
-5.5610913779527555
11
5.2589244881889758
21
-5.5610913779527555
0
LINE
8
BLACK
6
CONTINUOUS
10
5.2589244881889758
20
-5.5610913779527555
11
5.2587871259842522
21
-5.5610344488188979
0
LINE
8
BLACK
6
CONTINUOUS
10
5.2587871259842522
20
-5.5610344488188979
11
5.2586391338582672
21
-5.5610196850393701
0
LINE
8
BLACK
6
CONTINUOUS
10
5.2586391338582672
20
-5.5610196850393701
11
5.2582587401574798
21
-5.5608156299212599
0
LINE
8
BLACK
6
CONTINUOUS
10
5.2582587401574798
20
-5.5608156299212599
11
5.2578600393700787
21
-5.5606504724409449
0
LINE
8
BLACK
6
CONTINUOUS
10
5.2578600393700787
20
-5.5606504724409449
11
5.2577548425196845
21
-5.5605452755905507
0
LINE
8
BLACK
6
CONTINUOUS
10
5.2577548425196845
20
-5.5605452755905507
11
5.2576238976377949
21
-5.560475039370079
0
LINE
8
BLACK
6
CONTINUOUS
10
5.2576238976377949
20
-5.560475039370079
11
5.2573506299212598
21
-5.560141062992126
0
LINE
8
BLACK
6
CONTINUOUS
10
5.2573506299212598
20
-5.560141062992126
11
5.2570453937007873
21
-5.5598358267716534
0
LINE
8
BLACK
6
CONTINUOUS
10
5.2570453937007873
20
-5.5598358267716534
11
5.2569884645669287
21
-5.559698464566929
0
LINE
8
BLACK
6
CONTINUOUS
10
5.2569884645669287
20
-5.559698464566929
11
5.2568943307086613
21
-5.5595833858267714
0
LINE
8
BLACK
6
CONTINUOUS
10
5.2568943307086613
20
-5.5595833858267714
11
5.2567696062992129
21
-5.5591699999999999
0
LINE
8
BLACK
6
CONTINUOUS
10
5.2567696062992129
20
-5.5591699999999999
11
5.2566044881889766
21
-5.5587713779527554
0
LINE
8
BLACK
6
CONTINUOUS
10
5.2566044881889766
20
-5.5587713779527554
11
5.2566044881889766
21
-5.5586227165354334
0
LINE
8
BLACK
6
CONTINUOUS
10
5.2566044881889766
20
-5.5586227165354334
11
5.2565615354330708
21
-5.5584803937007869
0
LINE
8
BLACK
6
CONTINUOUS
10
5.2565615354330708
20
-5.5584803937007869
11
5.2565624015748034
21
-5.5579015354330705
0
LINE
8
BLACK
6
CONTINUOUS
10
5.2565624015748034
20
-5.5579015354330705
11
5.2584371653543309
21
-5.539153897637795
0
LINE
8
BLACK
6
CONTINUOUS
10
5.2584371653543309
20
-5.539153897637795
11
5.2584792519685042
21
-5.5389439370078737
0
LINE
8
BLACK
6
CONTINUOUS
10
5.2584792519685042
20
-5.5389439370078737
11
5.2584792519685042
21
-5.5388716535433069
0
LINE
8
BLACK
6
CONTINUOUS
10
5.2584792519685042
20
-5.5388716535433069
11
5.2585073228346459
21
-5.5388038188976374
0
LINE
8
BLACK
6
CONTINUOUS
10
5.2585073228346459
20
-5.5388038188976374
11
5.2585509448818897
21
-5.538586338582677
0
LINE
8
BLACK
6
CONTINUOUS
10
5.2585509448818897
20
-5.538586338582677
11
5.2587549606299211
21
-5.5382060236220472
0
LINE
8
BLACK
6
CONTINUOUS
10
5.2587549606299211
20
-5.5382060236220472
11
5.2589201574803148
21
-5.5378072440944877
0
LINE
8
BLACK
6
CONTINUOUS
10
5.2589201574803148
20
-5.5378072440944877
11
5.2590253149606294
21
-5.5377020472440943
0
LINE
8
BLACK
6
CONTINUOUS
10
5.2590253149606294
20
-5.5377020472440943
11
5.2590955905511807
21
-5.5375711023622047
0
LINE
8
BLACK
6
CONTINUOUS
10
5.2590955905511807
20
-5.5375711023622047
11
5.259429527559055
21
-5.5372978346456696
0
LINE
8
BLACK
6
CONTINUOUS
10
5.259429527559055
20
-5.5372978346456696
11
5.2597348031496063
21
-5.5369925984251971
0
LINE
8
BLACK
6
CONTINUOUS
10
5.2597348031496063
20
-5.5369925984251971
11
5.259872125984252
21
-5.5369356692913385
0
LINE
8
BLACK
6
CONTINUOUS
10
5.259872125984252
20
-5.5369356692913385
11
5.2599872440944884
21
-5.5368415354330711
0
LINE
8
BLACK
6
CONTINUOUS
10
5.2599872440944884
20
-5.5368415354330711
11
5.2604005118110235
21
-5.5367168110236218
0
LINE
8
BLACK
6
CONTINUOUS
10
5.2604005118110235
20
-5.5367168110236218
11
5.2607992125984246
21
-5.5365516929133856
0
LINE
8
BLACK
6
CONTINUOUS
10
5.2607992125984246
20
-5.5365516929133856
11
5.261019881889764
21
-5.5365299212598424
0
LINE
8
BLACK
6
CONTINUOUS
10
5.261019881889764
20
-5.5365299212598424
11
5.2610902362204719
21
-5.5365087401574806
0
LINE
8
BLACK
6
CONTINUOUS
10
5.2610902362204719
20
-5.5365087401574806
11
5.2611622047244095
21
-5.5365159055118109
0
LINE
8
BLACK
6
CONTINUOUS
10
5.2611622047244095
20
-5.5365159055118109
11
5.2613752755905514
21
-5.5364949606299207
0
LINE
8
BLACK
6
CONTINUOUS
10
5.2613752755905514
20
-5.5364949606299207
11
5.280122913385827
21
-5.5364949606299207
0
LINE
8
BLACK
6
CONTINUOUS
10
5.280122913385827
20
-5.5364949606299207
11
5.2806989763779528
21
-5.5365516929133856
0
LINE
8
BLACK
6
CONTINUOUS
10
5.3688129527559054
20
-5.5365516929133856
11
5.3689109448818897
21
-5.5365922834645671
0
LINE
8
BLACK
6
CONTINUOUS
10
5.3689109448818897
20
-5.5365922834645671
11
5.3690167716535431
21
-5.5365998031496062
0
LINE
8
BLACK
6
CONTINUOUS
10
5.3690167716535431
20
-5.5365998031496062
11
5.3695574015748031
21
-5.5368066929133857
0
LINE
8
BLACK
6
CONTINUOUS
10
5.3695574015748031
20
-5.5368066929133857
11
5.3733069291338582
21
-5.5386814566929132
0
LINE
8
BLACK
6
CONTINUOUS
10
5.3733069291338582
20
-5.5386814566929132
11
5.3735549212598421
21
-5.538837519685039
0
LINE
8
BLACK
6
CONTINUOUS
10
5.3735549212598421
20
-5.538837519685039
11
5.3736268897637798
21
-5.5388673622047246
0
LINE
8
BLACK
6
CONTINUOUS
10
5.3736268897637798
20
-5.5388673622047246
11
5.3737078346456695
21
-5.5389338188976378
0
LINE
8
BLACK
6
CONTINUOUS
10
5.3737078346456695
20
-5.5389338188976378
11
5.3737968110236221
21
-5.5389898031496063
0
LINE
8
BLACK
6
CONTINUOUS
10
5.3737968110236221
20
-5.5389898031496063
11
5.3738479527559058
21
-5.5390487795275591
0
LINE
8
BLACK
6
CONTINUOUS
10
5.3738479527559058
20
-5.5390487795275591
11
5.3740743307086616
21
-5.5392345669291334
0
LINE
8
BLACK
6
CONTINUOUS
10
5.3740743307086616
20
-5.5392345669291334
11
5.3759490944881891
21
-5.541109330708661
0
LINE
8
BLACK
6
CONTINUOUS
10
5.3759490944881891
20
-5.541109330708661
11
5.3761348425196847
21
-5.541335669291338
0
LINE
8
BLACK
6
CONTINUOUS
10
5.3761348425196847
20
-5.541335669291338
11
5.3761938582677162
21
-5.5413868503937005
0
LINE
8
BLACK
6
CONTINUOUS
10
5.3761938582677162
20
-5.5413868503937005
11
5.376249803149606
21
-5.5414757874015743
0
LINE
8
BLACK
6
CONTINUOUS
10
5.376249803149606
20
-5.5414757874015743
11
5.3763162992125979
21
-5.5415567716535428
0
LINE
8
BLACK
6
CONTINUOUS
10
5.3763162992125979
20
-5.5415567716535428
11
5.3763461023622048
21
-5.5416287007874017
0
LINE
8
BLACK
6
CONTINUOUS
10
5.3763461023622048
20
-5.5416287007874017
11
5.3765022047244093
21
-5.5418767322834643
0
LINE
8
BLACK
6
CONTINUOUS
10
5.3765022047244093
20
-5.5418767322834643
11
5.3783769685039369
21
-5.5456262598425194
0
LINE
8
BLACK
6
CONTINUOUS
10
5.3783769685039369
20
-5.5456262598425194
11
5.3785838582677163
21
-5.5461668503937007
0
LINE
8
BLACK
6
CONTINUOUS
10
5.3785838582677163
20
-5.5461668503937007
11
5.3785913779527554
21
-5.5462727165354329
0
LINE
8
BLACK
6
CONTINUOUS
10
5.3785913779527554
20
-5.5462727165354329
11
5.378631968503937
21
-5.5463707086614171
0
LINE
8
BLACK
6
CONTINUOUS
10
5.378631968503937
20
-5.5463707086614171
11
5.3786887007874018
21
-5.546946771653543
0
LINE
8
BLACK
6
CONTINUOUS
10
5.3786887007874018
20
-5.546946771653543
11
5.3786887007874018
21
-5.5506962992125981
0
LINE
8
BLACK
6
CONTINUOUS
10
5.3786887007874018
20
-5.5506962992125981
11
5.3786599606299212
21
-5.5509878740157479
0
LINE
8
BLACK
6
CONTINUOUS
10
5.3786599606299212
20
-5.5509878740157479
11
5.3786655118110236
21
-5.5510656299212595
0
LINE
8
BLACK
6
CONTINUOUS
10
5.3786655118110236
20
-5.5510656299212595
11
5.3786422440944879
21
-5.5511678740157482
0
LINE
8
BLACK
6
CONTINUOUS
10
5.3786422440944879
20
-5.5511678740157482
11
5.378631968503937
21
-5.551272362204724
0
LINE
8
BLACK
6
CONTINUOUS
10
5.378631968503937
20
-5.551272362204724
11
5.3786020866141735
21
-5.5513444094488191
0
LINE
8
BLACK
6
CONTINUOUS
10
5.3786020866141735
20
-5.5513444094488191
11
5.3785371653543308
21
-5.5516300787401578
0
LINE
8
BLACK
6
CONTINUOUS
10
5.3785371653543308
20
-5.5516300787401578
11
5.3766624015748032
21
-5.5572543307086617
0
LINE
8
BLACK
6
CONTINUOUS
10
5.3766624015748032
20
-5.5572543307086617
11
5.3764264173228344
21
-5.557782913385827
0
LINE
8
BLACK
6
CONTINUOUS
10
5.3764264173228344
20
-5.557782913385827
11
5.3763569291338582
21
-5.5578629921259841
0
LINE
8
BLACK
6
CONTINUOUS
10
5.3763569291338582
20
-5.5578629921259841
11
5.3763163385826767
21
-5.5579610629921259
0
LINE
8
BLACK
6
CONTINUOUS
10
5.3763163385826767
20
-5.5579610629921259
11
5.3759490944881891
21
-5.5584085039370077
0
LINE
8
BLACK
6
CONTINUOUS
10
5.3759490944881891
20
-5.5584085039370077
11
5.3584925984251965
21
-5.575865039370079
0
LINE
8
BLACK
6
CONTINUOUS
10
5.3584925984251965
20
-5.575865039370079
11
5.3757359448818898
21
-5.575865039370079
0
LINE
8
BLACK
6
CONTINUOUS
10
5.3757359448818898
20
-5.575865039370079
11
5.3763120078740156
21
-5.575921771653543
0
LINE
8
BLACK
6
CONTINUOUS
10
5.3763120078740156
20
-5.575921771653543
11
5.3773764173228349
21
-5.5763626771653545
0
LINE
8
BLACK
6
CONTINUOUS
10
5.3773764173228349
20
-5.5763626771653545
11
5.3781910629921255
21
-5.577177322834646
0
LINE
8
BLACK
6
CONTINUOUS
10
5.3781910629921255
20
-5.577177322834646
11
5.378631968503937
21
-5.5782417322834643
0
LINE
8
BLACK
6
CONTINUOUS
10
5.378631968503937
20
-5.5782417322834643
11
5.378631968503937
21
-5.5793938582677161
0
LINE
8
BLACK
6
CONTINUOUS
10
5.378631968503937
20
-5.5793938582677161
11
5.3781910629921255
21
-5.5804582677165353
0
LINE
8
BLACK
6
CONTINUOUS
10
5.3781910629921255
20
-5.5804582677165353
11
5.3773764173228349
21
-5.5812729133858268
0
LINE
8
BLACK
6
CONTINUOUS
10
5.3773764173228349
20
-5.5812729133858268
11
5.3763120078740156
21
-5.5817138188976374
0
LINE
8
BLACK
6
CONTINUOUS
10
5.3763120078740156
20
-5.5817138188976374
11
5.3757359448818898
21
-5.5817705511811022
0
LINE
8
BLACK
6
CONTINUOUS
10
5.3757359448818898
20
-5.5817705511811022
11
5.3513640157480316
21
-5.5817705511811022
0
LINE
8
BLACK
6
CONTINUOUS
10
5.3513640157480316
20
-5.5817705511811022
11
5.3507879527559057
21
-5.5817138188976374
0
LINE
8
BLACK
6
CONTINUOUS
10
5.3507879527559057
20
-5.5817138188976374
11
5.3497235433070864
21
-5.5812729133858268
0
LINE
8
BLACK
6
CONTINUOUS
10
5.3497235433070864
20
-5.5812729133858268
11
5.348908897637795
21
-5.5804582677165353
0
LINE
8
BLACK
6
CONTINUOUS
10
5.348908897637795
20
-5.5804582677165353
11
5.3484679921259843
21
-5.5793938582677161
0
LINE
8
BLACK
6
CONTINUOUS
10
5.3484679921259843
20
-5.5793938582677161
11
5.3484679921259843
21
-5.5782417322834643
0
LINE
8
BLACK
6
CONTINUOUS
10
5.3484679921259843
20
-5.5782417322834643
11
5.348908897637795
21
-5.577177322834646
0
LINE
8
BLACK
6
CONTINUOUS
10
5.348908897637795
20
-5.577177322834646
11
5.3492761023622046
21
-5.5767298818897633
0
LINE
8
BLACK
6
CONTINUOUS
10
5.3492761023622046
20
-5.5767298818897633
11
5.3712803543307084
21
-5.554725551181102
0
LINE
8
BLACK
6
CONTINUOUS
10
5.3712803543307084
20
-5.554725551181102
11
5.3727831889763777
21
-5.5502171653543302
0
LINE
8
BLACK
6
CONTINUOUS
10
5.3727831889763777
20
-5.5502171653543302
11
5.3727831889763777
21
-5.5476438188976376
0
LINE
8
BLACK
6
CONTINUOUS
10
5.3727831889763777
20
-5.5476438188976376
11
5.3714344488188974
21
-5.5449463385826769
0
LINE
8
BLACK
6
CONTINUOUS
10
5.3714344488188974
20
-5.5449463385826769
11
5.3702373228346456
21
-5.5437492125984251
0
LINE
8
BLACK
6
CONTINUOUS
10
5.3702373228346456
20
-5.5437492125984251
11
5.367539842519685
21
-5.5424004724409448
0
LINE
8
BLACK
6
CONTINUOUS
10
5.367539842519685
20
-5.5424004724409448
11
5.3595601181102364
21
-5.5424004724409448
0
LINE
8
BLACK
6
CONTINUOUS
10
5.3595601181102364
20
-5.5424004724409448
11
5.3568626377952757
21
-5.5437492125984251
0
LINE
8
BLACK
6
CONTINUOUS
10
5.3568626377952757
20
-5.5437492125984251
11
5.355326692913386
21
-5.5452851574803148
0
LINE
8
BLACK
6
CONTINUOUS
10
5.355326692913386
20
-5.5452851574803148
11
5.3548792519685042
21
-5.5456523622047245
0
LINE
8
BLACK
6
CONTINUOUS
10
5.3548792519685042
20
-5.5456523622047245
11
5.3538148031496062
21
-5.5460932677165351
0
LINE
8
BLACK
6
CONTINUOUS
10
5.3538148031496062
20
-5.5460932677165351
11
5.352662755905512
21
-5.5460932677165351
0
LINE
8
BLACK
6
CONTINUOUS
10
5.352662755905512
20
-5.5460932677165351
11
5.351598307086614
21
-5.5456523622047245
0
LINE
8
BLACK
6
CONTINUOUS
10
5.351598307086614
20
-5.5456523622047245
11
5.3507836614173225
21
-5.544837716535433
0
LINE
8
BLACK
6
CONTINUOUS
10
5.3507836614173225
20
-5.544837716535433
11
5.3503427559055119
21
-5.543773267716535
0
LINE
8
BLACK
6
CONTINUOUS
10
5.3503427559055119
20
-5.543773267716535
11
5.3503427559055119
21
-5.5426212204724408
0
LINE
8
BLACK
6
CONTINUOUS
10
5.3503427559055119
20
-5.5426212204724408
11
5.3507836614173225
21
-5.5415567716535428
0
LINE
8
BLACK
6
CONTINUOUS
10
5.3507836614173225
20
-5.5415567716535428
11
5.3511508661417322
21
-5.541109330708661
0
LINE
8
BLACK
6
CONTINUOUS
10
5.3511508661417322
20
-5.541109330708661
11
5.3530256299212597
21
-5.5392345669291334
0
LINE
8
BLACK
6
CONTINUOUS
10
5.3530256299212597
20
-5.5392345669291334
11
5.3532519685039368
21
-5.5390487795275591
0
LINE
8
BLACK
6
CONTINUOUS
10
5.3532519685039368
20
-5.5390487795275591
11
5.3533031496062993
21
-5.5389898031496063
0
LINE
8
BLACK
6
CONTINUOUS
10
5.3533031496062993
20
-5.5389898031496063
11
5.3533920866141731
21
-5.5389338188976378
0
LINE
8
BLACK
6
CONTINUOUS
10
5.3533920866141731
20
-5.5389338188976378
11
5.3534730708661415
21
-5.5388673622047246
0
LINE
8
BLACK
6
CONTINUOUS
10
5.3534730708661415
20
-5.5388673622047246
11
5.3535449999999996
21
-5.538837519685039
0
LINE
8
BLACK
6
CONTINUOUS
10
5.3535449999999996
20
-5.538837519685039
11
5.3537930314960631
21
-5.5386814566929132
0
LINE
8
BLACK
6
CONTINUOUS
10
5.3537930314960631
20
-5.5386814566929132
11
5.3575425590551182
21
-5.5368066929133857
0
LINE
8
BLACK
6
CONTINUOUS
10
5.3575425590551182
20
-5.5368066929133857
11
5.3580831496062995
21
-5.5365998031496062
0
LINE
8
BLACK
6
CONTINUOUS
10
5.3580831496062995
20
-5.5365998031496062
11
5.3581890157480316
21
-5.5365922440944884
0
LINE
8
BLACK
6
CONTINUOUS
10
5.3581890157480316
20
-5.5365922440944884
11
5.3582870078740159
21
-5.5365516929133856
0
LINE
8
BLACK
6
CONTINUOUS
10
5.3582870078740159
20
-5.5365516929133856
11
5.3588630708661418
21
-5.5364949606299207
0
LINE
8
BLACK
6
CONTINUOUS
10
5.3588630708661418
20
-5.5364949606299207
11
5.3682368897637796
21
-5.5364949606299207
0
LINE
8
BLACK
6
CONTINUOUS
10
5.3682368897637796
20
-5.5364949606299207
11
5.3688129527559054
21
-5.5365516929133856
0
LINE
8
BLACK
6
CONTINUOUS
10
5.4531774409448817
20
-5.575921771653543
11
5.4542418503937009
21
-5.5763626771653545
0
LINE
8
BLACK
6
CONTINUOUS
10
5.4542418503937009
20
-5.5763626771653545
11
5.4550564960629924
21
-5.577177322834646
0
LINE
8
BLACK
6
CONTINUOUS
10
5.4550564960629924
20
-5.577177322834646
11
5.455497401574803
21
-5.5782417322834643
0
LINE
8
BLACK
6
CONTINUOUS
10
5.455497401574803
20
-5.5782417322834643
11
5.455497401574803
21
-5.5793938582677161
0
LINE
8
BLACK
6
CONTINUOUS
10
5.455497401574803
20
-5.5793938582677161
11
5.4550564960629924
21
-5.5804582677165353
0
LINE
8
BLACK
6
CONTINUOUS
10
5.4550564960629924
20
-5.5804582677165353
11
5.4542418503937009
21
-5.5812729133858268
0
LINE
8
BLACK
6
CONTINUOUS
10
5.4542418503937009
20
-5.5812729133858268
11
5.4531774409448817
21
-5.5817138188976374
0
LINE
8
BLACK
6
CONTINUOUS
10
5.4531774409448817
20
-5.5817138188976374
11
5.4526013779527558
21
-5.5817705511811022
0
LINE
8
BLACK
6
CONTINUOUS
10
5.4526013779527558
20
-5.5817705511811022
11
5.4226051181102362
21
-5.5817705511811022
0
LINE
8
BLACK
6
CONTINUOUS
10
5.4226051181102362
20
-5.5817705511811022
11
5.4220290551181103
21
-5.5817138188976374
0
LINE
8
BLACK
6
CONTINUOUS
10
5.4220290551181103
20
-5.5817138188976374
11
5.420964645669291
21
-5.5812729133858268
0
LINE
8
BLACK
6
CONTINUOUS
10
5.420964645669291
20
-5.5812729133858268
11
5.4201499999999996
21
-5.5804582677165353
0
LINE
8
BLACK
6
CONTINUOUS
10
5.4201499999999996
20
-5.5804582677165353
11
5.4197090944881889
21
-5.5793938582677161
0
LINE
8
BLACK
6
CONTINUOUS
10
5.4197090944881889
20
-5.5793938582677161
11
5.4197090944881889
21
-5.5782417322834643
0
LINE
8
BLACK
6
CONTINUOUS
10
5.4197090944881889
20
-5.5782417322834643
11
5.4201499999999996
21
-5.577177322834646
0
LINE
8
BLACK
6
CONTINUOUS
10
5.4201499999999996
20
-5.577177322834646
11
5.420964645669291
21
-5.5763626771653545
0
LINE
8
BLACK
6
CONTINUOUS
10
5.420964645669291
20
-5.5763626771653545
11
5.4220290551181103
21
-5.575921771653543
0
LINE
8
BLACK
6
CONTINUOUS
10
5.4220290551181103
20
-5.575921771653543
11
5.4226051181102362
21
-5.575865039370079
0
LINE
8
BLACK
6
CONTINUOUS
10
5.4226051181102362
20
-5.575865039370079
11
5.4526013779527558
21
-5.575865039370079
0
LINE
8
BLACK
6
CONTINUOUS
10
5.4526013779527558
20
-5.575865039370079
11
5.4531774409448817
21
-5.575921771653543
0
LINE
8
BLACK
6
CONTINUOUS
10
5.5131699212598422
20
-5.5365516929133856
11
5.5132679133858264
21
-5.5365922834645671
0
LINE
8
BLACK
6
CONTINUOUS
10
5.5132679133858264
20
-5.5365922834645671
11
5.5133737401574798
21
-5.5365998031496062
0
LINE
8
BLACK
6
CONTINUOUS
10
5.5133737401574798
20
-5.5365998031496062
11
5.5139143700787399
21
-5.5368066929133857
0
LINE
8
BLACK
6
CONTINUOUS
10
5.5139143700787399
20
-5.5368066929133857
11
5.517663897637795
21
-5.5386814566929132
0
LINE
8
BLACK
6
CONTINUOUS
10
5.517663897637795
20
-5.5386814566929132
11
5.5179118897637798
21
-5.538837519685039
0
LINE
8
BLACK
6
CONTINUOUS
10
5.5179118897637798
20
-5.538837519685039
11
5.5179838582677165
21
-5.5388673622047246
0
LINE
8
BLACK
6
CONTINUOUS
10
5.5179838582677165
20
-5.5388673622047246
11
5.5180648031496062
21
-5.5389338188976378
0
LINE
8
BLACK
6
CONTINUOUS
10
5.5180648031496062
20
-5.5389338188976378
11
5.5181537795275588
21
-5.5389898031496063
0
LINE
8
BLACK
6
CONTINUOUS
10
5.5181537795275588
20
-5.5389898031496063
11
5.5182049212598425
21
-5.5390487795275591
0
LINE
8
BLACK
6
CONTINUOUS
10
5.5182049212598425
20
-5.5390487795275591
11
5.5184312992125983
21
-5.5392345669291334
0
LINE
8
BLACK
6
CONTINUOUS
10
5.5184312992125983
20
-5.5392345669291334
11
5.5203060629921259
21
-5.541109330708661
0
LINE
8
BLACK
6
CONTINUOUS
10
5.5203060629921259
20
-5.541109330708661
11
5.5204918110236223
21
-5.541335669291338
0
LINE
8
BLACK
6
CONTINUOUS
10
5.5204918110236223
20
-5.541335669291338
11
5.520550826771653
21
-5.5413868503937005
0
LINE
8
BLACK
6
CONTINUOUS
10
5.520550826771653
20
-5.5413868503937005
11
5.5206067716535427
21
-5.5414757874015743
0
LINE
8
BLACK
6
CONTINUOUS
10
5.5206067716535427
20
-5.5414757874015743
11
5.5206732677165355
21
-5.5415567716535428
0
LINE
8
BLACK
6
CONTINUOUS
10
5.5206732677165355
20
-5.5415567716535428
11
5.5207030708661415
21
-5.5416287007874017
0
LINE
8
BLACK
6
CONTINUOUS
10
5.5207030708661415
20
-5.5416287007874017
11
5.5208591732283461
21
-5.5418767322834643
0
LINE
8
BLACK
6
CONTINUOUS
10
5.5208591732283461
20
-5.5418767322834643
11
5.5227339370078736
21
-5.5456262598425194
0
LINE
8
BLACK
6
CONTINUOUS
10
5.5227339370078736
20
-5.5456262598425194
11
5.522750039370079
21
-5.5456683464566927
0
LINE
8
BLACK
6
CONTINUOUS
10
5.522750039370079
20
-5.5456683464566927
11
5.5227627559055117
21
-5.5456855118110235
0
LINE
8
BLACK
6
CONTINUOUS
10
5.5227627559055117
20
-5.5456855118110235
11
5.52284905511811
21
-5.5459270866141734
0
LINE
8
BLACK
6
CONTINUOUS
10
5.52284905511811
20
-5.5459270866141734
11
5.5229408267716531
21
-5.5461668503937007
0
LINE
8
BLACK
6
CONTINUOUS
10
5.5229408267716531
20
-5.5461668503937007
11
5.5229423228346457
21
-5.54618811023622
0
LINE
8
BLACK
6
CONTINUOUS
10
5.5229423228346457
20
-5.54618811023622
11
5.5229575196850389
21
-5.5462306299212596
0
LINE
8
BLACK
6
CONTINUOUS
10
5.5229575196850389
20
-5.5462306299212596
11
5.5248322834645665
21
-5.5537296850393698
0
LINE
8
BLACK
6
CONTINUOUS
10
5.5248322834645665
20
-5.5537296850393698
11
5.5248470472440943
21
-5.5538295275590546
0
LINE
8
BLACK
6
CONTINUOUS
10
5.5248470472440943
20
-5.5538295275590546
11
5.5248637007874013
21
-5.5538697637795273
0
LINE
8
BLACK
6
CONTINUOUS
10
5.5248637007874013
20
-5.5538697637795273
11
5.524885039370079
21
-5.5540867716535436
0
LINE
8
BLACK
6
CONTINUOUS
10
5.524885039370079
20
-5.5540867716535436
11
5.524916929133858
21
-5.5543022834645672
0
LINE
8
BLACK
6
CONTINUOUS
10
5.524916929133858
20
-5.5543022834645672
11
5.5249105118110231
21
-5.5543452755905509
0
LINE
8
BLACK
6
CONTINUOUS
10
5.5249105118110231
20
-5.5543452755905509
11
5.5249204330708661
21
-5.5544458267716532
0
LINE
8
BLACK
6
CONTINUOUS
10
5.5249204330708661
20
-5.5544458267716532
11
5.5249204330708661
21
-5.563819645669291
0
LINE
8
BLACK
6
CONTINUOUS
10
5.5249204330708661
20
-5.563819645669291
11
5.5249105118110231
21
-5.5639201574803145
0
LINE
8
BLACK
6
CONTINUOUS
10
5.5249105118110231
20
-5.5639201574803145
11
5.524916929133858
21
-5.5639631889763779
0
LINE
8
BLACK
6
CONTINUOUS
10
5.524916929133858
20
-5.5639631889763779
11
5.524885039370079
21
-5.5641786614173228
0
LINE
8
BLACK
6
CONTINUOUS
10
5.524885039370079
20
-5.5641786614173228
11
5.5248637007874013
21
-5.5643957086614169
0
LINE
8
BLACK
6
CONTINUOUS
10
5.5248637007874013
20
-5.5643957086614169
11
5.5248470472440943
21
-5.5644359055118109
0
LINE
8
BLACK
6
CONTINUOUS
10
5.5248470472440943
20
-5.5644359055118109
11
5.5248322834645665
21
-5.5645357874015744
0
LINE
8
BLACK
6
CONTINUOUS
10
5.5248322834645665
20
-5.5645357874015744
11
5.5229575196850389
21
-5.5720348425196846
0
LINE
8
BLACK
6
CONTINUOUS
10
5.5229575196850389
20
-5.5720348425196846
11
5.5229423228346457
21
-5.5720773228346454
0
LINE
8
BLACK
6
CONTINUOUS
10
5.5229423228346457
20
-5.5720773228346454
11
5.5229408267716531
21
-5.5720986220472444
0
LINE
8
BLACK
6
CONTINUOUS
10
5.5229408267716531
20
-5.5720986220472444
11
5.52284905511811
21
-5.5723383464566929
0
LINE
8
BLACK
6
CONTINUOUS
10
5.52284905511811
20
-5.5723383464566929
11
5.5227627559055117
21
-5.5725799606299216
0
LINE
8
BLACK
6
CONTINUOUS
10
5.5227627559055117
20
-5.5725799606299216
11
5.522750039370079
21
-5.5725970866141727
0
LINE
8
BLACK
6
CONTINUOUS
10
5.522750039370079
20
-5.5725970866141727
11
5.5227339370078736
21
-5.5726392125984248
0
LINE
8
BLACK
6
CONTINUOUS
10
5.5227339370078736
20
-5.5726392125984248
11
5.5208591732283461
21
-5.5763887401574799
0
LINE
8
BLACK
6
CONTINUOUS
10
5.5208591732283461
20
-5.5763887401574799
11
5.5207031102362203
21
-5.5766366141732284
0
LINE
8
BLACK
6
CONTINUOUS
10
5.5207031102362203
20
-5.5766366141732284
11
5.5206733070866143
21
-5.5767086614173227
0
LINE
8
BLACK
6
CONTINUOUS
10
5.5206733070866143
20
-5.5767086614173227
11
5.5206067716535427
21
-5.5767896850393699
0
LINE
8
BLACK
6
CONTINUOUS
10
5.5206067716535427
20
-5.5767896850393699
11
5.520550826771653
21
-5.5768786220472437
0
LINE
8
BLACK
6
CONTINUOUS
10
5.520550826771653
20
-5.5768786220472437
11
5.5204918110236223
21
-5.5769297637795274
0
LINE
8
BLACK
6
CONTINUOUS
10
5.5204918110236223
20
-5.5769297637795274
11
5.5203060629921259
21
-5.5771561417322832
0
LINE
8
BLACK
6
CONTINUOUS
10
5.5203060629921259
20
-5.5771561417322832
11
5.5184313385826771
21
-5.5790309055118108
0
LINE
8
BLACK
6
CONTINUOUS
10
5.5184313385826771
20
-5.5790309055118108
11
5.5182049606299213
21
-5.5792166535433072
0
LINE
8
BLACK
6
CONTINUOUS
10
5.5182049606299213
20
-5.5792166535433072
11
5.5181537795275588
21
-5.5792757086614175
0
LINE
8
BLACK
6
CONTINUOUS
10
5.5181537795275588
20
-5.5792757086614175
11
5.5180648031496062
21
-5.579331692913386
0
LINE
8
BLACK
6
CONTINUOUS
10
5.5180648031496062
20
-5.579331692913386
11
5.5179838582677165
21
-5.5793981496062992
0
LINE
8
BLACK
6
CONTINUOUS
10
5.5179838582677165
20
-5.5793981496062992
11
5.5179118897637798
21
-5.5794279527559052
0
LINE
8
BLACK
6
CONTINUOUS
10
5.5179118897637798
20
-5.5794279527559052
11
5.517663897637795
21
-5.5795840551181097
0
LINE
8
BLACK
6
CONTINUOUS
10
5.517663897637795
20
-5.5795840551181097
11
5.5139143700787399
21
-5.5814588188976373
0
LINE
8
BLACK
6
CONTINUOUS
10
5.5139143700787399
20
-5.5814588188976373
11
5.5133737401574798
21
-5.5816657086614168
0
LINE
8
BLACK
6
CONTINUOUS
10
5.5133737401574798
20
-5.5816657086614168
11
5.5132679133858264
21
-5.581673188976378
0
LINE
8
BLACK
6
CONTINUOUS
10
5.5132679133858264
20
-5.581673188976378
11
5.5131699212598422
21
-5.5817138188976374
0
LINE
8
BLACK
6
CONTINUOUS
10
5.5131699212598422
20
-5.5817138188976374
11
5.5125938582677163
21
-5.5817705511811022
0
LINE
8
BLACK
6
CONTINUOUS
10
5.5125938582677163
20
-5.5817705511811022
11
5.5088443307086612
21
-5.5817705511811022
0
LINE
8
BLACK
6
CONTINUOUS
10
5.5088443307086612
20
-5.5817705511811022
11
5.5082682677165353
21
-5.5817138188976374
0
LINE
8
BLACK
6
CONTINUOUS
10
5.5082682677165353
20
-5.5817138188976374
11
5.5081702755905511
21
-5.5816732283464567
0
LINE
8
BLACK
6
CONTINUOUS
10
5.5081702755905511
20
-5.5816732283464567
11
5.5080644094488189
21
-5.5816657086614168
0
LINE
8
BLACK
6
CONTINUOUS
10
5.5080644094488189
20
-5.5816657086614168
11
5.5075238188976376
21
-5.5814588188976373
0
LINE
8
BLACK
6
CONTINUOUS
10
5.5075238188976376
20
-5.5814588188976373
11
5.5037742913385825
21
-5.5795840551181097
0
LINE
8
BLACK
6
CONTINUOUS
10
5.5037742913385825
20
-5.5795840551181097
11
5.5035262598425199
21
-5.5794279527559052
0
LINE
8
BLACK
6
CONTINUOUS
10
5.5035262598425199
20
-5.5794279527559052
11
5.503454330708661
21
-5.5793981496062992
0
LINE
8
BLACK
6
CONTINUOUS
10
5.503454330708661
20
-5.5793981496062992
11
5.5033733464566925
21
-5.579331692913386
0
LINE
8
BLACK
6
CONTINUOUS
10
5.5033733464566925
20
-5.579331692913386
11
5.5032844094488187
21
-5.5792757086614175
0
LINE
8
BLACK
6
CONTINUOUS
10
5.5032844094488187
20
-5.5792757086614175
11
5.5032331889763775
21
-5.5792166535433072
0
LINE
8
BLACK
6
CONTINUOUS
10
5.5032331889763775
20
-5.5792166535433072
11
5.5030068503937004
21
-5.5790309055118108
0
LINE
8
BLACK
6
CONTINUOUS
10
5.5030068503937004
20
-5.5790309055118108
11
5.5011320866141729
21
-5.5771561023622045
0
LINE
8
BLACK
6
CONTINUOUS
10
5.5011320866141729
20
-5.5771561023622045
11
5.5009463385826773
21
-5.5769297637795274
0
LINE
8
BLACK
6
CONTINUOUS
10
5.5009463385826773
20
-5.5769297637795274
11
5.5008873622047245
21
-5.5768786220472437
0
LINE
8
BLACK
6
CONTINUOUS
10
5.5008873622047245
20
-5.5768786220472437
11
5.500831377952756
21
-5.5767896850393699
0
LINE
8
BLACK
6
CONTINUOUS
10
5.500831377952756
20
-5.5767896850393699
11
5.5007648818897641
21
-5.5767086614173227
0
LINE
8
BLACK
6
CONTINUOUS
10
5.5007648818897641
20
-5.5767086614173227
11
5.5007350393700785
21
-5.5766366141732284
0
LINE
8
BLACK
6
CONTINUOUS
10
5.5007350393700785
20
-5.5766366141732284
11
5.5005790157480314
21
-5.5763887401574799
0
LINE
8
BLACK
6
CONTINUOUS
10
5.5005790157480314
20
-5.5763887401574799
11
5.4987042519685039
21
-5.5726392125984248
0
LINE
8
BLACK
6
CONTINUOUS
10
5.4987042519685039
20
-5.5726392125984248
11
5.4986881102362206
21
-5.5725970866141727
0
LINE
8
BLACK
6
CONTINUOUS
10
5.4986881102362206
20
-5.5725970866141727
11
5.4986754330708658
21
-5.5725799606299216
0
LINE
8
BLACK
6
CONTINUOUS
10
5.4986754330708658
20
-5.5725799606299216
11
5.4985889763779525
21
-5.5723379921259841
0
LINE
8
BLACK
6
CONTINUOUS
10
5.4985889763779525
20
-5.5723379921259841
11
5.4984973622047244
21
-5.5720985826771656
0
LINE
8
BLACK
6
CONTINUOUS
10
5.4984973622047244
20
-5.5720985826771656
11
5.4984958267716531
21
-5.5720773228346454
0
LINE
8
BLACK
6
CONTINUOUS
10
5.4984958267716531
20
-5.5720773228346454
11
5.4984806692913386
21
-5.5720348425196846
0
LINE
8
BLACK
6
CONTINUOUS
10
5.4984806692913386
20
-5.5720348425196846
11
5.4966059055118111
21
-5.5645357874015744
0
LINE
8
BLACK
6
CONTINUOUS
10
5.4966059055118111
20
-5.5645357874015744
11
5.4965911023622045
21
-5.5644359055118109
0
LINE
8
BLACK
6
CONTINUOUS
10
5.4965911023622045
20
-5.5644359055118109
11
5.4965744881889762
21
-5.5643957086614169
0
LINE
8
BLACK
6
CONTINUOUS
10
5.4965744881889762
20
-5.5643957086614169
11
5.4965531102362206
21
-5.5641786614173228
0
LINE
8
BLACK
6
CONTINUOUS
10
5.4965531102362206
20
-5.5641786614173228
11
5.4965212598425195
21
-5.5639631889763779
0
LINE
8
BLACK
6
CONTINUOUS
10
5.4965212598425195
20
-5.5639631889763779
11
5.4965276377952756
21
-5.5639201574803145
0
LINE
8
BLACK
6
CONTINUOUS
10
5.4965276377952756
20
-5.5639201574803145
11
5.4965177559055114
21
-5.563819645669291
0
LINE
8
BLACK
6
CONTINUOUS
10
5.4965177559055114
20
-5.563819645669291
11
5.4965177559055114
21
-5.5544458267716532
0
LINE
8
BLACK
6
CONTINUOUS
10
5.4965177559055114
20
-5.5544458267716532
11
5.4965276377952756
21
-5.5543452755905509
0
LINE
8
BLACK
6
CONTINUOUS
10
5.4965276377952756
20
-5.5543452755905509
11
5.4965212598425195
21
-5.5543022834645672
0
LINE
8
BLACK
6
CONTINUOUS
10
5.4965212598425195
20
-5.5543022834645672
11
5.4965531102362206
21
-5.5540867716535436
0
LINE
8
BLACK
6
CONTINUOUS
10
5.4965531102362206
20
-5.5540867716535436
11
5.4965744881889762
21
-5.5538697637795273
0
LINE
8
BLACK
6
CONTINUOUS
10
5.4965744881889762
20
-5.5538697637795273
11
5.4965911023622045
21
-5.5538295275590546
0
LINE
8
BLACK
6
CONTINUOUS
10
5.4965911023622045
20
-5.5538295275590546
11
5.4966059055118111
21
-5.5537296850393698
0
LINE
8
BLACK
6
CONTINUOUS
10
5.4966059055118111
20
-5.5537296850393698
11
5.4984806692913386
21
-5.5462306299212596
0
LINE
8
BLACK
6
CONTINUOUS
10
5.4984806692913386
20
-5.5462306299212596
11
5.4984958267716531
21
-5.54618811023622
0
LINE
8
BLACK
6
CONTINUOUS
10
5.4984958267716531
20
-5.54618811023622
11
5.4984973622047244
21
-5.5461668897637795
0
LINE
8
BLACK
6
CONTINUOUS
10
5.4984973622047244
20
-5.5461668897637795
11
5.4985889763779525
21
-5.5459274409448813
0
LINE
8
BLACK
6
CONTINUOUS
10
5.4985889763779525
20
-5.5459274409448813
11
5.4986754330708658
21
-5.5456855118110235
0
LINE
8
BLACK
6
CONTINUOUS
10
5.4986754330708658
20
-5.5456855118110235
11
5.4986881102362206
21
-5.5456683464566927
0
LINE
8
BLACK
6
CONTINUOUS
10
5.4986881102362206
20
-5.5456683464566927
11
5.4987042519685039
21
-5.5456262598425194
0
LINE
8
BLACK
6
CONTINUOUS
10
5.4987042519685039
20
-5.5456262598425194
11
5.5005790157480314
21
-5.5418767322834643
0
LINE
8
BLACK
6
CONTINUOUS
10
5.5005790157480314
20
-5.5418767322834643
11
5.5007350787401572
21
-5.5416287007874017
0
LINE
8
BLACK
6
CONTINUOUS
10
5.5007350787401572
20
-5.5416287007874017
11
5.500764921259842
21
-5.5415567716535428
0
LINE
8
BLACK
6
CONTINUOUS
10
5.500764921259842
20
-5.5415567716535428
11
5.500831377952756
21
-5.5414757874015743
0
LINE
8
BLACK
6
CONTINUOUS
10
5.500831377952756
20
-5.5414757874015743
11
5.5008873622047245
21
-5.5413868503937005
0
LINE
8
BLACK
6
CONTINUOUS
10
5.5008873622047245
20
-5.5413868503937005
11
5.5009463385826773
21
-5.541335669291338
0
LINE
8
BLACK
6
CONTINUOUS
10
5.5009463385826773
20
-5.541335669291338
11
5.5011321259842516
21
-5.541109330708661
0
LINE
8
BLACK
6
CONTINUOUS
10
5.5011321259842516
20
-5.541109330708661
11
5.5030068897637792
21
-5.5392345669291334
0
LINE
8
BLACK
6
CONTINUOUS
10
5.5030068897637792
20
-5.5392345669291334
11
5.5032332283464562
21
-5.5390487795275591
0
LINE
8
BLACK
6
CONTINUOUS
10
5.5032332283464562
20
-5.5390487795275591
11
5.5032844094488187
21
-5.5389898031496063
0
LINE
8
BLACK
6
CONTINUOUS
10
5.5032844094488187
20
-5.5389898031496063
11
5.5033733464566925
21
-5.5389338188976378
0
LINE
8
BLACK
6
CONTINUOUS
10
5.5033733464566925
20
-5.5389338188976378
11
5.503454330708661
21
-5.5388673622047246
0
LINE
8
BLACK
6
CONTINUOUS
10
5.503454330708661
20
-5.5388673622047246
11
5.5035262598425199
21
-5.538837519685039
0
LINE
8
BLACK
6
CONTINUOUS
10
5.5035262598425199
20
-5.538837519685039
11
5.5037742913385825
21
-5.5386814566929132
0
LINE
8
BLACK
6
CONTINUOUS
10
5.5037742913385825
20
-5.5386814566929132
11
5.5075238188976376
21
-5.5368066929133857
0
LINE
8
BLACK
6
CONTINUOUS
10
5.5075238188976376
20
-5.5368066929133857
11
5.5080644094488189
21
-5.5365998031496062
0
LINE
8
BLACK
6
CONTINUOUS
10
5.5080644094488189
20
-5.5365998031496062
11
5.5081702755905511
21
-5.5365922440944884
0
LINE
8
BLACK
6
CONTINUOUS
10
5.5081702755905511
20
-5.5365922440944884
11
5.5082682677165353
21
-5.5365516929133856
0
LINE
8
BLACK
6
CONTINUOUS
10
5.5082682677165353
20
-5.5365516929133856
11
5.5088443307086612
21
-5.5364949606299207
0
LINE
8
BLACK
6
CONTINUOUS
10
5.5088443307086612
20
-5.5364949606299207
11
5.5125938582677163
21
-5.5364949606299207
0
LINE
8
BLACK
6
CONTINUOUS
10
5.5125938582677163
20
-5.5364949606299207
11
5.5131699212598422
21
-5.5365516929133856
0
LINE
8
BLACK
6
CONTINUOUS
10
5.5068438976377951
20
-5.5437492125984251
11
5.5056467716535433
21
-5.5449463385826769
0
LINE
8
BLACK
6
CONTINUOUS
10
5.5056467716535433
20
-5.5449463385826769
11
5.5041312598425192
21
-5.5479773228346456
0
LINE
8
BLACK
6
CONTINUOUS
10
5.5041312598425192
20
-5.5479773228346456
11
5.5024232677165354
21
-5.5548093700787398
0
LINE
8
BLACK
6
CONTINUOUS
10
5.5024232677165354
20
-5.5548093700787398
11
5.5024232677165354
21
-5.5634561023622044
0
LINE
8
BLACK
6
CONTINUOUS
10
5.5024232677165354
20
-5.5634561023622044
11
5.5041312598425192
21
-5.5702881496062995
0
LINE
8
BLACK
6
CONTINUOUS
10
5.5041312598425192
20
-5.5702881496062995
11
5.5056467716535433
21
-5.5733191338582673
0
LINE
8
BLACK
6
CONTINUOUS
10
5.5056467716535433
20
-5.5733191338582673
11
5.5068438976377951
21
-5.5745162992125987
0
LINE
8
BLACK
6
CONTINUOUS
10
5.5068438976377951
20
-5.5745162992125987
11
5.5095413779527558
21
-5.575865039370079
0
LINE
8
BLACK
6
CONTINUOUS
10
5.5095413779527558
20
-5.575865039370079
11
5.5118968110236217
21
-5.575865039370079
0
LINE
8
BLACK
6
CONTINUOUS
10
5.5118968110236217
20
-5.575865039370079
11
5.5145942519685036
21
-5.5745162992125987
0
LINE
8
BLACK
6
CONTINUOUS
10
5.5145942519685036
20
-5.5745162992125987
11
5.5157913779527554
21
-5.5733191338582673
0
LINE
8
BLACK
6
CONTINUOUS
10
5.5157913779527554
20
-5.5733191338582673
11
5.5173068897637796
21
-5.5702881496062995
0
LINE
8
BLACK
6
CONTINUOUS
10
5.5173068897637796
20
-5.5702881496062995
11
5.5190149212598421
21
-5.5634561023622044
0
LINE
8
BLACK
6
CONTINUOUS
10
5.5190149212598421
20
-5.5634561023622044
11
5.5190149212598421
21
-5.5548093700787398
0
LINE
8
BLACK
6
CONTINUOUS
10
5.5190149212598421
20
-5.5548093700787398
11
5.5173068897637796
21
-5.5479773228346456
0
LINE
8
BLACK
6
CONTINUOUS
10
5.5173068897637796
20
-5.5479773228346456
11
5.5157914173228342
21
-5.5449463385826769
0
LINE
8
BLACK
6
CONTINUOUS
10
5.5157914173228342
20
-5.5449463385826769
11
5.5145942913385824
21
-5.5437492125984251
0
LINE
8
BLACK
6
CONTINUOUS
10
5.5145942913385824
20
-5.5437492125984251
11
5.5118968110236217
21
-5.5424004724409448
0
LINE
8
BLACK
6
CONTINUOUS
10
5.5118968110236217
20
-5.5424004724409448
11
5.5095413779527558
21
-5.5424004724409448
0
LINE
8
BLACK
6
CONTINUOUS
10
5.5095413779527558
20
-5.5424004724409448
11
5.5068438976377951
21
-5.5437492125984251
0
LINE
8
BLACK
6
CONTINUOUS
10
5.5672457086614173
20
-5.5365516929133856
11
5.56753811023622
21
-5.5365516929133856
0
LINE
8
BLACK
6
CONTINUOUS
10
5.56753811023622
20
-5.5365516929133856
11
5.5678053543307087
21
-5.5366624015748034
0
LINE
8
BLACK
6
CONTINUOUS
10
5.5678053543307087
20
-5.5366624015748034
11
5.568089173228346
21
-5.5367185433070869
0
LINE
8
BLACK
6
CONTINUOUS
10
5.568089173228346
20
-5.5367185433070869
11
5.5683324409448813
21
-5.5368807086614176
0
LINE
8
BLACK
6
CONTINUOUS
10
5.5683324409448813
20
-5.5368807086614176
11
5.5686025196850393
21
-5.5369925984251971
0
LINE
8
BLACK
6
CONTINUOUS
10
5.5686025196850393
20
-5.5369925984251971
11
5.568806968503937
21
-5.5371970472440948
0
LINE
8
BLACK
6
CONTINUOUS
10
5.568806968503937
20
-5.5371970472440948
11
5.5690477952755906
21
-5.5373575984251966
0
LINE
8
BLACK
6
CONTINUOUS
10
5.5690477952755906
20
-5.5373575984251966
11
5.5692105118110238
21
-5.5376005905511807
0
LINE
8
BLACK
6
CONTINUOUS
10
5.5692105118110238
20
-5.5376005905511807
11
5.5694171653543307
21
-5.5378072440944877
0
LINE
8
BLACK
6
CONTINUOUS
10
5.5694171653543307
20
-5.5378072440944877
11
5.5695278346456689
21
-5.5380744488188975
0
LINE
8
BLACK
6
CONTINUOUS
10
5.5695278346456689
20
-5.5380744488188975
11
5.5696888582677166
21
-5.5383148818897636
0
LINE
8
BLACK
6
CONTINUOUS
10
5.5696888582677166
20
-5.5383148818897636
11
5.5697461811023619
21
-5.5386015354330711
0
LINE
8
BLACK
6
CONTINUOUS
10
5.5697461811023619
20
-5.5386015354330711
11
5.5698580708661414
21
-5.5388716535433069
0
LINE
8
BLACK
6
CONTINUOUS
10
5.5698580708661414
20
-5.5388716535433069
11
5.5699141732283461
21
-5.5394415748031491
0
LINE
8
BLACK
6
CONTINUOUS
10
5.5699141732283461
20
-5.5394415748031491
11
5.5699148031496062
21
-5.5394446062992122
0
LINE
8
BLACK
6
CONTINUOUS
10
5.5699148031496062
20
-5.5394446062992122
11
5.5699145669291337
21
-5.5394456299212598
0
LINE
8
BLACK
6
CONTINUOUS
10
5.5699145669291337
20
-5.5394456299212598
11
5.5699148031496062
21
-5.5394477165354328
0
LINE
8
BLACK
6
CONTINUOUS
10
5.5699148031496062
20
-5.5394477165354328
11
5.5699148031496062
21
-5.575865039370079
0
LINE
8
BLACK
6
CONTINUOUS
10
5.5699148031496062
20
-5.575865039370079
11
5.5782106299212595
21
-5.575865039370079
0
LINE
8
BLACK
6
CONTINUOUS
10
5.5782106299212595
20
-5.575865039370079
11
5.5787866929133854
21
-5.575921771653543
0
LINE
8
BLACK
6
CONTINUOUS
10
5.5787866929133854
20
-5.575921771653543
11
5.5798511023622046
21
-5.5763626771653545
0
LINE
8
BLACK
6
CONTINUOUS
10
5.5798511023622046
20
-5.5763626771653545
11
5.5806657480314961
21
-5.577177322834646
0
LINE
8
BLACK
6
CONTINUOUS
10
5.5806657480314961
20
-5.577177322834646
11
5.5811066535433067
21
-5.5782417322834643
0
LINE
8
BLACK
6
CONTINUOUS
10
5.5811066535433067
20
-5.5782417322834643
11
5.5811066535433067
21
-5.5793938582677161
0
LINE
8
BLACK
6
CONTINUOUS
10
5.5811066535433067
20
-5.5793938582677161
11
5.5806657480314961
21
-5.5804582677165353
0
LINE
8
BLACK
6
CONTINUOUS
10
5.5806657480314961
20
-5.5804582677165353
11
5.5798511023622046
21
-5.5812729133858268
0
LINE
8
BLACK
6
CONTINUOUS
10
5.5798511023622046
20
-5.5812729133858268
11
5.5787866929133854
21
-5.5817138188976374
0
LINE
8
BLACK
6
CONTINUOUS
10
5.5787866929133854
20
-5.5817138188976374
11
5.5782106299212595
21
-5.5817705511811022
0
LINE
8
BLACK
6
CONTINUOUS
10
5.5782106299212595
20
-5.5817705511811022
11
5.5557134645669288
21
-5.5817705511811022
0
LINE
8
BLACK
6
CONTINUOUS
10
5.5557134645669288
20
-5.5817705511811022
11
5.555137401574803
21
-5.5817138188976374
0
LINE
8
BLACK
6
CONTINUOUS
10
5.555137401574803
20
-5.5817138188976374
11
5.5540729921259837
21
-5.5812729133858268
0
LINE
8
BLACK
6
CONTINUOUS
10
5.5540729921259837
20
-5.5812729133858268
11
5.5532583464566931
21
-5.5804582677165353
0
LINE
8
BLACK
6
CONTINUOUS
10
5.5532583464566931
20
-5.5804582677165353
11
5.5528174409448816
21
-5.5793938582677161
0
LINE
8
BLACK
6
CONTINUOUS
10
5.5528174409448816
20
-5.5793938582677161
11
5.5528174409448816
21
-5.5782417322834643
0
LINE
8
BLACK
6
CONTINUOUS
10
5.5528174409448816
20
-5.5782417322834643
11
5.5532583464566931
21
-5.577177322834646
0
LINE
8
BLACK
6
CONTINUOUS
10
5.5532583464566931
20
-5.577177322834646
11
5.5540729921259837
21
-5.5763626771653545
0
LINE
8
BLACK
6
CONTINUOUS
10
5.5540729921259837
20
-5.5763626771653545
11
5.555137401574803
21
-5.575921771653543
0
LINE
8
BLACK
6
CONTINUOUS
10
5.555137401574803
20
-5.575921771653543
11
5.5557134645669288
21
-5.575865039370079
0
LINE
8
BLACK
6
CONTINUOUS
10
5.5557134645669288
20
-5.575865039370079
11
5.5640092913385821
21
-5.575865039370079
0
LINE
8
BLACK
6
CONTINUOUS
10
5.5640092913385821
20
-5.575865039370079
11
5.5640092913385821
21
-5.5484510629921262
0
LINE
8
BLACK
6
CONTINUOUS
10
5.5640092913385821
20
-5.5484510629921262
11
5.5615509055118109
21
-5.5509094488188975
0
LINE
8
BLACK
6
CONTINUOUS
10
5.5615509055118109
20
-5.5509094488188975
11
5.561324527559055
21
-5.5510951968503939
0
LINE
8
BLACK
6
CONTINUOUS
10
5.561324527559055
20
-5.5510951968503939
11
5.5612733858267713
21
-5.5511542125984255
0
LINE
8
BLACK
6
CONTINUOUS
10
5.5612733858267713
20
-5.5511542125984255
11
5.5611844094488188
21
-5.5512101574803152
0
LINE
8
BLACK
6
CONTINUOUS
10
5.5611844094488188
20
-5.5512101574803152
11
5.5611034645669291
21
-5.5512766535433071
0
LINE
8
BLACK
6
CONTINUOUS
10
5.5611034645669291
20
-5.5512766535433071
11
5.5610314960629923
21
-5.5513064566929131
0
LINE
8
BLACK
6
CONTINUOUS
10
5.5610314960629923
20
-5.5513064566929131
11
5.5607835039370075
21
-5.5514625590551177
0
LINE
8
BLACK
6
CONTINUOUS
10
5.5607835039370075
20
-5.5514625590551177
11
5.5570339763779524
21
-5.5533373228346452
0
LINE
8
BLACK
6
CONTINUOUS
10
5.5570339763779524
20
-5.5533373228346452
11
5.5564933464566924
21
-5.5535442125984247
0
LINE
8
BLACK
6
CONTINUOUS
10
5.5564933464566924
20
-5.5535442125984247
11
5.5553441338582674
21
-5.5536258661417319
0
LINE
8
BLACK
6
CONTINUOUS
10
5.5553441338582674
20
-5.5536258661417319
11
5.5542511811023623
21
-5.5532615354330703
0
LINE
8
BLACK
6
CONTINUOUS
10
5.5542511811023623
20
-5.5532615354330703
11
5.5533807874015748
21
-5.5525066929133855
0
LINE
8
BLACK
6
CONTINUOUS
10
5.5533807874015748
20
-5.5525066929133855
11
5.5528655511811023
21
-5.5514761811023625
0
LINE
8
BLACK
6
CONTINUOUS
10
5.5528655511811023
20
-5.5514761811023625
11
5.552783897637795
21
-5.5503269685039367
0
LINE
8
BLACK
6
CONTINUOUS
10
5.552783897637795
20
-5.5503269685039367
11
5.5531482283464566
21
-5.5492340157480315
0
LINE
8
BLACK
6
CONTINUOUS
10
5.5531482283464566
20
-5.5492340157480315
11
5.5539030708661414
21
-5.5483636220472441
0
LINE
8
BLACK
6
CONTINUOUS
10
5.5539030708661414
20
-5.5483636220472441
11
5.5543929527559053
21
-5.548055275590551
0
LINE
8
BLACK
6
CONTINUOUS
10
5.5543929527559053
20
-5.548055275590551
11
5.5577138976377949
21
-5.5463948031496058
0
LINE
8
BLACK
6
CONTINUOUS
10
5.5577138976377949
20
-5.5463948031496058
11
5.5609177952755902
21
-5.5431909055118105
0
LINE
8
BLACK
6
CONTINUOUS
10
5.5609177952755902
20
-5.5431909055118105
11
5.5645051968503934
21
-5.5378098031496066
0
LINE
8
BLACK
6
CONTINUOUS
10
5.5645051968503934
20
-5.5378098031496066
11
5.5645065354330709
21
-5.5378081102362202
0
LINE
8
BLACK
6
CONTINUOUS
10
5.5645065354330709
20
-5.5378081102362202
11
5.5645069291338585
21
-5.5378072440944877
0
LINE
8
BLACK
6
CONTINUOUS
10
5.5645069291338585
20
-5.5378072440944877
11
5.564508937007874
21
-5.5378051968503934
0
LINE
8
BLACK
6
CONTINUOUS
10
5.564508937007874
20
-5.5378051968503934
11
5.5648719685039367
21
-5.5373619685039372
0
LINE
8
BLACK
6
CONTINUOUS
10
5.5648719685039367
20
-5.5373619685039372
11
5.5651148425196846
21
-5.5371992913385828
0
LINE
8
BLACK
6
CONTINUOUS
10
5.5651148425196846
20
-5.5371992913385828
11
5.565321574803149
21
-5.5369925984251971
0
LINE
8
BLACK
6
CONTINUOUS
10
5.565321574803149
20
-5.5369925984251971
11
5.5655888582677164
21
-5.5368818503937005
0
LINE
8
BLACK
6
CONTINUOUS
10
5.5655888582677164
20
-5.5368818503937005
11
5.5658292519685038
21
-5.5367209055118112
0
LINE
8
BLACK
6
CONTINUOUS
10
5.5658292519685038
20
-5.5367209055118112
11
5.5661158661417325
21
-5.5366635433070863
0
LINE
8
BLACK
6
CONTINUOUS
10
5.5661158661417325
20
-5.5366635433070863
11
5.5663859842519683
21
-5.5365516929133856
0
LINE
8
BLACK
6
CONTINUOUS
10
5.5663859842519683
20
-5.5365516929133856
11
5.5666752755905513
21
-5.5365516929133856
0
LINE
8
BLACK
6
CONTINUOUS
10
5.5666752755905513
20
-5.5365516929133856
11
5.5669589370078736
21
-5.5364949606299207
0
LINE
8
BLACK
6
CONTINUOUS
10
5.5669589370078736
20
-5.5364949606299207
11
5.5672457086614173
21
-5.5365516929133856
0
LINE
8
BLACK
6
CONTINUOUS
10
5.3406914566929133
20
-5.5365516929133856
11
5.3407083858267717
21
-5.5365587007874018
0
LINE
8
BLACK
6
CONTINUOUS
10
5.3407083858267717
20
-5.5365587007874018
11
5.3407266929133854
21
-5.5365589370078743
0
LINE
8
BLACK
6
CONTINUOUS
10
5.3407266929133854
20
-5.5365589370078743
11
5.3412387401574799
21
-5.5367783858267714
0
LINE
8
BLACK
6
CONTINUOUS
10
5.3412387401574799
20
-5.5367783858267714
11
5.3417558661417326
21
-5.5369925984251971
0
LINE
8
BLACK
6
CONTINUOUS
10
5.3417558661417326
20
-5.5369925984251971
11
5.3417688188976378
21
-5.5370055511811023
0
LINE
8
BLACK
6
CONTINUOUS
10
5.3417688188976378
20
-5.5370055511811023
11
5.3417856692913386
21
-5.5370127952755901
0
LINE
8
BLACK
6
CONTINUOUS
10
5.3417856692913386
20
-5.5370127952755901
11
5.3421752362204726
21
-5.5374119685039371
0
LINE
8
BLACK
6
CONTINUOUS
10
5.3421752362204726
20
-5.5374119685039371
11
5.3425705118110232
21
-5.5378072440944877
0
LINE
8
BLACK
6
CONTINUOUS
10
5.3425705118110232
20
-5.5378072440944877
11
5.3425775196850394
21
-5.537824173228346
0
LINE
8
BLACK
6
CONTINUOUS
10
5.3425775196850394
20
-5.537824173228346
11
5.3425903543307083
21
-5.5378373228346458
0
LINE
8
BLACK
6
CONTINUOUS
10
5.3425903543307083
20
-5.5378373228346458
11
5.3427979527559053
21
-5.5383562992125981
0
LINE
8
BLACK
6
CONTINUOUS
10
5.3427979527559053
20
-5.5383562992125981
11
5.3430114173228347
21
-5.5388716535433069
0
LINE
8
BLACK
6
CONTINUOUS
10
5.3430114173228347
20
-5.5388716535433069
11
5.3430114173228347
21
-5.5388899606299216
0
LINE
8
BLACK
6
CONTINUOUS
10
5.3430114173228347
20
-5.5388899606299216
11
5.3430182283464562
21
-5.5389070078740152
0
LINE
8
BLACK
6
CONTINUOUS
10
5.3430182283464562
20
-5.5389070078740152
11
5.3430114173228347
21
-5.5394652755905511
0
LINE
8
BLACK
6
CONTINUOUS
10
5.3430114173228347
20
-5.5394652755905511
11
5.3430114173228347
21
-5.5400237795275586
0
LINE
8
BLACK
6
CONTINUOUS
10
5.3430114173228347
20
-5.5400237795275586
11
5.3430043700787397
21
-5.540040708661417
0
LINE
8
BLACK
6
CONTINUOUS
10
5.3430043700787397
20
-5.540040708661417
11
5.343004173228346
21
-5.5400590551181104
0
LINE
8
BLACK
6
CONTINUOUS
10
5.343004173228346
20
-5.5400590551181104
11
5.3428294094488189
21
-5.5406108661417326
0
LINE
8
BLACK
6
CONTINUOUS
10
5.3428294094488189
20
-5.5406108661417326
11
5.3259565354330709
21
-5.57998094488189
0
LINE
8
BLACK
6
CONTINUOUS
10
5.3259565354330709
20
-5.57998094488189
11
5.3256774803149609
21
-5.5804880708661413
0
LINE
8
BLACK
6
CONTINUOUS
10
5.3256774803149609
20
-5.5804880708661413
11
5.3248529133858264
21
-5.5812927559055119
0
LINE
8
BLACK
6
CONTINUOUS
10
5.3248529133858264
20
-5.5812927559055119
11
5.323783228346457
21
-5.5817206299212598
0
LINE
8
BLACK
6
CONTINUOUS
10
5.323783228346457
20
-5.5817206299212598
11
5.3226312204724406
21
-5.5817065748031496
0
LINE
8
BLACK
6
CONTINUOUS
10
5.3226312204724406
20
-5.5817065748031496
11
5.3215722440944884
21
-5.5812527559055116
0
LINE
8
BLACK
6
CONTINUOUS
10
5.3215722440944884
20
-5.5812527559055116
11
5.3207675590551178
21
-5.580428188976378
0
LINE
8
BLACK
6
CONTINUOUS
10
5.3207675590551178
20
-5.580428188976378
11
5.3203396850393698
21
-5.5793585039370077
0
LINE
8
BLACK
6
CONTINUOUS
10
5.3203396850393698
20
-5.5793585039370077
11
5.3203537401574801
21
-5.5782064960629922
0
LINE
8
BLACK
6
CONTINUOUS
10
5.3203537401574801
20
-5.5782064960629922
11
5.320528503937008
21
-5.5776546456692913
0
LINE
8
BLACK
6
CONTINUOUS
10
5.320528503937008
20
-5.5776546456692913
11
5.3356374015748029
21
-5.5424004724409448
0
LINE
8
BLACK
6
CONTINUOUS
10
5.3356374015748029
20
-5.5424004724409448
11
5.3138687007874017
21
-5.5424004724409448
0
LINE
8
BLACK
6
CONTINUOUS
10
5.3138687007874017
20
-5.5424004724409448
11
5.3132926377952758
21
-5.54234374015748
0
LINE
8
BLACK
6
CONTINUOUS
10
5.3132926377952758
20
-5.54234374015748
11
5.3122282283464566
21
-5.5419028346456694
0
LINE
8
BLACK
6
CONTINUOUS
10
5.3122282283464566
20
-5.5419028346456694
11
5.3114135826771651
21
-5.5410881889763779
0
LINE
8
BLACK
6
CONTINUOUS
10
5.3114135826771651
20
-5.5410881889763779
11
5.3109726771653545
21
-5.5400237795275586
0
LINE
8
BLACK
6
CONTINUOUS
10
5.3109726771653545
20
-5.5400237795275586
11
5.3109726771653545
21
-5.5388716535433069
0
LINE
8
BLACK
6
CONTINUOUS
10
5.3109726771653545
20
-5.5388716535433069
11
5.3114135826771651
21
-5.5378072440944877
0
LINE
8
BLACK
6
CONTINUOUS
10
5.3114135826771651
20
-5.5378072440944877
11
5.3122282283464566
21
-5.5369925984251971
0
LINE
8
BLACK
6
CONTINUOUS
10
5.3122282283464566
20
-5.5369925984251971
11
5.3132926377952758
21
-5.5365516929133856
0
LINE
8
BLACK
6
CONTINUOUS
10
5.3132926377952758
20
-5.5365516929133856
11
5.3138687007874017
21
-5.5364949606299207
0
LINE
8
BLACK
6
CONTINUOUS
10
5.3138687007874017
20
-5.5364949606299207
11
5.3401153937007875
21
-5.5364949606299207
0
LINE
8
BLACK
6
CONTINUOUS
10
5.3401153937007875
20
-5.5364949606299207
11
5.3406914566929133
21
-5.5365516929133856
0
LINE
8
BLACK
6
CONTINUOUS
10
5.2997907086614173
20
-5.5723147244094484
11
5.3005110236220467
21
-5.5726130708661419
0
LINE
8
BLACK
6
CONTINUOUS
10
5.3005110236220467
20
-5.5726130708661419
11
5.3005110629921255
21
-5.5726131102362206
0
LINE
8
BLACK
6
CONTINUOUS
10
5.3005110629921255
20
-5.5726131102362206
11
5.3009585433070869
21
-5.5729803543307082
0
LINE
8
BLACK
6
CONTINUOUS
10
5.3009585433070869
20
-5.5729803543307082
11
5.3028332677165357
21
-5.5748551181102357
0
LINE
8
BLACK
6
CONTINUOUS
10
5.3028332677165357
20
-5.5748551181102357
11
5.3032005118110233
21
-5.5753025984251972
0
LINE
8
BLACK
6
CONTINUOUS
10
5.3032005118110233
20
-5.5753025984251972
11
5.3036395669291334
21
-5.5763626771653545
0
LINE
8
BLACK
6
CONTINUOUS
10
5.3036395669291334
20
-5.5763626771653545
11
5.303641377952756
21
-5.5763670078740155
0
LINE
8
BLACK
6
CONTINUOUS
10
5.303641377952756
20
-5.5763670078740155
11
5.303641377952756
21
-5.5775190944881885
0
LINE
8
BLACK
6
CONTINUOUS
10
5.303641377952756
20
-5.5775190944881885
11
5.3032004724409445
21
-5.5785835039370077
0
LINE
8
BLACK
6
CONTINUOUS
10
5.3032004724409445
20
-5.5785835039370077
11
5.3028332677165357
21
-5.5790309448818896
0
LINE
8
BLACK
6
CONTINUOUS
10
5.3028332677165357
20
-5.5790309448818896
11
5.3009585039370082
21
-5.5809057086614171
0
LINE
8
BLACK
6
CONTINUOUS
10
5.3009585039370082
20
-5.5809057086614171
11
5.3005110629921255
21
-5.5812729133858268
0
LINE
8
BLACK
6
CONTINUOUS
10
5.3005110629921255
20
-5.5812729133858268
11
5.2994466535433071
21
-5.5817138188976374
0
LINE
8
BLACK
6
CONTINUOUS
10
5.2994466535433071
20
-5.5817138188976374
11
5.2994466141732284
21
-5.5817138188976374
0
LINE
8
BLACK
6
CONTINUOUS
10
5.2994466141732284
20
-5.5817138188976374
11
5.2982945669291341
21
-5.5817138188976374
0
LINE
8
BLACK
6
CONTINUOUS
10
5.2982945669291341
20
-5.5817138188976374
11
5.2982945275590554
21
-5.5817138188976374
0
LINE
8
BLACK
6
CONTINUOUS
10
5.2982945275590554
20
-5.5817138188976374
11
5.2972301181102361
21
-5.5812729133858268
0
LINE
8
BLACK
6
CONTINUOUS
10
5.2972301181102361
20
-5.5812729133858268
11
5.2967826771653543
21
-5.5809057086614171
0
LINE
8
BLACK
6
CONTINUOUS
10
5.2967826771653543
20
-5.5809057086614171
11
5.2949079133858268
21
-5.5790309448818896
0
LINE
8
BLACK
6
CONTINUOUS
10
5.2949079133858268
20
-5.5790309448818896
11
5.2945407086614171
21
-5.5785835039370077
0
LINE
8
BLACK
6
CONTINUOUS
10
5.2945407086614171
20
-5.5785835039370077
11
5.2943991338582679
21
-5.5782417322834643
0
LINE
8
BLACK
6
CONTINUOUS
10
5.2943991338582679
20
-5.5782417322834643
11
5.2940998031496065
21
-5.5775190944881885
0
LINE
8
BLACK
6
CONTINUOUS
10
5.2940998031496065
20
-5.5775190944881885
11
5.2940998031496065
21
-5.5763670078740155
0
LINE
8
BLACK
6
CONTINUOUS
10
5.2940998031496065
20
-5.5763670078740155
11
5.2945406692913384
21
-5.5753025984251972
0
LINE
8
BLACK
6
CONTINUOUS
10
5.2945406692913384
20
-5.5753025984251972
11
5.294907874015748
21
-5.5748551574803145
0
LINE
8
BLACK
6
CONTINUOUS
10
5.294907874015748
20
-5.5748551574803145
11
5.2967826377952756
21
-5.5729803543307082
0
LINE
8
BLACK
6
CONTINUOUS
10
5.2967826377952756
20
-5.5729803543307082
11
5.2972301181102361
21
-5.5726131102362206
0
LINE
8
BLACK
6
CONTINUOUS
10
5.2972301181102361
20
-5.5726131102362206
11
5.2972301574803149
21
-5.5726130708661419
0
LINE
8
BLACK
6
CONTINUOUS
10
5.2972301574803149
20
-5.5726130708661419
11
5.2979504724409452
21
-5.5723147244094484
0
LINE
8
BLACK
6
CONTINUOUS
10
5.2979504724409452
20
-5.5723147244094484
11
5.2982945275590554
21
-5.5721722047244091
0
LINE
8
BLACK
6
CONTINUOUS
10
5.2982945275590554
20
-5.5721722047244091
11
5.2994466141732284
21
-5.5721722047244091
0
LINE
8
BLACK
6
CONTINUOUS
10
5.2994466141732284
20
-5.5721722047244091
11
5.2994466535433071
21
-5.5721722047244091
0
LINE
8
BLACK
6
CONTINUOUS
10
5.2994466535433071
20
-5.5721722047244091
11
5.2997907086614173
21
-5.5723147244094484
0
LINE
8
BLACK
6
CONTINUOUS
10
5.5397607086614169
20
-5.5723147244094484
11
5.5404810236220472
21
-5.5726130708661419
0
LINE
8
BLACK
6
CONTINUOUS
10
5.5404810236220472
20
-5.5726130708661419
11
5.5404810629921259
21
-5.5726131102362206
0
LINE
8
BLACK
6
CONTINUOUS
10
5.5404810629921259
20
-5.5726131102362206
11
5.5409285433070865
21
-5.5729803543307082
0
LINE
8
BLACK
6
CONTINUOUS
10
5.5409285433070865
20
-5.5729803543307082
11
5.5428032677165353
21
-5.5748551181102357
0
LINE
8
BLACK
6
CONTINUOUS
10
5.5428032677165353
20
-5.5748551181102357
11
5.5431705118110237
21
-5.5753025984251972
0
LINE
8
BLACK
6
CONTINUOUS
10
5.5431705118110237
20
-5.5753025984251972
11
5.5436095669291339
21
-5.5763626771653545
0
LINE
8
BLACK
6
CONTINUOUS
10
5.5436095669291339
20
-5.5763626771653545
11
5.5436113779527556
21
-5.5763670078740155
0
LINE
8
BLACK
6
CONTINUOUS
10
5.5436113779527556
20
-5.5763670078740155
11
5.5436113779527556
21
-5.5775190944881885
0
LINE
8
BLACK
6
CONTINUOUS
10
5.5436113779527556
20
-5.5775190944881885
11
5.543170472440945
21
-5.5785835039370077
0
LINE
8
BLACK
6
CONTINUOUS
10
5.543170472440945
20
-5.5785835039370077
11
5.5428032677165353
21
-5.5790309448818896
0
LINE
8
BLACK
6
CONTINUOUS
10
5.5428032677165353
20
-5.5790309448818896
11
5.5409285039370078
21
-5.5809057086614171
0
LINE
8
BLACK
6
CONTINUOUS
10
5.5409285039370078
20
-5.5809057086614171
11
5.5404810629921259
21
-5.5812729133858268
0
LINE
8
BLACK
6
CONTINUOUS
10
5.5404810629921259
20
-5.5812729133858268
11
5.5394166535433067
21
-5.5817138188976374
0
LINE
8
BLACK
6
CONTINUOUS
10
5.5394166535433067
20
-5.5817138188976374
11
5.5394166141732279
21
-5.5817138188976374
0
LINE
8
BLACK
6
CONTINUOUS
10
5.5394166141732279
20
-5.5817138188976374
11
5.5382645669291337
21
-5.5817138188976374
0
LINE
8
BLACK
6
CONTINUOUS
10
5.5382645669291337
20
-5.5817138188976374
11
5.538264527559055
21
-5.5817138188976374
0
LINE
8
BLACK
6
CONTINUOUS
10
5.538264527559055
20
-5.5817138188976374
11
5.5372001181102357
21
-5.5812729133858268
0
LINE
8
BLACK
6
CONTINUOUS
10
5.5372001181102357
20
-5.5812729133858268
11
5.5367526771653539
21
-5.5809057086614171
0
LINE
8
BLACK
6
CONTINUOUS
10
5.5367526771653539
20
-5.5809057086614171
11
5.5348779133858264
21
-5.5790309448818896
0
LINE
8
BLACK
6
CONTINUOUS
10
5.5348779133858264
20
-5.5790309448818896
11
5.5345107086614176
21
-5.5785835039370077
0
LINE
8
BLACK
6
CONTINUOUS
10
5.5345107086614176
20
-5.5785835039370077
11
5.5343691338582675
21
-5.5782417322834643
0
LINE
8
BLACK
6
CONTINUOUS
10
5.5343691338582675
20
-5.5782417322834643
11
5.5340698031496061
21
-5.5775190944881885
0
LINE
8
BLACK
6
CONTINUOUS
10
5.5340698031496061
20
-5.5775190944881885
11
5.5340698031496061
21
-5.5763670078740155
0
LINE
8
BLACK
6
CONTINUOUS
10
5.5340698031496061
20
-5.5763670078740155
11
5.5345106692913388
21
-5.5753025984251972
0
LINE
8
BLACK
6
CONTINUOUS
10
5.5345106692913388
20
-5.5753025984251972
11
5.5348778740157476
21
-5.5748551574803145
0
LINE
8
BLACK
6
CONTINUOUS
10
5.5348778740157476
20
-5.5748551574803145
11
5.5367526377952752
21
-5.5729803543307082
0
LINE
8
BLACK
6
CONTINUOUS
10
5.5367526377952752
20
-5.5729803543307082
11
5.5372001181102357
21
-5.5726131102362206
0
LINE
8
BLACK
6
CONTINUOUS
10
5.5372001181102357
20
-5.5726131102362206
11
5.5372001574803145
21
-5.5726130708661419
0
LINE
8
BLACK
6
CONTINUOUS
10
5.5372001574803145
20
-5.5726130708661419
11
5.5379204724409448
21
-5.5723147244094484
0
LINE
8
BLACK
6
CONTINUOUS
10
5.5379204724409448
20
-5.5723147244094484
11
5.538264527559055
21
-5.5721722047244091
0
LINE
8
BLACK
6
CONTINUOUS
10
5.538264527559055
20
-5.5721722047244091
11
5.5394166141732279
21
-5.5721722047244091
0
LINE
8
BLACK
6
CONTINUOUS
10
5.5394166141732279
20
-5.5721722047244091
11
5.5394166535433067
21
-5.5721722047244091
0
LINE
8
BLACK
6
CONTINUOUS
10
5.5394166535433067
20
-5.5721722047244091
11
5.5397607086614169
21
-5.5723147244094484
0
LINE
8
BLACK
6
CONTINUOUS
10
5.6369044488188971
20
-5.5496750393700784
11
5.6370024409448813
21
-5.54971562992126
0
LINE
8
BLACK
6
CONTINUOUS
10
5.6370024409448813
20
-5.54971562992126
11
5.6371082677165356
21
-5.5497231496062991
0
LINE
8
BLACK
6
CONTINUOUS
10
5.6371082677165356
20
-5.5497231496062991
11
5.6376488976377948
21
-5.5499300393700786
0
LINE
8
BLACK
6
CONTINUOUS
10
5.6376488976377948
20
-5.5499300393700786
11
5.6413984251968499
21
-5.5518048031496061
0
LINE
8
BLACK
6
CONTINUOUS
10
5.6413984251968499
20
-5.5518048031496061
11
5.6414947637795274
21
-5.5518654330708657
0
LINE
8
BLACK
6
CONTINUOUS
10
5.6414947637795274
20
-5.5518654330708657
11
5.6415401968503938
21
-5.551880590551181
0
LINE
8
BLACK
6
CONTINUOUS
10
5.6415401968503938
20
-5.551880590551181
11
5.6415967322834648
21
-5.5519296062992121
0
LINE
8
BLACK
6
CONTINUOUS
10
5.6415967322834648
20
-5.5519296062992121
11
5.6418883070866137
21
-5.5521131496062992
0
LINE
8
BLACK
6
CONTINUOUS
10
5.6418883070866137
20
-5.5521131496062992
11
5.6419526771653539
21
-5.552187362204724
0
LINE
8
BLACK
6
CONTINUOUS
10
5.6419526771653539
20
-5.552187362204724
11
5.642017047244094
21
-5.5521131496062992
0
LINE
8
BLACK
6
CONTINUOUS
10
5.642017047244094
20
-5.5521131496062992
11
5.6423085826771651
21
-5.5519296062992121
0
LINE
8
BLACK
6
CONTINUOUS
10
5.6423085826771651
20
-5.5519296062992121
11
5.6423651574803149
21
-5.551880590551181
0
LINE
8
BLACK
6
CONTINUOUS
10
5.6423651574803149
20
-5.551880590551181
11
5.6424105511811025
21
-5.5518654330708657
0
LINE
8
BLACK
6
CONTINUOUS
10
5.6424105511811025
20
-5.5518654330708657
11
5.6425069291338579
21
-5.5518048031496061
0
LINE
8
BLACK
6
CONTINUOUS
10
5.6425069291338579
20
-5.5518048031496061
11
5.646256456692913
21
-5.5499300393700786
0
LINE
8
BLACK
6
CONTINUOUS
10
5.646256456692913
20
-5.5499300393700786
11
5.6467970472440943
21
-5.5497231496062991
0
LINE
8
BLACK
6
CONTINUOUS
10
5.6467970472440943
20
-5.5497231496062991
11
5.6469029133858264
21
-5.5497155905511812
0
LINE
8
BLACK
6
CONTINUOUS
10
5.6469029133858264
20
-5.5497155905511812
11
5.6470009055118107
21
-5.5496750393700784
0
LINE
8
BLACK
6
CONTINUOUS
10
5.6470009055118107
20
-5.5496750393700784
11
5.6475769685039365
21
-5.5496183070866136
0
LINE
8
BLACK
6
CONTINUOUS
10
5.6475769685039365
20
-5.5496183070866136
11
5.6532012598425192
21
-5.5496183070866136
0
LINE
8
BLACK
6
CONTINUOUS
10
5.6532012598425192
20
-5.5496183070866136
11
5.653777322834646
21
-5.5496750393700784
0
LINE
8
BLACK
6
CONTINUOUS
10
5.653777322834646
20
-5.5496750393700784
11
5.6538753149606302
21
-5.54971562992126
0
LINE
8
BLACK
6
CONTINUOUS
10
5.6538753149606302
20
-5.54971562992126
11
5.6539811417322836
21
-5.5497231496062991
0
LINE
8
BLACK
6
CONTINUOUS
10
5.6539811417322836
20
-5.5497231496062991
11
5.6545217716535427
21
-5.5499300393700786
0
LINE
8
BLACK
6
CONTINUOUS
10
5.6545217716535427
20
-5.5499300393700786
11
5.6582713385826766
21
-5.5518048031496061
0
LINE
8
BLACK
6
CONTINUOUS
10
5.6582713385826766
20
-5.5518048031496061
11
5.6583676377952754
21
-5.5518654330708657
0
LINE
8
BLACK
6
CONTINUOUS
10
5.6583676377952754
20
-5.5518654330708657
11
5.6584131102362205
21
-5.551880590551181
0
LINE
8
BLACK
6
CONTINUOUS
10
5.6584131102362205
20
-5.551880590551181
11
5.6584696850393703
21
-5.5519296456692908
0
LINE
8
BLACK
6
CONTINUOUS
10
5.6584696850393703
20
-5.5519296456692908
11
5.6587611811023617
21
-5.5521131496062992
0
LINE
8
BLACK
6
CONTINUOUS
10
5.6587611811023617
20
-5.5521131496062992
11
5.6590036614173229
21
-5.5523927559055117
0
LINE
8
BLACK
6
CONTINUOUS
10
5.6590036614173229
20
-5.5523927559055117
11
5.659283503937008
21
-5.5526354330708658
0
LINE
8
BLACK
6
CONTINUOUS
10
5.659283503937008
20
-5.5526354330708658
11
5.6594670078740155
21
-5.5529269685039369
0
LINE
8
BLACK
6
CONTINUOUS
10
5.6594670078740155
20
-5.5529269685039369
11
5.6595160629921262
21
-5.5529835433070867
0
LINE
8
BLACK
6
CONTINUOUS
10
5.6595160629921262
20
-5.5529835433070867
11
5.6595311811023619
21
-5.5530289370078743
0
LINE
8
BLACK
6
CONTINUOUS
10
5.6595311811023619
20
-5.5530289370078743
11
5.6595918503937011
21
-5.5531253149606297
0
LINE
8
BLACK
6
CONTINUOUS
10
5.6595918503937011
20
-5.5531253149606297
11
5.6614666141732286
21
-5.5568748425196848
0
LINE
8
BLACK
6
CONTINUOUS
10
5.6614666141732286
20
-5.5568748425196848
11
5.6616735039370081
21
-5.5574154330708661
0
LINE
8
BLACK
6
CONTINUOUS
10
5.6616735039370081
20
-5.5574154330708661
11
5.6616810236220472
21
-5.5575212992125982
0
LINE
8
BLACK
6
CONTINUOUS
10
5.6616810236220472
20
-5.5575212992125982
11
5.6617216141732278
21
-5.5576192913385825
0
LINE
8
BLACK
6
CONTINUOUS
10
5.6617216141732278
20
-5.5576192913385825
11
5.6617783464566926
21
-5.5581953543307083
0
LINE
8
BLACK
6
CONTINUOUS
10
5.6617783464566926
20
-5.5581953543307083
11
5.6617783464566926
21
-5.5788177952755902
0
LINE
8
BLACK
6
CONTINUOUS
10
5.6617783464566926
20
-5.5788177952755902
11
5.6617216141732278
21
-5.5793938582677161
0
LINE
8
BLACK
6
CONTINUOUS
10
5.6617216141732278
20
-5.5793938582677161
11
5.6612807086614172
21
-5.5804582677165353
0
LINE
8
BLACK
6
CONTINUOUS
10
5.6612807086614172
20
-5.5804582677165353
11
5.6604660629921257
21
-5.5812729133858268
0
LINE
8
BLACK
6
CONTINUOUS
10
5.6604660629921257
20
-5.5812729133858268
11
5.6594016535433074
21
-5.5817138188976374
0
LINE
8
BLACK
6
CONTINUOUS
10
5.6594016535433074
20
-5.5817138188976374
11
5.6582495275590547
21
-5.5817138188976374
0
LINE
8
BLACK
6
CONTINUOUS
10
5.6582495275590547
20
-5.5817138188976374
11
5.6571851181102364
21
-5.5812729133858268
0
LINE
8
BLACK
6
CONTINUOUS
10
5.6571851181102364
20
-5.5812729133858268
11
5.6563704724409449
21
-5.5804582677165353
0
LINE
8
BLACK
6
CONTINUOUS
10
5.6563704724409449
20
-5.5804582677165353
11
5.6559295669291334
21
-5.5793938582677161
0
LINE
8
BLACK
6
CONTINUOUS
10
5.6559295669291334
20
-5.5793938582677161
11
5.6558728346456695
21
-5.5788177952755902
0
LINE
8
BLACK
6
CONTINUOUS
10
5.6558728346456695
20
-5.5788177952755902
11
5.6558728346456695
21
-5.5588924015748029
0
LINE
8
BLACK
6
CONTINUOUS
10
5.6558728346456695
20
-5.5588924015748029
11
5.6547499606299212
21
-5.5566466535433072
0
LINE
8
BLACK
6
CONTINUOUS
10
5.6547499606299212
20
-5.5566466535433072
11
5.6525042125984255
21
-5.5555238188976377
0
LINE
8
BLACK
6
CONTINUOUS
10
5.6525042125984255
20
-5.5555238188976377
11
5.6482740157480311
21
-5.5555238188976377
0
LINE
8
BLACK
6
CONTINUOUS
10
5.6482740157480311
20
-5.5555238188976377
11
5.6460282677165354
21
-5.5566466535433072
0
LINE
8
BLACK
6
CONTINUOUS
10
5.6460282677165354
20
-5.5566466535433072
11
5.6449054330708659
21
-5.5588924015748029
0
LINE
8
BLACK
6
CONTINUOUS
10
5.6449054330708659
20
-5.5588924015748029
11
5.6449054330708659
21
-5.5788177952755902
0
LINE
8
BLACK
6
CONTINUOUS
10
5.6449054330708659
20
-5.5788177952755902
11
5.6448487007874011
21
-5.5793938582677161
0
LINE
8
BLACK
6
CONTINUOUS
10
5.6448487007874011
20
-5.5793938582677161
11
5.6444077952755904
21
-5.5804582677165353
0
LINE
8
BLACK
6
CONTINUOUS
10
5.6444077952755904
20
-5.5804582677165353
11
5.643593149606299
21
-5.5812729133858268
0
LINE
8
BLACK
6
CONTINUOUS
10
5.643593149606299
20
-5.5812729133858268
11
5.6425287401574806
21
-5.5817138188976374
0
LINE
8
BLACK
6
CONTINUOUS
10
5.6425287401574806
20
-5.5817138188976374
11
5.641376614173228
21
-5.5817138188976374
0
LINE
8
BLACK
6
CONTINUOUS
10
5.641376614173228
20
-5.5817138188976374
11
5.6403122047244096
21
-5.5812729133858268
0
LINE
8
BLACK
6
CONTINUOUS
10
5.6403122047244096
20
-5.5812729133858268
11
5.6394975590551182
21
-5.5804582677165353
0
LINE
8
BLACK
6
CONTINUOUS
10
5.6394975590551182
20
-5.5804582677165353
11
5.6390566535433067
21
-5.5793938582677161
0
LINE
8
BLACK
6
CONTINUOUS
10
5.6390566535433067
20
-5.5793938582677161
11
5.6389999212598427
21
-5.5788177952755902
0
LINE
8
BLACK
6
CONTINUOUS
10
5.6389999212598427
20
-5.5788177952755902
11
5.6389999212598427
21
-5.5588924015748029
0
LINE
8
BLACK
6
CONTINUOUS
10
5.6389999212598427
20
-5.5588924015748029
11
5.6378770472440944
21
-5.5566466535433072
0
LINE
8
BLACK
6
CONTINUOUS
10
5.6378770472440944
20
-5.5566466535433072
11
5.6356313385826766
21
-5.5555238188976377
0
LINE
8
BLACK
6
CONTINUOUS
10
5.6356313385826766
20
-5.5555238188976377
11
5.6314011417322831
21
-5.5555238188976377
0
LINE
8
BLACK
6
CONTINUOUS
10
5.6314011417322831
20
-5.5555238188976377
11
5.6287036614173225
21
-5.556872559055118
0
LINE
8
BLACK
6
CONTINUOUS
10
5.6287036614173225
20
-5.556872559055118
11
5.6280325590551179
21
-5.5575436614173226
0
LINE
8
BLACK
6
CONTINUOUS
10
5.6280325590551179
20
-5.5575436614173226
11
5.6280325590551179
21
-5.5788177952755902
0
LINE
8
BLACK
6
CONTINUOUS
10
5.6280325590551179
20
-5.5788177952755902
11
5.6279758267716531
21
-5.5793938582677161
0
LINE
8
BLACK
6
CONTINUOUS
10
5.6279758267716531
20
-5.5793938582677161
11
5.6275349212598424
21
-5.5804582677165353
0
LINE
8
BLACK
6
CONTINUOUS
10
5.6275349212598424
20
-5.5804582677165353
11
5.626720275590551
21
-5.5812729133858268
0
LINE
8
BLACK
6
CONTINUOUS
10
5.626720275590551
20
-5.5812729133858268
11
5.6256558661417317
21
-5.5817138188976374
0
LINE
8
BLACK
6
CONTINUOUS
10
5.6256558661417317
20
-5.5817138188976374
11
5.62450374015748
21
-5.5817138188976374
0
LINE
8
BLACK
6
CONTINUOUS
10
5.62450374015748
20
-5.5817138188976374
11
5.6234393307086616
21
-5.5812729133858268
0
LINE
8
BLACK
6
CONTINUOUS
10
5.6234393307086616
20
-5.5812729133858268
11
5.6226246850393702
21
-5.5804582677165353
0
LINE
8
BLACK
6
CONTINUOUS
10
5.6226246850393702
20
-5.5804582677165353
11
5.6221837795275587
21
-5.5793938582677161
0
LINE
8
BLACK
6
CONTINUOUS
10
5.6221837795275587
20
-5.5793938582677161
11
5.6221270472440947
21
-5.5788177952755902
0
LINE
8
BLACK
6
CONTINUOUS
10
5.6221270472440947
20
-5.5788177952755902
11
5.6221270472440947
21
-5.5525710629921257
0
LINE
8
BLACK
6
CONTINUOUS
10
5.6221270472440947
20
-5.5525710629921257
11
5.6221837795275587
21
-5.5519949999999998
0
LINE
8
BLACK
6
CONTINUOUS
10
5.6221837795275587
20
-5.5519949999999998
11
5.6226246850393702
21
-5.5509305905511805
0
LINE
8
BLACK
6
CONTINUOUS
10
5.6226246850393702
20
-5.5509305905511805
11
5.6234393307086616
21
-5.55011594488189
0
LINE
8
BLACK
6
CONTINUOUS
10
5.6234393307086616
20
-5.55011594488189
11
5.62450374015748
21
-5.5496750393700784
0
LINE
8
BLACK
6
CONTINUOUS
10
5.62450374015748
20
-5.5496750393700784
11
5.6256558661417317
21
-5.5496750393700784
0
LINE
8
BLACK
6
CONTINUOUS
10
5.6256558661417317
20
-5.5496750393700784
11
5.626720275590551
21
-5.55011594488189
0
LINE
8
BLACK
6
CONTINUOUS
10
5.626720275590551
20
-5.55011594488189
11
5.6274840944881888
21
-5.5508797637795277
0
LINE
8
BLACK
6
CONTINUOUS
10
5.6274840944881888
20
-5.5508797637795277
11
5.629383582677165
21
-5.5499300393700786
0
LINE
8
BLACK
6
CONTINUOUS
10
5.629383582677165
20
-5.5499300393700786
11
5.6299241732283463
21
-5.5497231496062991
0
LINE
8
BLACK
6
CONTINUOUS
10
5.6299241732283463
20
-5.5497231496062991
11
5.6300300393700784
21
-5.5497155905511812
0
LINE
8
BLACK
6
CONTINUOUS
10
5.6300300393700784
20
-5.5497155905511812
11
5.6301280314960627
21
-5.5496750393700784
0
LINE
8
BLACK
6
CONTINUOUS
10
5.6301280314960627
20
-5.5496750393700784
11
5.6307040944881885
21
-5.5496183070866136
0
LINE
8
BLACK
6
CONTINUOUS
10
5.6307040944881885
20
-5.5496183070866136
11
5.6363283858267712
21
-5.5496183070866136
0
LINE
8
BLACK
6
CONTINUOUS
10
5.6363283858267712
20
-5.5496183070866136
11
5.6369044488188971
21
-5.5496750393700784
0
LINE
8
BLACK
6
CONTINUOUS
10
5.6893978740157483
20
-5.5496750393700784
11
5.6894958661417325
21
-5.54971562992126
0
LINE
8
BLACK
6
CONTINUOUS
10
5.6894958661417325
20
-5.54971562992126
11
5.6896016929133859
21
-5.5497231496062991
0
LINE
8
BLACK
6
CONTINUOUS
10
5.6896016929133859
20
-5.5497231496062991
11
5.6901423228346459
21
-5.5499300393700786
0
LINE
8
BLACK
6
CONTINUOUS
10
5.6901423228346459
20
-5.5499300393700786
11
5.693891850393701
21
-5.5518048031496061
0
LINE
8
BLACK
6
CONTINUOUS
10
5.693891850393701
20
-5.5518048031496061
11
5.6939881889763777
21
-5.5518654330708657
0
LINE
8
BLACK
6
CONTINUOUS
10
5.6939881889763777
20
-5.5518654330708657
11
5.6940336220472441
21
-5.551880590551181
0
LINE
8
BLACK
6
CONTINUOUS
10
5.6940336220472441
20
-5.551880590551181
11
5.6940901574803151
21
-5.5519296062992121
0
LINE
8
BLACK
6
CONTINUOUS
10
5.6940901574803151
20
-5.5519296062992121
11
5.694381732283464
21
-5.5521131496062992
0
LINE
8
BLACK
6
CONTINUOUS
10
5.694381732283464
20
-5.5521131496062992
11
5.6944461023622042
21
-5.552187362204724
0
LINE
8
BLACK
6
CONTINUOUS
10
5.6944461023622042
20
-5.552187362204724
11
5.6945104724409443
21
-5.5521131496062992
0
LINE
8
BLACK
6
CONTINUOUS
10
5.6945104724409443
20
-5.5521131496062992
11
5.6948020078740154
21
-5.5519296062992121
0
LINE
8
BLACK
6
CONTINUOUS
10
5.6948020078740154
20
-5.5519296062992121
11
5.6948585826771652
21
-5.551880590551181
0
LINE
8
BLACK
6
CONTINUOUS
10
5.6948585826771652
20
-5.551880590551181
11
5.6949039763779528
21
-5.5518654330708657
0
LINE
8
BLACK
6
CONTINUOUS
10
5.6949039763779528
20
-5.5518654330708657
11
5.6950003543307082
21
-5.5518048031496061
0
LINE
8
BLACK
6
CONTINUOUS
10
5.6950003543307082
20
-5.5518048031496061
11
5.6987498818897633
21
-5.5499300393700786
0
LINE
8
BLACK
6
CONTINUOUS
10
5.6987498818897633
20
-5.5499300393700786
11
5.6992904724409446
21
-5.5497231496062991
0
LINE
8
BLACK
6
CONTINUOUS
10
5.6992904724409446
20
-5.5497231496062991
11
5.6993963385826767
21
-5.5497155905511812
0
LINE
8
BLACK
6
CONTINUOUS
10
5.6993963385826767
20
-5.5497155905511812
11
5.699494330708661
21
-5.5496750393700784
0
LINE
8
BLACK
6
CONTINUOUS
10
5.699494330708661
20
-5.5496750393700784
11
5.7000703937007868
21
-5.5496183070866136
0
LINE
8
BLACK
6
CONTINUOUS
10
5.7000703937007868
20
-5.5496183070866136
11
5.7056946850393704
21
-5.5496183070866136
0
LINE
8
BLACK
6
CONTINUOUS
10
5.7056946850393704
20
-5.5496183070866136
11
5.7062707480314963
21
-5.5496750393700784
0
LINE
8
BLACK
6
CONTINUOUS
10
5.7062707480314963
20
-5.5496750393700784
11
5.7063687401574805
21
-5.54971562992126
0
LINE
8
BLACK
6
CONTINUOUS
10
5.7063687401574805
20
-5.54971562992126
11
5.7064745669291339
21
-5.5497231496062991
0
LINE
8
BLACK
6
CONTINUOUS
10
5.7064745669291339
20
-5.5497231496062991
11
5.7070151968503939
21
-5.5499300393700786
0
LINE
8
BLACK
6
CONTINUOUS
10
5.7070151968503939
20
-5.5499300393700786
11
5.7107647637795278
21
-5.5518048031496061
0
LINE
8
BLACK
6
CONTINUOUS
10
5.7107647637795278
20
-5.5518048031496061
11
5.7108610629921257
21
-5.5518654330708657
0
LINE
8
BLACK
6
CONTINUOUS
10
5.7108610629921257
20
-5.5518654330708657
11
5.7109065354330708
21
-5.551880590551181
0
LINE
8
BLACK
6
CONTINUOUS
10
5.7109065354330708
20
-5.551880590551181
11
5.7109631102362206
21
-5.5519296456692908
0
LINE
8
BLACK
6
CONTINUOUS
10
5.7109631102362206
20
-5.5519296456692908
11
5.7112546062992129
21
-5.5521131496062992
0
LINE
8
BLACK
6
CONTINUOUS
10
5.7112546062992129
20
-5.5521131496062992
11
5.7114970866141732
21
-5.5523927559055117
0
LINE
8
BLACK
6
CONTINUOUS
10
5.7114970866141732
20
-5.5523927559055117
11
5.7117769291338583
21
-5.5526354330708658
0
LINE
8
BLACK
6
CONTINUOUS
10
5.7117769291338583
20
-5.5526354330708658
11
5.7119604330708658
21
-5.5529269685039369
0
LINE
8
BLACK
6
CONTINUOUS
10
5.7119604330708658
20
-5.5529269685039369
11
5.7120094881889765
21
-5.5529835433070867
0
LINE
8
BLACK
6
CONTINUOUS
10
5.7120094881889765
20
-5.5529835433070867
11
5.7120246062992122
21
-5.5530289370078743
0
LINE
8
BLACK
6
CONTINUOUS
10
5.7120246062992122
20
-5.5530289370078743
11
5.7120852755905513
21
-5.5531253149606297
0
LINE
8
BLACK
6
CONTINUOUS
10
5.7120852755905513
20
-5.5531253149606297
11
5.7139600393700789
21
-5.5568748425196848
0
LINE
8
BLACK
6
CONTINUOUS
10
5.7139600393700789
20
-5.5568748425196848
11
5.7141669291338584
21
-5.5574154330708661
0
LINE
8
BLACK
6
CONTINUOUS
10
5.7141669291338584
20
-5.5574154330708661
11
5.7141744488188975
21
-5.5575212992125982
0
LINE
8
BLACK
6
CONTINUOUS
10
5.7141744488188975
20
-5.5575212992125982
11
5.714215039370079
21
-5.5576192913385825
0
LINE
8
BLACK
6
CONTINUOUS
10
5.714215039370079
20
-5.5576192913385825
11
5.7142717716535429
21
-5.5581953543307083
0
LINE
8
BLACK
6
CONTINUOUS
10
5.7142717716535429
20
-5.5581953543307083
11
5.7142717716535429
21
-5.5788177952755902
0
LINE
8
BLACK
6
CONTINUOUS
10
5.7142717716535429
20
-5.5788177952755902
11
5.714215039370079
21
-5.5793938582677161
0
LINE
8
BLACK
6
CONTINUOUS
10
5.714215039370079
20
-5.5793938582677161
11
5.7137741338582675
21
-5.5804582677165353
0
LINE
8
BLACK
6
CONTINUOUS
10
5.7137741338582675
20
-5.5804582677165353
11
5.712959488188976
21
-5.5812729133858268
0
LINE
8
BLACK
6
CONTINUOUS
10
5.712959488188976
20
-5.5812729133858268
11
5.7118950787401577
21
-5.5817138188976374
0
LINE
8
BLACK
6
CONTINUOUS
10
5.7118950787401577
20
-5.5817138188976374
11
5.710742952755905
21
-5.5817138188976374
0
LINE
8
BLACK
6
CONTINUOUS
10
5.710742952755905
20
-5.5817138188976374
11
5.7096785433070867
21
-5.5812729133858268
0
LINE
8
BLACK
6
CONTINUOUS
10
5.7096785433070867
20
-5.5812729133858268
11
5.7088638976377952
21
-5.5804582677165353
0
LINE
8
BLACK
6
CONTINUOUS
10
5.7088638976377952
20
-5.5804582677165353
11
5.7084229921259837
21
-5.5793938582677161
0
LINE
8
BLACK
6
CONTINUOUS
10
5.7084229921259837
20
-5.5793938582677161
11
5.7083662598425198
21
-5.5788177952755902
0
LINE
8
BLACK
6
CONTINUOUS
10
5.7083662598425198
20
-5.5788177952755902
11
5.7083662598425198
21
-5.5588924015748029
0
LINE
8
BLACK
6
CONTINUOUS
10
5.7083662598425198
20
-5.5588924015748029
11
5.7072433858267715
21
-5.5566466535433072
0
LINE
8
BLACK
6
CONTINUOUS
10
5.7072433858267715
20
-5.5566466535433072
11
5.7049976377952758
21
-5.5555238188976377
0
LINE
8
BLACK
6
CONTINUOUS
10
5.7049976377952758
20
-5.5555238188976377
11
5.7007674409448814
21
-5.5555238188976377
0
LINE
8
BLACK
6
CONTINUOUS
10
5.7007674409448814
20
-5.5555238188976377
11
5.6985216929133857
21
-5.5566466535433072
0
LINE
8
BLACK
6
CONTINUOUS
10
5.6985216929133857
20
-5.5566466535433072
11
5.6973988582677162
21
-5.5588924015748029
0
LINE
8
BLACK
6
CONTINUOUS
10
5.6973988582677162
20
-5.5588924015748029
11
5.6973988582677162
21
-5.5788177952755902
0
LINE
8
BLACK
6
CONTINUOUS
10
5.6973988582677162
20
-5.5788177952755902
11
5.6973421259842523
21
-5.5793938582677161
0
LINE
8
BLACK
6
CONTINUOUS
10
5.6973421259842523
20
-5.5793938582677161
11
5.6969012204724407
21
-5.5804582677165353
0
LINE
8
BLACK
6
CONTINUOUS
10
5.6969012204724407
20
-5.5804582677165353
11
5.6960865748031493
21
-5.5812729133858268
0
LINE
8
BLACK
6
CONTINUOUS
10
5.6960865748031493
20
-5.5812729133858268
11
5.6950221653543309
21
-5.5817138188976374
0
LINE
8
BLACK
6
CONTINUOUS
10
5.6950221653543309
20
-5.5817138188976374
11
5.6938700393700783
21
-5.5817138188976374
0
LINE
8
BLACK
6
CONTINUOUS
10
5.6938700393700783
20
-5.5817138188976374
11
5.6928056299212599
21
-5.5812729133858268
0
LINE
8
BLACK
6
CONTINUOUS
10
5.6928056299212599
20
-5.5812729133858268
11
5.6919909842519685
21
-5.5804582677165353
0
LINE
8
BLACK
6
CONTINUOUS
10
5.6919909842519685
20
-5.5804582677165353
11
5.6915500787401569
21
-5.5793938582677161
0
LINE
8
BLACK
6
CONTINUOUS
10
5.6915500787401569
20
-5.5793938582677161
11
5.691493346456693
21
-5.5788177952755902
0
LINE
8
BLACK
6
CONTINUOUS
10
5.691493346456693
20
-5.5788177952755902
11
5.691493346456693
21
-5.5588924015748029
0
LINE
8
BLACK
6
CONTINUOUS
10
5.691493346456693
20
-5.5588924015748029
11
5.6903704724409447
21
-5.5566466535433072
0
LINE
8
BLACK
6
CONTINUOUS
10
5.6903704724409447
20
-5.5566466535433072
11
5.6881247637795278
21
-5.5555238188976377
0
LINE
8
BLACK
6
CONTINUOUS
10
5.6881247637795278
20
-5.5555238188976377
11
5.6838945669291334
21
-5.5555238188976377
0
LINE
8
BLACK
6
CONTINUOUS
10
5.6838945669291334
20
-5.5555238188976377
11
5.6811970866141728
21
-5.556872559055118
0
LINE
8
BLACK
6
CONTINUOUS
10
5.6811970866141728
20
-5.556872559055118
11
5.6805259842519682
21
-5.5575436614173226
0
LINE
8
BLACK
6
CONTINUOUS
10
5.6805259842519682
20
-5.5575436614173226
11
5.6805259842519682
21
-5.5788177952755902
0
LINE
8
BLACK
6
CONTINUOUS
10
5.6805259842519682
20
-5.5788177952755902
11
5.6804692519685034
21
-5.5793938582677161
0
LINE
8
BLACK
6
CONTINUOUS
10
5.6804692519685034
20
-5.5793938582677161
11
5.6800283464566927
21
-5.5804582677165353
0
LINE
8
BLACK
6
CONTINUOUS
10
5.6800283464566927
20
-5.5804582677165353
11
5.6792137007874013
21
-5.5812729133858268
0
LINE
8
BLACK
6
CONTINUOUS
10
5.6792137007874013
20
-5.5812729133858268
11
5.6781492913385829
21
-5.5817138188976374
0
LINE
8
BLACK
6
CONTINUOUS
10
5.6781492913385829
20
-5.5817138188976374
11
5.6769971653543303
21
-5.5817138188976374
0
LINE
8
BLACK
6
CONTINUOUS
10
5.6769971653543303
20
-5.5817138188976374
11
5.6759327559055119
21
-5.5812729133858268
0
LINE
8
BLACK
6
CONTINUOUS
10
5.6759327559055119
20
-5.5812729133858268
11
5.6751181102362205
21
-5.5804582677165353
0
LINE
8
BLACK
6
CONTINUOUS
10
5.6751181102362205
20
-5.5804582677165353
11
5.674677204724409
21
-5.5793938582677161
0
LINE
8
BLACK
6
CONTINUOUS
10
5.674677204724409
20
-5.5793938582677161
11
5.674620472440945
21
-5.5788177952755902
0
LINE
8
BLACK
6
CONTINUOUS
10
5.674620472440945
20
-5.5788177952755902
11
5.674620472440945
21
-5.5525710629921257
0
LINE
8
BLACK
6
CONTINUOUS
10
5.674620472440945
20
-5.5525710629921257
11
5.674677204724409
21
-5.5519949999999998
0
LINE
8
BLACK
6
CONTINUOUS
10
5.674677204724409
20
-5.5519949999999998
11
5.6751181102362205
21
-5.5509305905511805
0
LINE
8
BLACK
6
CONTINUOUS
10
5.6751181102362205
20
-5.5509305905511805
11
5.6759327559055119
21
-5.55011594488189
0
LINE
8
BLACK
6
CONTINUOUS
10
5.6759327559055119
20
-5.55011594488189
11
5.6769971653543303
21
-5.5496750393700784
0
LINE
8
BLACK
6
CONTINUOUS
10
5.6769971653543303
20
-5.5496750393700784
11
5.6781492913385829
21
-5.5496750393700784
0
LINE
8
BLACK
6
CONTINUOUS
10
5.6781492913385829
20
-5.5496750393700784
11
5.6792137007874013
21
-5.55011594488189
0
LINE
8
BLACK
6
CONTINUOUS
10
5.6792137007874013
20
-5.55011594488189
11
5.6799775196850391
21
-5.5508797637795277
0
LINE
8
BLACK
6
CONTINUOUS
10
5.6799775196850391
20
-5.5508797637795277
11
5.6818770078740153
21
-5.5499300393700786
0
LINE
8
BLACK
6
CONTINUOUS
10
5.6818770078740153
20
-5.5499300393700786
11
5.6824175984251966
21
-5.5497231496062991
0
LINE
8
BLACK
6
CONTINUOUS
10
5.6824175984251966
20
-5.5497231496062991
11
5.6825234645669287
21
-5.5497155905511812
0
LINE
8
BLACK
6
CONTINUOUS
10
5.6825234645669287
20
-5.5497155905511812
11
5.682621456692913
21
-5.5496750393700784
0
LINE
8
BLACK
6
CONTINUOUS
10
5.682621456692913
20
-5.5496750393700784
11
5.6831975196850388
21
-5.5496183070866136
0
LINE
8
BLACK
6
CONTINUOUS
10
5.6831975196850388
20
-5.5496183070866136
11
5.6888218110236215
21
-5.5496183070866136
0
LINE
8
BLACK
6
CONTINUOUS
10
5.6888218110236215
20
-5.5496183070866136
11
5.6893978740157483
21
-5.5496750393700784
0
LINE
8
BLACK
6
CONTINUOUS
10
5.4392437007874017
20
-5.5388673622047246
11
5.4400583464566932
21
-5.5396820078740152
0
LINE
8
BLACK
6
CONTINUOUS
10
5.4400583464566932
20
-5.5396820078740152
11
5.4404992519685038
21
-5.5407464173228345
0
LINE
8
BLACK
6
CONTINUOUS
10
5.4404992519685038
20
-5.5407464173228345
11
5.4405559842519686
21
-5.5413224803149603
0
LINE
8
BLACK
6
CONTINUOUS
10
5.4405559842519686
20
-5.5413224803149603
11
5.4405559842519686
21
-5.5533678346456687
0
LINE
8
BLACK
6
CONTINUOUS
10
5.4405559842519686
20
-5.5533678346456687
11
5.4526013779527558
21
-5.5533678346456687
0
LINE
8
BLACK
6
CONTINUOUS
10
5.4526013779527558
20
-5.5533678346456687
11
5.4531774409448817
21
-5.5534245669291336
0
LINE
8
BLACK
6
CONTINUOUS
10
5.4531774409448817
20
-5.5534245669291336
11
5.4542418503937009
21
-5.5538654724409451
0
LINE
8
BLACK
6
CONTINUOUS
10
5.4542418503937009
20
-5.5538654724409451
11
5.4550564960629924
21
-5.5546801181102357
0
LINE
8
BLACK
6
CONTINUOUS
10
5.4550564960629924
20
-5.5546801181102357
11
5.455497401574803
21
-5.5557445275590549
0
LINE
8
BLACK
6
CONTINUOUS
10
5.455497401574803
20
-5.5557445275590549
11
5.455497401574803
21
-5.5568966535433066
0
LINE
8
BLACK
6
CONTINUOUS
10
5.455497401574803
20
-5.5568966535433066
11
5.4550564960629924
21
-5.5579610629921259
0
LINE
8
BLACK
6
CONTINUOUS
10
5.4550564960629924
20
-5.5579610629921259
11
5.4542418503937009
21
-5.5587757086614173
0
LINE
8
BLACK
6
CONTINUOUS
10
5.4542418503937009
20
-5.5587757086614173
11
5.4531774409448817
21
-5.559216614173228
0
LINE
8
BLACK
6
CONTINUOUS
10
5.4531774409448817
20
-5.559216614173228
11
5.4526013779527558
21
-5.5592733464566928
0
LINE
8
BLACK
6
CONTINUOUS
10
5.4526013779527558
20
-5.5592733464566928
11
5.4405559842519686
21
-5.5592733464566928
0
LINE
8
BLACK
6
CONTINUOUS
10
5.4405559842519686
20
-5.5592733464566928
11
5.4405559842519686
21
-5.5713187007874012
0
LINE
8
BLACK
6
CONTINUOUS
10
5.4405559842519686
20
-5.5713187007874012
11
5.4404992519685038
21
-5.5718947637795271
0
LINE
8
BLACK
6
CONTINUOUS
10
5.4404992519685038
20
-5.5718947637795271
11
5.4400583464566932
21
-5.5729591732283463
0
LINE
8
BLACK
6
CONTINUOUS
10
5.4400583464566932
20
-5.5729591732283463
11
5.4392437007874017
21
-5.5737738188976378
0
LINE
8
BLACK
6
CONTINUOUS
10
5.4392437007874017
20
-5.5737738188976378
11
5.4381792913385825
21
-5.5742147244094484
0
LINE
8
BLACK
6
CONTINUOUS
10
5.4381792913385825
20
-5.5742147244094484
11
5.4370271653543307
21
-5.5742147244094484
0
LINE
8
BLACK
6
CONTINUOUS
10
5.4370271653543307
20
-5.5742147244094484
11
5.4359627559055115
21
-5.5737738188976378
0
LINE
8
BLACK
6
CONTINUOUS
10
5.4359627559055115
20
-5.5737738188976378
11
5.43514811023622
21
-5.5729591732283463
0
LINE
8
BLACK
6
CONTINUOUS
10
5.43514811023622
20
-5.5729591732283463
11
5.4347072047244094
21
-5.5718947637795271
0
LINE
8
BLACK
6
CONTINUOUS
10
5.4347072047244094
20
-5.5718947637795271
11
5.4346504724409446
21
-5.5713187007874012
0
LINE
8
BLACK
6
CONTINUOUS
10
5.4346504724409446
20
-5.5713187007874012
11
5.4346504724409446
21
-5.5592733464566928
0
LINE
8
BLACK
6
CONTINUOUS
10
5.4346504724409446
20
-5.5592733464566928
11
5.4226051181102362
21
-5.5592733464566928
0
LINE
8
BLACK
6
CONTINUOUS
10
5.4226051181102362
20
-5.5592733464566928
11
5.4220290551181103
21
-5.559216614173228
0
LINE
8
BLACK
6
CONTINUOUS
10
5.4220290551181103
20
-5.559216614173228
11
5.420964645669291
21
-5.5587757086614173
0
LINE
8
BLACK
6
CONTINUOUS
10
5.420964645669291
20
-5.5587757086614173
11
5.4201499999999996
21
-5.5579610629921259
0
LINE
8
BLACK
6
CONTINUOUS
10
5.4201499999999996
20
-5.5579610629921259
11
5.4197090944881889
21
-5.5568966535433066
0
LINE
8
BLACK
6
CONTINUOUS
10
5.4197090944881889
20
-5.5568966535433066
11
5.4197090944881889
21
-5.5557445275590549
0
LINE
8
BLACK
6
CONTINUOUS
10
5.4197090944881889
20
-5.5557445275590549
11
5.4201499999999996
21
-5.5546801181102357
0
LINE
8
BLACK
6
CONTINUOUS
10
5.4201499999999996
20
-5.5546801181102357
11
5.420964645669291
21
-5.5538654724409451
0
LINE
8
BLACK
6
CONTINUOUS
10
5.420964645669291
20
-5.5538654724409451
11
5.4220290551181103
21
-5.5534245669291336
0
LINE
8
BLACK
6
CONTINUOUS
10
5.4220290551181103
20
-5.5534245669291336
11
5.4226051181102362
21
-5.5533678346456687
0
LINE
8
BLACK
6
CONTINUOUS
10
5.4226051181102362
20
-5.5533678346456687
11
5.4346504724409446
21
-5.5533678346456687
0
LINE
8
BLACK
6
CONTINUOUS
10
5.4346504724409446
20
-5.5533678346456687
11
5.4346504724409446
21
-5.5413224803149603
0
LINE
8
BLACK
6
CONTINUOUS
10
5.4346504724409446
20
-5.5413224803149603
11
5.4347072047244094
21
-5.5407464173228345
0
LINE
8
BLACK
6
CONTINUOUS
10
5.4347072047244094
20
-5.5407464173228345
11
5.43514811023622
21
-5.5396820078740152
0
LINE
8
BLACK
6
CONTINUOUS
10
5.43514811023622
20
-5.5396820078740152
11
5.4359627559055115
21
-5.5388673622047246
0
LINE
8
BLACK
6
CONTINUOUS
10
5.4359627559055115
20
-5.5388673622047246
11
5.4370271653543307
21
-5.5384264566929131
0
LINE
8
BLACK
6
CONTINUOUS
10
5.4370271653543307
20
-5.5384264566929131
11
5.4381792913385825
21
-5.5384264566929131
0
LINE
8
BLACK
6
CONTINUOUS
10
5.4381792913385825
20
-5.5384264566929131
11
5.4392437007874017
21
-5.5388673622047246
0
LINE
8
BLACK
6
CONTINUOUS
10
3.7611677559055119
20
-3.3218684645669292
11
3.7622331102362203
21
-3.3229338188976376
0
LINE
8
BLACK
6
CONTINUOUS
10
3.7622331102362203
20
-3.3229338188976376
11
3.7622331102362203
21
-3.3244404330708659
0
LINE
8
BLACK
6
CONTINUOUS
10
3.7622331102362203
20
-3.3244404330708659
11
3.7611677559055119
21
-3.3255057874015748
0
LINE
8
BLACK
6
CONTINUOUS
10
3.7611677559055119
20
-3.3255057874015748
11
3.7604144488188975
21
-3.3256556299212598
0
LINE
8
BLACK
6
CONTINUOUS
10
3.7604144488188975
20
-3.3256556299212598
11
3.3032440157480316
21
-3.3256556299212598
0
LINE
8
BLACK
6
CONTINUOUS
10
3.3032440157480316
20
-3.3256556299212598
11
3.3248335039370076
21
-3.3671287007874016
0
LINE
8
BLACK
6
CONTINUOUS
10
3.3248335039370076
20
-3.3671287007874016
11
3.3250484645669292
21
-3.3678661023622047
0
LINE
8
BLACK
6
CONTINUOUS
10
3.3250484645669292
20
-3.3678661023622047
11
3.3245953937007875
21
-3.3693029921259843
0
LINE
8
BLACK
6
CONTINUOUS
10
3.3245953937007875
20
-3.3693029921259843
11
3.3232590157480315
21
-3.369998661417323
0
LINE
8
BLACK
6
CONTINUOUS
10
3.3232590157480315
20
-3.369998661417323
11
3.3218220866141732
21
-3.3695456299212596
0
LINE
8
BLACK
6
CONTINUOUS
10
3.3218220866141732
20
-3.3695456299212596
11
3.3213413385826769
21
-3.368946614173228
0
LINE
8
BLACK
6
CONTINUOUS
10
3.3213413385826769
20
-3.368946614173228
11
3.3019685039370077
21
-3.3317317322834645
0
LINE
8
BLACK
6
CONTINUOUS
10
3.3019685039370077
20
-3.3317317322834645
11
3.3019685039370077
21
-4.9156425196850391
0
LINE
8
BLACK
6
CONTINUOUS
10
3.3019685039370077
20
-4.9156425196850391
11
3.3213413385826769
21
-4.8784276771653543
0
LINE
8
BLACK
6
CONTINUOUS
10
3.3213413385826769
20
-4.8784276771653543
11
3.3218220866141732
21
-4.8778286614173227
0
LINE
8
BLACK
6
CONTINUOUS
10
3.3218220866141732
20
-4.8778286614173227
11
3.3232590157480315
21
-4.8773756299212598
0
LINE
8
BLACK
6
CONTINUOUS
10
3.3232590157480315
20
-4.8773756299212598
11
3.3245953937007875
21
-4.8780712992125981
0
LINE
8
BLACK
6
CONTINUOUS
10
3.3245953937007875
20
-4.8780712992125981
11
3.3250484645669292
21
-4.8795081889763781
0
LINE
8
BLACK
6
CONTINUOUS
10
3.3250484645669292
20
-4.8795081889763781
11
3.3248335039370076
21
-4.8802455905511808
0
LINE
8
BLACK
6
CONTINUOUS
10
3.3248335039370076
20
-4.8802455905511808
11
3.3032440157480316
21
-4.9217186614173229
0
LINE
8
BLACK
6
CONTINUOUS
10
3.3032440157480316
20
-4.9217186614173229
11
3.7604144488188975
21
-4.9217186614173229
0
LINE
8
BLACK
6
CONTINUOUS
10
3.7604144488188975
20
-4.9217186614173229
11
3.7611677559055119
21
-4.9218685039370076
0
LINE
8
BLACK
6
CONTINUOUS
10
3.7611677559055119
20
-4.9218685039370076
11
3.7622331102362203
21
-4.922933858267716
0
LINE
8
BLACK
6
CONTINUOUS
10
3.7622331102362203
20
-4.922933858267716
11
3.7622331102362203
21
-4.9244404724409447
0
LINE
8
BLACK
6
CONTINUOUS
10
3.7622331102362203
20
-4.9244404724409447
11
3.7611677559055119
21
-4.9255058267716532
0
LINE
8
BLACK
6
CONTINUOUS
10
3.7611677559055119
20
-4.9255058267716532
11
3.7604144488188975
21
-4.9256556692913387
0
LINE
8
BLACK
6
CONTINUOUS
10
3.7604144488188975
20
-4.9256556692913387
11
3.2769125984251968
21
-4.9256556692913387
0
LINE
8
BLACK
6
CONTINUOUS
10
3.2769125984251968
20
-4.9256556692913387
11
3.2761592913385824
21
-4.9255058267716532
0
LINE
8
BLACK
6
CONTINUOUS
10
3.2761592913385824
20
-4.9255058267716532
11
3.275093937007874
21
-4.9244404724409447
0
LINE
8
BLACK
6
CONTINUOUS
10
3.275093937007874
20
-4.9244404724409447
11
3.275093937007874
21
-4.922933858267716
0
LINE
8
BLACK
6
CONTINUOUS
10
3.275093937007874
20
-4.922933858267716
11
3.2761592913385824
21
-4.9218685039370076
0
LINE
8
BLACK
6
CONTINUOUS
10
3.2761592913385824
20
-4.9218685039370076
11
3.2769125984251968
21
-4.9217186614173229
0
LINE
8
BLACK
6
CONTINUOUS
10
3.2769125984251968
20
-4.9217186614173229
11
3.2967559842519685
21
-4.9217186614173229
0
LINE
8
BLACK
6
CONTINUOUS
10
3.2967559842519685
20
-4.9217186614173229
11
3.2751664566929133
21
-4.880245551181102
0
LINE
8
BLACK
6
CONTINUOUS
10
3.2751664566929133
20
-4.880245551181102
11
3.2749515354330709
21
-4.8795081889763781
0
LINE
8
BLACK
6
CONTINUOUS
10
3.2749515354330709
20
-4.8795081889763781
11
3.2754046062992126
21
-4.8780712992125981
0
LINE
8
BLACK
6
CONTINUOUS
10
3.2754046062992126
20
-4.8780712992125981
11
3.2767409842519686
21
-4.8773755905511811
0
LINE
8
BLACK
6
CONTINUOUS
10
3.2767409842519686
20
-4.8773755905511811
11
3.2781778740157481
21
-4.8778286614173227
0
LINE
8
BLACK
6
CONTINUOUS
10
3.2781778740157481
20
-4.8778286614173227
11
3.2786586614173228
21
-4.8784276771653543
0
LINE
8
BLACK
6
CONTINUOUS
10
3.2786586614173228
20
-4.8784276771653543
11
3.298031496062992
21
-4.9156425590551178
0
LINE
8
BLACK
6
CONTINUOUS
10
3.298031496062992
20
-4.9156425590551178
11
3.298031496062992
21
-3.3317316929133858
0
LINE
8
BLACK
6
CONTINUOUS
10
3.298031496062992
20
-3.3317316929133858
11
3.2786586614173228
21
-3.368946614173228
0
LINE
8
BLACK
6
CONTINUOUS
10
3.2786586614173228
20
-3.368946614173228
11
3.2781778740157481
21
-3.3695456299212596
0
LINE
8
BLACK
6
CONTINUOUS
10
3.2781778740157481
20
-3.3695456299212596
11
3.2767409842519686
21
-3.3699987007874017
0
LINE
8
BLACK
6
CONTINUOUS
10
3.2767409842519686
20
-3.3699987007874017
11
3.2754046062992126
21
-3.3693029921259843
0
LINE
8
BLACK
6
CONTINUOUS
10
3.2754046062992126
20
-3.3693029921259843
11
3.2749515354330709
21
-3.3678661023622047
0
LINE
8
BLACK
6
CONTINUOUS
10
3.2749515354330709
20
-3.3678661023622047
11
3.2751664566929133
21
-3.3671287401574803
0
LINE
8
BLACK
6
CONTINUOUS
10
3.2751664566929133
20
-3.3671287401574803
11
3.2967559842519685
21
-3.3256556299212598
0
LINE
8
BLACK
6
CONTINUOUS
10
3.2967559842519685
20
-3.3256556299212598
11
3.2769125984251968
21
-3.3256556299212598
0
LINE
8
BLACK
6
CONTINUOUS
10
3.2769125984251968
20
-3.3256556299212598
11
3.2761592913385824
21
-3.3255057874015748
0
LINE
8
BLACK
6
CONTINUOUS
10
3.2761592913385824
20
-3.3255057874015748
11
3.275093937007874
21
-3.3244404330708659
0
LINE
8
BLACK
6
CONTINUOUS
10
3.275093937007874
20
-3.3244404330708659
11
3.275093937007874
21
-3.3229338188976376
0
LINE
8
BLACK
6
CONTINUOUS
10
3.275093937007874
20
-3.3229338188976376
11
3.2761592913385824
21
-3.3218684645669292
0
LINE
8
BLACK
6
CONTINUOUS
10
3.2761592913385824
20
-3.3218684645669292
11
3.2769125984251968
21
-3.3217186220472441
0
LINE
8
BLACK
6
CONTINUOUS
10
3.2769125984251968
20
-3.3217186220472441
11
3.7604144488188975
21
-3.3217186220472441
0
LINE
8
BLACK
6
CONTINUOUS
10
3.7604144488188975
20
-3.3217186220472441
11
3.7611677559055119
21
-3.3218684645669292
0
LINE
8
BLACK
6
CONTINUOUS
10
5.294351850393701
20
-4.7893272834645666
11
5.2954162598425194
21
-4.7897681889763781
0
LINE
8
BLACK
6
CONTINUOUS
10
5.2954162598425194
20
-4.7897681889763781
11
5.2962309055118109
21
-4.7905828346456696
0
LINE
8
BLACK
6
CONTINUOUS
10
5.2962309055118109
20
-4.7905828346456696
11
5.2966718110236215
21
-4.7916472440944879
0
LINE
8
BLACK
6
CONTINUOUS
10
5.2966718110236215
20
-4.7916472440944879
11
5.2966718110236215
21
-4.7927993700787397
0
LINE
8
BLACK
6
CONTINUOUS
10
5.2966718110236215
20
-4.7927993700787397
11
5.2962309055118109
21
-4.7938637795275589
0
LINE
8
BLACK
6
CONTINUOUS
10
5.2962309055118109
20
-4.7938637795275589
11
5.2954162598425194
21
-4.7946784251968504
0
LINE
8
BLACK
6
CONTINUOUS
10
5.2954162598425194
20
-4.7946784251968504
11
5.294351850393701
21
-4.795119330708661
0
LINE
8
BLACK
6
CONTINUOUS
10
5.294351850393701
20
-4.795119330708661
11
5.2937757874015743
21
-4.7951760629921258
0
LINE
8
BLACK
6
CONTINUOUS
10
5.2937757874015743
20
-4.7951760629921258
11
5.2777003543307082
21
-4.7951760629921258
0
LINE
8
BLACK
6
CONTINUOUS
10
5.2777003543307082
20
-4.7951760629921258
11
5.2767232283464569
21
-4.8049473228346455
0
LINE
8
BLACK
6
CONTINUOUS
10
5.2767232283464569
20
-4.8049473228346455
11
5.2774571653543303
21
-4.8045803937007872
0
LINE
8
BLACK
6
CONTINUOUS
10
5.2774571653543303
20
-4.8045803937007872
11
5.2779977559055116
21
-4.8043735039370077
0
LINE
8
BLACK
6
CONTINUOUS
10
5.2779977559055116
20
-4.8043735039370077
11
5.2781036220472437
21
-4.8043659448818898
0
LINE
8
BLACK
6
CONTINUOUS
10
5.2781036220472437
20
-4.8043659448818898
11
5.278201614173228
21
-4.804325393700787
0
LINE
8
BLACK
6
CONTINUOUS
10
5.278201614173228
20
-4.804325393700787
11
5.2787776771653538
21
-4.8042686614173231
0
LINE
8
BLACK
6
CONTINUOUS
10
5.2787776771653538
20
-4.8042686614173231
11
5.2881514960629916
21
-4.8042686614173231
0
LINE
8
BLACK
6
CONTINUOUS
10
5.2881514960629916
20
-4.8042686614173231
11
5.2887275590551184
21
-4.804325393700787
0
LINE
8
BLACK
6
CONTINUOUS
10
5.2887275590551184
20
-4.804325393700787
11
5.2888255511811026
21
-4.8043659842519686
0
LINE
8
BLACK
6
CONTINUOUS
10
5.2888255511811026
20
-4.8043659842519686
11
5.288931377952756
21
-4.8043735039370077
0
LINE
8
BLACK
6
CONTINUOUS
10
5.288931377952756
20
-4.8043735039370077
11
5.2894720078740161
21
-4.8045803937007872
0
LINE
8
BLACK
6
CONTINUOUS
10
5.2894720078740161
20
-4.8045803937007872
11
5.2932215354330712
21
-4.8064551574803147
0
LINE
8
BLACK
6
CONTINUOUS
10
5.2932215354330712
20
-4.8064551574803147
11
5.2934695275590551
21
-4.8066112204724405
0
LINE
8
BLACK
6
CONTINUOUS
10
5.2934695275590551
20
-4.8066112204724405
11
5.2935414960629918
21
-4.8066410629921261
0
LINE
8
BLACK
6
CONTINUOUS
10
5.2935414960629918
20
-4.8066410629921261
11
5.2936224409448815
21
-4.8067075196850393
0
LINE
8
BLACK
6
CONTINUOUS
10
5.2936224409448815
20
-4.8067075196850393
11
5.2937114173228341
21
-4.8067635039370078
0
LINE
8
BLACK
6
CONTINUOUS
10
5.2937114173228341
20
-4.8067635039370078
11
5.2937625590551178
21
-4.8068224803149606
0
LINE
8
BLACK
6
CONTINUOUS
10
5.2937625590551178
20
-4.8068224803149606
11
5.2939889370078737
21
-4.8070082677165349
0
LINE
8
BLACK
6
CONTINUOUS
10
5.2939889370078737
20
-4.8070082677165349
11
5.2958637007874012
21
-4.8088830314960624
0
LINE
8
BLACK
6
CONTINUOUS
10
5.2958637007874012
20
-4.8088830314960624
11
5.2960494488188976
21
-4.8091093700787404
0
LINE
8
BLACK
6
CONTINUOUS
10
5.2960494488188976
20
-4.8091093700787404
11
5.2961084645669292
21
-4.809160551181102
0
LINE
8
BLACK
6
CONTINUOUS
10
5.2961084645669292
20
-4.809160551181102
11
5.2961644094488189
21
-4.8092494881889767
0
LINE
8
BLACK
6
CONTINUOUS
10
5.2961644094488189
20
-4.8092494881889767
11
5.2962309055118109
21
-4.8093304724409451
0
LINE
8
BLACK
6
CONTINUOUS
10
5.2962309055118109
20
-4.8093304724409451
11
5.2962607086614168
21
-4.8094024015748031
0
LINE
8
BLACK
6
CONTINUOUS
10
5.2962607086614168
20
-4.8094024015748031
11
5.2964168110236223
21
-4.8096504330708658
0
LINE
8
BLACK
6
CONTINUOUS
10
5.2964168110236223
20
-4.8096504330708658
11
5.2982915748031498
21
-4.8133999606299209
0
LINE
8
BLACK
6
CONTINUOUS
10
5.2982915748031498
20
-4.8133999606299209
11
5.2984984645669293
21
-4.8139405511811022
0
LINE
8
BLACK
6
CONTINUOUS
10
5.2984984645669293
20
-4.8139405511811022
11
5.2985059842519684
21
-4.8140464173228343
0
LINE
8
BLACK
6
CONTINUOUS
10
5.2985059842519684
20
-4.8140464173228343
11
5.2985465748031491
21
-4.8141444094488186
0
LINE
8
BLACK
6
CONTINUOUS
10
5.2985465748031491
20
-4.8141444094488186
11
5.2986033070866139
21
-4.8147204724409445
0
LINE
8
BLACK
6
CONTINUOUS
10
5.2986033070866139
20
-4.8147204724409445
11
5.2986033070866139
21
-4.8240942913385823
0
LINE
8
BLACK
6
CONTINUOUS
10
5.2986033070866139
20
-4.8240942913385823
11
5.2985465748031491
21
-4.8246703543307081
0
LINE
8
BLACK
6
CONTINUOUS
10
5.2985465748031491
20
-4.8246703543307081
11
5.2985059842519684
21
-4.8247683070866136
0
LINE
8
BLACK
6
CONTINUOUS
10
5.2985059842519684
20
-4.8247683070866136
11
5.2984984645669293
21
-4.8248742125984254
0
LINE
8
BLACK
6
CONTINUOUS
10
5.2984984645669293
20
-4.8248742125984254
11
5.2982915748031498
21
-4.8254148031496058
0
LINE
8
BLACK
6
CONTINUOUS
10
5.2982915748031498
20
-4.8254148031496058
11
5.2964168110236223
21
-4.8291643307086609
0
LINE
8
BLACK
6
CONTINUOUS
10
5.2964168110236223
20
-4.8291643307086609
11
5.2962607480314956
21
-4.8294122047244095
0
LINE
8
BLACK
6
CONTINUOUS
10
5.2962607480314956
20
-4.8294122047244095
11
5.2962309448818896
21
-4.8294842519685037
0
LINE
8
BLACK
6
CONTINUOUS
10
5.2962309448818896
20
-4.8294842519685037
11
5.2961644094488189
21
-4.8295652755905509
0
LINE
8
BLACK
6
CONTINUOUS
10
5.2961644094488189
20
-4.8295652755905509
11
5.2961084645669292
21
-4.8296542125984248
0
LINE
8
BLACK
6
CONTINUOUS
10
5.2961084645669292
20
-4.8296542125984248
11
5.2960494488188976
21
-4.8297053543307085
0
LINE
8
BLACK
6
CONTINUOUS
10
5.2960494488188976
20
-4.8297053543307085
11
5.2958637007874012
21
-4.8299317322834643
0
LINE
8
BLACK
6
CONTINUOUS
10
5.2958637007874012
20
-4.8299317322834643
11
5.2939889763779524
21
-4.8318064960629918
0
LINE
8
BLACK
6
CONTINUOUS
10
5.2939889763779524
20
-4.8318064960629918
11
5.2937625984251966
21
-4.8319922440944882
0
LINE
8
BLACK
6
CONTINUOUS
10
5.2937625984251966
20
-4.8319922440944882
11
5.2937114173228341
21
-4.8320512992125986
0
LINE
8
BLACK
6
CONTINUOUS
10
5.2937114173228341
20
-4.8320512992125986
11
5.2936224409448815
21
-4.8321072834645671
0
LINE
8
BLACK
6
CONTINUOUS
10
5.2936224409448815
20
-4.8321072834645671
11
5.2935414960629918
21
-4.8321737401574802
0
LINE
8
BLACK
6
CONTINUOUS
10
5.2935414960629918
20
-4.8321737401574802
11
5.2934695275590551
21
-4.8322035433070862
0
LINE
8
BLACK
6
CONTINUOUS
10
5.2934695275590551
20
-4.8322035433070862
11
5.2932215354330712
21
-4.8323596456692917
0
LINE
8
BLACK
6
CONTINUOUS
10
5.2932215354330712
20
-4.8323596456692917
11
5.2894720078740161
21
-4.8342344094488192
0
LINE
8
BLACK
6
CONTINUOUS
10
5.2894720078740161
20
-4.8342344094488192
11
5.288931377952756
21
-4.8344412992125987
0
LINE
8
BLACK
6
CONTINUOUS
10
5.288931377952756
20
-4.8344412992125987
11
5.2888255511811026
21
-4.834448779527559
0
LINE
8
BLACK
6
CONTINUOUS
10
5.2888255511811026
20
-4.834448779527559
11
5.2887275590551184
21
-4.8344894094488184
0
LINE
8
BLACK
6
CONTINUOUS
10
5.2887275590551184
20
-4.8344894094488184
11
5.2881514960629916
21
-4.8345461417322833
0
LINE
8
BLACK
6
CONTINUOUS
10
5.2881514960629916
20
-4.8345461417322833
11
5.2787776771653538
21
-4.8345461417322833
0
LINE
8
BLACK
6
CONTINUOUS
10
5.2787776771653538
20
-4.8345461417322833
11
5.278201614173228
21
-4.8344894094488184
0
LINE
8
BLACK
6
CONTINUOUS
10
5.278201614173228
20
-4.8344894094488184
11
5.2781036220472437
21
-4.8344488188976378
0
LINE
8
BLACK
6
CONTINUOUS
10
5.2781036220472437
20
-4.8344488188976378
11
5.2779977559055116
21
-4.8344412992125987
0
LINE
8
BLACK
6
CONTINUOUS
10
5.2779977559055116
20
-4.8344412992125987
11
5.2774571653543303
21
-4.8342344094488192
0
LINE
8
BLACK
6
CONTINUOUS
10
5.2774571653543303
20
-4.8342344094488192
11
5.2737076377952752
21
-4.8323596456692917
0
LINE
8
BLACK
6
CONTINUOUS
10
5.2737076377952752
20
-4.8323596456692917
11
5.2734596062992125
21
-4.8322035433070862
0
LINE
8
BLACK
6
CONTINUOUS
10
5.2734596062992125
20
-4.8322035433070862
11
5.2733876771653545
21
-4.8321737401574802
0
LINE
8
BLACK
6
CONTINUOUS
10
5.2733876771653545
20
-4.8321737401574802
11
5.2733066929133861
21
-4.8321072834645671
0
LINE
8
BLACK
6
CONTINUOUS
10
5.2733066929133861
20
-4.8321072834645671
11
5.2732177559055113
21
-4.8320512992125986
0
LINE
8
BLACK
6
CONTINUOUS
10
5.2732177559055113
20
-4.8320512992125986
11
5.273166535433071
21
-4.8319922440944882
0
LINE
8
BLACK
6
CONTINUOUS
10
5.273166535433071
20
-4.8319922440944882
11
5.2729401968503939
21
-4.8318064960629918
0
LINE
8
BLACK
6
CONTINUOUS
10
5.2729401968503939
20
-4.8318064960629918
11
5.2710654330708664
21
-4.8299316929133855
0
LINE
8
BLACK
6
CONTINUOUS
10
5.2710654330708664
20
-4.8299316929133855
11
5.2706982283464567
21
-4.8294842519685037
0
LINE
8
BLACK
6
CONTINUOUS
10
5.2706982283464567
20
-4.8294842519685037
11
5.270257362204724
21
-4.8284198425196854
0
LINE
8
BLACK
6
CONTINUOUS
10
5.270257362204724
20
-4.8284198425196854
11
5.270257362204724
21
-4.8272677559055115
0
LINE
8
BLACK
6
CONTINUOUS
10
5.270257362204724
20
-4.8272677559055115
11
5.2706982677165355
21
-4.8262033464566931
0
LINE
8
BLACK
6
CONTINUOUS
10
5.2706982677165355
20
-4.8262033464566931
11
5.2715129527559057
21
-4.8253886614173229
0
LINE
8
BLACK
6
CONTINUOUS
10
5.2715129527559057
20
-4.8253886614173229
11
5.2725773622047241
21
-4.8249477952755901
0
LINE
8
BLACK
6
CONTINUOUS
10
5.2725773622047241
20
-4.8249477952755901
11
5.2737294488188979
21
-4.8249477952755901
0
LINE
8
BLACK
6
CONTINUOUS
10
5.2737294488188979
20
-4.8249477952755901
11
5.2747938582677163
21
-4.8253887007874017
0
LINE
8
BLACK
6
CONTINUOUS
10
5.2747938582677163
20
-4.8253887007874017
11
5.2752413385826769
21
-4.8257559448818901
0
LINE
8
BLACK
6
CONTINUOUS
10
5.2752413385826769
20
-4.8257559448818901
11
5.2767772440944878
21
-4.8272918897637798
0
LINE
8
BLACK
6
CONTINUOUS
10
5.2767772440944878
20
-4.8272918897637798
11
5.2794747244094484
21
-4.8286406299212601
0
LINE
8
BLACK
6
CONTINUOUS
10
5.2794747244094484
20
-4.8286406299212601
11
5.2874544488188979
21
-4.8286406299212601
0
LINE
8
BLACK
6
CONTINUOUS
10
5.2874544488188979
20
-4.8286406299212601
11
5.2901518897637798
21
-4.8272918897637798
0
LINE
8
BLACK
6
CONTINUOUS
10
5.2901518897637798
20
-4.8272918897637798
11
5.2913490157480316
21
-4.8260947244094483
0
LINE
8
BLACK
6
CONTINUOUS
10
5.2913490157480316
20
-4.8260947244094483
11
5.2926977952755907
21
-4.8233972440944877
0
LINE
8
BLACK
6
CONTINUOUS
10
5.2926977952755907
20
-4.8233972440944877
11
5.2926977952755907
21
-4.8154175196850391
0
LINE
8
BLACK
6
CONTINUOUS
10
5.2926977952755907
20
-4.8154175196850391
11
5.2913490551181104
21
-4.8127200393700784
0
LINE
8
BLACK
6
CONTINUOUS
10
5.2913490551181104
20
-4.8127200393700784
11
5.2901519291338586
21
-4.8115229133858266
0
LINE
8
BLACK
6
CONTINUOUS
10
5.2901519291338586
20
-4.8115229133858266
11
5.2874544488188979
21
-4.8101741732283463
0
LINE
8
BLACK
6
CONTINUOUS
10
5.2874544488188979
20
-4.8101741732283463
11
5.2794747244094484
21
-4.8101741732283463
0
LINE
8
BLACK
6
CONTINUOUS
10
5.2794747244094484
20
-4.8101741732283463
11
5.2767772440944878
21
-4.8115229133858266
0
LINE
8
BLACK
6
CONTINUOUS
10
5.2767772440944878
20
-4.8115229133858266
11
5.2752412992125981
21
-4.8130588582677163
0
LINE
8
BLACK
6
CONTINUOUS
10
5.2752412992125981
20
-4.8130588582677163
11
5.2747938582677163
21
-4.8134260629921259
0
LINE
8
BLACK
6
CONTINUOUS
10
5.2747938582677163
20
-4.8134260629921259
11
5.2746564960629918
21
-4.8134829527559058
0
LINE
8
BLACK
6
CONTINUOUS
10
5.2746564960629918
20
-4.8134829527559058
11
5.2745414173228342
21
-4.8135771259842519
0
LINE
8
BLACK
6
CONTINUOUS
10
5.2745414173228342
20
-4.8135771259842519
11
5.2741280314960628
21
-4.8137018110236216
0
LINE
8
BLACK
6
CONTINUOUS
10
5.2741280314960628
20
-4.8137018110236216
11
5.2737294094488192
21
-4.8138669685039366
0
LINE
8
BLACK
6
CONTINUOUS
10
5.2737294094488192
20
-4.8138669685039366
11
5.273580787401575
21
-4.8138669685039366
0
LINE
8
BLACK
6
CONTINUOUS
10
5.273580787401575
20
-4.8138669685039366
11
5.2734384251968507
21
-4.8139099212598424
0
LINE
8
BLACK
6
CONTINUOUS
10
5.2734384251968507
20
-4.8139099212598424
11
5.2730088976377951
21
-4.8138669685039366
0
LINE
8
BLACK
6
CONTINUOUS
10
5.2730088976377951
20
-4.8138669685039366
11
5.2725773622047241
21
-4.8138669685039366
0
LINE
8
BLACK
6
CONTINUOUS
10
5.2725773622047241
20
-4.8138669685039366
11
5.2724399999999996
21
-4.8138100393700789
0
LINE
8
BLACK
6
CONTINUOUS
10
5.2724399999999996
20
-4.8138100393700789
11
5.2722920078740154
21
-4.8137952755905511
0
LINE
8
BLACK
6
CONTINUOUS
10
5.2722920078740154
20
-4.8137952755905511
11
5.2719116141732281
21
-4.8135912204724409
0
LINE
8
BLACK
6
CONTINUOUS
10
5.2719116141732281
20
-4.8135912204724409
11
5.2715129133858269
21
-4.8134260629921259
0
LINE
8
BLACK
6
CONTINUOUS
10
5.2715129133858269
20
-4.8134260629921259
11
5.2714077165354327
21
-4.8133208661417326
0
LINE
8
BLACK
6
CONTINUOUS
10
5.2714077165354327
20
-4.8133208661417326
11
5.2712767716535431
21
-4.8132506299212601
0
LINE
8
BLACK
6
CONTINUOUS
10
5.2712767716535431
20
-4.8132506299212601
11
5.271003503937008
21
-4.812916653543307
0
LINE
8
BLACK
6
CONTINUOUS
10
5.271003503937008
20
-4.812916653543307
11
5.2706982677165355
21
-4.8126114173228345
0
LINE
8
BLACK
6
CONTINUOUS
10
5.2706982677165355
20
-4.8126114173228345
11
5.2706413385826769
21
-4.81247405511811
0
LINE
8
BLACK
6
CONTINUOUS
10
5.2706413385826769
20
-4.81247405511811
11
5.2705472047244095
21
-4.8123589763779524
0
LINE
8
BLACK
6
CONTINUOUS
10
5.2705472047244095
20
-4.8123589763779524
11
5.2704224803149602
21
-4.811945590551181
0
LINE
8
BLACK
6
CONTINUOUS
10
5.2704224803149602
20
-4.811945590551181
11
5.270257362204724
21
-4.8115469685039365
0
LINE
8
BLACK
6
CONTINUOUS
10
5.270257362204724
20
-4.8115469685039365
11
5.270257362204724
21
-4.8113983070866144
0
LINE
8
BLACK
6
CONTINUOUS
10
5.270257362204724
20
-4.8113983070866144
11
5.270214409448819
21
-4.811255984251968
0
LINE
8
BLACK
6
CONTINUOUS
10
5.270214409448819
20
-4.811255984251968
11
5.2702152755905507
21
-4.8106771259842516
0
LINE
8
BLACK
6
CONTINUOUS
10
5.2702152755905507
20
-4.8106771259842516
11
5.2720900393700783
21
-4.791929488188976
0
LINE
8
BLACK
6
CONTINUOUS
10
5.2720900393700783
20
-4.791929488188976
11
5.2721321259842515
21
-4.7917195275590547
0
LINE
8
BLACK
6
CONTINUOUS
10
5.2721321259842515
20
-4.7917195275590547
11
5.2721321259842515
21
-4.7916472440944879
0
LINE
8
BLACK
6
CONTINUOUS
10
5.2721321259842515
20
-4.7916472440944879
11
5.2721601968503933
21
-4.7915794094488184
0
LINE
8
BLACK
6
CONTINUOUS
10
5.2721601968503933
20
-4.7915794094488184
11
5.2722038188976379
21
-4.7913619291338581
0
LINE
8
BLACK
6
CONTINUOUS
10
5.2722038188976379
20
-4.7913619291338581
11
5.2724078346456693
21
-4.7909816141732282
0
LINE
8
BLACK
6
CONTINUOUS
10
5.2724078346456693
20
-4.7909816141732282
11
5.272573031496063
21
-4.7905828346456696
0
LINE
8
BLACK
6
CONTINUOUS
10
5.272573031496063
20
-4.7905828346456696
11
5.2726781889763776
21
-4.7904776377952754
0
LINE
8
BLACK
6
CONTINUOUS
10
5.2726781889763776
20
-4.7904776377952754
11
5.2727484645669289
21
-4.7903466929133858
0
LINE
8
BLACK
6
CONTINUOUS
10
5.2727484645669289
20
-4.7903466929133858
11
5.2730824015748032
21
-4.7900734251968506
0
LINE
8
BLACK
6
CONTINUOUS
10
5.2730824015748032
20
-4.7900734251968506
11
5.2733876771653545
21
-4.7897681889763781
0
LINE
8
BLACK
6
CONTINUOUS
10
5.2733876771653545
20
-4.7897681889763781
11
5.2735250000000002
21
-4.7897112598425196
0
LINE
8
BLACK
6
CONTINUOUS
10
5.2735250000000002
20
-4.7897112598425196
11
5.2736401181102357
21
-4.7896171259842522
0
LINE
8
BLACK
6
CONTINUOUS
10
5.2736401181102357
20
-4.7896171259842522
11
5.2740533858267717
21
-4.7894924015748028
0
LINE
8
BLACK
6
CONTINUOUS
10
5.2740533858267717
20
-4.7894924015748028
11
5.2744520866141729
21
-4.7893272834645666
0
LINE
8
BLACK
6
CONTINUOUS
10
5.2744520866141729
20
-4.7893272834645666
11
5.2746727559055113
21
-4.7893055118110235
0
LINE
8
BLACK
6
CONTINUOUS
10
5.2746727559055113
20
-4.7893055118110235
11
5.2747431102362201
21
-4.7892843307086617
0
LINE
8
BLACK
6
CONTINUOUS
10
5.2747431102362201
20
-4.7892843307086617
11
5.2748150787401578
21
-4.789291496062992
0
LINE
8
BLACK
6
CONTINUOUS
10
5.2748150787401578
20
-4.789291496062992
11
5.2750281496062987
21
-4.7892705511811027
0
LINE
8
BLACK
6
CONTINUOUS
10
5.2750281496062987
20
-4.7892705511811027
11
5.2937757874015743
21
-4.7892705511811027
0
LINE
8
BLACK
6
CONTINUOUS
10
5.2937757874015743
20
-4.7892705511811027
11
5.294351850393701
21
-4.7893272834645666
0
LINE
8
BLACK
6
CONTINUOUS
10
5.3505948031496064
20
-4.7893272834645666
11
5.3516592125984248
21
-4.7897681889763781
0
LINE
8
BLACK
6
CONTINUOUS
10
5.3516592125984248
20
-4.7897681889763781
11
5.3524738582677163
21
-4.7905828346456696
0
LINE
8
BLACK
6
CONTINUOUS
10
5.3524738582677163
20
-4.7905828346456696
11
5.3529147637795278
21
-4.7916472440944879
0
LINE
8
BLACK
6
CONTINUOUS
10
5.3529147637795278
20
-4.7916472440944879
11
5.3529147637795278
21
-4.7927993700787397
0
LINE
8
BLACK
6
CONTINUOUS
10
5.3529147637795278
20
-4.7927993700787397
11
5.3524738582677163
21
-4.7938637795275589
0
LINE
8
BLACK
6
CONTINUOUS
10
5.3524738582677163
20
-4.7938637795275589
11
5.3516592125984248
21
-4.7946784251968504
0
LINE
8
BLACK
6
CONTINUOUS
10
5.3516592125984248
20
-4.7946784251968504
11
5.3505948031496064
21
-4.795119330708661
0
LINE
8
BLACK
6
CONTINUOUS
10
5.3505948031496064
20
-4.795119330708661
11
5.3500187401574806
21
-4.7951760629921258
0
LINE
8
BLACK
6
CONTINUOUS
10
5.3500187401574806
20
-4.7951760629921258
11
5.3339433070866145
21
-4.7951760629921258
0
LINE
8
BLACK
6
CONTINUOUS
10
5.3339433070866145
20
-4.7951760629921258
11
5.3329661811023623
21
-4.8049473228346455
0
LINE
8
BLACK
6
CONTINUOUS
10
5.3329661811023623
20
-4.8049473228346455
11
5.3337001181102357
21
-4.8045803937007872
0
LINE
8
BLACK
6
CONTINUOUS
10
5.3337001181102357
20
-4.8045803937007872
11
5.334240708661417
21
-4.8043735039370077
0
LINE
8
BLACK
6
CONTINUOUS
10
5.334240708661417
20
-4.8043735039370077
11
5.3343465748031491
21
-4.8043659448818898
0
LINE
8
BLACK
6
CONTINUOUS
10
5.3343465748031491
20
-4.8043659448818898
11
5.3344445669291334
21
-4.804325393700787
0
LINE
8
BLACK
6
CONTINUOUS
10
5.3344445669291334
20
-4.804325393700787
11
5.3350206299212601
21
-4.8042686614173231
0
LINE
8
BLACK
6
CONTINUOUS
10
5.3350206299212601
20
-4.8042686614173231
11
5.3443944488188979
21
-4.8042686614173231
0
LINE
8
BLACK
6
CONTINUOUS
10
5.3443944488188979
20
-4.8042686614173231
11
5.3449705118110238
21
-4.804325393700787
0
LINE
8
BLACK
6
CONTINUOUS
10
5.3449705118110238
20
-4.804325393700787
11
5.3450685039370081
21
-4.8043659842519686
0
LINE
8
BLACK
6
CONTINUOUS
10
5.3450685039370081
20
-4.8043659842519686
11
5.3451743307086614
21
-4.8043735039370077
0
LINE
8
BLACK
6
CONTINUOUS
10
5.3451743307086614
20
-4.8043735039370077
11
5.3457149606299215
21
-4.8045803937007872
0
LINE
8
BLACK
6
CONTINUOUS
10
5.3457149606299215
20
-4.8045803937007872
11
5.3494644881889766
21
-4.8064551574803147
0
LINE
8
BLACK
6
CONTINUOUS
10
5.3494644881889766
20
-4.8064551574803147
11
5.3497124803149605
21
-4.8066112204724405
0
LINE
8
BLACK
6
CONTINUOUS
10
5.3497124803149605
20
-4.8066112204724405
11
5.3497844488188973
21
-4.8066410629921261
0
LINE
8
BLACK
6
CONTINUOUS
10
5.3497844488188973
20
-4.8066410629921261
11
5.349865393700787
21
-4.8067075196850393
0
LINE
8
BLACK
6
CONTINUOUS
10
5.349865393700787
20
-4.8067075196850393
11
5.3499543700787404
21
-4.8067635039370078
0
LINE
8
BLACK
6
CONTINUOUS
10
5.3499543700787404
20
-4.8067635039370078
11
5.3500055118110232
21
-4.8068224803149606
0
LINE
8
BLACK
6
CONTINUOUS
10
5.3500055118110232
20
-4.8068224803149606
11
5.3502318897637791
21
-4.8070082677165349
0
LINE
8
BLACK
6
CONTINUOUS
10
5.3502318897637791
20
-4.8070082677165349
11
5.3521066535433066
21
-4.8088830314960624
0
LINE
8
BLACK
6
CONTINUOUS
10
5.3521066535433066
20
-4.8088830314960624
11
5.352292401574803
21
-4.8091093700787404
0
LINE
8
BLACK
6
CONTINUOUS
10
5.352292401574803
20
-4.8091093700787404
11
5.3523514173228346
21
-4.809160551181102
0
LINE
8
BLACK
6
CONTINUOUS
10
5.3523514173228346
20
-4.809160551181102
11
5.3524073622047244
21
-4.8092494881889767
0
LINE
8
BLACK
6
CONTINUOUS
10
5.3524073622047244
20
-4.8092494881889767
11
5.3524738582677163
21
-4.8093304724409451
0
LINE
8
BLACK
6
CONTINUOUS
10
5.3524738582677163
20
-4.8093304724409451
11
5.3525036614173231
21
-4.8094024015748031
0
LINE
8
BLACK
6
CONTINUOUS
10
5.3525036614173231
20
-4.8094024015748031
11
5.3526597637795277
21
-4.8096504330708658
0
LINE
8
BLACK
6
CONTINUOUS
10
5.3526597637795277
20
-4.8096504330708658
11
5.3545345275590552
21
-4.8133999606299209
0
LINE
8
BLACK
6
CONTINUOUS
10
5.3545345275590552
20
-4.8133999606299209
11
5.3547414173228347
21
-4.8139405511811022
0
LINE
8
BLACK
6
CONTINUOUS
10
5.3547414173228347
20
-4.8139405511811022
11
5.3547489370078738
21
-4.8140464173228343
0
LINE
8
BLACK
6
CONTINUOUS
10
5.3547489370078738
20
-4.8140464173228343
11
5.3547895275590554
21
-4.8141444094488186
0
LINE
8
BLACK
6
CONTINUOUS
10
5.3547895275590554
20
-4.8141444094488186
11
5.3548462598425193
21
-4.8147204724409445
0
LINE
8
BLACK
6
CONTINUOUS
10
5.3548462598425193
20
-4.8147204724409445
11
5.3548462598425193
21
-4.8240942913385823
0
LINE
8
BLACK
6
CONTINUOUS
10
5.3548462598425193
20
-4.8240942913385823
11
5.3547895275590554
21
-4.8246703543307081
0
LINE
8
BLACK
6
CONTINUOUS
10
5.3547895275590554
20
-4.8246703543307081
11
5.3547489370078738
21
-4.8247683070866136
0
LINE
8
BLACK
6
CONTINUOUS
10
5.3547489370078738
20
-4.8247683070866136
11
5.3547414173228347
21
-4.8248742125984254
0
LINE
8
BLACK
6
CONTINUOUS
10
5.3547414173228347
20
-4.8248742125984254
11
5.3545345275590552
21
-4.8254148031496058
0
LINE
8
BLACK
6
CONTINUOUS
10
5.3545345275590552
20
-4.8254148031496058
11
5.3526597637795277
21
-4.8291643307086609
0
LINE
8
BLACK
6
CONTINUOUS
10
5.3526597637795277
20
-4.8291643307086609
11
5.3525037007874019
21
-4.8294122047244095
0
LINE
8
BLACK
6
CONTINUOUS
10
5.3525037007874019
20
-4.8294122047244095
11
5.352473897637795
21
-4.8294842519685037
0
LINE
8
BLACK
6
CONTINUOUS
10
5.352473897637795
20
-4.8294842519685037
11
5.3524073622047244
21
-4.8295652755905509
0
LINE
8
BLACK
6
CONTINUOUS
10
5.3524073622047244
20
-4.8295652755905509
11
5.3523514173228346
21
-4.8296542125984248
0
LINE
8
BLACK
6
CONTINUOUS
10
5.3523514173228346
20
-4.8296542125984248
11
5.352292401574803
21
-4.8297053543307085
0
LINE
8
BLACK
6
CONTINUOUS
10
5.352292401574803
20
-4.8297053543307085
11
5.3521066535433066
21
-4.8299317322834643
0
LINE
8
BLACK
6
CONTINUOUS
10
5.3521066535433066
20
-4.8299317322834643
11
5.3502319291338578
21
-4.8318064960629918
0
LINE
8
BLACK
6
CONTINUOUS
10
5.3502319291338578
20
-4.8318064960629918
11
5.350005551181102
21
-4.8319922440944882
0
LINE
8
BLACK
6
CONTINUOUS
10
5.350005551181102
20
-4.8319922440944882
11
5.3499543700787404
21
-4.8320512992125986
0
LINE
8
BLACK
6
CONTINUOUS
10
5.3499543700787404
20
-4.8320512992125986
11
5.349865393700787
21
-4.8321072834645671
0
LINE
8
BLACK
6
CONTINUOUS
10
5.349865393700787
20
-4.8321072834645671
11
5.3497844488188973
21
-4.8321737401574802
0
LINE
8
BLACK
6
CONTINUOUS
10
5.3497844488188973
20
-4.8321737401574802
11
5.3497124803149605
21
-4.8322035433070862
0
LINE
8
BLACK
6
CONTINUOUS
10
5.3497124803149605
20
-4.8322035433070862
11
5.3494644881889766
21
-4.8323596456692917
0
LINE
8
BLACK
6
CONTINUOUS
10
5.3494644881889766
20
-4.8323596456692917
11
5.3457149606299215
21
-4.8342344094488192
0
LINE
8
BLACK
6
CONTINUOUS
10
5.3457149606299215
20
-4.8342344094488192
11
5.3451743307086614
21
-4.8344412992125987
0
LINE
8
BLACK
6
CONTINUOUS
10
5.3451743307086614
20
-4.8344412992125987
11
5.3450685039370081
21
-4.834448779527559
0
LINE
8
BLACK
6
CONTINUOUS
10
5.3450685039370081
20
-4.834448779527559
11
5.3449705118110238
21
-4.8344894094488184
0
LINE
8
BLACK
6
CONTINUOUS
10
5.3449705118110238
20
-4.8344894094488184
11
5.3443944488188979
21
-4.8345461417322833
0
LINE
8
BLACK
6
CONTINUOUS
10
5.3443944488188979
20
-4.8345461417322833
11
5.3350206299212601
21
-4.8345461417322833
0
LINE
8
BLACK
6
CONTINUOUS
10
5.3350206299212601
20
-4.8345461417322833
11
5.3344445669291334
21
-4.8344894094488184
0
LINE
8
BLACK
6
CONTINUOUS
10
5.3344445669291334
20
-4.8344894094488184
11
5.3343465748031491
21
-4.8344488188976378
0
LINE
8
BLACK
6
CONTINUOUS
10
5.3343465748031491
20
-4.8344488188976378
11
5.334240708661417
21
-4.8344412992125987
0
LINE
8
BLACK
6
CONTINUOUS
10
5.334240708661417
20
-4.8344412992125987
11
5.3337001181102357
21
-4.8342344094488192
0
LINE
8
BLACK
6
CONTINUOUS
10
5.3337001181102357
20
-4.8342344094488192
11
5.3299505905511806
21
-4.8323596456692917
0
LINE
8
BLACK
6
CONTINUOUS
10
5.3299505905511806
20
-4.8323596456692917
11
5.3297025590551179
21
-4.8322035433070862
0
LINE
8
BLACK
6
CONTINUOUS
10
5.3297025590551179
20
-4.8322035433070862
11
5.3296306299212599
21
-4.8321737401574802
0
LINE
8
BLACK
6
CONTINUOUS
10
5.3296306299212599
20
-4.8321737401574802
11
5.3295496456692915
21
-4.8321072834645671
0
LINE
8
BLACK
6
CONTINUOUS
10
5.3295496456692915
20
-4.8321072834645671
11
5.3294607086614176
21
-4.8320512992125986
0
LINE
8
BLACK
6
CONTINUOUS
10
5.3294607086614176
20
-4.8320512992125986
11
5.3294094881889764
21
-4.8319922440944882
0
LINE
8
BLACK
6
CONTINUOUS
10
5.3294094881889764
20
-4.8319922440944882
11
5.3291831496062994
21
-4.8318064960629918
0
LINE
8
BLACK
6
CONTINUOUS
10
5.3291831496062994
20
-4.8318064960629918
11
5.3273083858267718
21
-4.8299316929133855
0
LINE
8
BLACK
6
CONTINUOUS
10
5.3273083858267718
20
-4.8299316929133855
11
5.3269411811023621
21
-4.8294842519685037
0
LINE
8
BLACK
6
CONTINUOUS
10
5.3269411811023621
20
-4.8294842519685037
11
5.3265003149606294
21
-4.8284198425196854
0
LINE
8
BLACK
6
CONTINUOUS
10
5.3265003149606294
20
-4.8284198425196854
11
5.3265003149606294
21
-4.8272677559055115
0
LINE
8
BLACK
6
CONTINUOUS
10
5.3265003149606294
20
-4.8272677559055115
11
5.3269412204724409
21
-4.8262033464566931
0
LINE
8
BLACK
6
CONTINUOUS
10
5.3269412204724409
20
-4.8262033464566931
11
5.3277559055118111
21
-4.8253886614173229
0
LINE
8
BLACK
6
CONTINUOUS
10
5.3277559055118111
20
-4.8253886614173229
11
5.3288203149606295
21
-4.8249477952755901
0
LINE
8
BLACK
6
CONTINUOUS
10
5.3288203149606295
20
-4.8249477952755901
11
5.3299724015748033
21
-4.8249477952755901
0
LINE
8
BLACK
6
CONTINUOUS
10
5.3299724015748033
20
-4.8249477952755901
11
5.3310368110236217
21
-4.8253887007874017
0
LINE
8
BLACK
6
CONTINUOUS
10
5.3310368110236217
20
-4.8253887007874017
11
5.3314842913385823
21
-4.8257559448818901
0
LINE
8
BLACK
6
CONTINUOUS
10
5.3314842913385823
20
-4.8257559448818901
11
5.3330201968503932
21
-4.8272918897637798
0
LINE
8
BLACK
6
CONTINUOUS
10
5.3330201968503932
20
-4.8272918897637798
11
5.3357176771653538
21
-4.8286406299212601
0
LINE
8
BLACK
6
CONTINUOUS
10
5.3357176771653538
20
-4.8286406299212601
11
5.3436974015748033
21
-4.8286406299212601
0
LINE
8
BLACK
6
CONTINUOUS
10
5.3436974015748033
20
-4.8286406299212601
11
5.3463948425196852
21
-4.8272918897637798
0
LINE
8
BLACK
6
CONTINUOUS
10
5.3463948425196852
20
-4.8272918897637798
11
5.347591968503937
21
-4.8260947244094483
0
LINE
8
BLACK
6
CONTINUOUS
10
5.347591968503937
20
-4.8260947244094483
11
5.3489407480314961
21
-4.8233972440944877
0
LINE
8
BLACK
6
CONTINUOUS
10
5.3489407480314961
20
-4.8233972440944877
11
5.3489407480314961
21
-4.8154175196850391
0
LINE
8
BLACK
6
CONTINUOUS
10
5.3489407480314961
20
-4.8154175196850391
11
5.3475920078740158
21
-4.8127200393700784
0
LINE
8
BLACK
6
CONTINUOUS
10
5.3475920078740158
20
-4.8127200393700784
11
5.346394881889764
21
-4.8115229133858266
0
LINE
8
BLACK
6
CONTINUOUS
10
5.346394881889764
20
-4.8115229133858266
11
5.3436974015748033
21
-4.8101741732283463
0
LINE
8
BLACK
6
CONTINUOUS
10
5.3436974015748033
20
-4.8101741732283463
11
5.3357176771653538
21
-4.8101741732283463
0
LINE
8
BLACK
6
CONTINUOUS
10
5.3357176771653538
20
-4.8101741732283463
11
5.3330201968503932
21
-4.8115229133858266
0
LINE
8
BLACK
6
CONTINUOUS
10
5.3330201968503932
20
-4.8115229133858266
11
5.3314842519685035
21
-4.8130588582677163
0
LINE
8
BLACK
6
CONTINUOUS
10
5.3314842519685035
20
-4.8130588582677163
11
5.3310368110236217
21
-4.8134260629921259
0
LINE
8
BLACK
6
CONTINUOUS
10
5.3310368110236217
20
-4.8134260629921259
11
5.3308994488188972
21
-4.8134829527559058
0
LINE
8
BLACK
6
CONTINUOUS
10
5.3308994488188972
20
-4.8134829527559058
11
5.3307843700787396
21
-4.8135771259842519
0
LINE
8
BLACK
6
CONTINUOUS
10
5.3307843700787396
20
-4.8135771259842519
11
5.3303709842519682
21
-4.8137018110236216
0
LINE
8
BLACK
6
CONTINUOUS
10
5.3303709842519682
20
-4.8137018110236216
11
5.3299723622047246
21
-4.8138669685039366
0
LINE
8
BLACK
6
CONTINUOUS
10
5.3299723622047246
20
-4.8138669685039366
11
5.3298237401574804
21
-4.8138669685039366
0
LINE
8
BLACK
6
CONTINUOUS
10
5.3298237401574804
20
-4.8138669685039366
11
5.3296813779527561
21
-4.8139099212598424
0
LINE
8
BLACK
6
CONTINUOUS
10
5.3296813779527561
20
-4.8139099212598424
11
5.3292518503937005
21
-4.8138669685039366
0
LINE
8
BLACK
6
CONTINUOUS
10
5.3292518503937005
20
-4.8138669685039366
11
5.3288203149606295
21
-4.8138669685039366
0
LINE
8
BLACK
6
CONTINUOUS
10
5.3288203149606295
20
-4.8138669685039366
11
5.328682952755905
21
-4.8138100393700789
0
LINE
8
BLACK
6
CONTINUOUS
10
5.328682952755905
20
-4.8138100393700789
11
5.3285349606299208
21
-4.8137952755905511
0
LINE
8
BLACK
6
CONTINUOUS
10
5.3285349606299208
20
-4.8137952755905511
11
5.3281545669291335
21
-4.8135912204724409
0
LINE
8
BLACK
6
CONTINUOUS
10
5.3281545669291335
20
-4.8135912204724409
11
5.3277558661417324
21
-4.8134260629921259
0
LINE
8
BLACK
6
CONTINUOUS
10
5.3277558661417324
20
-4.8134260629921259
11
5.3276506692913381
21
-4.8133208661417326
0
LINE
8
BLACK
6
CONTINUOUS
10
5.3276506692913381
20
-4.8133208661417326
11
5.3275197244094485
21
-4.8132506299212601
0
LINE
8
BLACK
6
CONTINUOUS
10
5.3275197244094485
20
-4.8132506299212601
11
5.3272464566929134
21
-4.812916653543307
0
LINE
8
BLACK
6
CONTINUOUS
10
5.3272464566929134
20
-4.812916653543307
11
5.3269412204724409
21
-4.8126114173228345
0
LINE
8
BLACK
6
CONTINUOUS
10
5.3269412204724409
20
-4.8126114173228345
11
5.3268842913385823
21
-4.81247405511811
0
LINE
8
BLACK
6
CONTINUOUS
10
5.3268842913385823
20
-4.81247405511811
11
5.3267901574803149
21
-4.8123589763779524
0
LINE
8
BLACK
6
CONTINUOUS
10
5.3267901574803149
20
-4.8123589763779524
11
5.3266654330708656
21
-4.811945590551181
0
LINE
8
BLACK
6
CONTINUOUS
10
5.3266654330708656
20
-4.811945590551181
11
5.3265003149606294
21
-4.8115469685039365
0
LINE
8
BLACK
6
CONTINUOUS
10
5.3265003149606294
20
-4.8115469685039365
11
5.3265003149606294
21
-4.8113983070866144
0
LINE
8
BLACK
6
CONTINUOUS
10
5.3265003149606294
20
-4.8113983070866144
11
5.3264573622047244
21
-4.811255984251968
0
LINE
8
BLACK
6
CONTINUOUS
10
5.3264573622047244
20
-4.811255984251968
11
5.326458228346457
21
-4.8106771259842516
0
LINE
8
BLACK
6
CONTINUOUS
10
5.326458228346457
20
-4.8106771259842516
11
5.3283329921259845
21
-4.791929488188976
0
LINE
8
BLACK
6
CONTINUOUS
10
5.3283329921259845
20
-4.791929488188976
11
5.3283750787401569
21
-4.7917195275590547
0
LINE
8
BLACK
6
CONTINUOUS
10
5.3283750787401569
20
-4.7917195275590547
11
5.3283750787401569
21
-4.7916472440944879
0
LINE
8
BLACK
6
CONTINUOUS
10
5.3283750787401569
20
-4.7916472440944879
11
5.3284031496062987
21
-4.7915794094488184
0
LINE
8
BLACK
6
CONTINUOUS
10
5.3284031496062987
20
-4.7915794094488184
11
5.3284467716535433
21
-4.7913619291338581
0
LINE
8
BLACK
6
CONTINUOUS
10
5.3284467716535433
20
-4.7913619291338581
11
5.3286507874015747
21
-4.7909816141732282
0
LINE
8
BLACK
6
CONTINUOUS
10
5.3286507874015747
20
-4.7909816141732282
11
5.3288159842519685
21
-4.7905828346456696
0
LINE
8
BLACK
6
CONTINUOUS
10
5.3288159842519685
20
-4.7905828346456696
11
5.328921141732283
21
-4.7904776377952754
0
LINE
8
BLACK
6
CONTINUOUS
10
5.328921141732283
20
-4.7904776377952754
11
5.3289914173228343
21
-4.7903466929133858
0
LINE
8
BLACK
6
CONTINUOUS
10
5.3289914173228343
20
-4.7903466929133858
11
5.3293253543307086
21
-4.7900734251968506
0
LINE
8
BLACK
6
CONTINUOUS
10
5.3293253543307086
20
-4.7900734251968506
11
5.3296306299212599
21
-4.7897681889763781
0
LINE
8
BLACK
6
CONTINUOUS
10
5.3296306299212599
20
-4.7897681889763781
11
5.3297679527559056
21
-4.7897112598425196
0
LINE
8
BLACK
6
CONTINUOUS
10
5.3297679527559056
20
-4.7897112598425196
11
5.329883070866142
21
-4.7896171259842522
0
LINE
8
BLACK
6
CONTINUOUS
10
5.329883070866142
20
-4.7896171259842522
11
5.3302963385826772
21
-4.7894924015748028
0
LINE
8
BLACK
6
CONTINUOUS
10
5.3302963385826772
20
-4.7894924015748028
11
5.3306950393700783
21
-4.7893272834645666
0
LINE
8
BLACK
6
CONTINUOUS
10
5.3306950393700783
20
-4.7893272834645666
11
5.3309157086614176
21
-4.7893055118110235
0
LINE
8
BLACK
6
CONTINUOUS
10
5.3309157086614176
20
-4.7893055118110235
11
5.3309860629921255
21
-4.7892843307086617
0
LINE
8
BLACK
6
CONTINUOUS
10
5.3309860629921255
20
-4.7892843307086617
11
5.3310580314960632
21
-4.789291496062992
0
LINE
8
BLACK
6
CONTINUOUS
10
5.3310580314960632
20
-4.789291496062992
11
5.331271102362205
21
-4.7892705511811027
0
LINE
8
BLACK
6
CONTINUOUS
10
5.331271102362205
20
-4.7892705511811027
11
5.3500187401574806
21
-4.7892705511811027
0
LINE
8
BLACK
6
CONTINUOUS
10
5.3500187401574806
20
-4.7892705511811027
11
5.3505948031496064
21
-4.7893272834645666
0
LINE
8
BLACK
6
CONTINUOUS
10
5.3824658267716536
20
-4.7893272834645666
11
5.3825638188976379
21
-4.7893678740157481
0
LINE
8
BLACK
6
CONTINUOUS
10
5.3825638188976379
20
-4.7893678740157481
11
5.3826696456692913
21
-4.7893753937007872
0
LINE
8
BLACK
6
CONTINUOUS
10
5.3826696456692913
20
-4.7893753937007872
11
5.3832102755905513
21
-4.7895822834645667
0
LINE
8
BLACK
6
CONTINUOUS
10
5.3832102755905513
20
-4.7895822834645667
11
5.3869598031496064
21
-4.7914570472440943
0
LINE
8
BLACK
6
CONTINUOUS
10
5.3869598031496064
20
-4.7914570472440943
11
5.3872077952755903
21
-4.7916131102362201
0
LINE
8
BLACK
6
CONTINUOUS
10
5.3872077952755903
20
-4.7916131102362201
11
5.3872797637795271
21
-4.7916429527559057
0
LINE
8
BLACK
6
CONTINUOUS
10
5.3872797637795271
20
-4.7916429527559057
11
5.3873607086614168
21
-4.7917094094488188
0
LINE
8
BLACK
6
CONTINUOUS
10
5.3873607086614168
20
-4.7917094094488188
11
5.3874496850393703
21
-4.7917653937007874
0
LINE
8
BLACK
6
CONTINUOUS
10
5.3874496850393703
20
-4.7917653937007874
11
5.3875008267716531
21
-4.7918243700787402
0
LINE
8
BLACK
6
CONTINUOUS
10
5.3875008267716531
20
-4.7918243700787402
11
5.3877272047244089
21
-4.7920101574803144
0
LINE
8
BLACK
6
CONTINUOUS
10
5.3877272047244089
20
-4.7920101574803144
11
5.3896019685039365
21
-4.793884921259842
0
LINE
8
BLACK
6
CONTINUOUS
10
5.3896019685039365
20
-4.793884921259842
11
5.3897877165354329
21
-4.79411125984252
0
LINE
8
BLACK
6
CONTINUOUS
10
5.3897877165354329
20
-4.79411125984252
11
5.3898467322834644
21
-4.7941624409448815
0
LINE
8
BLACK
6
CONTINUOUS
10
5.3898467322834644
20
-4.7941624409448815
11
5.3899026771653542
21
-4.7942513779527554
0
LINE
8
BLACK
6
CONTINUOUS
10
5.3899026771653542
20
-4.7942513779527554
11
5.3899691732283461
21
-4.7943323622047247
0
LINE
8
BLACK
6
CONTINUOUS
10
5.3899691732283461
20
-4.7943323622047247
11
5.389998976377953
21
-4.7944042913385827
0
LINE
8
BLACK
6
CONTINUOUS
10
5.389998976377953
20
-4.7944042913385827
11
5.3901550787401575
21
-4.7946523228346454
0
LINE
8
BLACK
6
CONTINUOUS
10
5.3901550787401575
20
-4.7946523228346454
11
5.3920298425196851
21
-4.7984018503937005
0
LINE
8
BLACK
6
CONTINUOUS
10
5.3920298425196851
20
-4.7984018503937005
11
5.3922367322834646
21
-4.7989424409448818
0
LINE
8
BLACK
6
CONTINUOUS
10
5.3922367322834646
20
-4.7989424409448818
11
5.3922442519685037
21
-4.7990483070866139
0
LINE
8
BLACK
6
CONTINUOUS
10
5.3922442519685037
20
-4.7990483070866139
11
5.3922848425196852
21
-4.7991462992125982
0
LINE
8
BLACK
6
CONTINUOUS
10
5.3922848425196852
20
-4.7991462992125982
11
5.3923415748031491
21
-4.799722362204724
0
LINE
8
BLACK
6
CONTINUOUS
10
5.3923415748031491
20
-4.799722362204724
11
5.3923415748031491
21
-4.8147204724409445
0
LINE
8
BLACK
6
CONTINUOUS
10
5.3923415748031491
20
-4.8147204724409445
11
5.392331653543307
21
-4.814820984251968
0
LINE
8
BLACK
6
CONTINUOUS
10
5.392331653543307
20
-4.814820984251968
11
5.3923380708661419
21
-4.8148640157480314
0
LINE
8
BLACK
6
CONTINUOUS
10
5.3923380708661419
20
-4.8148640157480314
11
5.392306181102362
21
-4.8150794881889762
0
LINE
8
BLACK
6
CONTINUOUS
10
5.392306181102362
20
-4.8150794881889762
11
5.3922848425196852
21
-4.8152965354330703
0
LINE
8
BLACK
6
CONTINUOUS
10
5.3922848425196852
20
-4.8152965354330703
11
5.3922681889763782
21
-4.8153367322834644
0
LINE
8
BLACK
6
CONTINUOUS
10
5.3922681889763782
20
-4.8153367322834644
11
5.3922534251968504
21
-4.8154366141732279
0
LINE
8
BLACK
6
CONTINUOUS
10
5.3922534251968504
20
-4.8154366141732279
11
5.3903786614173228
21
-4.8229356692913381
0
LINE
8
BLACK
6
CONTINUOUS
10
5.3903786614173228
20
-4.8229356692913381
11
5.3902573228346453
21
-4.8232751574803148
0
LINE
8
BLACK
6
CONTINUOUS
10
5.3902573228346453
20
-4.8232751574803148
11
5.3902432283464563
21
-4.8233466141732286
0
LINE
8
BLACK
6
CONTINUOUS
10
5.3902432283464563
20
-4.8233466141732286
11
5.390208661417323
21
-4.8234113779527554
0
LINE
8
BLACK
6
CONTINUOUS
10
5.390208661417323
20
-4.8234113779527554
11
5.3901838976377956
21
-4.823480787401575
0
LINE
8
BLACK
6
CONTINUOUS
10
5.3901838976377956
20
-4.823480787401575
11
5.3901403543307085
21
-4.8235394881889766
0
LINE
8
BLACK
6
CONTINUOUS
10
5.3901403543307085
20
-4.8235394881889766
11
5.3899709055118112
21
-4.823857401574803
0
LINE
8
BLACK
6
CONTINUOUS
10
5.3899709055118112
20
-4.823857401574803
11
5.3862213779527561
21
-4.8294817322834644
0
LINE
8
BLACK
6
CONTINUOUS
10
5.3862213779527561
20
-4.8294817322834644
11
5.3862200393700785
21
-4.8294833070866137
0
LINE
8
BLACK
6
CONTINUOUS
10
5.3862200393700785
20
-4.8294833070866137
11
5.3862196850393698
21
-4.8294842519685037
0
LINE
8
BLACK
6
CONTINUOUS
10
5.3862196850393698
20
-4.8294842519685037
11
5.3860411811023621
21
-4.8297017322834641
0
LINE
8
BLACK
6
CONTINUOUS
10
5.3860411811023621
20
-4.8297017322834641
11
5.3858546062992128
21
-4.8299295669291338
0
LINE
8
BLACK
6
CONTINUOUS
10
5.3858546062992128
20
-4.8299295669291338
11
5.3858537401574802
21
-4.8299301181102363
0
LINE
8
BLACK
6
CONTINUOUS
10
5.3858537401574802
20
-4.8299301181102363
11
5.3858524409448814
21
-4.8299317322834643
0
LINE
8
BLACK
6
CONTINUOUS
10
5.3858524409448814
20
-4.8299317322834643
11
5.3839777165354326
21
-4.8318064960629918
0
LINE
8
BLACK
6
CONTINUOUS
10
5.3839777165354326
20
-4.8318064960629918
11
5.3837513385826767
21
-4.8319922440944882
0
LINE
8
BLACK
6
CONTINUOUS
10
5.3837513385826767
20
-4.8319922440944882
11
5.3837001574803152
21
-4.8320512992125986
0
LINE
8
BLACK
6
CONTINUOUS
10
5.3837001574803152
20
-4.8320512992125986
11
5.3836111811023617
21
-4.8321072834645671
0
LINE
8
BLACK
6
CONTINUOUS
10
5.3836111811023617
20
-4.8321072834645671
11
5.383530236220472
21
-4.8321737401574802
0
LINE
8
BLACK
6
CONTINUOUS
10
5.383530236220472
20
-4.8321737401574802
11
5.3834582677165352
21
-4.8322035433070862
0
LINE
8
BLACK
6
CONTINUOUS
10
5.3834582677165352
20
-4.8322035433070862
11
5.3832102755905513
21
-4.8323596456692917
0
LINE
8
BLACK
6
CONTINUOUS
10
5.3832102755905513
20
-4.8323596456692917
11
5.3794607480314962
21
-4.8342344094488192
0
LINE
8
BLACK
6
CONTINUOUS
10
5.3794607480314962
20
-4.8342344094488192
11
5.3789201181102362
21
-4.8344412992125987
0
LINE
8
BLACK
6
CONTINUOUS
10
5.3789201181102362
20
-4.8344412992125987
11
5.3788142913385828
21
-4.834448779527559
0
LINE
8
BLACK
6
CONTINUOUS
10
5.3788142913385828
20
-4.834448779527559
11
5.3787162992125985
21
-4.8344894094488184
0
LINE
8
BLACK
6
CONTINUOUS
10
5.3787162992125985
20
-4.8344894094488184
11
5.3781402362204727
21
-4.8345461417322833
0
LINE
8
BLACK
6
CONTINUOUS
10
5.3781402362204727
20
-4.8345461417322833
11
5.3706411811023624
21
-4.8345461417322833
0
LINE
8
BLACK
6
CONTINUOUS
10
5.3706411811023624
20
-4.8345461417322833
11
5.3700651181102357
21
-4.8344894094488184
0
LINE
8
BLACK
6
CONTINUOUS
10
5.3700651181102357
20
-4.8344894094488184
11
5.3690007086614173
21
-4.8340485039370078
0
LINE
8
BLACK
6
CONTINUOUS
10
5.3690007086614173
20
-4.8340485039370078
11
5.3681860629921259
21
-4.8332338582677163
0
LINE
8
BLACK
6
CONTINUOUS
10
5.3681860629921259
20
-4.8332338582677163
11
5.3677451574803152
21
-4.8321694488188971
0
LINE
8
BLACK
6
CONTINUOUS
10
5.3677451574803152
20
-4.8321694488188971
11
5.3677451574803152
21
-4.8310173228346454
0
LINE
8
BLACK
6
CONTINUOUS
10
5.3677451574803152
20
-4.8310173228346454
11
5.3681860629921259
21
-4.829952913385827
0
LINE
8
BLACK
6
CONTINUOUS
10
5.3681860629921259
20
-4.829952913385827
11
5.3690007086614173
21
-4.8291382677165355
0
LINE
8
BLACK
6
CONTINUOUS
10
5.3690007086614173
20
-4.8291382677165355
11
5.3700651181102357
21
-4.828697362204724
0
LINE
8
BLACK
6
CONTINUOUS
10
5.3700651181102357
20
-4.828697362204724
11
5.3706411811023624
21
-4.8286406299212601
0
LINE
8
BLACK
6
CONTINUOUS
10
5.3706411811023624
20
-4.8286406299212601
11
5.3774431889763781
21
-4.8286406299212601
0
LINE
8
BLACK
6
CONTINUOUS
10
5.3774431889763781
20
-4.8286406299212601
11
5.38014062992126
21
-4.8272918897637798
0
LINE
8
BLACK
6
CONTINUOUS
10
5.38014062992126
20
-4.8272918897637798
11
5.3814697637795277
21
-4.8259627165354333
0
LINE
8
BLACK
6
CONTINUOUS
10
5.3814697637795277
20
-4.8259627165354333
11
5.3847735039370077
21
-4.8210071653543309
0
LINE
8
BLACK
6
CONTINUOUS
10
5.3847735039370077
20
-4.8210071653543309
11
5.3855027952755901
21
-4.8180899999999998
0
LINE
8
BLACK
6
CONTINUOUS
10
5.3855027952755901
20
-4.8180899999999998
11
5.3832102755905513
21
-4.8192362598425191
0
LINE
8
BLACK
6
CONTINUOUS
10
5.3832102755905513
20
-4.8192362598425191
11
5.3826696456692913
21
-4.8194431496062995
0
LINE
8
BLACK
6
CONTINUOUS
10
5.3826696456692913
20
-4.8194431496062995
11
5.3825638188976379
21
-4.8194506299212598
0
LINE
8
BLACK
6
CONTINUOUS
10
5.3825638188976379
20
-4.8194506299212598
11
5.3824658267716536
21
-4.8194912598425192
0
LINE
8
BLACK
6
CONTINUOUS
10
5.3824658267716536
20
-4.8194912598425192
11
5.3818897637795278
21
-4.8195479921259841
0
LINE
8
BLACK
6
CONTINUOUS
10
5.3818897637795278
20
-4.8195479921259841
11
5.3743907086614175
21
-4.8195479921259841
0
LINE
8
BLACK
6
CONTINUOUS
10
5.3743907086614175
20
-4.8195479921259841
11
5.3738146456692908
21
-4.8194912598425192
0
LINE
8
BLACK
6
CONTINUOUS
10
5.3738146456692908
20
-4.8194912598425192
11
5.3737166535433065
21
-4.8194506692913386
0
LINE
8
BLACK
6
CONTINUOUS
10
5.3737166535433065
20
-4.8194506692913386
11
5.3736107874015744
21
-4.8194431496062995
0
LINE
8
BLACK
6
CONTINUOUS
10
5.3736107874015744
20
-4.8194431496062995
11
5.373070196850394
21
-4.8192362598425191
0
LINE
8
BLACK
6
CONTINUOUS
10
5.373070196850394
20
-4.8192362598425191
11
5.3693206692913389
21
-4.8173614960629916
0
LINE
8
BLACK
6
CONTINUOUS
10
5.3693206692913389
20
-4.8173614960629916
11
5.3690726377952753
21
-4.817205393700787
0
LINE
8
BLACK
6
CONTINUOUS
10
5.3690726377952753
20
-4.817205393700787
11
5.3690007086614173
21
-4.8171755905511811
0
LINE
8
BLACK
6
CONTINUOUS
10
5.3690007086614173
20
-4.8171755905511811
11
5.3689197244094489
21
-4.8171090944881891
0
LINE
8
BLACK
6
CONTINUOUS
10
5.3689197244094489
20
-4.8171090944881891
11
5.368830787401575
21
-4.8170531496062994
0
LINE
8
BLACK
6
CONTINUOUS
10
5.368830787401575
20
-4.8170531496062994
11
5.3687796062992126
21
-4.8169941338582678
0
LINE
8
BLACK
6
CONTINUOUS
10
5.3687796062992126
20
-4.8169941338582678
11
5.3685532677165355
21
-4.8168083858267714
0
LINE
8
BLACK
6
CONTINUOUS
10
5.3685532677165355
20
-4.8168083858267714
11
5.366678503937008
21
-4.8149336220472438
0
LINE
8
BLACK
6
CONTINUOUS
10
5.366678503937008
20
-4.8149336220472438
11
5.3664927165354328
21
-4.814707244094488
0
LINE
8
BLACK
6
CONTINUOUS
10
5.3664927165354328
20
-4.814707244094488
11
5.36643374015748
21
-4.8146561023622043
0
LINE
8
BLACK
6
CONTINUOUS
10
5.36643374015748
20
-4.8146561023622043
11
5.3663777559055115
21
-4.8145671259842517
0
LINE
8
BLACK
6
CONTINUOUS
10
5.3663777559055115
20
-4.8145671259842517
11
5.3663112992125983
21
-4.814486181102362
0
LINE
8
BLACK
6
CONTINUOUS
10
5.3663112992125983
20
-4.814486181102362
11
5.3662814566929136
21
-4.8144142125984253
0
LINE
8
BLACK
6
CONTINUOUS
10
5.3662814566929136
20
-4.8144142125984253
11
5.3661253937007869
21
-4.8141662204724405
0
LINE
8
BLACK
6
CONTINUOUS
10
5.3661253937007869
20
-4.8141662204724405
11
5.3642506299212593
21
-4.8104166929133854
0
LINE
8
BLACK
6
CONTINUOUS
10
5.3642506299212593
20
-4.8104166929133854
11
5.3640437401574799
21
-4.8098760629921262
0
LINE
8
BLACK
6
CONTINUOUS
10
5.3640437401574799
20
-4.8098760629921262
11
5.3640362204724408
21
-4.809770236220472
0
LINE
8
BLACK
6
CONTINUOUS
10
5.3640362204724408
20
-4.809770236220472
11
5.3639956299212601
21
-4.8096722440944877
0
LINE
8
BLACK
6
CONTINUOUS
10
5.3639956299212601
20
-4.8096722440944877
11
5.3639388976377953
21
-4.8090961811023618
0
LINE
8
BLACK
6
CONTINUOUS
10
5.3639388976377953
20
-4.8090961811023618
11
5.3639388976377953
21
-4.799722362204724
0
LINE
8
BLACK
6
CONTINUOUS
10
5.3639388976377953
20
-4.799722362204724
11
5.3639956299212601
21
-4.7991462992125982
0
LINE
8
BLACK
6
CONTINUOUS
10
5.3639956299212601
20
-4.7991462992125982
11
5.3640362204724408
21
-4.7990482677165351
0
LINE
8
BLACK
6
CONTINUOUS
10
5.3640362204724408
20
-4.7990482677165351
11
5.3640437401574799
21
-4.7989424803149605
0
LINE
8
BLACK
6
CONTINUOUS
10
5.3640437401574799
20
-4.7989424803149605
11
5.3642506299212593
21
-4.7984018503937005
0
LINE
8
BLACK
6
CONTINUOUS
10
5.3642506299212593
20
-4.7984018503937005
11
5.3661253937007869
21
-4.7946523228346454
0
LINE
8
BLACK
6
CONTINUOUS
10
5.3661253937007869
20
-4.7946523228346454
11
5.3662814566929136
21
-4.7944042913385827
0
LINE
8
BLACK
6
CONTINUOUS
10
5.3662814566929136
20
-4.7944042913385827
11
5.3663112992125983
21
-4.7943323622047247
0
LINE
8
BLACK
6
CONTINUOUS
10
5.3663112992125983
20
-4.7943323622047247
11
5.3663777559055115
21
-4.7942513779527554
0
LINE
8
BLACK
6
CONTINUOUS
10
5.3663777559055115
20
-4.7942513779527554
11
5.36643374015748
21
-4.7941624409448815
0
LINE
8
BLACK
6
CONTINUOUS
10
5.36643374015748
20
-4.7941624409448815
11
5.3664927165354328
21
-4.79411125984252
0
LINE
8
BLACK
6
CONTINUOUS
10
5.3664927165354328
20
-4.79411125984252
11
5.366678503937008
21
-4.793884921259842
0
LINE
8
BLACK
6
CONTINUOUS
10
5.366678503937008
20
-4.793884921259842
11
5.3685532677165355
21
-4.7920101574803144
0
LINE
8
BLACK
6
CONTINUOUS
10
5.3685532677165355
20
-4.7920101574803144
11
5.3687796062992126
21
-4.7918243700787402
0
LINE
8
BLACK
6
CONTINUOUS
10
5.3687796062992126
20
-4.7918243700787402
11
5.368830787401575
21
-4.7917653937007874
0
LINE
8
BLACK
6
CONTINUOUS
10
5.368830787401575
20
-4.7917653937007874
11
5.3689197244094489
21
-4.7917094094488188
0
LINE
8
BLACK
6
CONTINUOUS
10
5.3689197244094489
20
-4.7917094094488188
11
5.3690007086614173
21
-4.7916429527559057
0
LINE
8
BLACK
6
CONTINUOUS
10
5.3690007086614173
20
-4.7916429527559057
11
5.3690726377952753
21
-4.7916131102362201
0
LINE
8
BLACK
6
CONTINUOUS
10
5.3690726377952753
20
-4.7916131102362201
11
5.3693206692913389
21
-4.7914570472440943
0
LINE
8
BLACK
6
CONTINUOUS
10
5.3693206692913389
20
-4.7914570472440943
11
5.373070196850394
21
-4.7895822834645667
0
LINE
8
BLACK
6
CONTINUOUS
10
5.373070196850394
20
-4.7895822834645667
11
5.3736107874015744
21
-4.7893753937007872
0
LINE
8
BLACK
6
CONTINUOUS
10
5.3736107874015744
20
-4.7893753937007872
11
5.3737166535433065
21
-4.7893678346456694
0
LINE
8
BLACK
6
CONTINUOUS
10
5.3737166535433065
20
-4.7893678346456694
11
5.3738146456692908
21
-4.7893272834645666
0
LINE
8
BLACK
6
CONTINUOUS
10
5.3738146456692908
20
-4.7893272834645666
11
5.3743907086614175
21
-4.7892705511811027
0
LINE
8
BLACK
6
CONTINUOUS
10
5.3743907086614175
20
-4.7892705511811027
11
5.3818897637795278
21
-4.7892705511811027
0
LINE
8
BLACK
6
CONTINUOUS
10
5.3818897637795278
20
-4.7892705511811027
11
5.3824658267716536
21
-4.7893272834645666
0
LINE
8
BLACK
6
CONTINUOUS
10
5.3723902755905515
20
-4.7965248031496062
11
5.3711931496062988
21
-4.797721929133858
0
LINE
8
BLACK
6
CONTINUOUS
10
5.3711931496062988
20
-4.797721929133858
11
5.3698444094488185
21
-4.8004194094488186
0
LINE
8
BLACK
6
CONTINUOUS
10
5.3698444094488185
20
-4.8004194094488186
11
5.3698444094488185
21
-4.8083991338582672
0
LINE
8
BLACK
6
CONTINUOUS
10
5.3698444094488185
20
-4.8083991338582672
11
5.3711931496062988
21
-4.8110966141732279
0
LINE
8
BLACK
6
CONTINUOUS
10
5.3711931496062988
20
-4.8110966141732279
11
5.3723902755905515
21
-4.8122937401574806
0
LINE
8
BLACK
6
CONTINUOUS
10
5.3723902755905515
20
-4.8122937401574806
11
5.3750877559055121
21
-4.8136424803149609
0
LINE
8
BLACK
6
CONTINUOUS
10
5.3750877559055121
20
-4.8136424803149609
11
5.3811927165354332
21
-4.8136424803149609
0
LINE
8
BLACK
6
CONTINUOUS
10
5.3811927165354332
20
-4.8136424803149609
11
5.3838901968503938
21
-4.8122937401574806
0
LINE
8
BLACK
6
CONTINUOUS
10
5.3838901968503938
20
-4.8122937401574806
11
5.3850873228346456
21
-4.8110966141732279
0
LINE
8
BLACK
6
CONTINUOUS
10
5.3850873228346456
20
-4.8110966141732279
11
5.386436062992126
21
-4.8083991338582672
0
LINE
8
BLACK
6
CONTINUOUS
10
5.386436062992126
20
-4.8083991338582672
11
5.386436062992126
21
-4.8004194094488186
0
LINE
8
BLACK
6
CONTINUOUS
10
5.386436062992126
20
-4.8004194094488186
11
5.3850873228346456
21
-4.797721929133858
0
LINE
8
BLACK
6
CONTINUOUS
10
5.3850873228346456
20
-4.797721929133858
11
5.3838901968503938
21
-4.7965248031496062
0
LINE
8
BLACK
6
CONTINUOUS
10
5.3838901968503938
20
-4.7965248031496062
11
5.3811927165354332
21
-4.7951760629921258
0
LINE
8
BLACK
6
CONTINUOUS
10
5.3811927165354332
20
-4.7951760629921258
11
5.3750877559055121
21
-4.7951760629921258
0
LINE
8
BLACK
6
CONTINUOUS
10
5.3750877559055121
20
-4.7951760629921258
11
5.3723902755905515
21
-4.7965248031496062
0
LINE
8
BLACK
6
CONTINUOUS
10
5.4668303149606299
20
-4.828697362204724
11
5.4678947244094491
21
-4.8291382677165355
0
LINE
8
BLACK
6
CONTINUOUS
10
5.4678947244094491
20
-4.8291382677165355
11
5.4687093700787397
21
-4.829952913385827
0
LINE
8
BLACK
6
CONTINUOUS
10
5.4687093700787397
20
-4.829952913385827
11
5.4691502755905512
21
-4.8310173228346454
0
LINE
8
BLACK
6
CONTINUOUS
10
5.4691502755905512
20
-4.8310173228346454
11
5.4691502755905512
21
-4.8321694488188971
0
LINE
8
BLACK
6
CONTINUOUS
10
5.4691502755905512
20
-4.8321694488188971
11
5.4687093700787397
21
-4.8332338582677163
0
LINE
8
BLACK
6
CONTINUOUS
10
5.4687093700787397
20
-4.8332338582677163
11
5.4678947244094491
21
-4.8340485039370078
0
LINE
8
BLACK
6
CONTINUOUS
10
5.4678947244094491
20
-4.8340485039370078
11
5.4668303149606299
21
-4.8344894094488184
0
LINE
8
BLACK
6
CONTINUOUS
10
5.4668303149606299
20
-4.8344894094488184
11
5.466254251968504
21
-4.8345461417322833
0
LINE
8
BLACK
6
CONTINUOUS
10
5.466254251968504
20
-4.8345461417322833
11
5.4362579921259844
21
-4.8345461417322833
0
LINE
8
BLACK
6
CONTINUOUS
10
5.4362579921259844
20
-4.8345461417322833
11
5.4356819291338585
21
-4.8344894094488184
0
LINE
8
BLACK
6
CONTINUOUS
10
5.4356819291338585
20
-4.8344894094488184
11
5.4346175196850393
21
-4.8340485039370078
0
LINE
8
BLACK
6
CONTINUOUS
10
5.4346175196850393
20
-4.8340485039370078
11
5.4338028740157478
21
-4.8332338582677163
0
LINE
8
BLACK
6
CONTINUOUS
10
5.4338028740157478
20
-4.8332338582677163
11
5.4333619685039372
21
-4.8321694488188971
0
LINE
8
BLACK
6
CONTINUOUS
10
5.4333619685039372
20
-4.8321694488188971
11
5.4333619685039372
21
-4.8310173228346454
0
LINE
8
BLACK
6
CONTINUOUS
10
5.4333619685039372
20
-4.8310173228346454
11
5.4338028740157478
21
-4.829952913385827
0
LINE
8
BLACK
6
CONTINUOUS
10
5.4338028740157478
20
-4.829952913385827
11
5.4346175196850393
21
-4.8291382677165355
0
LINE
8
BLACK
6
CONTINUOUS
10
5.4346175196850393
20
-4.8291382677165355
11
5.4356819291338585
21
-4.828697362204724
0
LINE
8
BLACK
6
CONTINUOUS
10
5.4356819291338585
20
-4.828697362204724
11
5.4362579921259844
21
-4.8286406299212601
0
LINE
8
BLACK
6
CONTINUOUS
10
5.4362579921259844
20
-4.8286406299212601
11
5.466254251968504
21
-4.8286406299212601
0
LINE
8
BLACK
6
CONTINUOUS
10
5.466254251968504
20
-4.8286406299212601
11
5.4668303149606299
21
-4.828697362204724
0
LINE
8
BLACK
6
CONTINUOUS
10
5.5268227952755904
20
-4.7893272834645666
11
5.5269207874015747
21
-4.7893678740157481
0
LINE
8
BLACK
6
CONTINUOUS
10
5.5269207874015747
20
-4.7893678740157481
11
5.527026614173228
21
-4.7893753937007872
0
LINE
8
BLACK
6
CONTINUOUS
10
5.527026614173228
20
-4.7893753937007872
11
5.5275672440944881
21
-4.7895822834645667
0
LINE
8
BLACK
6
CONTINUOUS
10
5.5275672440944881
20
-4.7895822834645667
11
5.5313167716535432
21
-4.7914570472440943
0
LINE
8
BLACK
6
CONTINUOUS
10
5.5313167716535432
20
-4.7914570472440943
11
5.5315647637795271
21
-4.7916131102362201
0
LINE
8
BLACK
6
CONTINUOUS
10
5.5315647637795271
20
-4.7916131102362201
11
5.5316367322834648
21
-4.7916429527559057
0
LINE
8
BLACK
6
CONTINUOUS
10
5.5316367322834648
20
-4.7916429527559057
11
5.5317176771653545
21
-4.7917094094488188
0
LINE
8
BLACK
6
CONTINUOUS
10
5.5317176771653545
20
-4.7917094094488188
11
5.531806653543307
21
-4.7917653937007874
0
LINE
8
BLACK
6
CONTINUOUS
10
5.531806653543307
20
-4.7917653937007874
11
5.5318577952755907
21
-4.7918243700787402
0
LINE
8
BLACK
6
CONTINUOUS
10
5.5318577952755907
20
-4.7918243700787402
11
5.5320841732283466
21
-4.7920101574803144
0
LINE
8
BLACK
6
CONTINUOUS
10
5.5320841732283466
20
-4.7920101574803144
11
5.5339589370078741
21
-4.793884921259842
0
LINE
8
BLACK
6
CONTINUOUS
10
5.5339589370078741
20
-4.793884921259842
11
5.5341446850393696
21
-4.79411125984252
0
LINE
8
BLACK
6
CONTINUOUS
10
5.5341446850393696
20
-4.79411125984252
11
5.5342037007874012
21
-4.7941624409448815
0
LINE
8
BLACK
6
CONTINUOUS
10
5.5342037007874012
20
-4.7941624409448815
11
5.534259645669291
21
-4.7942513779527554
0
LINE
8
BLACK
6
CONTINUOUS
10
5.534259645669291
20
-4.7942513779527554
11
5.5343261417322838
21
-4.7943323622047247
0
LINE
8
BLACK
6
CONTINUOUS
10
5.5343261417322838
20
-4.7943323622047247
11
5.5343559448818898
21
-4.7944042913385827
0
LINE
8
BLACK
6
CONTINUOUS
10
5.5343559448818898
20
-4.7944042913385827
11
5.5345120472440943
21
-4.7946523228346454
0
LINE
8
BLACK
6
CONTINUOUS
10
5.5345120472440943
20
-4.7946523228346454
11
5.5363868110236218
21
-4.7984018503937005
0
LINE
8
BLACK
6
CONTINUOUS
10
5.5363868110236218
20
-4.7984018503937005
11
5.5364029133858264
21
-4.7984439370078737
0
LINE
8
BLACK
6
CONTINUOUS
10
5.5364029133858264
20
-4.7984439370078737
11
5.5364156299212599
21
-4.7984611023622046
0
LINE
8
BLACK
6
CONTINUOUS
10
5.5364156299212599
20
-4.7984611023622046
11
5.5365019291338582
21
-4.7987026771653545
0
LINE
8
BLACK
6
CONTINUOUS
10
5.5365019291338582
20
-4.7987026771653545
11
5.5365937007874013
21
-4.7989424409448818
0
LINE
8
BLACK
6
CONTINUOUS
10
5.5365937007874013
20
-4.7989424409448818
11
5.5365951968503939
21
-4.7989637007874011
0
LINE
8
BLACK
6
CONTINUOUS
10
5.5365951968503939
20
-4.7989637007874011
11
5.5366103937007871
21
-4.7990062204724406
0
LINE
8
BLACK
6
CONTINUOUS
10
5.5366103937007871
20
-4.7990062204724406
11
5.5384851574803147
21
-4.8065052755905509
0
LINE
8
BLACK
6
CONTINUOUS
10
5.5384851574803147
20
-4.8065052755905509
11
5.5384999212598425
21
-4.8066051181102365
0
LINE
8
BLACK
6
CONTINUOUS
10
5.5384999212598425
20
-4.8066051181102365
11
5.5385165748031495
21
-4.8066453543307084
0
LINE
8
BLACK
6
CONTINUOUS
10
5.5385165748031495
20
-4.8066453543307084
11
5.5385379133858264
21
-4.8068623622047246
0
LINE
8
BLACK
6
CONTINUOUS
10
5.5385379133858264
20
-4.8068623622047246
11
5.5385698031496062
21
-4.8070778740157483
0
LINE
8
BLACK
6
CONTINUOUS
10
5.5385698031496062
20
-4.8070778740157483
11
5.5385633858267713
21
-4.807120866141732
0
LINE
8
BLACK
6
CONTINUOUS
10
5.5385633858267713
20
-4.807120866141732
11
5.5385733070866143
21
-4.8072214173228343
0
LINE
8
BLACK
6
CONTINUOUS
10
5.5385733070866143
20
-4.8072214173228343
11
5.5385733070866143
21
-4.816595236220472
0
LINE
8
BLACK
6
CONTINUOUS
10
5.5385733070866143
20
-4.816595236220472
11
5.5385633858267713
21
-4.8166957480314956
0
LINE
8
BLACK
6
CONTINUOUS
10
5.5385633858267713
20
-4.8166957480314956
11
5.5385698031496062
21
-4.8167387795275589
0
LINE
8
BLACK
6
CONTINUOUS
10
5.5385698031496062
20
-4.8167387795275589
11
5.5385379133858264
21
-4.8169542519685038
0
LINE
8
BLACK
6
CONTINUOUS
10
5.5385379133858264
20
-4.8169542519685038
11
5.5385165748031495
21
-4.8171712992125979
0
LINE
8
BLACK
6
CONTINUOUS
10
5.5385165748031495
20
-4.8171712992125979
11
5.5384999212598425
21
-4.8172114960629919
0
LINE
8
BLACK
6
CONTINUOUS
10
5.5384999212598425
20
-4.8172114960629919
11
5.5384851574803147
21
-4.8173113779527554
0
LINE
8
BLACK
6
CONTINUOUS
10
5.5384851574803147
20
-4.8173113779527554
11
5.5366103937007871
21
-4.8248104330708657
0
LINE
8
BLACK
6
CONTINUOUS
10
5.5366103937007871
20
-4.8248104330708657
11
5.5365951968503939
21
-4.8248529133858264
0
LINE
8
BLACK
6
CONTINUOUS
10
5.5365951968503939
20
-4.8248529133858264
11
5.5365937007874013
21
-4.8248742125984254
0
LINE
8
BLACK
6
CONTINUOUS
10
5.5365937007874013
20
-4.8248742125984254
11
5.5365019291338582
21
-4.8251139370078739
0
LINE
8
BLACK
6
CONTINUOUS
10
5.5365019291338582
20
-4.8251139370078739
11
5.5364156299212599
21
-4.8253555511811026
0
LINE
8
BLACK
6
CONTINUOUS
10
5.5364156299212599
20
-4.8253555511811026
11
5.5364029133858264
21
-4.8253726771653538
0
LINE
8
BLACK
6
CONTINUOUS
10
5.5364029133858264
20
-4.8253726771653538
11
5.5363868110236218
21
-4.8254148031496058
0
LINE
8
BLACK
6
CONTINUOUS
10
5.5363868110236218
20
-4.8254148031496058
11
5.5345120472440943
21
-4.8291643307086609
0
LINE
8
BLACK
6
CONTINUOUS
10
5.5345120472440943
20
-4.8291643307086609
11
5.5343559842519685
21
-4.8294122047244095
0
LINE
8
BLACK
6
CONTINUOUS
10
5.5343559842519685
20
-4.8294122047244095
11
5.5343261811023625
21
-4.8294842519685037
0
LINE
8
BLACK
6
CONTINUOUS
10
5.5343261811023625
20
-4.8294842519685037
11
5.534259645669291
21
-4.8295652755905509
0
LINE
8
BLACK
6
CONTINUOUS
10
5.534259645669291
20
-4.8295652755905509
11
5.5342037007874012
21
-4.8296542125984248
0
LINE
8
BLACK
6
CONTINUOUS
10
5.5342037007874012
20
-4.8296542125984248
11
5.5341446850393696
21
-4.8297053543307085
0
LINE
8
BLACK
6
CONTINUOUS
10
5.5341446850393696
20
-4.8297053543307085
11
5.5339589370078741
21
-4.8299317322834643
0
LINE
8
BLACK
6
CONTINUOUS
10
5.5339589370078741
20
-4.8299317322834643
11
5.5320842125984253
21
-4.8318064960629918
0
LINE
8
BLACK
6
CONTINUOUS
10
5.5320842125984253
20
-4.8318064960629918
11
5.5318578346456695
21
-4.8319922440944882
0
LINE
8
BLACK
6
CONTINUOUS
10
5.5318578346456695
20
-4.8319922440944882
11
5.531806653543307
21
-4.8320512992125986
0
LINE
8
BLACK
6
CONTINUOUS
10
5.531806653543307
20
-4.8320512992125986
11
5.5317176771653545
21
-4.8321072834645671
0
LINE
8
BLACK
6
CONTINUOUS
10
5.5317176771653545
20
-4.8321072834645671
11
5.5316367322834648
21
-4.8321737401574802
0
LINE
8
BLACK
6
CONTINUOUS
10
5.5316367322834648
20
-4.8321737401574802
11
5.5315647637795271
21
-4.8322035433070862
0
LINE
8
BLACK
6
CONTINUOUS
10
5.5315647637795271
20
-4.8322035433070862
11
5.5313167716535432
21
-4.8323596456692917
0
LINE
8
BLACK
6
CONTINUOUS
10
5.5313167716535432
20
-4.8323596456692917
11
5.5275672440944881
21
-4.8342344094488192
0
LINE
8
BLACK
6
CONTINUOUS
10
5.5275672440944881
20
-4.8342344094488192
11
5.527026614173228
21
-4.8344412992125987
0
LINE
8
BLACK
6
CONTINUOUS
10
5.527026614173228
20
-4.8344412992125987
11
5.5269207874015747
21
-4.834448779527559
0
LINE
8
BLACK
6
CONTINUOUS
10
5.5269207874015747
20
-4.834448779527559
11
5.5268227952755904
21
-4.8344894094488184
0
LINE
8
BLACK
6
CONTINUOUS
10
5.5268227952755904
20
-4.8344894094488184
11
5.5262467322834645
21
-4.8345461417322833
0
LINE
8
BLACK
6
CONTINUOUS
10
5.5262467322834645
20
-4.8345461417322833
11
5.5224972047244094
21
-4.8345461417322833
0
LINE
8
BLACK
6
CONTINUOUS
10
5.5224972047244094
20
-4.8345461417322833
11
5.5219211417322835
21
-4.8344894094488184
0
LINE
8
BLACK
6
CONTINUOUS
10
5.5219211417322835
20
-4.8344894094488184
11
5.5218231496062993
21
-4.8344488188976378
0
LINE
8
BLACK
6
CONTINUOUS
10
5.5218231496062993
20
-4.8344488188976378
11
5.5217172834645671
21
-4.8344412992125987
0
LINE
8
BLACK
6
CONTINUOUS
10
5.5217172834645671
20
-4.8344412992125987
11
5.5211766929133859
21
-4.8342344094488192
0
LINE
8
BLACK
6
CONTINUOUS
10
5.5211766929133859
20
-4.8342344094488192
11
5.5174271653543308
21
-4.8323596456692917
0
LINE
8
BLACK
6
CONTINUOUS
10
5.5174271653543308
20
-4.8323596456692917
11
5.5171791338582672
21
-4.8322035433070862
0
LINE
8
BLACK
6
CONTINUOUS
10
5.5171791338582672
20
-4.8322035433070862
11
5.5171072047244092
21
-4.8321737401574802
0
LINE
8
BLACK
6
CONTINUOUS
10
5.5171072047244092
20
-4.8321737401574802
11
5.5170262204724407
21
-4.8321072834645671
0
LINE
8
BLACK
6
CONTINUOUS
10
5.5170262204724407
20
-4.8321072834645671
11
5.5169372834645669
21
-4.8320512992125986
0
LINE
8
BLACK
6
CONTINUOUS
10
5.5169372834645669
20
-4.8320512992125986
11
5.5168860629921257
21
-4.8319922440944882
0
LINE
8
BLACK
6
CONTINUOUS
10
5.5168860629921257
20
-4.8319922440944882
11
5.5166597244094486
21
-4.8318064960629918
0
LINE
8
BLACK
6
CONTINUOUS
10
5.5166597244094486
20
-4.8318064960629918
11
5.5147849606299211
21
-4.8299316929133855
0
LINE
8
BLACK
6
CONTINUOUS
10
5.5147849606299211
20
-4.8299316929133855
11
5.5145992125984247
21
-4.8297053543307085
0
LINE
8
BLACK
6
CONTINUOUS
10
5.5145992125984247
20
-4.8297053543307085
11
5.5145402362204727
21
-4.8296542125984248
0
LINE
8
BLACK
6
CONTINUOUS
10
5.5145402362204727
20
-4.8296542125984248
11
5.5144842519685042
21
-4.8295652755905509
0
LINE
8
BLACK
6
CONTINUOUS
10
5.5144842519685042
20
-4.8295652755905509
11
5.5144177559055114
21
-4.8294842519685037
0
LINE
8
BLACK
6
CONTINUOUS
10
5.5144177559055114
20
-4.8294842519685037
11
5.5143879133858267
21
-4.8294122047244095
0
LINE
8
BLACK
6
CONTINUOUS
10
5.5143879133858267
20
-4.8294122047244095
11
5.5142318897637796
21
-4.8291643307086609
0
LINE
8
BLACK
6
CONTINUOUS
10
5.5142318897637796
20
-4.8291643307086609
11
5.5123571259842521
21
-4.8254148031496058
0
LINE
8
BLACK
6
CONTINUOUS
10
5.5123571259842521
20
-4.8254148031496058
11
5.5123409842519679
21
-4.8253726771653538
0
LINE
8
BLACK
6
CONTINUOUS
10
5.5123409842519679
20
-4.8253726771653538
11
5.512328307086614
21
-4.8253555511811026
0
LINE
8
BLACK
6
CONTINUOUS
10
5.512328307086614
20
-4.8253555511811026
11
5.5122418503937007
21
-4.8251135826771652
0
LINE
8
BLACK
6
CONTINUOUS
10
5.5122418503937007
20
-4.8251135826771652
11
5.5121502362204726
21
-4.8248741732283467
0
LINE
8
BLACK
6
CONTINUOUS
10
5.5121502362204726
20
-4.8248741732283467
11
5.5121487007874013
21
-4.8248529133858264
0
LINE
8
BLACK
6
CONTINUOUS
10
5.5121487007874013
20
-4.8248529133858264
11
5.5121335433070868
21
-4.8248104330708657
0
LINE
8
BLACK
6
CONTINUOUS
10
5.5121335433070868
20
-4.8248104330708657
11
5.5102587795275593
21
-4.8173113779527554
0
LINE
8
BLACK
6
CONTINUOUS
10
5.5102587795275593
20
-4.8173113779527554
11
5.5102439763779527
21
-4.8172114960629919
0
LINE
8
BLACK
6
CONTINUOUS
10
5.5102439763779527
20
-4.8172114960629919
11
5.5102273622047244
21
-4.8171712992125979
0
LINE
8
BLACK
6
CONTINUOUS
10
5.5102273622047244
20
-4.8171712992125979
11
5.5102059842519679
21
-4.8169542519685038
0
LINE
8
BLACK
6
CONTINUOUS
10
5.5102059842519679
20
-4.8169542519685038
11
5.5101741338582677
21
-4.8167387795275589
0
LINE
8
BLACK
6
CONTINUOUS
10
5.5101741338582677
20
-4.8167387795275589
11
5.5101805118110239
21
-4.8166957480314956
0
LINE
8
BLACK
6
CONTINUOUS
10
5.5101805118110239
20
-4.8166957480314956
11
5.5101706299212596
21
-4.816595236220472
0
LINE
8
BLACK
6
CONTINUOUS
10
5.5101706299212596
20
-4.816595236220472
11
5.5101706299212596
21
-4.8072214173228343
0
LINE
8
BLACK
6
CONTINUOUS
10
5.5101706299212596
20
-4.8072214173228343
11
5.5101805118110239
21
-4.807120866141732
0
LINE
8
BLACK
6
CONTINUOUS
10
5.5101805118110239
20
-4.807120866141732
11
5.5101741338582677
21
-4.8070778740157483
0
LINE
8
BLACK
6
CONTINUOUS
10
5.5101741338582677
20
-4.8070778740157483
11
5.5102059842519679
21
-4.8068623622047246
0
LINE
8
BLACK
6
CONTINUOUS
10
5.5102059842519679
20
-4.8068623622047246
11
5.5102273622047244
21
-4.8066453543307084
0
LINE
8
BLACK
6
CONTINUOUS
10
5.5102273622047244
20
-4.8066453543307084
11
5.5102439763779527
21
-4.8066051181102365
0
LINE
8
BLACK
6
CONTINUOUS
10
5.5102439763779527
20
-4.8066051181102365
11
5.5102587795275593
21
-4.8065052755905509
0
LINE
8
BLACK
6
CONTINUOUS
10
5.5102587795275593
20
-4.8065052755905509
11
5.5121335433070868
21
-4.7990062204724406
0
LINE
8
BLACK
6
CONTINUOUS
10
5.5121335433070868
20
-4.7990062204724406
11
5.5121487007874013
21
-4.7989637007874011
0
LINE
8
BLACK
6
CONTINUOUS
10
5.5121487007874013
20
-4.7989637007874011
11
5.5121502362204726
21
-4.7989424803149605
0
LINE
8
BLACK
6
CONTINUOUS
10
5.5121502362204726
20
-4.7989424803149605
11
5.5122418503937007
21
-4.7987030314960633
0
LINE
8
BLACK
6
CONTINUOUS
10
5.5122418503937007
20
-4.7987030314960633
11
5.512328307086614
21
-4.7984611023622046
0
LINE
8
BLACK
6
CONTINUOUS
10
5.512328307086614
20
-4.7984611023622046
11
5.5123409842519679
21
-4.7984439370078737
0
LINE
8
BLACK
6
CONTINUOUS
10
5.5123409842519679
20
-4.7984439370078737
11
5.5123571259842521
21
-4.7984018503937005
0
LINE
8
BLACK
6
CONTINUOUS
10
5.5123571259842521
20
-4.7984018503937005
11
5.5142318897637796
21
-4.7946523228346454
0
LINE
8
BLACK
6
CONTINUOUS
10
5.5142318897637796
20
-4.7946523228346454
11
5.5143879527559054
21
-4.7944042913385827
0
LINE
8
BLACK
6
CONTINUOUS
10
5.5143879527559054
20
-4.7944042913385827
11
5.5144177952755902
21
-4.7943323622047247
0
LINE
8
BLACK
6
CONTINUOUS
10
5.5144177952755902
20
-4.7943323622047247
11
5.5144842519685042
21
-4.7942513779527554
0
LINE
8
BLACK
6
CONTINUOUS
10
5.5144842519685042
20
-4.7942513779527554
11
5.5145402362204727
21
-4.7941624409448815
0
LINE
8
BLACK
6
CONTINUOUS
10
5.5145402362204727
20
-4.7941624409448815
11
5.5145992125984247
21
-4.79411125984252
0
LINE
8
BLACK
6
CONTINUOUS
10
5.5145992125984247
20
-4.79411125984252
11
5.5147849999999998
21
-4.793884921259842
0
LINE
8
BLACK
6
CONTINUOUS
10
5.5147849999999998
20
-4.793884921259842
11
5.5166597637795274
21
-4.7920101574803144
0
LINE
8
BLACK
6
CONTINUOUS
10
5.5166597637795274
20
-4.7920101574803144
11
5.5168861023622044
21
-4.7918243700787402
0
LINE
8
BLACK
6
CONTINUOUS
10
5.5168861023622044
20
-4.7918243700787402
11
5.5169372834645669
21
-4.7917653937007874
0
LINE
8
BLACK
6
CONTINUOUS
10
5.5169372834645669
20
-4.7917653937007874
11
5.5170262204724407
21
-4.7917094094488188
0
LINE
8
BLACK
6
CONTINUOUS
10
5.5170262204724407
20
-4.7917094094488188
11
5.5171072047244092
21
-4.7916429527559057
0
LINE
8
BLACK
6
CONTINUOUS
10
5.5171072047244092
20
-4.7916429527559057
11
5.5171791338582672
21
-4.7916131102362201
0
LINE
8
BLACK
6
CONTINUOUS
10
5.5171791338582672
20
-4.7916131102362201
11
5.5174271653543308
21
-4.7914570472440943
0
LINE
8
BLACK
6
CONTINUOUS
10
5.5174271653543308
20
-4.7914570472440943
11
5.5211766929133859
21
-4.7895822834645667
0
LINE
8
BLACK
6
CONTINUOUS
10
5.5211766929133859
20
-4.7895822834645667
11
5.5217172834645671
21
-4.7893753937007872
0
LINE
8
BLACK
6
CONTINUOUS
10
5.5217172834645671
20
-4.7893753937007872
11
5.5218231496062993
21
-4.7893678346456694
0
LINE
8
BLACK
6
CONTINUOUS
10
5.5218231496062993
20
-4.7893678346456694
11
5.5219211417322835
21
-4.7893272834645666
0
LINE
8
BLACK
6
CONTINUOUS
10
5.5219211417322835
20
-4.7893272834645666
11
5.5224972047244094
21
-4.7892705511811027
0
LINE
8
BLACK
6
CONTINUOUS
10
5.5224972047244094
20
-4.7892705511811027
11
5.5262467322834645
21
-4.7892705511811027
0
LINE
8
BLACK
6
CONTINUOUS
10
5.5262467322834645
20
-4.7892705511811027
11
5.5268227952755904
21
-4.7893272834645666
0
LINE
8
BLACK
6
CONTINUOUS
10
5.5204967716535434
20
-4.7965248031496062
11
5.5192996456692915
21
-4.797721929133858
0
LINE
8
BLACK
6
CONTINUOUS
10
5.5192996456692915
20
-4.797721929133858
11
5.5177841338582674
21
-4.8007529133858267
0
LINE
8
BLACK
6
CONTINUOUS
10
5.5177841338582674
20
-4.8007529133858267
11
5.5160761417322837
21
-4.8075849606299208
0
LINE
8
BLACK
6
CONTINUOUS
10
5.5160761417322837
20
-4.8075849606299208
11
5.5160761417322837
21
-4.8162316929133855
0
LINE
8
BLACK
6
CONTINUOUS
10
5.5160761417322837
20
-4.8162316929133855
11
5.5177841338582674
21
-4.8230637401574805
0
LINE
8
BLACK
6
CONTINUOUS
10
5.5177841338582674
20
-4.8230637401574805
11
5.5192996456692915
21
-4.8260947244094483
0
LINE
8
BLACK
6
CONTINUOUS
10
5.5192996456692915
20
-4.8260947244094483
11
5.5204967716535434
21
-4.8272918897637798
0
LINE
8
BLACK
6
CONTINUOUS
10
5.5204967716535434
20
-4.8272918897637798
11
5.523194251968504
21
-4.8286406299212601
0
LINE
8
BLACK
6
CONTINUOUS
10
5.523194251968504
20
-4.8286406299212601
11
5.5255496850393699
21
-4.8286406299212601
0
LINE
8
BLACK
6
CONTINUOUS
10
5.5255496850393699
20
-4.8286406299212601
11
5.5282471259842518
21
-4.8272918897637798
0
LINE
8
BLACK
6
CONTINUOUS
10
5.5282471259842518
20
-4.8272918897637798
11
5.5294442519685036
21
-4.8260947244094483
0
LINE
8
BLACK
6
CONTINUOUS
10
5.5294442519685036
20
-4.8260947244094483
11
5.5309597637795278
21
-4.8230637401574805
0
LINE
8
BLACK
6
CONTINUOUS
10
5.5309597637795278
20
-4.8230637401574805
11
5.5326677952755903
21
-4.8162316929133855
0
LINE
8
BLACK
6
CONTINUOUS
10
5.5326677952755903
20
-4.8162316929133855
11
5.5326677952755903
21
-4.8075849606299208
0
LINE
8
BLACK
6
CONTINUOUS
10
5.5326677952755903
20
-4.8075849606299208
11
5.5309597637795278
21
-4.8007529133858267
0
LINE
8
BLACK
6
CONTINUOUS
10
5.5309597637795278
20
-4.8007529133858267
11
5.5294442913385824
21
-4.797721929133858
0
LINE
8
BLACK
6
CONTINUOUS
10
5.5294442913385824
20
-4.797721929133858
11
5.5282471653543306
21
-4.7965248031496062
0
LINE
8
BLACK
6
CONTINUOUS
10
5.5282471653543306
20
-4.7965248031496062
11
5.5255496850393699
21
-4.7951760629921258
0
LINE
8
BLACK
6
CONTINUOUS
10
5.5255496850393699
20
-4.7951760629921258
11
5.523194251968504
21
-4.7951760629921258
0
LINE
8
BLACK
6
CONTINUOUS
10
5.523194251968504
20
-4.7951760629921258
11
5.5204967716535434
21
-4.7965248031496062
0
LINE
8
BLACK
6
CONTINUOUS
10
5.5808985826771655
20
-4.7893272834645666
11
5.5811909842519682
21
-4.7893272834645666
0
LINE
8
BLACK
6
CONTINUOUS
10
5.5811909842519682
20
-4.7893272834645666
11
5.5814582283464569
21
-4.7894379921259844
0
LINE
8
BLACK
6
CONTINUOUS
10
5.5814582283464569
20
-4.7894379921259844
11
5.5817420472440942
21
-4.7894941338582679
0
LINE
8
BLACK
6
CONTINUOUS
10
5.5817420472440942
20
-4.7894941338582679
11
5.5819853149606296
21
-4.7896562992125986
0
LINE
8
BLACK
6
CONTINUOUS
10
5.5819853149606296
20
-4.7896562992125986
11
5.5822553937007875
21
-4.7897681889763781
0
LINE
8
BLACK
6
CONTINUOUS
10
5.5822553937007875
20
-4.7897681889763781
11
5.5824598425196852
21
-4.7899726377952758
0
LINE
8
BLACK
6
CONTINUOUS
10
5.5824598425196852
20
-4.7899726377952758
11
5.5827006692913388
21
-4.7901331889763776
0
LINE
8
BLACK
6
CONTINUOUS
10
5.5827006692913388
20
-4.7901331889763776
11
5.5828633858267711
21
-4.7903761811023617
0
LINE
8
BLACK
6
CONTINUOUS
10
5.5828633858267711
20
-4.7903761811023617
11
5.583070039370079
21
-4.7905828346456696
0
LINE
8
BLACK
6
CONTINUOUS
10
5.583070039370079
20
-4.7905828346456696
11
5.5831807086614171
21
-4.7908500393700786
0
LINE
8
BLACK
6
CONTINUOUS
10
5.5831807086614171
20
-4.7908500393700786
11
5.5833417322834649
21
-4.7910904724409447
0
LINE
8
BLACK
6
CONTINUOUS
10
5.5833417322834649
20
-4.7910904724409447
11
5.5833990551181101
21
-4.7913771259842521
0
LINE
8
BLACK
6
CONTINUOUS
10
5.5833990551181101
20
-4.7913771259842521
11
5.5835109448818896
21
-4.7916472440944879
0
LINE
8
BLACK
6
CONTINUOUS
10
5.5835109448818896
20
-4.7916472440944879
11
5.5835670472440944
21
-4.7922171653543302
0
LINE
8
BLACK
6
CONTINUOUS
10
5.5835670472440944
20
-4.7922171653543302
11
5.5835676771653544
21
-4.7922201968503932
0
LINE
8
BLACK
6
CONTINUOUS
10
5.5835676771653544
20
-4.7922201968503932
11
5.5835674409448819
21
-4.7922212204724408
0
LINE
8
BLACK
6
CONTINUOUS
10
5.5835674409448819
20
-4.7922212204724408
11
5.5835676771653544
21
-4.7922233070866138
0
LINE
8
BLACK
6
CONTINUOUS
10
5.5835676771653544
20
-4.7922233070866138
11
5.5835676771653544
21
-4.8286406299212601
0
LINE
8
BLACK
6
CONTINUOUS
10
5.5835676771653544
20
-4.8286406299212601
11
5.5918635039370077
21
-4.8286406299212601
0
LINE
8
BLACK
6
CONTINUOUS
10
5.5918635039370077
20
-4.8286406299212601
11
5.5924395669291336
21
-4.828697362204724
0
LINE
8
BLACK
6
CONTINUOUS
10
5.5924395669291336
20
-4.828697362204724
11
5.5935039763779528
21
-4.8291382677165355
0
LINE
8
BLACK
6
CONTINUOUS
10
5.5935039763779528
20
-4.8291382677165355
11
5.5943186220472443
21
-4.829952913385827
0
LINE
8
BLACK
6
CONTINUOUS
10
5.5943186220472443
20
-4.829952913385827
11
5.5947595275590549
21
-4.8310173228346454
0
LINE
8
BLACK
6
CONTINUOUS
10
5.5947595275590549
20
-4.8310173228346454
11
5.5947595275590549
21
-4.8321694488188971
0
LINE
8
BLACK
6
CONTINUOUS
10
5.5947595275590549
20
-4.8321694488188971
11
5.5943186220472443
21
-4.8332338582677163
0
LINE
8
BLACK
6
CONTINUOUS
10
5.5943186220472443
20
-4.8332338582677163
11
5.5935039763779528
21
-4.8340485039370078
0
LINE
8
BLACK
6
CONTINUOUS
10
5.5935039763779528
20
-4.8340485039370078
11
5.5924395669291336
21
-4.8344894094488184
0
LINE
8
BLACK
6
CONTINUOUS
10
5.5924395669291336
20
-4.8344894094488184
11
5.5918635039370077
21
-4.8345461417322833
0
LINE
8
BLACK
6
CONTINUOUS
10
5.5918635039370077
20
-4.8345461417322833
11
5.569366338582677
21
-4.8345461417322833
0
LINE
8
BLACK
6
CONTINUOUS
10
5.569366338582677
20
-4.8345461417322833
11
5.5687902755905512
21
-4.8344894094488184
0
LINE
8
BLACK
6
CONTINUOUS
10
5.5687902755905512
20
-4.8344894094488184
11
5.5677258661417319
21
-4.8340485039370078
0
LINE
8
BLACK
6
CONTINUOUS
10
5.5677258661417319
20
-4.8340485039370078
11
5.5669112204724405
21
-4.8332338582677163
0
LINE
8
BLACK
6
CONTINUOUS
10
5.5669112204724405
20
-4.8332338582677163
11
5.5664703149606298
21
-4.8321694488188971
0
LINE
8
BLACK
6
CONTINUOUS
10
5.5664703149606298
20
-4.8321694488188971
11
5.5664703149606298
21
-4.8310173228346454
0
LINE
8
BLACK
6
CONTINUOUS
10
5.5664703149606298
20
-4.8310173228346454
11
5.5669112204724405
21
-4.829952913385827
0
LINE
8
BLACK
6
CONTINUOUS
10
5.5669112204724405
20
-4.829952913385827
11
5.5677258661417319
21
-4.8291382677165355
0
LINE
8
BLACK
6
CONTINUOUS
10
5.5677258661417319
20
-4.8291382677165355
11
5.5687902755905512
21
-4.828697362204724
0
LINE
8
BLACK
6
CONTINUOUS
10
5.5687902755905512
20
-4.828697362204724
11
5.569366338582677
21
-4.8286406299212601
0
LINE
8
BLACK
6
CONTINUOUS
10
5.569366338582677
20
-4.8286406299212601
11
5.5776621653543303
21
-4.8286406299212601
0
LINE
8
BLACK
6
CONTINUOUS
10
5.5776621653543303
20
-4.8286406299212601
11
5.5776621653543303
21
-4.8012266535433072
0
LINE
8
BLACK
6
CONTINUOUS
10
5.5776621653543303
20
-4.8012266535433072
11
5.5752037795275591
21
-4.8036850393700785
0
LINE
8
BLACK
6
CONTINUOUS
10
5.5752037795275591
20
-4.8036850393700785
11
5.5749774015748033
21
-4.8038707874015749
0
LINE
8
BLACK
6
CONTINUOUS
10
5.5749774015748033
20
-4.8038707874015749
11
5.5749262598425195
21
-4.8039298031496065
0
LINE
8
BLACK
6
CONTINUOUS
10
5.5749262598425195
20
-4.8039298031496065
11
5.574837283464567
21
-4.8039857480314963
0
LINE
8
BLACK
6
CONTINUOUS
10
5.574837283464567
20
-4.8039857480314963
11
5.5747563385826773
21
-4.8040522440944882
0
LINE
8
BLACK
6
CONTINUOUS
10
5.5747563385826773
20
-4.8040522440944882
11
5.5746843700787396
21
-4.8040820472440942
0
LINE
8
BLACK
6
CONTINUOUS
10
5.5746843700787396
20
-4.8040820472440942
11
5.5744363779527557
21
-4.8042381496062987
0
LINE
8
BLACK
6
CONTINUOUS
10
5.5744363779527557
20
-4.8042381496062987
11
5.5706868503937006
21
-4.8061129133858262
0
LINE
8
BLACK
6
CONTINUOUS
10
5.5706868503937006
20
-4.8061129133858262
11
5.5701462204724406
21
-4.8063198031496066
0
LINE
8
BLACK
6
CONTINUOUS
10
5.5701462204724406
20
-4.8063198031496066
11
5.5689970078740156
21
-4.806401456692913
0
LINE
8
BLACK
6
CONTINUOUS
10
5.5689970078740156
20
-4.806401456692913
11
5.5679040551181105
21
-4.8060371259842523
0
LINE
8
BLACK
6
CONTINUOUS
10
5.5679040551181105
20
-4.8060371259842523
11
5.567033661417323
21
-4.8052822834645665
0
LINE
8
BLACK
6
CONTINUOUS
10
5.567033661417323
20
-4.8052822834645665
11
5.5665184251968505
21
-4.8042517716535436
0
LINE
8
BLACK
6
CONTINUOUS
10
5.5665184251968505
20
-4.8042517716535436
11
5.5664367716535432
21
-4.8031025590551177
0
LINE
8
BLACK
6
CONTINUOUS
10
5.5664367716535432
20
-4.8031025590551177
11
5.5668011023622048
21
-4.8020096062992126
0
LINE
8
BLACK
6
CONTINUOUS
10
5.5668011023622048
20
-4.8020096062992126
11
5.5675559448818897
21
-4.8011392125984251
0
LINE
8
BLACK
6
CONTINUOUS
10
5.5675559448818897
20
-4.8011392125984251
11
5.5680458267716535
21
-4.800830866141732
0
LINE
8
BLACK
6
CONTINUOUS
10
5.5680458267716535
20
-4.800830866141732
11
5.5713667716535431
21
-4.7991703937007877
0
LINE
8
BLACK
6
CONTINUOUS
10
5.5713667716535431
20
-4.7991703937007877
11
5.5745706692913384
21
-4.7959664960629924
0
LINE
8
BLACK
6
CONTINUOUS
10
5.5745706692913384
20
-4.7959664960629924
11
5.5781580708661416
21
-4.7905853937007876
0
LINE
8
BLACK
6
CONTINUOUS
10
5.5781580708661416
20
-4.7905853937007876
11
5.5781594094488192
21
-4.7905837007874013
0
LINE
8
BLACK
6
CONTINUOUS
10
5.5781594094488192
20
-4.7905837007874013
11
5.5781598031496058
21
-4.7905828346456696
0
LINE
8
BLACK
6
CONTINUOUS
10
5.5781598031496058
20
-4.7905828346456696
11
5.5781618110236222
21
-4.7905807874015744
0
LINE
8
BLACK
6
CONTINUOUS
10
5.5781618110236222
20
-4.7905807874015744
11
5.5785248425196849
21
-4.7901375590551183
0
LINE
8
BLACK
6
CONTINUOUS
10
5.5785248425196849
20
-4.7901375590551183
11
5.5787677165354328
21
-4.7899748818897638
0
LINE
8
BLACK
6
CONTINUOUS
10
5.5787677165354328
20
-4.7899748818897638
11
5.5789744488188973
21
-4.7897681889763781
0
LINE
8
BLACK
6
CONTINUOUS
10
5.5789744488188973
20
-4.7897681889763781
11
5.5792417322834646
21
-4.7896574409448816
0
LINE
8
BLACK
6
CONTINUOUS
10
5.5792417322834646
20
-4.7896574409448816
11
5.579482125984252
21
-4.7894964960629922
0
LINE
8
BLACK
6
CONTINUOUS
10
5.579482125984252
20
-4.7894964960629922
11
5.5797687401574798
21
-4.7894391338582674
0
LINE
8
BLACK
6
CONTINUOUS
10
5.5797687401574798
20
-4.7894391338582674
11
5.5800388582677165
21
-4.7893272834645666
0
LINE
8
BLACK
6
CONTINUOUS
10
5.5800388582677165
20
-4.7893272834645666
11
5.5803281496062995
21
-4.7893272834645666
0
LINE
8
BLACK
6
CONTINUOUS
10
5.5803281496062995
20
-4.7893272834645666
11
5.5806118110236218
21
-4.7892705511811027
0
LINE
8
BLACK
6
CONTINUOUS
10
5.5806118110236218
20
-4.7892705511811027
11
5.5808985826771655
21
-4.7893272834645666
0
LINE
8
BLACK
6
CONTINUOUS
10
5.3134435826771655
20
-4.8250903149606295
11
5.314163897637795
21
-4.8253886614173229
0
LINE
8
BLACK
6
CONTINUOUS
10
5.314163897637795
20
-4.8253886614173229
11
5.3141639370078737
21
-4.8253887007874017
0
LINE
8
BLACK
6
CONTINUOUS
10
5.3141639370078737
20
-4.8253887007874017
11
5.3146114173228343
21
-4.8257559448818901
0
LINE
8
BLACK
6
CONTINUOUS
10
5.3146114173228343
20
-4.8257559448818901
11
5.3164861417322831
21
-4.8276307086614176
0
LINE
8
BLACK
6
CONTINUOUS
10
5.3164861417322831
20
-4.8276307086614176
11
5.3168533858267715
21
-4.8280781889763782
0
LINE
8
BLACK
6
CONTINUOUS
10
5.3168533858267715
20
-4.8280781889763782
11
5.3172255118110234
21
-4.8289766141732287
0
LINE
8
BLACK
6
CONTINUOUS
10
5.3172255118110234
20
-4.8289766141732287
11
5.3172942519685042
21
-4.8291425984251966
0
LINE
8
BLACK
6
CONTINUOUS
10
5.3172942519685042
20
-4.8291425984251966
11
5.3172942519685042
21
-4.8302946850393695
0
LINE
8
BLACK
6
CONTINUOUS
10
5.3172942519685042
20
-4.8302946850393695
11
5.3168533464566927
21
-4.8313590944881888
0
LINE
8
BLACK
6
CONTINUOUS
10
5.3168533464566927
20
-4.8313590944881888
11
5.3164861417322831
21
-4.8318065354330706
0
LINE
8
BLACK
6
CONTINUOUS
10
5.3164861417322831
20
-4.8318065354330706
11
5.3146113779527555
21
-4.8336812992125981
0
LINE
8
BLACK
6
CONTINUOUS
10
5.3146113779527555
20
-4.8336812992125981
11
5.3141639370078737
21
-4.8340485039370078
0
LINE
8
BLACK
6
CONTINUOUS
10
5.3141639370078737
20
-4.8340485039370078
11
5.3130995275590553
21
-4.8344894094488184
0
LINE
8
BLACK
6
CONTINUOUS
10
5.3130995275590553
20
-4.8344894094488184
11
5.3130994881889766
21
-4.8344894094488184
0
LINE
8
BLACK
6
CONTINUOUS
10
5.3130994881889766
20
-4.8344894094488184
11
5.3119474409448815
21
-4.8344894094488184
0
LINE
8
BLACK
6
CONTINUOUS
10
5.3119474409448815
20
-4.8344894094488184
11
5.3119474015748027
21
-4.8344894094488184
0
LINE
8
BLACK
6
CONTINUOUS
10
5.3119474015748027
20
-4.8344894094488184
11
5.3108829921259844
21
-4.8340485039370078
0
LINE
8
BLACK
6
CONTINUOUS
10
5.3108829921259844
20
-4.8340485039370078
11
5.3104355511811026
21
-4.8336812992125981
0
LINE
8
BLACK
6
CONTINUOUS
10
5.3104355511811026
20
-4.8336812992125981
11
5.308560787401575
21
-4.8318065354330706
0
LINE
8
BLACK
6
CONTINUOUS
10
5.308560787401575
20
-4.8318065354330706
11
5.3081935826771653
21
-4.8313590944881888
0
LINE
8
BLACK
6
CONTINUOUS
10
5.3081935826771653
20
-4.8313590944881888
11
5.3079509842519688
21
-4.8307733858267712
0
LINE
8
BLACK
6
CONTINUOUS
10
5.3079509842519688
20
-4.8307733858267712
11
5.3077526771653538
21
-4.8302946850393695
0
LINE
8
BLACK
6
CONTINUOUS
10
5.3077526771653538
20
-4.8302946850393695
11
5.3077526771653538
21
-4.8291425984251966
0
LINE
8
BLACK
6
CONTINUOUS
10
5.3077526771653538
20
-4.8291425984251966
11
5.3081935433070866
21
-4.8280781889763782
0
LINE
8
BLACK
6
CONTINUOUS
10
5.3081935433070866
20
-4.8280781889763782
11
5.3085607480314962
21
-4.8276307480314964
0
LINE
8
BLACK
6
CONTINUOUS
10
5.3085607480314962
20
-4.8276307480314964
11
5.3104355118110238
21
-4.8257559448818901
0
LINE
8
BLACK
6
CONTINUOUS
10
5.3104355118110238
20
-4.8257559448818901
11
5.3108829921259844
21
-4.8253887007874017
0
LINE
8
BLACK
6
CONTINUOUS
10
5.3108829921259844
20
-4.8253887007874017
11
5.3108830314960631
21
-4.8253886614173229
0
LINE
8
BLACK
6
CONTINUOUS
10
5.3108830314960631
20
-4.8253886614173229
11
5.3116033464566925
21
-4.8250903149606295
0
LINE
8
BLACK
6
CONTINUOUS
10
5.3116033464566925
20
-4.8250903149606295
11
5.3119474015748027
21
-4.8249477952755901
0
LINE
8
BLACK
6
CONTINUOUS
10
5.3119474015748027
20
-4.8249477952755901
11
5.3130994881889766
21
-4.8249477952755901
0
LINE
8
BLACK
6
CONTINUOUS
10
5.3130994881889766
20
-4.8249477952755901
11
5.3130995275590553
21
-4.8249477952755901
0
LINE
8
BLACK
6
CONTINUOUS
10
5.3130995275590553
20
-4.8249477952755901
11
5.3134435826771655
21
-4.8250903149606295
0
LINE
8
BLACK
6
CONTINUOUS
10
5.5534135826771651
20
-4.8250903149606295
11
5.5541338976377954
21
-4.8253886614173229
0
LINE
8
BLACK
6
CONTINUOUS
10
5.5541338976377954
20
-4.8253886614173229
11
5.5541339370078742
21
-4.8253887007874017
0
LINE
8
BLACK
6
CONTINUOUS
10
5.5541339370078742
20
-4.8253887007874017
11
5.5545814173228347
21
-4.8257559448818901
0
LINE
8
BLACK
6
CONTINUOUS
10
5.5545814173228347
20
-4.8257559448818901
11
5.5564561417322835
21
-4.8276307086614176
0
LINE
8
BLACK
6
CONTINUOUS
10
5.5564561417322835
20
-4.8276307086614176
11
5.5568233858267719
21
-4.8280781889763782
0
LINE
8
BLACK
6
CONTINUOUS
10
5.5568233858267719
20
-4.8280781889763782
11
5.5571955118110239
21
-4.8289766141732287
0
LINE
8
BLACK
6
CONTINUOUS
10
5.5571955118110239
20
-4.8289766141732287
11
5.5572642519685038
21
-4.8291425984251966
0
LINE
8
BLACK
6
CONTINUOUS
10
5.5572642519685038
20
-4.8291425984251966
11
5.5572642519685038
21
-4.8302946850393695
0
LINE
8
BLACK
6
CONTINUOUS
10
5.5572642519685038
20
-4.8302946850393695
11
5.5568233464566932
21
-4.8313590944881888
0
LINE
8
BLACK
6
CONTINUOUS
10
5.5568233464566932
20
-4.8313590944881888
11
5.5564561417322835
21
-4.8318065354330706
0
LINE
8
BLACK
6
CONTINUOUS
10
5.5564561417322835
20
-4.8318065354330706
11
5.554581377952756
21
-4.8336812992125981
0
LINE
8
BLACK
6
CONTINUOUS
10
5.554581377952756
20
-4.8336812992125981
11
5.5541339370078742
21
-4.8340485039370078
0
LINE
8
BLACK
6
CONTINUOUS
10
5.5541339370078742
20
-4.8340485039370078
11
5.5530695275590549
21
-4.8344894094488184
0
LINE
8
BLACK
6
CONTINUOUS
10
5.5530695275590549
20
-4.8344894094488184
11
5.5530694881889762
21
-4.8344894094488184
0
LINE
8
BLACK
6
CONTINUOUS
10
5.5530694881889762
20
-4.8344894094488184
11
5.5519174409448819
21
-4.8344894094488184
0
LINE
8
BLACK
6
CONTINUOUS
10
5.5519174409448819
20
-4.8344894094488184
11
5.5519174015748032
21
-4.8344894094488184
0
LINE
8
BLACK
6
CONTINUOUS
10
5.5519174015748032
20
-4.8344894094488184
11
5.5508529921259839
21
-4.8340485039370078
0
LINE
8
BLACK
6
CONTINUOUS
10
5.5508529921259839
20
-4.8340485039370078
11
5.5504055511811021
21
-4.8336812992125981
0
LINE
8
BLACK
6
CONTINUOUS
10
5.5504055511811021
20
-4.8336812992125981
11
5.5485307874015746
21
-4.8318065354330706
0
LINE
8
BLACK
6
CONTINUOUS
10
5.5485307874015746
20
-4.8318065354330706
11
5.5481635826771649
21
-4.8313590944881888
0
LINE
8
BLACK
6
CONTINUOUS
10
5.5481635826771649
20
-4.8313590944881888
11
5.5479209842519683
21
-4.8307733858267712
0
LINE
8
BLACK
6
CONTINUOUS
10
5.5479209842519683
20
-4.8307733858267712
11
5.5477226771653543
21
-4.8302946850393695
0
LINE
8
BLACK
6
CONTINUOUS
10
5.5477226771653543
20
-4.8302946850393695
11
5.5477226771653543
21
-4.8291425984251966
0
LINE
8
BLACK
6
CONTINUOUS
10
5.5477226771653543
20
-4.8291425984251966
11
5.5481635433070862
21
-4.8280781889763782
0
LINE
8
BLACK
6
CONTINUOUS
10
5.5481635433070862
20
-4.8280781889763782
11
5.5485307480314958
21
-4.8276307480314964
0
LINE
8
BLACK
6
CONTINUOUS
10
5.5485307480314958
20
-4.8276307480314964
11
5.5504055118110234
21
-4.8257559448818901
0
LINE
8
BLACK
6
CONTINUOUS
10
5.5504055118110234
20
-4.8257559448818901
11
5.5508529921259839
21
-4.8253887007874017
0
LINE
8
BLACK
6
CONTINUOUS
10
5.5508529921259839
20
-4.8253887007874017
11
5.5508530314960627
21
-4.8253886614173229
0
LINE
8
BLACK
6
CONTINUOUS
10
5.5508530314960627
20
-4.8253886614173229
11
5.551573346456693
21
-4.8250903149606295
0
LINE
8
BLACK
6
CONTINUOUS
10
5.551573346456693
20
-4.8250903149606295
11
5.5519174015748032
21
-4.8249477952755901
0
LINE
8
BLACK
6
CONTINUOUS
10
5.5519174015748032
20
-4.8249477952755901
11
5.5530694881889762
21
-4.8249477952755901
0
LINE
8
BLACK
6
CONTINUOUS
10
5.5530694881889762
20
-4.8249477952755901
11
5.5530695275590549
21
-4.8249477952755901
0
LINE
8
BLACK
6
CONTINUOUS
10
5.5530695275590549
20
-4.8249477952755901
11
5.5534135826771651
21
-4.8250903149606295
0
LINE
8
BLACK
6
CONTINUOUS
10
5.6505573228346453
20
-4.8024506299212595
11
5.6506553149606296
21
-4.802491220472441
0
LINE
8
BLACK
6
CONTINUOUS
10
5.6506553149606296
20
-4.802491220472441
11
5.6507611417322829
21
-4.8024987401574801
0
LINE
8
BLACK
6
CONTINUOUS
10
5.6507611417322829
20
-4.8024987401574801
11
5.651301771653543
21
-4.8027056299212596
0
LINE
8
BLACK
6
CONTINUOUS
10
5.651301771653543
20
-4.8027056299212596
11
5.6550512992125981
21
-4.8045803937007872
0
LINE
8
BLACK
6
CONTINUOUS
10
5.6550512992125981
20
-4.8045803937007872
11
5.6551476377952756
21
-4.8046410236220467
0
LINE
8
BLACK
6
CONTINUOUS
10
5.6551476377952756
20
-4.8046410236220467
11
5.655193070866142
21
-4.804656181102362
0
LINE
8
BLACK
6
CONTINUOUS
10
5.655193070866142
20
-4.804656181102362
11
5.6552496062992121
21
-4.804705196850394
0
LINE
8
BLACK
6
CONTINUOUS
10
5.6552496062992121
20
-4.804705196850394
11
5.6555411811023619
21
-4.8048887401574802
0
LINE
8
BLACK
6
CONTINUOUS
10
5.6555411811023619
20
-4.8048887401574802
11
5.6556055511811021
21
-4.804962952755905
0
LINE
8
BLACK
6
CONTINUOUS
10
5.6556055511811021
20
-4.804962952755905
11
5.6556699212598422
21
-4.8048887401574802
0
LINE
8
BLACK
6
CONTINUOUS
10
5.6556699212598422
20
-4.8048887401574802
11
5.6559614566929133
21
-4.804705196850394
0
LINE
8
BLACK
6
CONTINUOUS
10
5.6559614566929133
20
-4.804705196850394
11
5.6560180314960631
21
-4.804656181102362
0
LINE
8
BLACK
6
CONTINUOUS
10
5.6560180314960631
20
-4.804656181102362
11
5.6560634251968507
21
-4.8046410236220467
0
LINE
8
BLACK
6
CONTINUOUS
10
5.6560634251968507
20
-4.8046410236220467
11
5.6561598031496061
21
-4.8045803937007872
0
LINE
8
BLACK
6
CONTINUOUS
10
5.6561598031496061
20
-4.8045803937007872
11
5.6599093307086612
21
-4.8027056299212596
0
LINE
8
BLACK
6
CONTINUOUS
10
5.6599093307086612
20
-4.8027056299212596
11
5.6604499212598425
21
-4.8024987401574801
0
LINE
8
BLACK
6
CONTINUOUS
10
5.6604499212598425
20
-4.8024987401574801
11
5.6605557874015746
21
-4.8024911811023623
0
LINE
8
BLACK
6
CONTINUOUS
10
5.6605557874015746
20
-4.8024911811023623
11
5.6606537795275589
21
-4.8024506299212595
0
LINE
8
BLACK
6
CONTINUOUS
10
5.6606537795275589
20
-4.8024506299212595
11
5.6612298425196848
21
-4.8023938976377956
0
LINE
8
BLACK
6
CONTINUOUS
10
5.6612298425196848
20
-4.8023938976377956
11
5.6668541338582674
21
-4.8023938976377956
0
LINE
8
BLACK
6
CONTINUOUS
10
5.6668541338582674
20
-4.8023938976377956
11
5.6674301968503933
21
-4.8024506299212595
0
LINE
8
BLACK
6
CONTINUOUS
10
5.6674301968503933
20
-4.8024506299212595
11
5.6675281889763776
21
-4.802491220472441
0
LINE
8
BLACK
6
CONTINUOUS
10
5.6675281889763776
20
-4.802491220472441
11
5.6676340157480309
21
-4.8024987401574801
0
LINE
8
BLACK
6
CONTINUOUS
10
5.6676340157480309
20
-4.8024987401574801
11
5.668174645669291
21
-4.8027056299212596
0
LINE
8
BLACK
6
CONTINUOUS
10
5.668174645669291
20
-4.8027056299212596
11
5.6719242125984248
21
-4.8045803937007872
0
LINE
8
BLACK
6
CONTINUOUS
10
5.6719242125984248
20
-4.8045803937007872
11
5.6720205118110236
21
-4.8046410236220467
0
LINE
8
BLACK
6
CONTINUOUS
10
5.6720205118110236
20
-4.8046410236220467
11
5.6720659842519687
21
-4.804656181102362
0
LINE
8
BLACK
6
CONTINUOUS
10
5.6720659842519687
20
-4.804656181102362
11
5.6721225590551176
21
-4.8047052362204727
0
LINE
8
BLACK
6
CONTINUOUS
10
5.6721225590551176
20
-4.8047052362204727
11
5.6724140551181099
21
-4.8048887401574802
0
LINE
8
BLACK
6
CONTINUOUS
10
5.6724140551181099
20
-4.8048887401574802
11
5.6726565354330711
21
-4.8051683464566928
0
LINE
8
BLACK
6
CONTINUOUS
10
5.6726565354330711
20
-4.8051683464566928
11
5.6729363779527562
21
-4.8054110236220469
0
LINE
8
BLACK
6
CONTINUOUS
10
5.6729363779527562
20
-4.8054110236220469
11
5.6731198818897637
21
-4.8057025590551179
0
LINE
8
BLACK
6
CONTINUOUS
10
5.6731198818897637
20
-4.8057025590551179
11
5.6731689370078735
21
-4.8057591338582677
0
LINE
8
BLACK
6
CONTINUOUS
10
5.6731689370078735
20
-4.8057591338582677
11
5.6731840551181101
21
-4.8058045275590553
0
LINE
8
BLACK
6
CONTINUOUS
10
5.6731840551181101
20
-4.8058045275590553
11
5.6732447244094484
21
-4.8059009055118107
0
LINE
8
BLACK
6
CONTINUOUS
10
5.6732447244094484
20
-4.8059009055118107
11
5.6751194881889759
21
-4.8096504330708658
0
LINE
8
BLACK
6
CONTINUOUS
10
5.6751194881889759
20
-4.8096504330708658
11
5.6753263779527554
21
-4.8101910236220471
0
LINE
8
BLACK
6
CONTINUOUS
10
5.6753263779527554
20
-4.8101910236220471
11
5.6753338976377954
21
-4.8102968897637792
0
LINE
8
BLACK
6
CONTINUOUS
10
5.6753338976377954
20
-4.8102968897637792
11
5.6753744881889761
21
-4.8103948818897635
0
LINE
8
BLACK
6
CONTINUOUS
10
5.6753744881889761
20
-4.8103948818897635
11
5.6754312204724409
21
-4.8109709448818894
0
LINE
8
BLACK
6
CONTINUOUS
10
5.6754312204724409
20
-4.8109709448818894
11
5.6754312204724409
21
-4.8315933858267712
0
LINE
8
BLACK
6
CONTINUOUS
10
5.6754312204724409
20
-4.8315933858267712
11
5.6753744881889761
21
-4.8321694488188971
0
LINE
8
BLACK
6
CONTINUOUS
10
5.6753744881889761
20
-4.8321694488188971
11
5.6749335826771654
21
-4.8332338582677163
0
LINE
8
BLACK
6
CONTINUOUS
10
5.6749335826771654
20
-4.8332338582677163
11
5.674118937007874
21
-4.8340485039370078
0
LINE
8
BLACK
6
CONTINUOUS
10
5.674118937007874
20
-4.8340485039370078
11
5.6730545275590547
21
-4.8344894094488184
0
LINE
8
BLACK
6
CONTINUOUS
10
5.6730545275590547
20
-4.8344894094488184
11
5.671902401574803
21
-4.8344894094488184
0
LINE
8
BLACK
6
CONTINUOUS
10
5.671902401574803
20
-4.8344894094488184
11
5.6708379921259837
21
-4.8340485039370078
0
LINE
8
BLACK
6
CONTINUOUS
10
5.6708379921259837
20
-4.8340485039370078
11
5.6700233464566931
21
-4.8332338582677163
0
LINE
8
BLACK
6
CONTINUOUS
10
5.6700233464566931
20
-4.8332338582677163
11
5.6695824409448816
21
-4.8321694488188971
0
LINE
8
BLACK
6
CONTINUOUS
10
5.6695824409448816
20
-4.8321694488188971
11
5.6695257086614168
21
-4.8315933858267712
0
LINE
8
BLACK
6
CONTINUOUS
10
5.6695257086614168
20
-4.8315933858267712
11
5.6695257086614168
21
-4.811667992125984
0
LINE
8
BLACK
6
CONTINUOUS
10
5.6695257086614168
20
-4.811667992125984
11
5.6684028346456694
21
-4.8094222440944883
0
LINE
8
BLACK
6
CONTINUOUS
10
5.6684028346456694
20
-4.8094222440944883
11
5.6661570866141728
21
-4.8082994094488187
0
LINE
8
BLACK
6
CONTINUOUS
10
5.6661570866141728
20
-4.8082994094488187
11
5.6619268897637793
21
-4.8082994094488187
0
LINE
8
BLACK
6
CONTINUOUS
10
5.6619268897637793
20
-4.8082994094488187
11
5.6596811417322836
21
-4.8094222440944883
0
LINE
8
BLACK
6
CONTINUOUS
10
5.6596811417322836
20
-4.8094222440944883
11
5.6585583070866141
21
-4.811667992125984
0
LINE
8
BLACK
6
CONTINUOUS
10
5.6585583070866141
20
-4.811667992125984
11
5.6585583070866141
21
-4.8315933858267712
0
LINE
8
BLACK
6
CONTINUOUS
10
5.6585583070866141
20
-4.8315933858267712
11
5.6585015748031493
21
-4.8321694488188971
0
LINE
8
BLACK
6
CONTINUOUS
10
5.6585015748031493
20
-4.8321694488188971
11
5.6580606692913387
21
-4.8332338582677163
0
LINE
8
BLACK
6
CONTINUOUS
10
5.6580606692913387
20
-4.8332338582677163
11
5.6572460236220472
21
-4.8340485039370078
0
LINE
8
BLACK
6
CONTINUOUS
10
5.6572460236220472
20
-4.8340485039370078
11
5.656181614173228
21
-4.8344894094488184
0
LINE
8
BLACK
6
CONTINUOUS
10
5.656181614173228
20
-4.8344894094488184
11
5.6550294881889762
21
-4.8344894094488184
0
LINE
8
BLACK
6
CONTINUOUS
10
5.6550294881889762
20
-4.8344894094488184
11
5.653965078740157
21
-4.8340485039370078
0
LINE
8
BLACK
6
CONTINUOUS
10
5.653965078740157
20
-4.8340485039370078
11
5.6531504330708664
21
-4.8332338582677163
0
LINE
8
BLACK
6
CONTINUOUS
10
5.6531504330708664
20
-4.8332338582677163
11
5.6527095275590549
21
-4.8321694488188971
0
LINE
8
BLACK
6
CONTINUOUS
10
5.6527095275590549
20
-4.8321694488188971
11
5.6526527952755901
21
-4.8315933858267712
0
LINE
8
BLACK
6
CONTINUOUS
10
5.6526527952755901
20
-4.8315933858267712
11
5.6526527952755901
21
-4.811667992125984
0
LINE
8
BLACK
6
CONTINUOUS
10
5.6526527952755901
20
-4.811667992125984
11
5.6515299212598427
21
-4.8094222440944883
0
LINE
8
BLACK
6
CONTINUOUS
10
5.6515299212598427
20
-4.8094222440944883
11
5.6492842125984248
21
-4.8082994094488187
0
LINE
8
BLACK
6
CONTINUOUS
10
5.6492842125984248
20
-4.8082994094488187
11
5.6450540157480313
21
-4.8082994094488187
0
LINE
8
BLACK
6
CONTINUOUS
10
5.6450540157480313
20
-4.8082994094488187
11
5.6423565354330707
21
-4.8096481496062991
0
LINE
8
BLACK
6
CONTINUOUS
10
5.6423565354330707
20
-4.8096481496062991
11
5.6416854330708661
21
-4.8103192519685036
0
LINE
8
BLACK
6
CONTINUOUS
10
5.6416854330708661
20
-4.8103192519685036
11
5.6416854330708661
21
-4.8315933858267712
0
LINE
8
BLACK
6
CONTINUOUS
10
5.6416854330708661
20
-4.8315933858267712
11
5.6416287007874013
21
-4.8321694488188971
0
LINE
8
BLACK
6
CONTINUOUS
10
5.6416287007874013
20
-4.8321694488188971
11
5.6411877952755907
21
-4.8332338582677163
0
LINE
8
BLACK
6
CONTINUOUS
10
5.6411877952755907
20
-4.8332338582677163
11
5.6403731496062992
21
-4.8340485039370078
0
LINE
8
BLACK
6
CONTINUOUS
10
5.6403731496062992
20
-4.8340485039370078
11
5.63930874015748
21
-4.8344894094488184
0
LINE
8
BLACK
6
CONTINUOUS
10
5.63930874015748
20
-4.8344894094488184
11
5.6381566141732282
21
-4.8344894094488184
0
LINE
8
BLACK
6
CONTINUOUS
10
5.6381566141732282
20
-4.8344894094488184
11
5.637092204724409
21
-4.8340485039370078
0
LINE
8
BLACK
6
CONTINUOUS
10
5.637092204724409
20
-4.8340485039370078
11
5.6362775590551184
21
-4.8332338582677163
0
LINE
8
BLACK
6
CONTINUOUS
10
5.6362775590551184
20
-4.8332338582677163
11
5.6358366535433069
21
-4.8321694488188971
0
LINE
8
BLACK
6
CONTINUOUS
10
5.6358366535433069
20
-4.8321694488188971
11
5.6357799212598421
21
-4.8315933858267712
0
LINE
8
BLACK
6
CONTINUOUS
10
5.6357799212598421
20
-4.8315933858267712
11
5.6357799212598421
21
-4.8053466535433067
0
LINE
8
BLACK
6
CONTINUOUS
10
5.6357799212598421
20
-4.8053466535433067
11
5.6358366535433069
21
-4.8047705905511808
0
LINE
8
BLACK
6
CONTINUOUS
10
5.6358366535433069
20
-4.8047705905511808
11
5.6362775590551184
21
-4.8037061811023625
0
LINE
8
BLACK
6
CONTINUOUS
10
5.6362775590551184
20
-4.8037061811023625
11
5.637092204724409
21
-4.802891535433071
0
LINE
8
BLACK
6
CONTINUOUS
10
5.637092204724409
20
-4.802891535433071
11
5.6381566141732282
21
-4.8024506299212595
0
LINE
8
BLACK
6
CONTINUOUS
10
5.6381566141732282
20
-4.8024506299212595
11
5.63930874015748
21
-4.8024506299212595
0
LINE
8
BLACK
6
CONTINUOUS
10
5.63930874015748
20
-4.8024506299212595
11
5.6403731496062992
21
-4.802891535433071
0
LINE
8
BLACK
6
CONTINUOUS
10
5.6403731496062992
20
-4.802891535433071
11
5.641136968503937
21
-4.8036553543307088
0
LINE
8
BLACK
6
CONTINUOUS
10
5.641136968503937
20
-4.8036553543307088
11
5.6430364566929132
21
-4.8027056299212596
0
LINE
8
BLACK
6
CONTINUOUS
10
5.6430364566929132
20
-4.8027056299212596
11
5.6435770472440945
21
-4.8024987401574801
0
LINE
8
BLACK
6
CONTINUOUS
10
5.6435770472440945
20
-4.8024987401574801
11
5.6436829133858266
21
-4.8024911811023623
0
LINE
8
BLACK
6
CONTINUOUS
10
5.6436829133858266
20
-4.8024911811023623
11
5.6437809055118109
21
-4.8024506299212595
0
LINE
8
BLACK
6
CONTINUOUS
10
5.6437809055118109
20
-4.8024506299212595
11
5.6443569685039368
21
-4.8023938976377956
0
LINE
8
BLACK
6
CONTINUOUS
10
5.6443569685039368
20
-4.8023938976377956
11
5.6499812598425194
21
-4.8023938976377956
0
LINE
8
BLACK
6
CONTINUOUS
10
5.6499812598425194
20
-4.8023938976377956
11
5.6505573228346453
21
-4.8024506299212595
0
LINE
8
BLACK
6
CONTINUOUS
10
5.7030507480314956
20
-4.8024506299212595
11
5.7031487401574799
21
-4.802491220472441
0
LINE
8
BLACK
6
CONTINUOUS
10
5.7031487401574799
20
-4.802491220472441
11
5.7032545669291341
21
-4.8024987401574801
0
LINE
8
BLACK
6
CONTINUOUS
10
5.7032545669291341
20
-4.8024987401574801
11
5.7037951968503933
21
-4.8027056299212596
0
LINE
8
BLACK
6
CONTINUOUS
10
5.7037951968503933
20
-4.8027056299212596
11
5.7075447244094484
21
-4.8045803937007872
0
LINE
8
BLACK
6
CONTINUOUS
10
5.7075447244094484
20
-4.8045803937007872
11
5.7076410629921259
21
-4.8046410236220467
0
LINE
8
BLACK
6
CONTINUOUS
10
5.7076410629921259
20
-4.8046410236220467
11
5.7076864960629923
21
-4.804656181102362
0
LINE
8
BLACK
6
CONTINUOUS
10
5.7076864960629923
20
-4.804656181102362
11
5.7077430314960624
21
-4.804705196850394
0
LINE
8
BLACK
6
CONTINUOUS
10
5.7077430314960624
20
-4.804705196850394
11
5.7080346062992122
21
-4.8048887401574802
0
LINE
8
BLACK
6
CONTINUOUS
10
5.7080346062992122
20
-4.8048887401574802
11
5.7080989763779524
21
-4.804962952755905
0
LINE
8
BLACK
6
CONTINUOUS
10
5.7080989763779524
20
-4.804962952755905
11
5.7081633464566925
21
-4.8048887401574802
0
LINE
8
BLACK
6
CONTINUOUS
10
5.7081633464566925
20
-4.8048887401574802
11
5.7084548818897636
21
-4.804705196850394
0
LINE
8
BLACK
6
CONTINUOUS
10
5.7084548818897636
20
-4.804705196850394
11
5.7085114566929134
21
-4.804656181102362
0
LINE
8
BLACK
6
CONTINUOUS
10
5.7085114566929134
20
-4.804656181102362
11
5.708556850393701
21
-4.8046410236220467
0
LINE
8
BLACK
6
CONTINUOUS
10
5.708556850393701
20
-4.8046410236220467
11
5.7086532283464564
21
-4.8045803937007872
0
LINE
8
BLACK
6
CONTINUOUS
10
5.7086532283464564
20
-4.8045803937007872
11
5.7124027559055115
21
-4.8027056299212596
0
LINE
8
BLACK
6
CONTINUOUS
10
5.7124027559055115
20
-4.8027056299212596
11
5.7129433464566928
21
-4.8024987401574801
0
LINE
8
BLACK
6
CONTINUOUS
10
5.7129433464566928
20
-4.8024987401574801
11
5.7130492125984249
21
-4.8024911811023623
0
LINE
8
BLACK
6
CONTINUOUS
10
5.7130492125984249
20
-4.8024911811023623
11
5.7131472047244092
21
-4.8024506299212595
0
LINE
8
BLACK
6
CONTINUOUS
10
5.7131472047244092
20
-4.8024506299212595
11
5.713723267716535
21
-4.8023938976377956
0
LINE
8
BLACK
6
CONTINUOUS
10
5.713723267716535
20
-4.8023938976377956
11
5.7193475590551177
21
-4.8023938976377956
0
LINE
8
BLACK
6
CONTINUOUS
10
5.7193475590551177
20
-4.8023938976377956
11
5.7199236220472436
21
-4.8024506299212595
0
LINE
8
BLACK
6
CONTINUOUS
10
5.7199236220472436
20
-4.8024506299212595
11
5.7200216141732279
21
-4.802491220472441
0
LINE
8
BLACK
6
CONTINUOUS
10
5.7200216141732279
20
-4.802491220472441
11
5.7201274409448821
21
-4.8024987401574801
0
LINE
8
BLACK
6
CONTINUOUS
10
5.7201274409448821
20
-4.8024987401574801
11
5.7206680708661413
21
-4.8027056299212596
0
LINE
8
BLACK
6
CONTINUOUS
10
5.7206680708661413
20
-4.8027056299212596
11
5.7244176377952751
21
-4.8045803937007872
0
LINE
8
BLACK
6
CONTINUOUS
10
5.7244176377952751
20
-4.8045803937007872
11
5.7245139370078739
21
-4.8046410236220467
0
LINE
8
BLACK
6
CONTINUOUS
10
5.7245139370078739
20
-4.8046410236220467
11
5.724559409448819
21
-4.804656181102362
0
LINE
8
BLACK
6
CONTINUOUS
10
5.724559409448819
20
-4.804656181102362
11
5.7246159842519679
21
-4.8047052362204727
0
LINE
8
BLACK
6
CONTINUOUS
10
5.7246159842519679
20
-4.8047052362204727
11
5.7249074803149602
21
-4.8048887401574802
0
LINE
8
BLACK
6
CONTINUOUS
10
5.7249074803149602
20
-4.8048887401574802
11
5.7251499606299214
21
-4.8051683464566928
0
LINE
8
BLACK
6
CONTINUOUS
10
5.7251499606299214
20
-4.8051683464566928
11
5.7254298031496065
21
-4.8054110236220469
0
LINE
8
BLACK
6
CONTINUOUS
10
5.7254298031496065
20
-4.8054110236220469
11
5.725613307086614
21
-4.8057025590551179
0
LINE
8
BLACK
6
CONTINUOUS
10
5.725613307086614
20
-4.8057025590551179
11
5.7256623622047247
21
-4.8057591338582677
0
LINE
8
BLACK
6
CONTINUOUS
10
5.7256623622047247
20
-4.8057591338582677
11
5.7256774803149604
21
-4.8058045275590553
0
LINE
8
BLACK
6
CONTINUOUS
10
5.7256774803149604
20
-4.8058045275590553
11
5.7257381496062987
21
-4.8059009055118107
0
LINE
8
BLACK
6
CONTINUOUS
10
5.7257381496062987
20
-4.8059009055118107
11
5.7276129133858262
21
-4.8096504330708658
0
LINE
8
BLACK
6
CONTINUOUS
10
5.7276129133858262
20
-4.8096504330708658
11
5.7278198031496066
21
-4.8101910236220471
0
LINE
8
BLACK
6
CONTINUOUS
10
5.7278198031496066
20
-4.8101910236220471
11
5.7278273228346457
21
-4.8102968897637792
0
LINE
8
BLACK
6
CONTINUOUS
10
5.7278273228346457
20
-4.8102968897637792
11
5.7278679133858263
21
-4.8103948818897635
0
LINE
8
BLACK
6
CONTINUOUS
10
5.7278679133858263
20
-4.8103948818897635
11
5.7279246456692912
21
-4.8109709448818894
0
LINE
8
BLACK
6
CONTINUOUS
10
5.7279246456692912
20
-4.8109709448818894
11
5.7279246456692912
21
-4.8315933858267712
0
LINE
8
BLACK
6
CONTINUOUS
10
5.7279246456692912
20
-4.8315933858267712
11
5.7278679133858263
21
-4.8321694488188971
0
LINE
8
BLACK
6
CONTINUOUS
10
5.7278679133858263
20
-4.8321694488188971
11
5.7274270078740157
21
-4.8332338582677163
0
LINE
8
BLACK
6
CONTINUOUS
10
5.7274270078740157
20
-4.8332338582677163
11
5.7266123622047242
21
-4.8340485039370078
0
LINE
8
BLACK
6
CONTINUOUS
10
5.7266123622047242
20
-4.8340485039370078
11
5.725547952755905
21
-4.8344894094488184
0
LINE
8
BLACK
6
CONTINUOUS
10
5.725547952755905
20
-4.8344894094488184
11
5.7243958267716533
21
-4.8344894094488184
0
LINE
8
BLACK
6
CONTINUOUS
10
5.7243958267716533
20
-4.8344894094488184
11
5.7233314173228349
21
-4.8340485039370078
0
LINE
8
BLACK
6
CONTINUOUS
10
5.7233314173228349
20
-4.8340485039370078
11
5.7225167716535434
21
-4.8332338582677163
0
LINE
8
BLACK
6
CONTINUOUS
10
5.7225167716535434
20
-4.8332338582677163
11
5.7220758661417319
21
-4.8321694488188971
0
LINE
8
BLACK
6
CONTINUOUS
10
5.7220758661417319
20
-4.8321694488188971
11
5.722019133858268
21
-4.8315933858267712
0
LINE
8
BLACK
6
CONTINUOUS
10
5.722019133858268
20
-4.8315933858267712
11
5.722019133858268
21
-4.811667992125984
0
LINE
8
BLACK
6
CONTINUOUS
10
5.722019133858268
20
-4.811667992125984
11
5.7208962598425197
21
-4.8094222440944883
0
LINE
8
BLACK
6
CONTINUOUS
10
5.7208962598425197
20
-4.8094222440944883
11
5.7186505118110231
21
-4.8082994094488187
0
LINE
8
BLACK
6
CONTINUOUS
10
5.7186505118110231
20
-4.8082994094488187
11
5.7144203149606296
21
-4.8082994094488187
0
LINE
8
BLACK
6
CONTINUOUS
10
5.7144203149606296
20
-4.8082994094488187
11
5.7121745669291339
21
-4.8094222440944883
0
LINE
8
BLACK
6
CONTINUOUS
10
5.7121745669291339
20
-4.8094222440944883
11
5.7110517322834644
21
-4.811667992125984
0
LINE
8
BLACK
6
CONTINUOUS
10
5.7110517322834644
20
-4.811667992125984
11
5.7110517322834644
21
-4.8315933858267712
0
LINE
8
BLACK
6
CONTINUOUS
10
5.7110517322834644
20
-4.8315933858267712
11
5.7109949999999996
21
-4.8321694488188971
0
LINE
8
BLACK
6
CONTINUOUS
10
5.7109949999999996
20
-4.8321694488188971
11
5.710554094488189
21
-4.8332338582677163
0
LINE
8
BLACK
6
CONTINUOUS
10
5.710554094488189
20
-4.8332338582677163
11
5.7097394488188975
21
-4.8340485039370078
0
LINE
8
BLACK
6
CONTINUOUS
10
5.7097394488188975
20
-4.8340485039370078
11
5.7086750393700783
21
-4.8344894094488184
0
LINE
8
BLACK
6
CONTINUOUS
10
5.7086750393700783
20
-4.8344894094488184
11
5.7075229133858265
21
-4.8344894094488184
0
LINE
8
BLACK
6
CONTINUOUS
10
5.7075229133858265
20
-4.8344894094488184
11
5.7064585039370082
21
-4.8340485039370078
0
LINE
8
BLACK
6
CONTINUOUS
10
5.7064585039370082
20
-4.8340485039370078
11
5.7056438582677167
21
-4.8332338582677163
0
LINE
8
BLACK
6
CONTINUOUS
10
5.7056438582677167
20
-4.8332338582677163
11
5.7052029527559052
21
-4.8321694488188971
0
LINE
8
BLACK
6
CONTINUOUS
10
5.7052029527559052
20
-4.8321694488188971
11
5.7051462204724412
21
-4.8315933858267712
0
LINE
8
BLACK
6
CONTINUOUS
10
5.7051462204724412
20
-4.8315933858267712
11
5.7051462204724412
21
-4.811667992125984
0
LINE
8
BLACK
6
CONTINUOUS
10
5.7051462204724412
20
-4.811667992125984
11
5.704023346456693
21
-4.8094222440944883
0
LINE
8
BLACK
6
CONTINUOUS
10
5.704023346456693
20
-4.8094222440944883
11
5.7017776377952751
21
-4.8082994094488187
0
LINE
8
BLACK
6
CONTINUOUS
10
5.7017776377952751
20
-4.8082994094488187
11
5.6975474409448816
21
-4.8082994094488187
0
LINE
8
BLACK
6
CONTINUOUS
10
5.6975474409448816
20
-4.8082994094488187
11
5.694849960629921
21
-4.8096481496062991
0
LINE
8
BLACK
6
CONTINUOUS
10
5.694849960629921
20
-4.8096481496062991
11
5.6941788582677164
21
-4.8103192519685036
0
LINE
8
BLACK
6
CONTINUOUS
10
5.6941788582677164
20
-4.8103192519685036
11
5.6941788582677164
21
-4.8315933858267712
0
LINE
8
BLACK
6
CONTINUOUS
10
5.6941788582677164
20
-4.8315933858267712
11
5.6941221259842516
21
-4.8321694488188971
0
LINE
8
BLACK
6
CONTINUOUS
10
5.6941221259842516
20
-4.8321694488188971
11
5.693681220472441
21
-4.8332338582677163
0
LINE
8
BLACK
6
CONTINUOUS
10
5.693681220472441
20
-4.8332338582677163
11
5.6928665748031495
21
-4.8340485039370078
0
LINE
8
BLACK
6
CONTINUOUS
10
5.6928665748031495
20
-4.8340485039370078
11
5.6918021653543303
21
-4.8344894094488184
0
LINE
8
BLACK
6
CONTINUOUS
10
5.6918021653543303
20
-4.8344894094488184
11
5.6906500393700785
21
-4.8344894094488184
0
LINE
8
BLACK
6
CONTINUOUS
10
5.6906500393700785
20
-4.8344894094488184
11
5.6895856299212602
21
-4.8340485039370078
0
LINE
8
BLACK
6
CONTINUOUS
10
5.6895856299212602
20
-4.8340485039370078
11
5.6887709842519687
21
-4.8332338582677163
0
LINE
8
BLACK
6
CONTINUOUS
10
5.6887709842519687
20
-4.8332338582677163
11
5.6883300787401572
21
-4.8321694488188971
0
LINE
8
BLACK
6
CONTINUOUS
10
5.6883300787401572
20
-4.8321694488188971
11
5.6882733464566924
21
-4.8315933858267712
0
LINE
8
BLACK
6
CONTINUOUS
10
5.6882733464566924
20
-4.8315933858267712
11
5.6882733464566924
21
-4.8053466535433067
0
LINE
8
BLACK
6
CONTINUOUS
10
5.6882733464566924
20
-4.8053466535433067
11
5.6883300787401572
21
-4.8047705905511808
0
LINE
8
BLACK
6
CONTINUOUS
10
5.6883300787401572
20
-4.8047705905511808
11
5.6887709842519687
21
-4.8037061811023625
0
LINE
8
BLACK
6
CONTINUOUS
10
5.6887709842519687
20
-4.8037061811023625
11
5.6895856299212602
21
-4.802891535433071
0
LINE
8
BLACK
6
CONTINUOUS
10
5.6895856299212602
20
-4.802891535433071
11
5.6906500393700785
21
-4.8024506299212595
0
LINE
8
BLACK
6
CONTINUOUS
10
5.6906500393700785
20
-4.8024506299212595
11
5.6918021653543303
21
-4.8024506299212595
0
LINE
8
BLACK
6
CONTINUOUS
10
5.6918021653543303
20
-4.8024506299212595
11
5.6928665748031495
21
-4.802891535433071
0
LINE
8
BLACK
6
CONTINUOUS
10
5.6928665748031495
20
-4.802891535433071
11
5.6936303937007873
21
-4.8036553543307088
0
LINE
8
BLACK
6
CONTINUOUS
10
5.6936303937007873
20
-4.8036553543307088
11
5.6955298818897635
21
-4.8027056299212596
0
LINE
8
BLACK
6
CONTINUOUS
10
5.6955298818897635
20
-4.8027056299212596
11
5.6960704724409448
21
-4.8024987401574801
0
LINE
8
BLACK
6
CONTINUOUS
10
5.6960704724409448
20
-4.8024987401574801
11
5.6961763385826769
21
-4.8024911811023623
0
LINE
8
BLACK
6
CONTINUOUS
10
5.6961763385826769
20
-4.8024911811023623
11
5.6962743307086612
21
-4.8024506299212595
0
LINE
8
BLACK
6
CONTINUOUS
10
5.6962743307086612
20
-4.8024506299212595
11
5.6968503937007871
21
-4.8023938976377956
0
LINE
8
BLACK
6
CONTINUOUS
10
5.6968503937007871
20
-4.8023938976377956
11
5.7024746850393697
21
-4.8023938976377956
0
LINE
8
BLACK
6
CONTINUOUS
10
5.7024746850393697
20
-4.8023938976377956
11
5.7030507480314956
21
-4.8024506299212595
0
LINE
8
BLACK
6
CONTINUOUS
10
5.452896574803149
20
-4.7916429527559057
11
5.4537112204724405
21
-4.7924575984251971
0
LINE
8
BLACK
6
CONTINUOUS
10
5.4537112204724405
20
-4.7924575984251971
11
5.454152125984252
21
-4.7935220078740155
0
LINE
8
BLACK
6
CONTINUOUS
10
5.454152125984252
20
-4.7935220078740155
11
5.4542088582677168
21
-4.7940980708661414
0
LINE
8
BLACK
6
CONTINUOUS
10
5.4542088582677168
20
-4.7940980708661414
11
5.4542088582677168
21
-4.8061434251968507
0
LINE
8
BLACK
6
CONTINUOUS
10
5.4542088582677168
20
-4.8061434251968507
11
5.466254251968504
21
-4.8061434251968507
0
LINE
8
BLACK
6
CONTINUOUS
10
5.466254251968504
20
-4.8061434251968507
11
5.4668303149606299
21
-4.8062001574803146
0
LINE
8
BLACK
6
CONTINUOUS
10
5.4668303149606299
20
-4.8062001574803146
11
5.4678947244094491
21
-4.8066410629921261
0
LINE
8
BLACK
6
CONTINUOUS
10
5.4678947244094491
20
-4.8066410629921261
11
5.4687093700787397
21
-4.8074557086614176
0
LINE
8
BLACK
6
CONTINUOUS
10
5.4687093700787397
20
-4.8074557086614176
11
5.4691502755905512
21
-4.8085201181102359
0
LINE
8
BLACK
6
CONTINUOUS
10
5.4691502755905512
20
-4.8085201181102359
11
5.4691502755905512
21
-4.8096722440944877
0
LINE
8
BLACK
6
CONTINUOUS
10
5.4691502755905512
20
-4.8096722440944877
11
5.4687093700787397
21
-4.8107366535433069
0
LINE
8
BLACK
6
CONTINUOUS
10
5.4687093700787397
20
-4.8107366535433069
11
5.4678947244094491
21
-4.8115512992125984
0
LINE
8
BLACK
6
CONTINUOUS
10
5.4678947244094491
20
-4.8115512992125984
11
5.4668303149606299
21
-4.811992204724409
0
LINE
8
BLACK
6
CONTINUOUS
10
5.4668303149606299
20
-4.811992204724409
11
5.466254251968504
21
-4.8120489370078738
0
LINE
8
BLACK
6
CONTINUOUS
10
5.466254251968504
20
-4.8120489370078738
11
5.4542088582677168
21
-4.8120489370078738
0
LINE
8
BLACK
6
CONTINUOUS
10
5.4542088582677168
20
-4.8120489370078738
11
5.4542088582677168
21
-4.8240942913385823
0
LINE
8
BLACK
6
CONTINUOUS
10
5.4542088582677168
20
-4.8240942913385823
11
5.454152125984252
21
-4.8246703543307081
0
LINE
8
BLACK
6
CONTINUOUS
10
5.454152125984252
20
-4.8246703543307081
11
5.4537112204724405
21
-4.8257347637795274
0
LINE
8
BLACK
6
CONTINUOUS
10
5.4537112204724405
20
-4.8257347637795274
11
5.452896574803149
21
-4.8265494094488188
0
LINE
8
BLACK
6
CONTINUOUS
10
5.452896574803149
20
-4.8265494094488188
11
5.4518321653543307
21
-4.8269903149606295
0
LINE
8
BLACK
6
CONTINUOUS
10
5.4518321653543307
20
-4.8269903149606295
11
5.4506800393700789
21
-4.8269903149606295
0
LINE
8
BLACK
6
CONTINUOUS
10
5.4506800393700789
20
-4.8269903149606295
11
5.4496156299212597
21
-4.8265494094488188
0
LINE
8
BLACK
6
CONTINUOUS
10
5.4496156299212597
20
-4.8265494094488188
11
5.4488009842519682
21
-4.8257347637795274
0
LINE
8
BLACK
6
CONTINUOUS
10
5.4488009842519682
20
-4.8257347637795274
11
5.4483600787401576
21
-4.8246703543307081
0
LINE
8
BLACK
6
CONTINUOUS
10
5.4483600787401576
20
-4.8246703543307081
11
5.4483033464566928
21
-4.8240942913385823
0
LINE
8
BLACK
6
CONTINUOUS
10
5.4483033464566928
20
-4.8240942913385823
11
5.4483033464566928
21
-4.8120489370078738
0
LINE
8
BLACK
6
CONTINUOUS
10
5.4483033464566928
20
-4.8120489370078738
11
5.4362579921259844
21
-4.8120489370078738
0
LINE
8
BLACK
6
CONTINUOUS
10
5.4362579921259844
20
-4.8120489370078738
11
5.4356819291338585
21
-4.811992204724409
0
LINE
8
BLACK
6
CONTINUOUS
10
5.4356819291338585
20
-4.811992204724409
11
5.4346175196850393
21
-4.8115512992125984
0
LINE
8
BLACK
6
CONTINUOUS
10
5.4346175196850393
20
-4.8115512992125984
11
5.4338028740157478
21
-4.8107366535433069
0
LINE
8
BLACK
6
CONTINUOUS
10
5.4338028740157478
20
-4.8107366535433069
11
5.4333619685039372
21
-4.8096722440944877
0
LINE
8
BLACK
6
CONTINUOUS
10
5.4333619685039372
20
-4.8096722440944877
11
5.4333619685039372
21
-4.8085201181102359
0
LINE
8
BLACK
6
CONTINUOUS
10
5.4333619685039372
20
-4.8085201181102359
11
5.4338028740157478
21
-4.8074557086614176
0
LINE
8
BLACK
6
CONTINUOUS
10
5.4338028740157478
20
-4.8074557086614176
11
5.4346175196850393
21
-4.8066410629921261
0
LINE
8
BLACK
6
CONTINUOUS
10
5.4346175196850393
20
-4.8066410629921261
11
5.4356819291338585
21
-4.8062001574803146
0
LINE
8
BLACK
6
CONTINUOUS
10
5.4356819291338585
20
-4.8062001574803146
11
5.4362579921259844
21
-4.8061434251968507
0
LINE
8
BLACK
6
CONTINUOUS
10
5.4362579921259844
20
-4.8061434251968507
11
5.4483033464566928
21
-4.8061434251968507
0
LINE
8
BLACK
6
CONTINUOUS
10
5.4483033464566928
20
-4.8061434251968507
11
5.4483033464566928
21
-4.7940980708661414
0
LINE
8
BLACK
6
CONTINUOUS
10
5.4483033464566928
20
-4.7940980708661414
11
5.4483600787401576
21
-4.7935220078740155
0
LINE
8
BLACK
6
CONTINUOUS
10
5.4483600787401576
20
-4.7935220078740155
11
5.4488009842519682
21
-4.7924575984251971
0
LINE
8
BLACK
6
CONTINUOUS
10
5.4488009842519682
20
-4.7924575984251971
11
5.4496156299212597
21
-4.7916429527559057
0
LINE
8
BLACK
6
CONTINUOUS
10
5.4496156299212597
20
-4.7916429527559057
11
5.4506800393700789
21
-4.7912020472440942
0
LINE
8
BLACK
6
CONTINUOUS
10
5.4506800393700789
20
-4.7912020472440942
11
5.4518321653543307
21
-4.7912020472440942
0
LINE
8
BLACK
6
CONTINUOUS
10
5.4518321653543307
20
-4.7912020472440942
11
5.452896574803149
21
-4.7916429527559057
0
LINE
8
BLACK
6
CONTINUOUS
10
3.2611477559055118
20
-4.3424543307086614
11
3.2619624015748032
21
-4.3432689763779528
0
LINE
8
BLACK
6
CONTINUOUS
10
3.2619624015748032
20
-4.3432689763779528
11
3.2624033070866143
21
-4.3443333858267712
0
LINE
8
BLACK
6
CONTINUOUS
10
3.2624033070866143
20
-4.3443333858267712
11
3.2624600393700787
21
-4.344909448818898
0
LINE
8
BLACK
6
CONTINUOUS
10
3.2624600393700787
20
-4.344909448818898
11
3.2624600393700787
21
-4.3475809842519686
0
LINE
8
BLACK
6
CONTINUOUS
10
3.2624600393700787
20
-4.3475809842519686
11
3.2726306692913387
21
-4.3475809842519686
0
LINE
8
BLACK
6
CONTINUOUS
10
3.2726306692913387
20
-4.3475809842519686
11
3.2732067322834646
21
-4.3476377165354334
0
LINE
8
BLACK
6
CONTINUOUS
10
3.2732067322834646
20
-4.3476377165354334
11
3.2742711417322834
21
-4.348078622047244
0
LINE
8
BLACK
6
CONTINUOUS
10
3.2742711417322834
20
-4.348078622047244
11
3.2750857874015749
21
-4.3488932677165355
0
LINE
8
BLACK
6
CONTINUOUS
10
3.2750857874015749
20
-4.3488932677165355
11
3.2755266929133859
21
-4.3499576771653539
0
LINE
8
BLACK
6
CONTINUOUS
10
3.2755266929133859
20
-4.3499576771653539
11
3.2755266929133859
21
-4.3511098031496065
0
LINE
8
BLACK
6
CONTINUOUS
10
3.2755266929133859
20
-4.3511098031496065
11
3.2750857874015749
21
-4.3521742125984249
0
LINE
8
BLACK
6
CONTINUOUS
10
3.2750857874015749
20
-4.3521742125984249
11
3.2742711417322834
21
-4.3529888582677163
0
LINE
8
BLACK
6
CONTINUOUS
10
3.2742711417322834
20
-4.3529888582677163
11
3.2732067322834646
21
-4.3534297637795278
0
LINE
8
BLACK
6
CONTINUOUS
10
3.2732067322834646
20
-4.3534297637795278
11
3.2726306692913387
21
-4.3534864960629918
0
LINE
8
BLACK
6
CONTINUOUS
10
3.2726306692913387
20
-4.3534864960629918
11
3.2624600393700787
21
-4.3534864960629918
0
LINE
8
BLACK
6
CONTINUOUS
10
3.2624600393700787
20
-4.3534864960629918
11
3.2624600393700787
21
-4.3692813779527562
0
LINE
8
BLACK
6
CONTINUOUS
10
3.2624600393700787
20
-4.3692813779527562
11
3.2624312992125986
21
-4.3695729133858263
0
LINE
8
BLACK
6
CONTINUOUS
10
3.2624312992125986
20
-4.3695729133858263
11
3.2624368503937009
21
-4.3696506692913388
0
LINE
8
BLACK
6
CONTINUOUS
10
3.2624368503937009
20
-4.3696506692913388
11
3.2624181102362204
21
-4.3697067716535436
0
LINE
8
BLACK
6
CONTINUOUS
10
3.2624181102362204
20
-4.3697067716535436
11
3.2624033070866143
21
-4.369857440944882
0
LINE
8
BLACK
6
CONTINUOUS
10
3.2624033070866143
20
-4.369857440944882
11
3.2622221259842519
21
-4.3702948031496058
0
LINE
8
BLACK
6
CONTINUOUS
10
3.2622221259842519
20
-4.3702948031496058
11
3.2620725196850393
21
-4.3707436614173227
0
LINE
8
BLACK
6
CONTINUOUS
10
3.2620725196850393
20
-4.3707436614173227
11
3.2620029921259843
21
-4.3708237795275586
0
LINE
8
BLACK
6
CONTINUOUS
10
3.2620029921259843
20
-4.3708237795275586
11
3.2619624015748032
21
-4.3709218503937004
0
LINE
8
BLACK
6
CONTINUOUS
10
3.2619624015748032
20
-4.3709218503937004
11
3.2616276377952755
21
-4.3712565748031498
0
LINE
8
BLACK
6
CONTINUOUS
10
3.2616276377952755
20
-4.3712565748031498
11
3.2613176377952757
21
-4.3716140551181102
0
LINE
8
BLACK
6
CONTINUOUS
10
3.2613176377952757
20
-4.3716140551181102
11
3.2612227559055116
21
-4.3716614566929133
0
LINE
8
BLACK
6
CONTINUOUS
10
3.2612227559055116
20
-4.3716614566929133
11
3.2611477559055118
21
-4.3717364960629919
0
LINE
8
BLACK
6
CONTINUOUS
10
3.2611477559055118
20
-4.3717364960629919
11
3.2607102755905513
21
-4.3719176771653538
0
LINE
8
BLACK
6
CONTINUOUS
10
3.2607102755905513
20
-4.3719176771653538
11
3.2602871653543306
21
-4.372129251968504
0
LINE
8
BLACK
6
CONTINUOUS
10
3.2602871653543306
20
-4.372129251968504
11
3.2601814173228347
21
-4.3721367322834643
0
LINE
8
BLACK
6
CONTINUOUS
10
3.2601814173228347
20
-4.3721367322834643
11
3.260083346456693
21
-4.3721774015748034
0
LINE
8
BLACK
6
CONTINUOUS
10
3.260083346456693
20
-4.3721774015748034
11
3.2596098031496061
21
-4.3721774015748034
0
LINE
8
BLACK
6
CONTINUOUS
10
3.2596098031496061
20
-4.3721774015748034
11
3.2591379527559052
21
-4.37221094488189
0
LINE
8
BLACK
6
CONTINUOUS
10
3.2591379527559052
20
-4.37221094488189
11
3.2589904330708661
21
-4.3721774015748034
0
LINE
8
BLACK
6
CONTINUOUS
10
3.2589904330708661
20
-4.3721774015748034
11
3.2589312204724408
21
-4.3721774015748034
0
LINE
8
BLACK
6
CONTINUOUS
10
3.2589312204724408
20
-4.3721774015748034
11
3.2588591338582678
21
-4.372147519685039
0
LINE
8
BLACK
6
CONTINUOUS
10
3.2588591338582678
20
-4.372147519685039
11
3.2585735039370078
21
-4.3720825984251963
0
LINE
8
BLACK
6
CONTINUOUS
10
3.2585735039370078
20
-4.3720825984251963
11
3.2304520866141733
21
-4.3627087795275585
0
LINE
8
BLACK
6
CONTINUOUS
10
3.2304520866141733
20
-4.3627087795275585
11
3.229923503937008
21
-4.3624727952755906
0
LINE
8
BLACK
6
CONTINUOUS
10
3.229923503937008
20
-4.3624727952755906
11
3.2290531496062993
21
-4.361717913385827
0
LINE
8
BLACK
6
CONTINUOUS
10
3.2290531496062993
20
-4.361717913385827
11
3.2285379527559055
21
-4.3606874803149607
0
LINE
8
BLACK
6
CONTINUOUS
10
3.2285379527559055
20
-4.3606874803149607
11
3.2284562598425195
21
-4.3595382677165357
0
LINE
8
BLACK
6
CONTINUOUS
10
3.2284562598425195
20
-4.3595382677165357
11
3.2288205905511811
21
-4.3584452362204722
0
LINE
8
BLACK
6
CONTINUOUS
10
3.2288205905511811
20
-4.3584452362204722
11
3.2295754724409447
21
-4.3575748818897635
0
LINE
8
BLACK
6
CONTINUOUS
10
3.2295754724409447
20
-4.3575748818897635
11
3.230605905511811
21
-4.3570596850393697
0
LINE
8
BLACK
6
CONTINUOUS
10
3.230605905511811
20
-4.3570596850393697
11
3.231755118110236
21
-4.3569779921259846
0
LINE
8
BLACK
6
CONTINUOUS
10
3.231755118110236
20
-4.3569779921259846
11
3.2323195669291338
21
-4.3571063385826774
0
LINE
8
BLACK
6
CONTINUOUS
10
3.2323195669291338
20
-4.3571063385826774
11
3.2565545275590551
21
-4.3651846456692915
0
LINE
8
BLACK
6
CONTINUOUS
10
3.2565545275590551
20
-4.3651846456692915
11
3.2565545275590551
21
-4.3534864960629918
0
LINE
8
BLACK
6
CONTINUOUS
10
3.2565545275590551
20
-4.3534864960629918
11
3.2463839370078738
21
-4.3534864960629918
0
LINE
8
BLACK
6
CONTINUOUS
10
3.2463839370078738
20
-4.3534864960629918
11
3.2458078740157479
21
-4.3534297637795278
0
LINE
8
BLACK
6
CONTINUOUS
10
3.2458078740157479
20
-4.3534297637795278
11
3.2447434645669291
21
-4.3529888582677163
0
LINE
8
BLACK
6
CONTINUOUS
10
3.2447434645669291
20
-4.3529888582677163
11
3.2439288188976376
21
-4.3521742125984249
0
LINE
8
BLACK
6
CONTINUOUS
10
3.2439288188976376
20
-4.3521742125984249
11
3.2434879133858265
21
-4.3511098031496065
0
LINE
8
BLACK
6
CONTINUOUS
10
3.2434879133858265
20
-4.3511098031496065
11
3.2434879133858265
21
-4.3499576771653539
0
LINE
8
BLACK
6
CONTINUOUS
10
3.2434879133858265
20
-4.3499576771653539
11
3.2439288188976376
21
-4.3488932677165355
0
LINE
8
BLACK
6
CONTINUOUS
10
3.2439288188976376
20
-4.3488932677165355
11
3.2447434645669291
21
-4.348078622047244
0
LINE
8
BLACK
6
CONTINUOUS
10
3.2447434645669291
20
-4.348078622047244
11
3.2458078740157479
21
-4.3476377165354334
0
LINE
8
BLACK
6
CONTINUOUS
10
3.2458078740157479
20
-4.3476377165354334
11
3.2463839370078738
21
-4.3475809842519686
0
LINE
8
BLACK
6
CONTINUOUS
10
3.2463839370078738
20
-4.3475809842519686
11
3.2565545275590551
21
-4.3475809842519686
0
LINE
8
BLACK
6
CONTINUOUS
10
3.2565545275590551
20
-4.3475809842519686
11
3.2565545275590551
21
-4.344909448818898
0
LINE
8
BLACK
6
CONTINUOUS
10
3.2565545275590551
20
-4.344909448818898
11
3.2566112598425194
21
-4.3443333858267712
0
LINE
8
BLACK
6
CONTINUOUS
10
3.2566112598425194
20
-4.3443333858267712
11
3.2570521653543305
21
-4.3432689763779528
0
LINE
8
BLACK
6
CONTINUOUS
10
3.2570521653543305
20
-4.3432689763779528
11
3.257866811023622
21
-4.3424543307086614
0
LINE
8
BLACK
6
CONTINUOUS
10
3.257866811023622
20
-4.3424543307086614
11
3.2589312204724408
21
-4.3420134251968499
0
LINE
8
BLACK
6
CONTINUOUS
10
3.2589312204724408
20
-4.3420134251968499
11
3.260083346456693
21
-4.3420134251968499
0
LINE
8
BLACK
6
CONTINUOUS
10
3.260083346456693
20
-4.3420134251968499
11
3.2611477559055118
21
-4.3424543307086614
0
LINE
8
BLACK
6
CONTINUOUS
10
3.2577330314960631
20
-4.306346023622047
11
3.257776062992126
21
-4.3063396456692908
0
LINE
8
BLACK
6
CONTINUOUS
10
3.257776062992126
20
-4.3063396456692908
11
3.2579915354330709
21
-4.306371496062992
0
LINE
8
BLACK
6
CONTINUOUS
10
3.2579915354330709
20
-4.306371496062992
11
3.2582085826771654
21
-4.3063928740157476
0
LINE
8
BLACK
6
CONTINUOUS
10
3.2582085826771654
20
-4.3063928740157476
11
3.258248779527559
21
-4.3064094881889758
0
LINE
8
BLACK
6
CONTINUOUS
10
3.258248779527559
20
-4.3064094881889758
11
3.2583486614173229
21
-4.3064242913385824
0
LINE
8
BLACK
6
CONTINUOUS
10
3.2583486614173229
20
-4.3064242913385824
11
3.2658477165354332
21
-4.30829905511811
0
LINE
8
BLACK
6
CONTINUOUS
10
3.2658477165354332
20
-4.30829905511811
11
3.2658901968503935
21
-4.3083142125984253
0
LINE
8
BLACK
6
CONTINUOUS
10
3.2658901968503935
20
-4.3083142125984253
11
3.2659114566929133
21
-4.3083157480314958
0
LINE
8
BLACK
6
CONTINUOUS
10
3.2659114566929133
20
-4.3083157480314958
11
3.2661508661417322
21
-4.3084073622047248
0
LINE
8
BLACK
6
CONTINUOUS
10
3.2661508661417322
20
-4.3084073622047248
11
3.2663928346456692
21
-4.3084938188976381
0
LINE
8
BLACK
6
CONTINUOUS
10
3.2663928346456692
20
-4.3084938188976381
11
3.2664099606299213
21
-4.308506496062992
0
LINE
8
BLACK
6
CONTINUOUS
10
3.2664099606299213
20
-4.308506496062992
11
3.2664520866141733
21
-4.3085226377952752
0
LINE
8
BLACK
6
CONTINUOUS
10
3.2664520866141733
20
-4.3085226377952752
11
3.2702016141732284
21
-4.3103974015748028
0
LINE
8
BLACK
6
CONTINUOUS
10
3.2702016141732284
20
-4.3103974015748028
11
3.2704494881889765
21
-4.3105534251968507
0
LINE
8
BLACK
6
CONTINUOUS
10
3.2704494881889765
20
-4.3105534251968507
11
3.2705215354330708
21
-4.3105832677165354
0
LINE
8
BLACK
6
CONTINUOUS
10
3.2705215354330708
20
-4.3105832677165354
11
3.270602559055118
21
-4.3106497637795274
0
LINE
8
BLACK
6
CONTINUOUS
10
3.270602559055118
20
-4.3106497637795274
11
3.2706914960629923
21
-4.3107057480314959
0
LINE
8
BLACK
6
CONTINUOUS
10
3.2706914960629923
20
-4.3107057480314959
11
3.2707426377952755
21
-4.3107647244094487
0
LINE
8
BLACK
6
CONTINUOUS
10
3.2707426377952755
20
-4.3107647244094487
11
3.2709689763779526
21
-4.3109504724409451
0
LINE
8
BLACK
6
CONTINUOUS
10
3.2709689763779526
20
-4.3109504724409451
11
3.2728437795275589
21
-4.3128252362204726
0
LINE
8
BLACK
6
CONTINUOUS
10
3.2728437795275589
20
-4.3128252362204726
11
3.2730295275590549
21
-4.3130515748031497
0
LINE
8
BLACK
6
CONTINUOUS
10
3.2730295275590549
20
-4.3130515748031497
11
3.2730885826771652
21
-4.31310279527559
0
LINE
8
BLACK
6
CONTINUOUS
10
3.2730885826771652
20
-4.31310279527559
11
3.2731445669291337
21
-4.3131917322834648
0
LINE
8
BLACK
6
CONTINUOUS
10
3.2731445669291337
20
-4.3131917322834648
11
3.2732110236220473
21
-4.3132727165354332
0
LINE
8
BLACK
6
CONTINUOUS
10
3.2732110236220473
20
-4.3132727165354332
11
3.2732408267716533
21
-4.3133446456692912
0
LINE
8
BLACK
6
CONTINUOUS
10
3.2732408267716533
20
-4.3133446456692912
11
3.2733969291338583
21
-4.3135926771653539
0
LINE
8
BLACK
6
CONTINUOUS
10
3.2733969291338583
20
-4.3135926771653539
11
3.2752716929133858
21
-4.317342204724409
0
LINE
8
BLACK
6
CONTINUOUS
10
3.2752716929133858
20
-4.317342204724409
11
3.2754785826771653
21
-4.3178827952755903
0
LINE
8
BLACK
6
CONTINUOUS
10
3.2754785826771653
20
-4.3178827952755903
11
3.2754861023622048
21
-4.3179886614173224
0
LINE
8
BLACK
6
CONTINUOUS
10
3.2754861023622048
20
-4.3179886614173224
11
3.2755266929133859
21
-4.3180866535433067
0
LINE
8
BLACK
6
CONTINUOUS
10
3.2755266929133859
20
-4.3180866535433067
11
3.2755834251968503
21
-4.3186627165354325
0
LINE
8
BLACK
6
CONTINUOUS
10
3.2755834251968503
20
-4.3186627165354325
11
3.2755834251968503
21
-4.3224122440944877
0
LINE
8
BLACK
6
CONTINUOUS
10
3.2755834251968503
20
-4.3224122440944877
11
3.2755266929133859
21
-4.3229883070866144
0
LINE
8
BLACK
6
CONTINUOUS
10
3.2755266929133859
20
-4.3229883070866144
11
3.2754861023622048
21
-4.3230862598425199
0
LINE
8
BLACK
6
CONTINUOUS
10
3.2754861023622048
20
-4.3230862598425199
11
3.2754785826771653
21
-4.3231921653543308
0
LINE
8
BLACK
6
CONTINUOUS
10
3.2754785826771653
20
-4.3231921653543308
11
3.2752716929133858
21
-4.3237327559055121
0
LINE
8
BLACK
6
CONTINUOUS
10
3.2752716929133858
20
-4.3237327559055121
11
3.2733969291338583
21
-4.3274822834645672
0
LINE
8
BLACK
6
CONTINUOUS
10
3.2733969291338583
20
-4.3274822834645672
11
3.2732408267716533
21
-4.3277302755905511
0
LINE
8
BLACK
6
CONTINUOUS
10
3.2732408267716533
20
-4.3277302755905511
11
3.2732110236220473
21
-4.3278022440944879
0
LINE
8
BLACK
6
CONTINUOUS
10
3.2732110236220473
20
-4.3278022440944879
11
3.2731445669291337
21
-4.3278831889763776
0
LINE
8
BLACK
6
CONTINUOUS
10
3.2731445669291337
20
-4.3278831889763776
11
3.2730885826771652
21
-4.327972165354331
0
LINE
8
BLACK
6
CONTINUOUS
10
3.2730885826771652
20
-4.327972165354331
11
3.2730295275590549
21
-4.3280233464566926
0
LINE
8
BLACK
6
CONTINUOUS
10
3.2730295275590549
20
-4.3280233464566926
11
3.2728437795275589
21
-4.3282497244094484
0
LINE
8
BLACK
6
CONTINUOUS
10
3.2728437795275589
20
-4.3282497244094484
11
3.2709689763779526
21
-4.330124488188976
0
LINE
8
BLACK
6
CONTINUOUS
10
3.2709689763779526
20
-4.330124488188976
11
3.2707426377952755
21
-4.3303101968503936
0
LINE
8
BLACK
6
CONTINUOUS
10
3.2707426377952755
20
-4.3303101968503936
11
3.2706914960629923
21
-4.3303692125984252
0
LINE
8
BLACK
6
CONTINUOUS
10
3.2706914960629923
20
-4.3303692125984252
11
3.270602559055118
21
-4.330425157480315
0
LINE
8
BLACK
6
CONTINUOUS
10
3.270602559055118
20
-4.330425157480315
11
3.2705215354330708
21
-4.3304916929133856
0
LINE
8
BLACK
6
CONTINUOUS
10
3.2705215354330708
20
-4.3304916929133856
11
3.2704494881889765
21
-4.3305214960629916
0
LINE
8
BLACK
6
CONTINUOUS
10
3.2704494881889765
20
-4.3305214960629916
11
3.2702016141732284
21
-4.3306775590551183
0
LINE
8
BLACK
6
CONTINUOUS
10
3.2702016141732284
20
-4.3306775590551183
11
3.2664520866141733
21
-4.3325523228346459
0
LINE
8
BLACK
6
CONTINUOUS
10
3.2664520866141733
20
-4.3325523228346459
11
3.2664099606299213
21
-4.3325684251968504
0
LINE
8
BLACK
6
CONTINUOUS
10
3.2664099606299213
20
-4.3325684251968504
11
3.2663928346456692
21
-4.332581141732283
0
LINE
8
BLACK
6
CONTINUOUS
10
3.2663928346456692
20
-4.332581141732283
11
3.2661508661417322
21
-4.3326675590551176
0
LINE
8
BLACK
6
CONTINUOUS
10
3.2661508661417322
20
-4.3326675590551176
11
3.2659114566929133
21
-4.3327592125984253
0
LINE
8
BLACK
6
CONTINUOUS
10
3.2659114566929133
20
-4.3327592125984253
11
3.2658901968503935
21
-4.332760708661417
0
LINE
8
BLACK
6
CONTINUOUS
10
3.2658901968503935
20
-4.332760708661417
11
3.2658477165354332
21
-4.3327759055118111
0
LINE
8
BLACK
6
CONTINUOUS
10
3.2658477165354332
20
-4.3327759055118111
11
3.2583486614173229
21
-4.3346506692913387
0
LINE
8
BLACK
6
CONTINUOUS
10
3.2583486614173229
20
-4.3346506692913387
11
3.258248779527559
21
-4.3346654330708656
0
LINE
8
BLACK
6
CONTINUOUS
10
3.258248779527559
20
-4.3346654330708656
11
3.2582085826771654
21
-4.3346820866141735
0
LINE
8
BLACK
6
CONTINUOUS
10
3.2582085826771654
20
-4.3346820866141735
11
3.2579915354330709
21
-4.3347034251968504
0
LINE
8
BLACK
6
CONTINUOUS
10
3.2579915354330709
20
-4.3347034251968504
11
3.257776062992126
21
-4.3347353149606302
0
LINE
8
BLACK
6
CONTINUOUS
10
3.257776062992126
20
-4.3347353149606302
11
3.2577330314960631
21
-4.3347288976377953
0
LINE
8
BLACK
6
CONTINUOUS
10
3.2577330314960631
20
-4.3347288976377953
11
3.2576325196850391
21
-4.3347388188976375
0
LINE
8
BLACK
6
CONTINUOUS
10
3.2576325196850391
20
-4.3347388188976375
11
3.2482587007874013
21
-4.3347388188976375
0
LINE
8
BLACK
6
CONTINUOUS
10
3.2482587007874013
20
-4.3347388188976375
11
3.248158149606299
21
-4.3347288976377953
0
LINE
8
BLACK
6
CONTINUOUS
10
3.248158149606299
20
-4.3347288976377953
11
3.2481151574803149
21
-4.3347353149606302
0
LINE
8
BLACK
6
CONTINUOUS
10
3.2481151574803149
20
-4.3347353149606302
11
3.2478996456692912
21
-4.3347034251968504
0
LINE
8
BLACK
6
CONTINUOUS
10
3.2478996456692912
20
-4.3347034251968504
11
3.2476826377952754
21
-4.3346820866141735
0
LINE
8
BLACK
6
CONTINUOUS
10
3.2476826377952754
20
-4.3346820866141735
11
3.2476424015748031
21
-4.3346654330708656
0
LINE
8
BLACK
6
CONTINUOUS
10
3.2476424015748031
20
-4.3346654330708656
11
3.2475425590551179
21
-4.3346506692913387
0
LINE
8
BLACK
6
CONTINUOUS
10
3.2475425590551179
20
-4.3346506692913387
11
3.2400435039370077
21
-4.3327759055118111
0
LINE
8
BLACK
6
CONTINUOUS
10
3.2400435039370077
20
-4.3327759055118111
11
3.2400009842519686
21
-4.332760708661417
0
LINE
8
BLACK
6
CONTINUOUS
10
3.2400009842519686
20
-4.332760708661417
11
3.2399797244094488
21
-4.3327592125984253
0
LINE
8
BLACK
6
CONTINUOUS
10
3.2399797244094488
20
-4.3327592125984253
11
3.2397399606299211
21
-4.3326674409448822
0
LINE
8
BLACK
6
CONTINUOUS
10
3.2397399606299211
20
-4.3326674409448822
11
3.2394983858267716
21
-4.332581141732283
0
LINE
8
BLACK
6
CONTINUOUS
10
3.2394983858267716
20
-4.332581141732283
11
3.2394812204724408
21
-4.3325684251968504
0
LINE
8
BLACK
6
CONTINUOUS
10
3.2394812204724408
20
-4.3325684251968504
11
3.2394391338582675
21
-4.3325523228346459
0
LINE
8
BLACK
6
CONTINUOUS
10
3.2394391338582675
20
-4.3325523228346459
11
3.2356896062992124
21
-4.3306775590551183
0
LINE
8
BLACK
6
CONTINUOUS
10
3.2356896062992124
20
-4.3306775590551183
11
3.2354415748031493
21
-4.3305214566929129
0
LINE
8
BLACK
6
CONTINUOUS
10
3.2354415748031493
20
-4.3305214566929129
11
3.2353696456692913
21
-4.3304916535433069
0
LINE
8
BLACK
6
CONTINUOUS
10
3.2353696456692913
20
-4.3304916535433069
11
3.2352886614173229
21
-4.330425157480315
0
LINE
8
BLACK
6
CONTINUOUS
10
3.2352886614173229
20
-4.330425157480315
11
3.2351997244094486
21
-4.3303692125984252
0
LINE
8
BLACK
6
CONTINUOUS
10
3.2351997244094486
20
-4.3303692125984252
11
3.2351485433070866
21
-4.3303101968503936
0
LINE
8
BLACK
6
CONTINUOUS
10
3.2351485433070866
20
-4.3303101968503936
11
3.2349222047244095
21
-4.3301244488188972
0
LINE
8
BLACK
6
CONTINUOUS
10
3.2349222047244095
20
-4.3301244488188972
11
3.2330474409448819
21
-4.3282496850393697
0
LINE
8
BLACK
6
CONTINUOUS
10
3.2330474409448819
20
-4.3282496850393697
11
3.2328616535433072
21
-4.3280233070866139
0
LINE
8
BLACK
6
CONTINUOUS
10
3.2328616535433072
20
-4.3280233070866139
11
3.2328026771653544
21
-4.327972165354331
0
LINE
8
BLACK
6
CONTINUOUS
10
3.2328026771653544
20
-4.327972165354331
11
3.2327466929133859
21
-4.3278831889763776
0
LINE
8
BLACK
6
CONTINUOUS
10
3.2327466929133859
20
-4.3278831889763776
11
3.2326802362204723
21
-4.3278022440944879
0
LINE
8
BLACK
6
CONTINUOUS
10
3.2326802362204723
20
-4.3278022440944879
11
3.2326503937007875
21
-4.3277302755905511
0
LINE
8
BLACK
6
CONTINUOUS
10
3.2326503937007875
20
-4.3277302755905511
11
3.2324943307086613
21
-4.3274822834645672
0
LINE
8
BLACK
6
CONTINUOUS
10
3.2324943307086613
20
-4.3274822834645672
11
3.2306195669291338
21
-4.3237327559055121
0
LINE
8
BLACK
6
CONTINUOUS
10
3.2306195669291338
20
-4.3237327559055121
11
3.2304126771653543
21
-4.3231921259842521
0
LINE
8
BLACK
6
CONTINUOUS
10
3.2304126771653543
20
-4.3231921259842521
11
3.2304051574803148
21
-4.3230862992125987
0
LINE
8
BLACK
6
CONTINUOUS
10
3.2304051574803148
20
-4.3230862992125987
11
3.2303645669291337
21
-4.3229883070866144
0
LINE
8
BLACK
6
CONTINUOUS
10
3.2303645669291337
20
-4.3229883070866144
11
3.2303078346456693
21
-4.3224122440944877
0
LINE
8
BLACK
6
CONTINUOUS
10
3.2303078346456693
20
-4.3224122440944877
11
3.2303078346456693
21
-4.3186627165354325
0
LINE
8
BLACK
6
CONTINUOUS
10
3.2303078346456693
20
-4.3186627165354325
11
3.2303645669291337
21
-4.3180866535433067
0
LINE
8
BLACK
6
CONTINUOUS
10
3.2303645669291337
20
-4.3180866535433067
11
3.2304051574803148
21
-4.3179886220472437
0
LINE
8
BLACK
6
CONTINUOUS
10
3.2304051574803148
20
-4.3179886220472437
11
3.2304126771653543
21
-4.317882834645669
0
LINE
8
BLACK
6
CONTINUOUS
10
3.2304126771653543
20
-4.317882834645669
11
3.2306195669291338
21
-4.317342204724409
0
LINE
8
BLACK
6
CONTINUOUS
10
3.2306195669291338
20
-4.317342204724409
11
3.2324943307086613
21
-4.3135926771653539
0
LINE
8
BLACK
6
CONTINUOUS
10
3.2324943307086613
20
-4.3135926771653539
11
3.2326503937007875
21
-4.3133446456692912
0
LINE
8
BLACK
6
CONTINUOUS
10
3.2326503937007875
20
-4.3133446456692912
11
3.2326802362204723
21
-4.3132727165354332
0
LINE
8
BLACK
6
CONTINUOUS
10
3.2326802362204723
20
-4.3132727165354332
11
3.2327466929133859
21
-4.3131917322834648
0
LINE
8
BLACK
6
CONTINUOUS
10
3.2327466929133859
20
-4.3131917322834648
11
3.2328026771653544
21
-4.31310279527559
0
LINE
8
BLACK
6
CONTINUOUS
10
3.2328026771653544
20
-4.31310279527559
11
3.2328616535433072
21
-4.3130516141732285
0
LINE
8
BLACK
6
CONTINUOUS
10
3.2328616535433072
20
-4.3130516141732285
11
3.2330474409448819
21
-4.3128252755905514
0
LINE
8
BLACK
6
CONTINUOUS
10
3.2330474409448819
20
-4.3128252755905514
11
3.2349222047244095
21
-4.3109505118110238
0
LINE
8
BLACK
6
CONTINUOUS
10
3.2349222047244095
20
-4.3109505118110238
11
3.2351485433070866
21
-4.3107647244094487
0
LINE
8
BLACK
6
CONTINUOUS
10
3.2351485433070866
20
-4.3107647244094487
11
3.2351997244094486
21
-4.3107057480314959
0
LINE
8
BLACK
6
CONTINUOUS
10
3.2351997244094486
20
-4.3107057480314959
11
3.2352886614173229
21
-4.3106497637795274
0
LINE
8
BLACK
6
CONTINUOUS
10
3.2352886614173229
20
-4.3106497637795274
11
3.2353696456692913
21
-4.3105833070866142
0
LINE
8
BLACK
6
CONTINUOUS
10
3.2353696456692913
20
-4.3105833070866142
11
3.2354415748031493
21
-4.3105534645669294
0
LINE
8
BLACK
6
CONTINUOUS
10
3.2354415748031493
20
-4.3105534645669294
11
3.2356896062992124
21
-4.3103974015748028
0
LINE
8
BLACK
6
CONTINUOUS
10
3.2356896062992124
20
-4.3103974015748028
11
3.2394391338582675
21
-4.3085226377952752
0
LINE
8
BLACK
6
CONTINUOUS
10
3.2394391338582675
20
-4.3085226377952752
11
3.2394812204724408
21
-4.308506496062992
0
LINE
8
BLACK
6
CONTINUOUS
10
3.2394812204724408
20
-4.308506496062992
11
3.2394983858267716
21
-4.3084938188976381
0
LINE
8
BLACK
6
CONTINUOUS
10
3.2394983858267716
20
-4.3084938188976381
11
3.2397399606299211
21
-4.3084074803149601
0
LINE
8
BLACK
6
CONTINUOUS
10
3.2397399606299211
20
-4.3084074803149601
11
3.2399797244094488
21
-4.3083157480314958
0
LINE
8
BLACK
6
CONTINUOUS
10
3.2399797244094488
20
-4.3083157480314958
11
3.2400009842519686
21
-4.3083142125984253
0
LINE
8
BLACK
6
CONTINUOUS
10
3.2400009842519686
20
-4.3083142125984253
11
3.2400435039370077
21
-4.30829905511811
0
LINE
8
BLACK
6
CONTINUOUS
10
3.2400435039370077
20
-4.30829905511811
11
3.2475425590551179
21
-4.3064242913385824
0
LINE
8
BLACK
6
CONTINUOUS
10
3.2475425590551179
20
-4.3064242913385824
11
3.2476424015748031
21
-4.3064094881889758
0
LINE
8
BLACK
6
CONTINUOUS
10
3.2476424015748031
20
-4.3064094881889758
11
3.2476826377952754
21
-4.3063928740157476
0
LINE
8
BLACK
6
CONTINUOUS
10
3.2476826377952754
20
-4.3063928740157476
11
3.2478996456692912
21
-4.306371496062992
0
LINE
8
BLACK
6
CONTINUOUS
10
3.2478996456692912
20
-4.306371496062992
11
3.2481151574803149
21
-4.3063396456692908
0
LINE
8
BLACK
6
CONTINUOUS
10
3.2481151574803149
20
-4.3063396456692908
11
3.248158149606299
21
-4.306346023622047
0
LINE
8
BLACK
6
CONTINUOUS
10
3.248158149606299
20
-4.306346023622047
11
3.2482587007874013
21
-4.3063361417322836
0
LINE
8
BLACK
6
CONTINUOUS
10
3.2482587007874013
20
-4.3063361417322836
11
3.2576325196850391
21
-4.3063361417322836
0
LINE
8
BLACK
6
CONTINUOUS
10
3.2576325196850391
20
-4.3063361417322836
11
3.2577330314960631
21
-4.306346023622047
0
LINE
8
BLACK
6
CONTINUOUS
10
3.2417901968503937
20
-4.3139496456692914
11
3.238759212598425
21
-4.3154651574803147
0
LINE
8
BLACK
6
CONTINUOUS
10
3.238759212598425
20
-4.3154651574803147
11
3.2375620866141732
21
-4.3166622834645665
0
LINE
8
BLACK
6
CONTINUOUS
10
3.2375620866141732
20
-4.3166622834645665
11
3.2362133464566929
21
-4.3193597637795271
0
LINE
8
BLACK
6
CONTINUOUS
10
3.2362133464566929
20
-4.3193597637795271
11
3.2362133464566929
21
-4.321715196850394
0
LINE
8
BLACK
6
CONTINUOUS
10
3.2362133464566929
20
-4.321715196850394
11
3.2375620866141732
21
-4.3244126771653546
0
LINE
8
BLACK
6
CONTINUOUS
10
3.2375620866141732
20
-4.3244126771653546
11
3.238759212598425
21
-4.3256098031496064
0
LINE
8
BLACK
6
CONTINUOUS
10
3.238759212598425
20
-4.3256098031496064
11
3.2417901968503937
21
-4.3271252755905509
0
LINE
8
BLACK
6
CONTINUOUS
10
3.2417901968503937
20
-4.3271252755905509
11
3.2486222440944883
21
-4.3288333070866143
0
LINE
8
BLACK
6
CONTINUOUS
10
3.2486222440944883
20
-4.3288333070866143
11
3.2572689763779525
21
-4.3288333070866143
0
LINE
8
BLACK
6
CONTINUOUS
10
3.2572689763779525
20
-4.3288333070866143
11
3.2641010236220471
21
-4.3271252755905509
0
LINE
8
BLACK
6
CONTINUOUS
10
3.2641010236220471
20
-4.3271252755905509
11
3.2671320078740158
21
-4.3256097637795277
0
LINE
8
BLACK
6
CONTINUOUS
10
3.2671320078740158
20
-4.3256097637795277
11
3.2683291732283464
21
-4.3244126377952758
0
LINE
8
BLACK
6
CONTINUOUS
10
3.2683291732283464
20
-4.3244126377952758
11
3.2696779133858267
21
-4.321715196850394
0
LINE
8
BLACK
6
CONTINUOUS
10
3.2696779133858267
20
-4.321715196850394
11
3.2696779133858267
21
-4.3193597637795271
0
LINE
8
BLACK
6
CONTINUOUS
10
3.2696779133858267
20
-4.3193597637795271
11
3.2683291732283464
21
-4.3166622834645665
0
LINE
8
BLACK
6
CONTINUOUS
10
3.2683291732283464
20
-4.3166622834645665
11
3.2671320078740158
21
-4.3154651574803147
0
LINE
8
BLACK
6
CONTINUOUS
10
3.2671320078740158
20
-4.3154651574803147
11
3.2641010236220471
21
-4.3139496456692914
0
LINE
8
BLACK
6
CONTINUOUS
10
3.2641010236220471
20
-4.3139496456692914
11
3.2572689763779525
21
-4.3122416535433068
0
LINE
8
BLACK
6
CONTINUOUS
10
3.2572689763779525
20
-4.3122416535433068
11
3.2486222440944883
21
-4.3122416535433068
0
LINE
8
BLACK
6
CONTINUOUS
10
3.2486222440944883
20
-4.3122416535433068
11
3.2417901968503937
21
-4.3139496456692914
0
LINE
8
BLACK
6
CONTINUOUS
10
7.4608071259842514
20
-4.2938881889763776
11
7.4609051181102357
21
-4.2939287795275591
0
LINE
8
BLACK
6
CONTINUOUS
10
7.4609051181102357
20
-4.2939287795275591
11
7.46101094488189
21
-4.2939362992125982
0
LINE
8
BLACK
6
CONTINUOUS
10
7.46101094488189
20
-4.2939362992125982
11
7.4615515748031491
21
-4.2941431889763777
0
LINE
8
BLACK
6
CONTINUOUS
10
7.4615515748031491
20
-4.2941431889763777
11
7.4653011023622042
21
-4.2960179527559053
0
LINE
8
BLACK
6
CONTINUOUS
10
7.4653011023622042
20
-4.2960179527559053
11
7.4655489763779528
21
-4.2961739763779523
0
LINE
8
BLACK
6
CONTINUOUS
10
7.4655489763779528
20
-4.2961739763779523
11
7.465621023622047
21
-4.2962038188976379
0
LINE
8
BLACK
6
CONTINUOUS
10
7.465621023622047
20
-4.2962038188976379
11
7.4657020472440943
21
-4.2962703149606298
0
LINE
8
BLACK
6
CONTINUOUS
10
7.4657020472440943
20
-4.2962703149606298
11
7.4657909842519681
21
-4.2963262992125983
0
LINE
8
BLACK
6
CONTINUOUS
10
7.4657909842519681
20
-4.2963262992125983
11
7.4658421259842518
21
-4.2963852755905512
0
LINE
8
BLACK
6
CONTINUOUS
10
7.4658421259842518
20
-4.2963852755905512
11
7.4660684645669289
21
-4.2965710236220476
0
LINE
8
BLACK
6
CONTINUOUS
10
7.4660684645669289
20
-4.2965710236220476
11
7.4679432677165352
21
-4.2984457874015751
0
LINE
8
BLACK
6
CONTINUOUS
10
7.4679432677165352
20
-4.2984457874015751
11
7.4681290157480316
21
-4.2986721259842522
0
LINE
8
BLACK
6
CONTINUOUS
10
7.4681290157480316
20
-4.2986721259842522
11
7.4681880708661419
21
-4.2987233464566925
0
LINE
8
BLACK
6
CONTINUOUS
10
7.4681880708661419
20
-4.2987233464566925
11
7.4682440551181104
21
-4.2988122834645672
0
LINE
8
BLACK
6
CONTINUOUS
10
7.4682440551181104
20
-4.2988122834645672
11
7.4683105118110236
21
-4.2988932677165357
0
LINE
8
BLACK
6
CONTINUOUS
10
7.4683105118110236
20
-4.2988932677165357
11
7.4683403149606296
21
-4.2989651968503937
0
LINE
8
BLACK
6
CONTINUOUS
10
7.4683403149606296
20
-4.2989651968503937
11
7.4684964173228341
21
-4.2992132283464564
0
LINE
8
BLACK
6
CONTINUOUS
10
7.4684964173228341
20
-4.2992132283464564
11
7.4703711811023616
21
-4.3029627559055115
0
LINE
8
BLACK
6
CONTINUOUS
10
7.4703711811023616
20
-4.3029627559055115
11
7.4705780708661411
21
-4.3035033464566927
0
LINE
8
BLACK
6
CONTINUOUS
10
7.4705780708661411
20
-4.3035033464566927
11
7.4705855905511811
21
-4.3036092125984249
0
LINE
8
BLACK
6
CONTINUOUS
10
7.4705855905511811
20
-4.3036092125984249
11
7.4706261811023618
21
-4.3037072047244092
0
LINE
8
BLACK
6
CONTINUOUS
10
7.4706261811023618
20
-4.3037072047244092
11
7.4706829133858266
21
-4.304283267716535
0
LINE
8
BLACK
6
CONTINUOUS
10
7.4706829133858266
20
-4.304283267716535
11
7.4706829133858266
21
-4.3155318503937004
0
LINE
8
BLACK
6
CONTINUOUS
10
7.4706829133858266
20
-4.3155318503937004
11
7.4706261811023618
21
-4.3161079133858271
0
LINE
8
BLACK
6
CONTINUOUS
10
7.4706261811023618
20
-4.3161079133858271
11
7.4705855905511811
21
-4.3162058661417326
0
LINE
8
BLACK
6
CONTINUOUS
10
7.4705855905511811
20
-4.3162058661417326
11
7.4705780708661411
21
-4.3163117716535435
0
LINE
8
BLACK
6
CONTINUOUS
10
7.4705780708661411
20
-4.3163117716535435
11
7.4703711811023616
21
-4.3168523622047239
0
LINE
8
BLACK
6
CONTINUOUS
10
7.4703711811023616
20
-4.3168523622047239
11
7.4684964173228341
21
-4.320601889763779
0
LINE
8
BLACK
6
CONTINUOUS
10
7.4684964173228341
20
-4.320601889763779
11
7.4683403149606296
21
-4.3208498818897638
0
LINE
8
BLACK
6
CONTINUOUS
10
7.4683403149606296
20
-4.3208498818897638
11
7.4683105118110236
21
-4.3209218503937006
0
LINE
8
BLACK
6
CONTINUOUS
10
7.4683105118110236
20
-4.3209218503937006
11
7.4682440551181104
21
-4.3210027952755903
0
LINE
8
BLACK
6
CONTINUOUS
10
7.4682440551181104
20
-4.3210027952755903
11
7.4681880708661419
21
-4.3210917716535429
0
LINE
8
BLACK
6
CONTINUOUS
10
7.4681880708661419
20
-4.3210917716535429
11
7.4681290157480316
21
-4.3211429527559053
0
LINE
8
BLACK
6
CONTINUOUS
10
7.4681290157480316
20
-4.3211429527559053
11
7.4679432677165352
21
-4.3213693307086611
0
LINE
8
BLACK
6
CONTINUOUS
10
7.4679432677165352
20
-4.3213693307086611
11
7.4660684645669289
21
-4.3232440944881887
0
LINE
8
BLACK
6
CONTINUOUS
10
7.4660684645669289
20
-4.3232440944881887
11
7.465621023622047
21
-4.3236112992125983
0
LINE
8
BLACK
6
CONTINUOUS
10
7.465621023622047
20
-4.3236112992125983
11
7.4645566141732278
21
-4.3240521653543302
0
LINE
8
BLACK
6
CONTINUOUS
10
7.4645566141732278
20
-4.3240521653543302
11
7.4634045275590548
21
-4.3240521653543302
0
LINE
8
BLACK
6
CONTINUOUS
10
7.4634045275590548
20
-4.3240521653543302
11
7.4623401181102365
21
-4.3236112598425196
0
LINE
8
BLACK
6
CONTINUOUS
10
7.4623401181102365
20
-4.3236112598425196
11
7.4615254330708662
21
-4.3227965748031494
0
LINE
8
BLACK
6
CONTINUOUS
10
7.4615254330708662
20
-4.3227965748031494
11
7.4610845669291335
21
-4.321732165354331
0
LINE
8
BLACK
6
CONTINUOUS
10
7.4610845669291335
20
-4.321732165354331
11
7.4610845669291335
21
-4.3205800787401571
0
LINE
8
BLACK
6
CONTINUOUS
10
7.4610845669291335
20
-4.3205800787401571
11
7.461525472440945
21
-4.3195156692913388
0
LINE
8
BLACK
6
CONTINUOUS
10
7.461525472440945
20
-4.3195156692913388
11
7.4618927165354325
21
-4.3190681889763782
0
LINE
8
BLACK
6
CONTINUOUS
10
7.4618927165354325
20
-4.3190681889763782
11
7.4634286614173231
21
-4.3175322440944877
0
LINE
8
BLACK
6
CONTINUOUS
10
7.4634286614173231
20
-4.3175322440944877
11
7.4647774015748034
21
-4.3148348031496058
0
LINE
8
BLACK
6
CONTINUOUS
10
7.4647774015748034
20
-4.3148348031496058
11
7.4647774015748034
21
-4.3049803149606296
0
LINE
8
BLACK
6
CONTINUOUS
10
7.4647774015748034
20
-4.3049803149606296
11
7.4634286614173231
21
-4.302282834645669
0
LINE
8
BLACK
6
CONTINUOUS
10
7.4634286614173231
20
-4.302282834645669
11
7.4622314960629916
21
-4.3010857086614172
0
LINE
8
BLACK
6
CONTINUOUS
10
7.4622314960629916
20
-4.3010857086614172
11
7.459534015748031
21
-4.2997369685039368
0
LINE
8
BLACK
6
CONTINUOUS
10
7.459534015748031
20
-4.2997369685039368
11
7.4515542913385824
21
-4.2997369685039368
0
LINE
8
BLACK
6
CONTINUOUS
10
7.4515542913385824
20
-4.2997369685039368
11
7.4488568110236217
21
-4.3010857086614172
0
LINE
8
BLACK
6
CONTINUOUS
10
7.4488568110236217
20
-4.3010857086614172
11
7.4476596850393699
21
-4.302282834645669
0
LINE
8
BLACK
6
CONTINUOUS
10
7.4476596850393699
20
-4.302282834645669
11
7.4463109448818896
21
-4.3049803149606296
0
LINE
8
BLACK
6
CONTINUOUS
10
7.4463109448818896
20
-4.3049803149606296
11
7.4463109448818896
21
-4.3099075590551177
0
LINE
8
BLACK
6
CONTINUOUS
10
7.4463109448818896
20
-4.3099075590551177
11
7.4462809055118111
21
-4.3102122047244089
0
LINE
8
BLACK
6
CONTINUOUS
10
7.4462809055118111
20
-4.3102122047244089
11
7.4462861023622047
21
-4.3102896850393702
0
LINE
8
BLACK
6
CONTINUOUS
10
7.4462861023622047
20
-4.3102896850393702
11
7.4462680314960625
21
-4.3103430314960631
0
LINE
8
BLACK
6
CONTINUOUS
10
7.4462680314960625
20
-4.3103430314960631
11
7.4462542125984248
21
-4.3104836220472436
0
LINE
8
BLACK
6
CONTINUOUS
10
7.4462542125984248
20
-4.3104836220472436
11
7.446070590551181
21
-4.3109268110236219
0
LINE
8
BLACK
6
CONTINUOUS
10
7.446070590551181
20
-4.3109268110236219
11
7.4459170078740158
21
-4.3113810629921261
0
LINE
8
BLACK
6
CONTINUOUS
10
7.4459170078740158
20
-4.3113810629921261
11
7.4458514173228343
21
-4.3114560236220472
0
LINE
8
BLACK
6
CONTINUOUS
10
7.4458514173228343
20
-4.3114560236220472
11
7.4458133070866142
21
-4.3115480314960628
0
LINE
8
BLACK
6
CONTINUOUS
10
7.4458133070866142
20
-4.3115480314960628
11
7.4454742913385825
21
-4.3118870078740157
0
LINE
8
BLACK
6
CONTINUOUS
10
7.4454742913385825
20
-4.3118870078740157
11
7.4451583464566928
21
-4.3122481496062992
0
LINE
8
BLACK
6
CONTINUOUS
10
7.4451583464566928
20
-4.3122481496062992
11
7.4450689763779527
21
-4.3122923228346455
0
LINE
8
BLACK
6
CONTINUOUS
10
7.4450689763779527
20
-4.3122923228346455
11
7.4449986614173227
21
-4.3123626771653543
0
LINE
8
BLACK
6
CONTINUOUS
10
7.4449986614173227
20
-4.3123626771653543
11
7.4445557086614169
21
-4.312546141732283
0
LINE
8
BLACK
6
CONTINUOUS
10
7.4445557086614169
20
-4.312546141732283
11
7.4441255905511809
21
-4.3127588582677161
0
LINE
8
BLACK
6
CONTINUOUS
10
7.4441255905511809
20
-4.3127588582677161
11
7.4440262204724403
21
-4.3127654724409448
0
LINE
8
BLACK
6
CONTINUOUS
10
7.4440262204724403
20
-4.3127654724409448
11
7.4439342519685034
21
-4.3128035826771649
0
LINE
8
BLACK
6
CONTINUOUS
10
7.4439342519685034
20
-4.3128035826771649
11
7.4434545275590551
21
-4.3128035826771649
0
LINE
8
BLACK
6
CONTINUOUS
10
7.4434545275590551
20
-4.3128035826771649
11
7.442976062992126
21
-4.3128354724409448
0
LINE
8
BLACK
6
CONTINUOUS
10
7.442976062992126
20
-4.3128354724409448
11
7.4428817716535427
21
-4.3128035826771649
0
LINE
8
BLACK
6
CONTINUOUS
10
7.4428817716535427
20
-4.3128035826771649
11
7.4427821259842517
21
-4.3128035826771649
0
LINE
8
BLACK
6
CONTINUOUS
10
7.4427821259842517
20
-4.3128035826771649
11
7.4423388976377955
21
-4.3126199606299211
0
LINE
8
BLACK
6
CONTINUOUS
10
7.4423388976377955
20
-4.3126199606299211
11
7.4418846850393701
21
-4.3124663779527559
0
LINE
8
BLACK
6
CONTINUOUS
10
7.4418846850393701
20
-4.3124663779527559
11
7.4417698031496062
21
-4.3123842519685036
0
LINE
8
BLACK
6
CONTINUOUS
10
7.4417698031496062
20
-4.3123842519685036
11
7.4417177165354325
21
-4.3123626771653543
0
LINE
8
BLACK
6
CONTINUOUS
10
7.4417177165354325
20
-4.3123626771653543
11
7.4416627559055115
21
-4.3123077165354333
0
LINE
8
BLACK
6
CONTINUOUS
10
7.4416627559055115
20
-4.3123077165354333
11
7.4414137795275588
21
-4.3121297244094485
0
LINE
8
BLACK
6
CONTINUOUS
10
7.4414137795275588
20
-4.3121297244094485
11
7.4313128346456692
21
-4.303291377952756
0
LINE
8
BLACK
6
CONTINUOUS
10
7.4313128346456692
20
-4.303291377952756
11
7.4313128346456692
21
-4.321156141732283
0
LINE
8
BLACK
6
CONTINUOUS
10
7.4313128346456692
20
-4.321156141732283
11
7.4312561023622044
21
-4.3217322047244098
0
LINE
8
BLACK
6
CONTINUOUS
10
7.4312561023622044
20
-4.3217322047244098
11
7.4308151968503937
21
-4.3227966141732281
0
LINE
8
BLACK
6
CONTINUOUS
10
7.4308151968503937
20
-4.3227966141732281
11
7.4300005511811023
21
-4.3236112598425196
0
LINE
8
BLACK
6
CONTINUOUS
10
7.4300005511811023
20
-4.3236112598425196
11
7.428936141732283
21
-4.3240521653543302
0
LINE
8
BLACK
6
CONTINUOUS
10
7.428936141732283
20
-4.3240521653543302
11
7.4277840157480313
21
-4.3240521653543302
0
LINE
8
BLACK
6
CONTINUOUS
10
7.4277840157480313
20
-4.3240521653543302
11
7.426719606299212
21
-4.3236112598425196
0
LINE
8
BLACK
6
CONTINUOUS
10
7.426719606299212
20
-4.3236112598425196
11
7.4259049606299214
21
-4.3227966141732281
0
LINE
8
BLACK
6
CONTINUOUS
10
7.4259049606299214
20
-4.3227966141732281
11
7.4254640551181099
21
-4.3217322047244098
0
LINE
8
BLACK
6
CONTINUOUS
10
7.4254640551181099
20
-4.3217322047244098
11
7.4254073228346451
21
-4.321156141732283
0
LINE
8
BLACK
6
CONTINUOUS
10
7.4254073228346451
20
-4.321156141732283
11
7.4254073228346451
21
-4.2967842125984248
0
LINE
8
BLACK
6
CONTINUOUS
10
7.4254073228346451
20
-4.2967842125984248
11
7.4254373228346457
21
-4.2964795275590548
0
LINE
8
BLACK
6
CONTINUOUS
10
7.4254373228346457
20
-4.2964795275590548
11
7.4254321653543309
21
-4.2964020866141732
0
LINE
8
BLACK
6
CONTINUOUS
10
7.4254321653543309
20
-4.2964020866141732
11
7.4254501968503934
21
-4.2963487007874015
0
LINE
8
BLACK
6
CONTINUOUS
10
7.4254501968503934
20
-4.2963487007874015
11
7.4254640551181099
21
-4.2962081496062989
0
LINE
8
BLACK
6
CONTINUOUS
10
7.4254640551181099
20
-4.2962081496062989
11
7.4256476377952758
21
-4.2957649212598428
0
LINE
8
BLACK
6
CONTINUOUS
10
7.4256476377952758
20
-4.2957649212598428
11
7.4258012598425198
21
-4.2953107086614173
0
LINE
8
BLACK
6
CONTINUOUS
10
7.4258012598425198
20
-4.2953107086614173
11
7.4258668110236217
21
-4.2952357086614175
0
LINE
8
BLACK
6
CONTINUOUS
10
7.4258668110236217
20
-4.2952357086614175
11
7.4259049606299214
21
-4.2951437401574806
0
LINE
8
BLACK
6
CONTINUOUS
10
7.4259049606299214
20
-4.2951437401574806
11
7.4262439370078734
21
-4.2948047244094489
0
LINE
8
BLACK
6
CONTINUOUS
10
7.4262439370078734
20
-4.2948047244094489
11
7.4265599212598428
21
-4.2944436220472442
0
LINE
8
BLACK
6
CONTINUOUS
10
7.4265599212598428
20
-4.2944436220472442
11
7.4266492519685041
21
-4.2943994094488191
0
LINE
8
BLACK
6
CONTINUOUS
10
7.4266492519685041
20
-4.2943994094488191
11
7.426719606299212
21
-4.2943290944881891
0
LINE
8
BLACK
6
CONTINUOUS
10
7.426719606299212
20
-4.2943290944881891
11
7.427162519685039
21
-4.2941455905511807
0
LINE
8
BLACK
6
CONTINUOUS
10
7.427162519685039
20
-4.2941455905511807
11
7.4275926771653538
21
-4.2939329133858264
0
LINE
8
BLACK
6
CONTINUOUS
10
7.4275926771653538
20
-4.2939329133858264
11
7.4276920078740156
21
-4.2939262598425199
0
LINE
8
BLACK
6
CONTINUOUS
10
7.4276920078740156
20
-4.2939262598425199
11
7.4277840157480313
21
-4.2938881889763776
0
LINE
8
BLACK
6
CONTINUOUS
10
7.4277840157480313
20
-4.2938881889763776
11
7.4282637401574805
21
-4.2938881889763776
0
LINE
8
BLACK
6
CONTINUOUS
10
7.4282637401574805
20
-4.2938881889763776
11
7.4287422047244096
21
-4.2938562992125986
0
LINE
8
BLACK
6
CONTINUOUS
10
7.4287422047244096
20
-4.2938562992125986
11
7.428836496062992
21
-4.2938881889763776
0
LINE
8
BLACK
6
CONTINUOUS
10
7.428836496062992
20
-4.2938881889763776
11
7.428936141732283
21
-4.2938881889763776
0
LINE
8
BLACK
6
CONTINUOUS
10
7.428936141732283
20
-4.2938881889763776
11
7.4293793307086613
21
-4.2940717716535435
0
LINE
8
BLACK
6
CONTINUOUS
10
7.4293793307086613
20
-4.2940717716535435
11
7.4298335826771655
21
-4.2942253937007875
0
LINE
8
BLACK
6
CONTINUOUS
10
7.4298335826771655
20
-4.2942253937007875
11
7.4299484251968506
21
-4.2943074803149601
0
LINE
8
BLACK
6
CONTINUOUS
10
7.4299484251968506
20
-4.2943074803149601
11
7.4300005511811023
21
-4.2943290944881891
0
LINE
8
BLACK
6
CONTINUOUS
10
7.4300005511811023
20
-4.2943290944881891
11
7.4300554724409444
21
-4.2943840157480313
0
LINE
8
BLACK
6
CONTINUOUS
10
7.4300554724409444
20
-4.2943840157480313
11
7.4303044881889759
21
-4.294562047244094
0
LINE
8
BLACK
6
CONTINUOUS
10
7.4303044881889759
20
-4.294562047244094
11
7.4405135039370078
21
-4.3034949212598423
0
LINE
8
BLACK
6
CONTINUOUS
10
7.4405135039370078
20
-4.3034949212598423
11
7.4407171653543305
21
-4.3029627559055115
0
LINE
8
BLACK
6
CONTINUOUS
10
7.4407171653543305
20
-4.3029627559055115
11
7.442591929133858
21
-4.2992132283464564
0
LINE
8
BLACK
6
CONTINUOUS
10
7.442591929133858
20
-4.2992132283464564
11
7.4427479921259838
21
-4.2989651968503937
0
LINE
8
BLACK
6
CONTINUOUS
10
7.4427479921259838
20
-4.2989651968503937
11
7.4427778346456694
21
-4.2988932677165357
0
LINE
8
BLACK
6
CONTINUOUS
10
7.4427778346456694
20
-4.2988932677165357
11
7.4428442913385826
21
-4.2988122834645672
0
LINE
8
BLACK
6
CONTINUOUS
10
7.4428442913385826
20
-4.2988122834645672
11
7.4429002755905511
21
-4.2987233464566925
0
LINE
8
BLACK
6
CONTINUOUS
10
7.4429002755905511
20
-4.2987233464566925
11
7.4429592519685039
21
-4.2986721653543309
0
LINE
8
BLACK
6
CONTINUOUS
10
7.4429592519685039
20
-4.2986721653543309
11
7.4431450393700782
21
-4.2984458267716539
0
LINE
8
BLACK
6
CONTINUOUS
10
7.4431450393700782
20
-4.2984458267716539
11
7.4450198031496058
21
-4.2965710629921263
0
LINE
8
BLACK
6
CONTINUOUS
10
7.4450198031496058
20
-4.2965710629921263
11
7.4452461417322837
21
-4.2963852755905512
0
LINE
8
BLACK
6
CONTINUOUS
10
7.4452461417322837
20
-4.2963852755905512
11
7.4452973228346453
21
-4.2963262992125983
0
LINE
8
BLACK
6
CONTINUOUS
10
7.4452973228346453
20
-4.2963262992125983
11
7.4453862598425191
21
-4.2962703149606298
0
LINE
8
BLACK
6
CONTINUOUS
10
7.4453862598425191
20
-4.2962703149606298
11
7.4454672440944885
21
-4.2962038582677167
0
LINE
8
BLACK
6
CONTINUOUS
10
7.4454672440944885
20
-4.2962038582677167
11
7.4455391732283465
21
-4.296174015748031
0
LINE
8
BLACK
6
CONTINUOUS
10
7.4455391732283465
20
-4.296174015748031
11
7.4457872047244091
21
-4.2960179527559053
0
LINE
8
BLACK
6
CONTINUOUS
10
7.4457872047244091
20
-4.2960179527559053
11
7.4495367322834642
21
-4.2941431889763777
0
LINE
8
BLACK
6
CONTINUOUS
10
7.4495367322834642
20
-4.2941431889763777
11
7.4500773228346455
21
-4.2939362992125982
0
LINE
8
BLACK
6
CONTINUOUS
10
7.4500773228346455
20
-4.2939362992125982
11
7.4501831889763777
21
-4.2939287401574804
0
LINE
8
BLACK
6
CONTINUOUS
10
7.4501831889763777
20
-4.2939287401574804
11
7.4502811811023619
21
-4.2938881889763776
0
LINE
8
BLACK
6
CONTINUOUS
10
7.4502811811023619
20
-4.2938881889763776
11
7.4508572440944878
21
-4.2938314566929137
0
LINE
8
BLACK
6
CONTINUOUS
10
7.4508572440944878
20
-4.2938314566929137
11
7.4602310629921256
21
-4.2938314566929137
0
LINE
8
BLACK
6
CONTINUOUS
10
7.4602310629921256
20
-4.2938314566929137
11
7.4608071259842514
21
-4.2938881889763776
0
LINE
8
BLACK
6
CONTINUOUS
10
3.2723962992125983
20
-4.288086062992126
11
3.2723963779527558
21
-4.2880861023622048
0
LINE
8
BLACK
6
CONTINUOUS
10
3.2723963779527558
20
-4.2880861023622048
11
3.2728438188976376
21
-4.2884533070866144
0
LINE
8
BLACK
6
CONTINUOUS
10
3.2728438188976376
20
-4.2884533070866144
11
3.2747185826771652
21
-4.290328070866142
0
LINE
8
BLACK
6
CONTINUOUS
10
3.2747185826771652
20
-4.290328070866142
11
3.2750857874015749
21
-4.2907755118110238
0
LINE
8
BLACK
6
CONTINUOUS
10
3.2750857874015749
20
-4.2907755118110238
11
3.2752273622047245
21
-4.2911172834645672
0
LINE
8
BLACK
6
CONTINUOUS
10
3.2752273622047245
20
-4.2911172834645672
11
3.2755266929133859
21
-4.2918399606299209
0
LINE
8
BLACK
6
CONTINUOUS
10
3.2755266929133859
20
-4.2918399606299209
11
3.2755266929133859
21
-4.2929920472440948
0
LINE
8
BLACK
6
CONTINUOUS
10
3.2755266929133859
20
-4.2929920472440948
11
3.2750857874015749
21
-4.2940564566929131
0
LINE
8
BLACK
6
CONTINUOUS
10
3.2750857874015749
20
-4.2940564566929131
11
3.2747185826771652
21
-4.2945038976377949
0
LINE
8
BLACK
6
CONTINUOUS
10
3.2747185826771652
20
-4.2945038976377949
11
3.2728438188976376
21
-4.2963786614173225
0
LINE
8
BLACK
6
CONTINUOUS
10
3.2728438188976376
20
-4.2963786614173225
11
3.2723963779527558
21
-4.2967458661417322
0
LINE
8
BLACK
6
CONTINUOUS
10
3.2723963779527558
20
-4.2967458661417322
11
3.271331968503937
21
-4.2971867716535428
0
LINE
8
BLACK
6
CONTINUOUS
10
3.271331968503937
20
-4.2971867716535428
11
3.2701798818897636
21
-4.2971867716535428
0
LINE
8
BLACK
6
CONTINUOUS
10
3.2701798818897636
20
-4.2971867716535428
11
3.2691154724409448
21
-4.2967459055118109
0
LINE
8
BLACK
6
CONTINUOUS
10
3.2691154724409448
20
-4.2967459055118109
11
3.2686679921259842
21
-4.2963786614173225
0
LINE
8
BLACK
6
CONTINUOUS
10
3.2686679921259842
20
-4.2963786614173225
11
3.2667932283464567
21
-4.2945039370078737
0
LINE
8
BLACK
6
CONTINUOUS
10
3.2667932283464567
20
-4.2945039370078737
11
3.2664259842519683
21
-4.2940564566929131
0
LINE
8
BLACK
6
CONTINUOUS
10
3.2664259842519683
20
-4.2940564566929131
11
3.2664259448818895
21
-4.2940564173228344
0
LINE
8
BLACK
6
CONTINUOUS
10
3.2664259448818895
20
-4.2940564173228344
11
3.2659850787401572
21
-4.292992007874016
0
LINE
8
BLACK
6
CONTINUOUS
10
3.2659850787401572
20
-4.292992007874016
11
3.2659850787401572
21
-4.2918399212598421
0
LINE
8
BLACK
6
CONTINUOUS
10
3.2659850787401572
20
-4.2918399212598421
11
3.266284409448819
21
-4.2911172834645672
0
LINE
8
BLACK
6
CONTINUOUS
10
3.266284409448819
20
-4.2911172834645672
11
3.2664259448818895
21
-4.2907755511811025
0
LINE
8
BLACK
6
CONTINUOUS
10
3.2664259448818895
20
-4.2907755511811025
11
3.2664259842519683
21
-4.2907755118110238
0
LINE
8
BLACK
6
CONTINUOUS
10
3.2664259842519683
20
-4.2907755118110238
11
3.2667932283464567
21
-4.2903280314960632
0
LINE
8
BLACK
6
CONTINUOUS
10
3.2667932283464567
20
-4.2903280314960632
11
3.2686679921259842
21
-4.2884533070866144
0
LINE
8
BLACK
6
CONTINUOUS
10
3.2686679921259842
20
-4.2884533070866144
11
3.2691154724409448
21
-4.288086062992126
0
LINE
8
BLACK
6
CONTINUOUS
10
3.2691154724409448
20
-4.288086062992126
11
3.2701798818897636
21
-4.2876451968503932
0
LINE
8
BLACK
6
CONTINUOUS
10
3.2701798818897636
20
-4.2876451968503932
11
3.271331968503937
21
-4.2876451968503932
0
LINE
8
BLACK
6
CONTINUOUS
10
3.271331968503937
20
-4.2876451968503932
11
3.2723962992125983
21
-4.288086062992126
0
LINE
8
BLACK
6
CONTINUOUS
10
7.4383099606299208
20
-4.2563928740157477
11
7.4384079527559051
21
-4.2564334645669293
0
LINE
8
BLACK
6
CONTINUOUS
10
7.4384079527559051
20
-4.2564334645669293
11
7.4385137795275593
21
-4.2564409842519684
0
LINE
8
BLACK
6
CONTINUOUS
10
7.4385137795275593
20
-4.2564409842519684
11
7.4390544094488185
21
-4.2566478740157478
0
LINE
8
BLACK
6
CONTINUOUS
10
7.4390544094488185
20
-4.2566478740157478
11
7.4428039370078736
21
-4.2585226377952754
0
LINE
8
BLACK
6
CONTINUOUS
10
7.4428039370078736
20
-4.2585226377952754
11
7.4430519291338584
21
-4.2586787007874012
0
LINE
8
BLACK
6
CONTINUOUS
10
7.4430519291338584
20
-4.2586787007874012
11
7.4431238976377951
21
-4.2587085433070868
0
LINE
8
BLACK
6
CONTINUOUS
10
7.4431238976377951
20
-4.2587085433070868
11
7.4432048425196848
21
-4.258775
0
LINE
8
BLACK
6
CONTINUOUS
10
7.4432048425196848
20
-4.258775
11
7.4432938188976374
21
-4.2588309842519685
0
LINE
8
BLACK
6
CONTINUOUS
10
7.4432938188976374
20
-4.2588309842519685
11
7.4433449606299211
21
-4.2588899606299213
0
LINE
8
BLACK
6
CONTINUOUS
10
7.4433449606299211
20
-4.2588899606299213
11
7.4435713385826769
21
-4.2590757480314956
0
LINE
8
BLACK
6
CONTINUOUS
10
7.4435713385826769
20
-4.2590757480314956
11
7.4452329527559051
21
-4.2607373622047247
0
LINE
8
BLACK
6
CONTINUOUS
10
7.4452329527559051
20
-4.2607373622047247
11
7.4468945669291333
21
-4.2590757480314956
0
LINE
8
BLACK
6
CONTINUOUS
10
7.4468945669291333
20
-4.2590757480314956
11
7.4471209055118113
21
-4.2588899606299213
0
LINE
8
BLACK
6
CONTINUOUS
10
7.4471209055118113
20
-4.2588899606299213
11
7.4471720866141728
21
-4.2588309842519685
0
LINE
8
BLACK
6
CONTINUOUS
10
7.4471720866141728
20
-4.2588309842519685
11
7.4472610236220467
21
-4.258775
0
LINE
8
BLACK
6
CONTINUOUS
10
7.4472610236220467
20
-4.258775
11
7.447342007874016
21
-4.2587085433070868
0
LINE
8
BLACK
6
CONTINUOUS
10
7.447342007874016
20
-4.2587085433070868
11
7.447413937007874
21
-4.2586787007874012
0
LINE
8
BLACK
6
CONTINUOUS
10
7.447413937007874
20
-4.2586787007874012
11
7.4476619685039367
21
-4.2585226377952754
0
LINE
8
BLACK
6
CONTINUOUS
10
7.4476619685039367
20
-4.2585226377952754
11
7.4514114960629918
21
-4.2566478740157478
0
LINE
8
BLACK
6
CONTINUOUS
10
7.4514114960629918
20
-4.2566478740157478
11
7.4519520866141731
21
-4.2564409842519684
0
LINE
8
BLACK
6
CONTINUOUS
10
7.4519520866141731
20
-4.2564409842519684
11
7.4520579527559052
21
-4.2564334251968505
0
LINE
8
BLACK
6
CONTINUOUS
10
7.4520579527559052
20
-4.2564334251968505
11
7.4521559448818895
21
-4.2563928740157477
0
LINE
8
BLACK
6
CONTINUOUS
10
7.4521559448818895
20
-4.2563928740157477
11
7.4527320078740154
21
-4.2563361417322838
0
LINE
8
BLACK
6
CONTINUOUS
10
7.4527320078740154
20
-4.2563361417322838
11
7.4602310629921256
21
-4.2563361417322838
0
LINE
8
BLACK
6
CONTINUOUS
10
7.4602310629921256
20
-4.2563361417322838
11
7.4608071259842514
21
-4.2563928740157477
0
LINE
8
BLACK
6
CONTINUOUS
10
7.4608071259842514
20
-4.2563928740157477
11
7.4609051181102357
21
-4.2564334645669293
0
LINE
8
BLACK
6
CONTINUOUS
10
7.4609051181102357
20
-4.2564334645669293
11
7.46101094488189
21
-4.2564409842519684
0
LINE
8
BLACK
6
CONTINUOUS
10
7.46101094488189
20
-4.2564409842519684
11
7.4615515748031491
21
-4.2566478740157478
0
LINE
8
BLACK
6
CONTINUOUS
10
7.4615515748031491
20
-4.2566478740157478
11
7.4653011023622042
21
-4.2585226377952754
0
LINE
8
BLACK
6
CONTINUOUS
10
7.4653011023622042
20
-4.2585226377952754
11
7.4655489763779528
21
-4.2586786614173224
0
LINE
8
BLACK
6
CONTINUOUS
10
7.4655489763779528
20
-4.2586786614173224
11
7.465621023622047
21
-4.2587085039370081
0
LINE
8
BLACK
6
CONTINUOUS
10
7.465621023622047
20
-4.2587085039370081
11
7.4657020472440943
21
-4.258775
0
LINE
8
BLACK
6
CONTINUOUS
10
7.4657020472440943
20
-4.258775
11
7.4657909842519681
21
-4.2588309842519685
0
LINE
8
BLACK
6
CONTINUOUS
10
7.4657909842519681
20
-4.2588309842519685
11
7.4658421259842518
21
-4.2588899606299213
0
LINE
8
BLACK
6
CONTINUOUS
10
7.4658421259842518
20
-4.2588899606299213
11
7.4660684645669289
21
-4.2590757086614168
0
LINE
8
BLACK
6
CONTINUOUS
10
7.4660684645669289
20
-4.2590757086614168
11
7.4679432677165352
21
-4.2609504724409444
0
LINE
8
BLACK
6
CONTINUOUS
10
7.4679432677165352
20
-4.2609504724409444
11
7.4681290157480316
21
-4.2611768110236223
0
LINE
8
BLACK
6
CONTINUOUS
10
7.4681290157480316
20
-4.2611768110236223
11
7.4681880708661419
21
-4.2612280314960627
0
LINE
8
BLACK
6
CONTINUOUS
10
7.4681880708661419
20
-4.2612280314960627
11
7.4682440551181104
21
-4.2613169685039365
0
LINE
8
BLACK
6
CONTINUOUS
10
7.4682440551181104
20
-4.2613169685039365
11
7.4683105118110236
21
-4.2613979527559058
0
LINE
8
BLACK
6
CONTINUOUS
10
7.4683105118110236
20
-4.2613979527559058
11
7.4683403149606296
21
-4.2614698818897638
0
LINE
8
BLACK
6
CONTINUOUS
10
7.4683403149606296
20
-4.2614698818897638
11
7.4684964173228341
21
-4.2617179133858265
0
LINE
8
BLACK
6
CONTINUOUS
10
7.4684964173228341
20
-4.2617179133858265
11
7.4703711811023616
21
-4.2654674409448816
0
LINE
8
BLACK
6
CONTINUOUS
10
7.4703711811023616
20
-4.2654674409448816
11
7.4705780708661411
21
-4.2660080314960629
0
LINE
8
BLACK
6
CONTINUOUS
10
7.4705780708661411
20
-4.2660080314960629
11
7.4705855905511811
21
-4.266113897637795
0
LINE
8
BLACK
6
CONTINUOUS
10
7.4705855905511811
20
-4.266113897637795
11
7.4706261811023618
21
-4.2662118897637793
0
LINE
8
BLACK
6
CONTINUOUS
10
7.4706261811023618
20
-4.2662118897637793
11
7.4706829133858266
21
-4.2667879527559052
0
LINE
8
BLACK
6
CONTINUOUS
10
7.4706829133858266
20
-4.2667879527559052
11
7.4706829133858266
21
-4.2742870078740154
0
LINE
8
BLACK
6
CONTINUOUS
10
7.4706829133858266
20
-4.2742870078740154
11
7.4706261811023618
21
-4.2748630708661413
0
LINE
8
BLACK
6
CONTINUOUS
10
7.4706261811023618
20
-4.2748630708661413
11
7.4705855905511811
21
-4.2749610236220468
0
LINE
8
BLACK
6
CONTINUOUS
10
7.4705855905511811
20
-4.2749610236220468
11
7.4705780708661411
21
-4.2750669291338586
0
LINE
8
BLACK
6
CONTINUOUS
10
7.4705780708661411
20
-4.2750669291338586
11
7.4703711811023616
21
-4.2756075196850389
0
LINE
8
BLACK
6
CONTINUOUS
10
7.4703711811023616
20
-4.2756075196850389
11
7.4684964173228341
21
-4.279357047244094
0
LINE
8
BLACK
6
CONTINUOUS
10
7.4684964173228341
20
-4.279357047244094
11
7.4683403149606296
21
-4.2796050393700789
0
LINE
8
BLACK
6
CONTINUOUS
10
7.4683403149606296
20
-4.2796050393700789
11
7.4683105118110236
21
-4.2796770078740156
0
LINE
8
BLACK
6
CONTINUOUS
10
7.4683105118110236
20
-4.2796770078740156
11
7.4682440551181104
21
-4.2797579527559053
0
LINE
8
BLACK
6
CONTINUOUS
10
7.4682440551181104
20
-4.2797579527559053
11
7.4681880708661419
21
-4.2798469291338579
0
LINE
8
BLACK
6
CONTINUOUS
10
7.4681880708661419
20
-4.2798469291338579
11
7.4681290157480316
21
-4.2798981102362204
0
LINE
8
BLACK
6
CONTINUOUS
10
7.4681290157480316
20
-4.2798981102362204
11
7.4679432677165352
21
-4.2801244881889762
0
LINE
8
BLACK
6
CONTINUOUS
10
7.4679432677165352
20
-4.2801244881889762
11
7.4660684645669289
21
-4.2819992519685037
0
LINE
8
BLACK
6
CONTINUOUS
10
7.4660684645669289
20
-4.2819992519685037
11
7.4658421259842518
21
-4.2821849606299214
0
LINE
8
BLACK
6
CONTINUOUS
10
7.4658421259842518
20
-4.2821849606299214
11
7.4657909842519681
21
-4.282243976377953
0
LINE
8
BLACK
6
CONTINUOUS
10
7.4657909842519681
20
-4.282243976377953
11
7.4657020472440943
21
-4.2822999212598427
0
LINE
8
BLACK
6
CONTINUOUS
10
7.4657020472440943
20
-4.2822999212598427
11
7.465621023622047
21
-4.2823664566929134
0
LINE
8
BLACK
6
CONTINUOUS
10
7.465621023622047
20
-4.2823664566929134
11
7.4655489763779528
21
-4.2823962598425194
0
LINE
8
BLACK
6
CONTINUOUS
10
7.4655489763779528
20
-4.2823962598425194
11
7.4653011023622042
21
-4.2825523228346452
0
LINE
8
BLACK
6
CONTINUOUS
10
7.4653011023622042
20
-4.2825523228346452
11
7.4615515748031491
21
-4.2844270866141727
0
LINE
8
BLACK
6
CONTINUOUS
10
7.4615515748031491
20
-4.2844270866141727
11
7.46101094488189
21
-4.2846339763779531
0
LINE
8
BLACK
6
CONTINUOUS
10
7.46101094488189
20
-4.2846339763779531
11
7.4609051181102357
21
-4.2846414566929134
0
LINE
8
BLACK
6
CONTINUOUS
10
7.4609051181102357
20
-4.2846414566929134
11
7.4608071259842514
21
-4.2846820866141728
0
LINE
8
BLACK
6
CONTINUOUS
10
7.4608071259842514
20
-4.2846820866141728
11
7.4602310629921256
21
-4.2847388188976376
0
LINE
8
BLACK
6
CONTINUOUS
10
7.4602310629921256
20
-4.2847388188976376
11
7.4527320078740154
21
-4.2847388188976376
0
LINE
8
BLACK
6
CONTINUOUS
10
7.4527320078740154
20
-4.2847388188976376
11
7.4521559448818895
21
-4.2846820866141728
0
LINE
8
BLACK
6
CONTINUOUS
10
7.4521559448818895
20
-4.2846820866141728
11
7.4520579527559052
21
-4.2846414960629922
0
LINE
8
BLACK
6
CONTINUOUS
10
7.4520579527559052
20
-4.2846414960629922
11
7.4519520866141731
21
-4.2846339763779531
0
LINE
8
BLACK
6
CONTINUOUS
10
7.4519520866141731
20
-4.2846339763779531
11
7.4514114960629918
21
-4.2844270866141727
0
LINE
8
BLACK
6
CONTINUOUS
10
7.4514114960629918
20
-4.2844270866141727
11
7.4476619685039367
21
-4.2825523228346452
0
LINE
8
BLACK
6
CONTINUOUS
10
7.4476619685039367
20
-4.2825523228346452
11
7.447413937007874
21
-4.2823962204724406
0
LINE
8
BLACK
6
CONTINUOUS
10
7.447413937007874
20
-4.2823962204724406
11
7.447342007874016
21
-4.2823664173228346
0
LINE
8
BLACK
6
CONTINUOUS
10
7.447342007874016
20
-4.2823664173228346
11
7.4472610236220467
21
-4.2822999212598427
0
LINE
8
BLACK
6
CONTINUOUS
10
7.4472610236220467
20
-4.2822999212598427
11
7.4471720866141728
21
-4.282243976377953
0
LINE
8
BLACK
6
CONTINUOUS
10
7.4471720866141728
20
-4.282243976377953
11
7.4471209055118113
21
-4.2821849606299214
0
LINE
8
BLACK
6
CONTINUOUS
10
7.4471209055118113
20
-4.2821849606299214
11
7.4468945669291333
21
-4.281999212598425
0
LINE
8
BLACK
6
CONTINUOUS
10
7.4468945669291333
20
-4.281999212598425
11
7.4452329527559051
21
-4.2803375984251968
0
LINE
8
BLACK
6
CONTINUOUS
10
7.4452329527559051
20
-4.2803375984251968
11
7.4435713385826769
21
-4.281999212598425
0
LINE
8
BLACK
6
CONTINUOUS
10
7.4435713385826769
20
-4.281999212598425
11
7.4433449606299211
21
-4.2821849606299214
0
LINE
8
BLACK
6
CONTINUOUS
10
7.4433449606299211
20
-4.2821849606299214
11
7.4432938188976374
21
-4.282243976377953
0
LINE
8
BLACK
6
CONTINUOUS
10
7.4432938188976374
20
-4.282243976377953
11
7.4432048425196848
21
-4.2822999212598427
0
LINE
8
BLACK
6
CONTINUOUS
10
7.4432048425196848
20
-4.2822999212598427
11
7.4431238976377951
21
-4.2823664173228346
0
LINE
8
BLACK
6
CONTINUOUS
10
7.4431238976377951
20
-4.2823664173228346
11
7.4430519291338584
21
-4.2823962204724406
0
LINE
8
BLACK
6
CONTINUOUS
10
7.4430519291338584
20
-4.2823962204724406
11
7.4428039370078736
21
-4.2825523228346452
0
LINE
8
BLACK
6
CONTINUOUS
10
7.4428039370078736
20
-4.2825523228346452
11
7.4390544094488185
21
-4.2844270866141727
0
LINE
8
BLACK
6
CONTINUOUS
10
7.4390544094488185
20
-4.2844270866141727
11
7.4385137795275593
21
-4.2846339763779531
0
LINE
8
BLACK
6
CONTINUOUS
10
7.4385137795275593
20
-4.2846339763779531
11
7.4384079527559051
21
-4.2846414566929134
0
LINE
8
BLACK
6
CONTINUOUS
10
7.4384079527559051
20
-4.2846414566929134
11
7.4383099606299208
21
-4.2846820866141728
0
LINE
8
BLACK
6
CONTINUOUS
10
7.4383099606299208
20
-4.2846820866141728
11
7.4377338976377949
21
-4.2847388188976376
0
LINE
8
BLACK
6
CONTINUOUS
10
7.4377338976377949
20
-4.2847388188976376
11
7.4358591338582674
21
-4.2847388188976376
0
LINE
8
BLACK
6
CONTINUOUS
10
7.4358591338582674
20
-4.2847388188976376
11
7.4352830708661415
21
-4.2846820866141728
0
LINE
8
BLACK
6
CONTINUOUS
10
7.4352830708661415
20
-4.2846820866141728
11
7.4351850787401572
21
-4.2846414960629922
0
LINE
8
BLACK
6
CONTINUOUS
10
7.4351850787401572
20
-4.2846414960629922
11
7.4350792125984251
21
-4.2846339763779531
0
LINE
8
BLACK
6
CONTINUOUS
10
7.4350792125984251
20
-4.2846339763779531
11
7.4345386220472438
21
-4.2844270866141727
0
LINE
8
BLACK
6
CONTINUOUS
10
7.4345386220472438
20
-4.2844270866141727
11
7.4307890944881887
21
-4.2825523228346452
0
LINE
8
BLACK
6
CONTINUOUS
10
7.4307890944881887
20
-4.2825523228346452
11
7.430541062992126
21
-4.2823962204724406
0
LINE
8
BLACK
6
CONTINUOUS
10
7.430541062992126
20
-4.2823962204724406
11
7.4304691338582671
21
-4.2823664173228346
0
LINE
8
BLACK
6
CONTINUOUS
10
7.4304691338582671
20
-4.2823664173228346
11
7.4303881496062987
21
-4.2822999212598427
0
LINE
8
BLACK
6
CONTINUOUS
10
7.4303881496062987
20
-4.2822999212598427
11
7.4302992125984249
21
-4.282243976377953
0
LINE
8
BLACK
6
CONTINUOUS
10
7.4302992125984249
20
-4.282243976377953
11
7.4302480314960624
21
-4.2821849606299214
0
LINE
8
BLACK
6
CONTINUOUS
10
7.4302480314960624
20
-4.2821849606299214
11
7.4300216929133853
21
-4.281999212598425
0
LINE
8
BLACK
6
CONTINUOUS
10
7.4300216929133853
20
-4.281999212598425
11
7.4281469291338578
21
-4.2801244488188974
0
LINE
8
BLACK
6
CONTINUOUS
10
7.4281469291338578
20
-4.2801244488188974
11
7.4279611417322835
21
-4.2798980708661416
0
LINE
8
BLACK
6
CONTINUOUS
10
7.4279611417322835
20
-4.2798980708661416
11
7.4279021653543307
21
-4.2798469291338579
0
LINE
8
BLACK
6
CONTINUOUS
10
7.4279021653543307
20
-4.2798469291338579
11
7.4278461811023622
21
-4.2797579527559053
0
LINE
8
BLACK
6
CONTINUOUS
10
7.4278461811023622
20
-4.2797579527559053
11
7.427779724409449
21
-4.2796770078740156
0
LINE
8
BLACK
6
CONTINUOUS
10
7.427779724409449
20
-4.2796770078740156
11
7.4277498818897634
21
-4.2796050393700789
0
LINE
8
BLACK
6
CONTINUOUS
10
7.4277498818897634
20
-4.2796050393700789
11
7.4275938188976376
21
-4.279357047244094
0
LINE
8
BLACK
6
CONTINUOUS
10
7.4275938188976376
20
-4.279357047244094
11
7.42571905511811
21
-4.2756075196850389
0
LINE
8
BLACK
6
CONTINUOUS
10
7.42571905511811
20
-4.2756075196850389
11
7.4255121653543306
21
-4.2750668897637798
0
LINE
8
BLACK
6
CONTINUOUS
10
7.4255121653543306
20
-4.2750668897637798
11
7.4255046456692915
21
-4.2749610629921255
0
LINE
8
BLACK
6
CONTINUOUS
10
7.4255046456692915
20
-4.2749610629921255
11
7.4254640551181099
21
-4.2748630708661413
0
LINE
8
BLACK
6
CONTINUOUS
10
7.4254640551181099
20
-4.2748630708661413
11
7.4254073228346451
21
-4.2742870078740154
0
LINE
8
BLACK
6
CONTINUOUS
10
7.4254073228346451
20
-4.2742870078740154
11
7.4254073228346451
21
-4.2667879527559052
0
LINE
8
BLACK
6
CONTINUOUS
10
7.4254073228346451
20
-4.2667879527559052
11
7.4254640551181099
21
-4.2662118897637793
0
LINE
8
BLACK
6
CONTINUOUS
10
7.4254640551181099
20
-4.2662118897637793
11
7.4255046456692915
21
-4.2661138582677163
0
LINE
8
BLACK
6
CONTINUOUS
10
7.4255046456692915
20
-4.2661138582677163
11
7.4255121653543306
21
-4.2660080708661416
0
LINE
8
BLACK
6
CONTINUOUS
10
7.4255121653543306
20
-4.2660080708661416
11
7.42571905511811
21
-4.2654674409448816
0
LINE
8
BLACK
6
CONTINUOUS
10
7.42571905511811
20
-4.2654674409448816
11
7.4275938188976376
21
-4.2617179133858265
0
LINE
8
BLACK
6
CONTINUOUS
10
7.4275938188976376
20
-4.2617179133858265
11
7.4277498818897634
21
-4.2614698818897638
0
LINE
8
BLACK
6
CONTINUOUS
10
7.4277498818897634
20
-4.2614698818897638
11
7.427779724409449
21
-4.2613979527559058
0
LINE
8
BLACK
6
CONTINUOUS
10
7.427779724409449
20
-4.2613979527559058
11
7.4278461811023622
21
-4.2613169685039365
0
LINE
8
BLACK
6
CONTINUOUS
10
7.4278461811023622
20
-4.2613169685039365
11
7.4279021653543307
21
-4.2612280314960627
0
LINE
8
BLACK
6
CONTINUOUS
10
7.4279021653543307
20
-4.2612280314960627
11
7.4279611417322835
21
-4.2611768503937011
0
LINE
8
BLACK
6
CONTINUOUS
10
7.4279611417322835
20
-4.2611768503937011
11
7.4281469291338578
21
-4.2609505118110231
0
LINE
8
BLACK
6
CONTINUOUS
10
7.4281469291338578
20
-4.2609505118110231
11
7.4300216929133853
21
-4.2590757480314956
0
LINE
8
BLACK
6
CONTINUOUS
10
7.4300216929133853
20
-4.2590757480314956
11
7.4302480314960624
21
-4.2588899606299213
0
LINE
8
BLACK
6
CONTINUOUS
10
7.4302480314960624
20
-4.2588899606299213
11
7.4302992125984249
21
-4.2588309842519685
0
LINE
8
BLACK
6
CONTINUOUS
10
7.4302992125984249
20
-4.2588309842519685
11
7.4303881496062987
21
-4.258775
0
LINE
8
BLACK
6
CONTINUOUS
10
7.4303881496062987
20
-4.258775
11
7.4304691338582671
21
-4.2587085433070868
0
LINE
8
BLACK
6
CONTINUOUS
10
7.4304691338582671
20
-4.2587085433070868
11
7.430541062992126
21
-4.2586787007874012
0
LINE
8
BLACK
6
CONTINUOUS
10
7.430541062992126
20
-4.2586787007874012
11
7.4307890944881887
21
-4.2585226377952754
0
LINE
8
BLACK
6
CONTINUOUS
10
7.4307890944881887
20
-4.2585226377952754
11
7.4345386220472438
21
-4.2566478740157478
0
LINE
8
BLACK
6
CONTINUOUS
10
7.4345386220472438
20
-4.2566478740157478
11
7.4350792125984251
21
-4.2564409842519684
0
LINE
8
BLACK
6
CONTINUOUS
10
7.4350792125984251
20
-4.2564409842519684
11
7.4351850787401572
21
-4.2564334251968505
0
LINE
8
BLACK
6
CONTINUOUS
10
7.4351850787401572
20
-4.2564334251968505
11
7.4352830708661415
21
-4.2563928740157477
0
LINE
8
BLACK
6
CONTINUOUS
10
7.4352830708661415
20
-4.2563928740157477
11
7.4358591338582674
21
-4.2563361417322838
0
LINE
8
BLACK
6
CONTINUOUS
10
7.4358591338582674
20
-4.2563361417322838
11
7.4377338976377949
21
-4.2563361417322838
0
LINE
8
BLACK
6
CONTINUOUS
10
7.4377338976377949
20
-4.2563361417322838
11
7.4383099606299208
21
-4.2563928740157477
0
LINE
8
BLACK
6
CONTINUOUS
10
7.4338587007874013
20
-4.2635903937007873
11
7.4326615748031495
21
-4.2647875196850391
0
LINE
8
BLACK
6
CONTINUOUS
10
7.4326615748031495
20
-4.2647875196850391
11
7.4313128346456692
21
-4.2674849999999998
0
LINE
8
BLACK
6
CONTINUOUS
10
7.4313128346456692
20
-4.2674849999999998
11
7.4313128346456692
21
-4.2735899606299208
0
LINE
8
BLACK
6
CONTINUOUS
10
7.4313128346456692
20
-4.2735899606299208
11
7.4326615748031495
21
-4.2762874409448814
0
LINE
8
BLACK
6
CONTINUOUS
10
7.4326615748031495
20
-4.2762874409448814
11
7.4338587007874013
21
-4.2774845669291341
0
LINE
8
BLACK
6
CONTINUOUS
10
7.4338587007874013
20
-4.2774845669291341
11
7.4365561811023619
21
-4.2788333070866145
0
LINE
8
BLACK
6
CONTINUOUS
10
7.4365561811023619
20
-4.2788333070866145
11
7.4370368503937003
21
-4.2788333070866145
0
LINE
8
BLACK
6
CONTINUOUS
10
7.4370368503937003
20
-4.2788333070866145
11
7.439734330708661
21
-4.2774845669291341
0
LINE
8
BLACK
6
CONTINUOUS
10
7.439734330708661
20
-4.2774845669291341
11
7.4409314566929128
21
-4.2762874409448814
0
LINE
8
BLACK
6
CONTINUOUS
10
7.4409314566929128
20
-4.2762874409448814
11
7.4422801968503931
21
-4.2735899606299208
0
LINE
8
BLACK
6
CONTINUOUS
10
7.4422801968503931
20
-4.2735899606299208
11
7.4422801968503931
21
-4.2674849999999998
0
LINE
8
BLACK
6
CONTINUOUS
10
7.4422801968503931
20
-4.2674849999999998
11
7.4409314566929128
21
-4.2647875196850391
0
LINE
8
BLACK
6
CONTINUOUS
10
7.4409314566929128
20
-4.2647875196850391
11
7.439734330708661
21
-4.2635903937007873
0
LINE
8
BLACK
6
CONTINUOUS
10
7.439734330708661
20
-4.2635903937007873
11
7.4370368503937003
21
-4.262241653543307
0
LINE
8
BLACK
6
CONTINUOUS
10
7.4370368503937003
20
-4.262241653543307
11
7.4365561811023619
21
-4.262241653543307
0
LINE
8
BLACK
6
CONTINUOUS
10
7.4365561811023619
20
-4.262241653543307
11
7.4338587007874013
21
-4.2635903937007873
0
LINE
8
BLACK
6
CONTINUOUS
10
7.4507315748031493
20
-4.2635903937007873
11
7.4495344488188975
21
-4.2647875196850391
0
LINE
8
BLACK
6
CONTINUOUS
10
7.4495344488188975
20
-4.2647875196850391
11
7.4481857086614172
21
-4.2674849999999998
0
LINE
8
BLACK
6
CONTINUOUS
10
7.4481857086614172
20
-4.2674849999999998
11
7.4481857086614172
21
-4.2735899606299208
0
LINE
8
BLACK
6
CONTINUOUS
10
7.4481857086614172
20
-4.2735899606299208
11
7.4495344488188975
21
-4.2762874409448814
0
LINE
8
BLACK
6
CONTINUOUS
10
7.4495344488188975
20
-4.2762874409448814
11
7.4507315748031493
21
-4.2774845669291341
0
LINE
8
BLACK
6
CONTINUOUS
10
7.4507315748031493
20
-4.2774845669291341
11
7.4534290551181099
21
-4.2788333070866145
0
LINE
8
BLACK
6
CONTINUOUS
10
7.4534290551181099
20
-4.2788333070866145
11
7.459534015748031
21
-4.2788333070866145
0
LINE
8
BLACK
6
CONTINUOUS
10
7.459534015748031
20
-4.2788333070866145
11
7.4622314960629916
21
-4.2774845275590554
0
LINE
8
BLACK
6
CONTINUOUS
10
7.4622314960629916
20
-4.2774845275590554
11
7.4634286614173231
21
-4.2762874015748027
0
LINE
8
BLACK
6
CONTINUOUS
10
7.4634286614173231
20
-4.2762874015748027
11
7.4647774015748034
21
-4.2735899606299208
0
LINE
8
BLACK
6
CONTINUOUS
10
7.4647774015748034
20
-4.2735899606299208
11
7.4647774015748034
21
-4.2674849999999998
0
LINE
8
BLACK
6
CONTINUOUS
10
7.4647774015748034
20
-4.2674849999999998
11
7.4634286614173231
21
-4.2647875196850391
0
LINE
8
BLACK
6
CONTINUOUS
10
7.4634286614173231
20
-4.2647875196850391
11
7.4622314960629916
21
-4.2635903937007873
0
LINE
8
BLACK
6
CONTINUOUS
10
7.4622314960629916
20
-4.2635903937007873
11
7.459534015748031
21
-4.262241653543307
0
LINE
8
BLACK
6
CONTINUOUS
10
7.459534015748031
20
-4.262241653543307
11
7.4534290551181099
21
-4.262241653543307
0
LINE
8
BLACK
6
CONTINUOUS
10
7.4534290551181099
20
-4.262241653543307
11
7.4507315748031493
21
-4.2635903937007873
0
LINE
8
BLACK
6
CONTINUOUS
10
3.2657076377952756
20
-4.2501499212598421
11
3.2658056299212599
21
-4.2501905118110237
0
LINE
8
BLACK
6
CONTINUOUS
10
3.2658056299212599
20
-4.2501905118110237
11
3.2659114566929133
21
-4.2501980314960628
0
LINE
8
BLACK
6
CONTINUOUS
10
3.2659114566929133
20
-4.2501980314960628
11
3.2664520866141733
21
-4.2504049212598423
0
LINE
8
BLACK
6
CONTINUOUS
10
3.2664520866141733
20
-4.2504049212598423
11
3.2702016141732284
21
-4.2522796850393698
0
LINE
8
BLACK
6
CONTINUOUS
10
3.2702016141732284
20
-4.2522796850393698
11
3.2704494881889765
21
-4.2524357086614168
0
LINE
8
BLACK
6
CONTINUOUS
10
3.2704494881889765
20
-4.2524357086614168
11
3.2705215354330708
21
-4.2524655511811025
0
LINE
8
BLACK
6
CONTINUOUS
10
3.2705215354330708
20
-4.2524655511811025
11
3.270602559055118
21
-4.2525320472440944
0
LINE
8
BLACK
6
CONTINUOUS
10
3.270602559055118
20
-4.2525320472440944
11
3.2706914960629923
21
-4.2525880314960629
0
LINE
8
BLACK
6
CONTINUOUS
10
3.2706914960629923
20
-4.2525880314960629
11
3.2707426377952755
21
-4.2526470078740157
0
LINE
8
BLACK
6
CONTINUOUS
10
3.2707426377952755
20
-4.2526470078740157
11
3.2709689763779526
21
-4.2528327559055121
0
LINE
8
BLACK
6
CONTINUOUS
10
3.2709689763779526
20
-4.2528327559055121
11
3.2728437795275589
21
-4.2547075196850397
0
LINE
8
BLACK
6
CONTINUOUS
10
3.2728437795275589
20
-4.2547075196850397
11
3.2730295275590549
21
-4.2549338582677168
0
LINE
8
BLACK
6
CONTINUOUS
10
3.2730295275590549
20
-4.2549338582677168
11
3.2730885826771652
21
-4.2549850787401571
0
LINE
8
BLACK
6
CONTINUOUS
10
3.2730885826771652
20
-4.2549850787401571
11
3.2731445669291337
21
-4.2550740157480318
0
LINE
8
BLACK
6
CONTINUOUS
10
3.2731445669291337
20
-4.2550740157480318
11
3.2732110236220473
21
-4.2551550000000002
0
LINE
8
BLACK
6
CONTINUOUS
10
3.2732110236220473
20
-4.2551550000000002
11
3.2732408267716533
21
-4.2552269291338582
0
LINE
8
BLACK
6
CONTINUOUS
10
3.2732408267716533
20
-4.2552269291338582
11
3.2733969291338583
21
-4.2554749606299209
0
LINE
8
BLACK
6
CONTINUOUS
10
3.2733969291338583
20
-4.2554749606299209
11
3.2752716929133858
21
-4.259224488188976
0
LINE
8
BLACK
6
CONTINUOUS
10
3.2752716929133858
20
-4.259224488188976
11
3.2754785826771653
21
-4.2597650787401573
0
LINE
8
BLACK
6
CONTINUOUS
10
3.2754785826771653
20
-4.2597650787401573
11
3.2754861023622048
21
-4.2598709448818894
0
LINE
8
BLACK
6
CONTINUOUS
10
3.2754861023622048
20
-4.2598709448818894
11
3.2755266929133859
21
-4.2599689370078737
0
LINE
8
BLACK
6
CONTINUOUS
10
3.2755266929133859
20
-4.2599689370078737
11
3.2755834251968503
21
-4.2605449999999996
0
LINE
8
BLACK
6
CONTINUOUS
10
3.2755834251968503
20
-4.2605449999999996
11
3.2755834251968503
21
-4.2680440551181098
0
LINE
8
BLACK
6
CONTINUOUS
10
3.2755834251968503
20
-4.2680440551181098
11
3.2755266929133859
21
-4.2686201181102366
0
LINE
8
BLACK
6
CONTINUOUS
10
3.2755266929133859
20
-4.2686201181102366
11
3.2754861023622048
21
-4.2687180708661421
0
LINE
8
BLACK
6
CONTINUOUS
10
3.2754861023622048
20
-4.2687180708661421
11
3.2754785826771653
21
-4.268823976377953
0
LINE
8
BLACK
6
CONTINUOUS
10
3.2754785826771653
20
-4.268823976377953
11
3.2752716929133858
21
-4.2693645669291334
0
LINE
8
BLACK
6
CONTINUOUS
10
3.2752716929133858
20
-4.2693645669291334
11
3.2733969291338583
21
-4.2731140944881885
0
LINE
8
BLACK
6
CONTINUOUS
10
3.2733969291338583
20
-4.2731140944881885
11
3.2732408267716533
21
-4.2733620866141733
0
LINE
8
BLACK
6
CONTINUOUS
10
3.2732408267716533
20
-4.2733620866141733
11
3.2732110236220473
21
-4.27343405511811
0
LINE
8
BLACK
6
CONTINUOUS
10
3.2732110236220473
20
-4.27343405511811
11
3.2731445669291337
21
-4.2735149999999997
0
LINE
8
BLACK
6
CONTINUOUS
10
3.2731445669291337
20
-4.2735149999999997
11
3.2730885826771652
21
-4.2736039763779523
0
LINE
8
BLACK
6
CONTINUOUS
10
3.2730885826771652
20
-4.2736039763779523
11
3.2730295275590549
21
-4.2736551574803148
0
LINE
8
BLACK
6
CONTINUOUS
10
3.2730295275590549
20
-4.2736551574803148
11
3.2728437795275589
21
-4.2738815354330706
0
LINE
8
BLACK
6
CONTINUOUS
10
3.2728437795275589
20
-4.2738815354330706
11
3.2709689763779526
21
-4.2757562992125981
0
LINE
8
BLACK
6
CONTINUOUS
10
3.2709689763779526
20
-4.2757562992125981
11
3.2707426377952755
21
-4.2759420078740158
0
LINE
8
BLACK
6
CONTINUOUS
10
3.2707426377952755
20
-4.2759420078740158
11
3.2706914960629923
21
-4.2760010236220474
0
LINE
8
BLACK
6
CONTINUOUS
10
3.2706914960629923
20
-4.2760010236220474
11
3.270602559055118
21
-4.2760569685039371
0
LINE
8
BLACK
6
CONTINUOUS
10
3.270602559055118
20
-4.2760569685039371
11
3.2705215354330708
21
-4.2761235039370078
0
LINE
8
BLACK
6
CONTINUOUS
10
3.2705215354330708
20
-4.2761235039370078
11
3.2704494881889765
21
-4.2761533070866138
0
LINE
8
BLACK
6
CONTINUOUS
10
3.2704494881889765
20
-4.2761533070866138
11
3.2702016141732284
21
-4.2763093700787405
0
LINE
8
BLACK
6
CONTINUOUS
10
3.2702016141732284
20
-4.2763093700787405
11
3.2664520866141733
21
-4.278184133858268
0
LINE
8
BLACK
6
CONTINUOUS
10
3.2664520866141733
20
-4.278184133858268
11
3.2659114566929133
21
-4.2783910236220475
0
LINE
8
BLACK
6
CONTINUOUS
10
3.2659114566929133
20
-4.2783910236220475
11
3.2658056299212599
21
-4.2783985039370078
0
LINE
8
BLACK
6
CONTINUOUS
10
3.2658056299212599
20
-4.2783985039370078
11
3.2657076377952756
21
-4.2784391338582672
0
LINE
8
BLACK
6
CONTINUOUS
10
3.2657076377952756
20
-4.2784391338582672
11
3.2651315748031497
21
-4.2784958661417321
0
LINE
8
BLACK
6
CONTINUOUS
10
3.2651315748031497
20
-4.2784958661417321
11
3.2501334645669289
21
-4.2784958661417321
0
LINE
8
BLACK
6
CONTINUOUS
10
3.2501334645669289
20
-4.2784958661417321
11
3.2500329133858266
21
-4.2784859448818899
0
LINE
8
BLACK
6
CONTINUOUS
10
3.2500329133858266
20
-4.2784859448818899
11
3.2499899212598424
21
-4.278492362204724
0
LINE
8
BLACK
6
CONTINUOUS
10
3.2499899212598424
20
-4.278492362204724
11
3.2497744094488188
21
-4.278460472440945
0
LINE
8
BLACK
6
CONTINUOUS
10
3.2497744094488188
20
-4.278460472440945
11
3.249557401574803
21
-4.2784391338582672
0
LINE
8
BLACK
6
CONTINUOUS
10
3.249557401574803
20
-4.2784391338582672
11
3.2495171653543307
21
-4.2784224803149602
0
LINE
8
BLACK
6
CONTINUOUS
10
3.2495171653543307
20
-4.2784224803149602
11
3.2494173228346455
21
-4.2784077165354333
0
LINE
8
BLACK
6
CONTINUOUS
10
3.2494173228346455
20
-4.2784077165354333
11
3.2419182677165352
21
-4.2765329527559057
0
LINE
8
BLACK
6
CONTINUOUS
10
3.2419182677165352
20
-4.2765329527559057
11
3.2415787401574803
21
-4.2764116141732282
0
LINE
8
BLACK
6
CONTINUOUS
10
3.2415787401574803
20
-4.2764116141732282
11
3.2415073228346456
21
-4.2763975196850392
0
LINE
8
BLACK
6
CONTINUOUS
10
3.2415073228346456
20
-4.2763975196850392
11
3.2414425196850392
21
-4.2763629527559051
0
LINE
8
BLACK
6
CONTINUOUS
10
3.2414425196850392
20
-4.2763629527559051
11
3.2413731496062992
21
-4.2763381889763776
0
LINE
8
BLACK
6
CONTINUOUS
10
3.2413731496062992
20
-4.2763381889763776
11
3.2413144094488189
21
-4.2762946456692914
0
LINE
8
BLACK
6
CONTINUOUS
10
3.2413144094488189
20
-4.2762946456692914
11
3.2409965354330708
21
-4.2761251968503933
0
LINE
8
BLACK
6
CONTINUOUS
10
3.2409965354330708
20
-4.2761251968503933
11
3.2353722047244093
21
-4.2723756692913382
0
LINE
8
BLACK
6
CONTINUOUS
10
3.2353722047244093
20
-4.2723756692913382
11
3.2353705118110234
21
-4.2723742913385827
0
LINE
8
BLACK
6
CONTINUOUS
10
3.2353705118110234
20
-4.2723742913385827
11
3.2353696456692913
21
-4.2723739370078739
0
LINE
8
BLACK
6
CONTINUOUS
10
3.2353696456692913
20
-4.2723739370078739
11
3.2351543307086614
21
-4.2721972047244092
0
LINE
8
BLACK
6
CONTINUOUS
10
3.2351543307086614
20
-4.2721972047244092
11
3.23492437007874
21
-4.2720088976377948
0
LINE
8
BLACK
6
CONTINUOUS
10
3.23492437007874
20
-4.2720088976377948
11
3.2349237795275592
21
-4.2720080314960631
0
LINE
8
BLACK
6
CONTINUOUS
10
3.2349237795275592
20
-4.2720080314960631
11
3.2349222047244095
21
-4.2720067322834643
0
LINE
8
BLACK
6
CONTINUOUS
10
3.2349222047244095
20
-4.2720067322834643
11
3.2330474409448819
21
-4.2701319685039367
0
LINE
8
BLACK
6
CONTINUOUS
10
3.2330474409448819
20
-4.2701319685039367
11
3.2328616535433072
21
-4.2699055905511809
0
LINE
8
BLACK
6
CONTINUOUS
10
3.2328616535433072
20
-4.2699055905511809
11
3.2328026771653544
21
-4.2698544488188972
0
LINE
8
BLACK
6
CONTINUOUS
10
3.2328026771653544
20
-4.2698544488188972
11
3.2327466929133859
21
-4.2697654724409446
0
LINE
8
BLACK
6
CONTINUOUS
10
3.2327466929133859
20
-4.2697654724409446
11
3.2326802362204723
21
-4.2696845275590549
0
LINE
8
BLACK
6
CONTINUOUS
10
3.2326802362204723
20
-4.2696845275590549
11
3.2326503937007875
21
-4.2696125590551182
0
LINE
8
BLACK
6
CONTINUOUS
10
3.2326503937007875
20
-4.2696125590551182
11
3.2324943307086613
21
-4.2693645669291334
0
LINE
8
BLACK
6
CONTINUOUS
10
3.2324943307086613
20
-4.2693645669291334
11
3.2306195669291338
21
-4.2656150393700782
0
LINE
8
BLACK
6
CONTINUOUS
10
3.2306195669291338
20
-4.2656150393700782
11
3.2304126771653543
21
-4.2650744094488191
0
LINE
8
BLACK
6
CONTINUOUS
10
3.2304126771653543
20
-4.2650744094488191
11
3.2304051574803148
21
-4.2649685826771648
0
LINE
8
BLACK
6
CONTINUOUS
10
3.2304051574803148
20
-4.2649685826771648
11
3.2303645669291337
21
-4.2648705905511806
0
LINE
8
BLACK
6
CONTINUOUS
10
3.2303645669291337
20
-4.2648705905511806
11
3.2303078346456693
21
-4.2642945275590547
0
LINE
8
BLACK
6
CONTINUOUS
10
3.2303078346456693
20
-4.2642945275590547
11
3.2303078346456693
21
-4.2567954724409445
0
LINE
8
BLACK
6
CONTINUOUS
10
3.2303078346456693
20
-4.2567954724409445
11
3.2303645669291337
21
-4.2562194094488186
0
LINE
8
BLACK
6
CONTINUOUS
10
3.2303645669291337
20
-4.2562194094488186
11
3.2308054724409447
21
-4.2551550000000002
0
LINE
8
BLACK
6
CONTINUOUS
10
3.2308054724409447
20
-4.2551550000000002
11
3.2316201181102362
21
-4.2543403543307088
0
LINE
8
BLACK
6
CONTINUOUS
10
3.2316201181102362
20
-4.2543403543307088
11
3.232684527559055
21
-4.2538994488188973
0
LINE
8
BLACK
6
CONTINUOUS
10
3.232684527559055
20
-4.2538994488188973
11
3.2338366535433072
21
-4.2538994488188973
0
LINE
8
BLACK
6
CONTINUOUS
10
3.2338366535433072
20
-4.2538994488188973
11
3.234901062992126
21
-4.2543403543307088
0
LINE
8
BLACK
6
CONTINUOUS
10
3.234901062992126
20
-4.2543403543307088
11
3.2357157086614174
21
-4.2551550000000002
0
LINE
8
BLACK
6
CONTINUOUS
10
3.2357157086614174
20
-4.2551550000000002
11
3.2361566141732281
21
-4.2562194094488186
0
LINE
8
BLACK
6
CONTINUOUS
10
3.2361566141732281
20
-4.2562194094488186
11
3.2362133464566929
21
-4.2567954724409445
0
LINE
8
BLACK
6
CONTINUOUS
10
3.2362133464566929
20
-4.2567954724409445
11
3.2362133464566929
21
-4.2635974803149601
0
LINE
8
BLACK
6
CONTINUOUS
10
3.2362133464566929
20
-4.2635974803149601
11
3.2375620866141732
21
-4.2662949606299208
0
LINE
8
BLACK
6
CONTINUOUS
10
3.2375620866141732
20
-4.2662949606299208
11
3.2388912204724409
21
-4.2676240944881885
0
LINE
8
BLACK
6
CONTINUOUS
10
3.2388912204724409
20
-4.2676240944881885
11
3.2438467716535433
21
-4.2709277952755906
0
LINE
8
BLACK
6
CONTINUOUS
10
3.2438467716535433
20
-4.2709277952755906
11
3.246763937007874
21
-4.271657086614173
0
LINE
8
BLACK
6
CONTINUOUS
10
3.246763937007874
20
-4.271657086614173
11
3.2456176771653542
21
-4.2693645669291334
0
LINE
8
BLACK
6
CONTINUOUS
10
3.2456176771653542
20
-4.2693645669291334
11
3.2454107874015747
21
-4.2688239370078742
0
LINE
8
BLACK
6
CONTINUOUS
10
3.2454107874015747
20
-4.2688239370078742
11
3.2454032677165352
21
-4.2687181102362199
0
LINE
8
BLACK
6
CONTINUOUS
10
3.2454032677165352
20
-4.2687181102362199
11
3.2453626771653541
21
-4.2686201181102366
0
LINE
8
BLACK
6
CONTINUOUS
10
3.2453626771653541
20
-4.2686201181102366
11
3.2453059448818897
21
-4.2680440551181098
0
LINE
8
BLACK
6
CONTINUOUS
10
3.2453059448818897
20
-4.2680440551181098
11
3.2453059448818897
21
-4.2605449999999996
0
LINE
8
BLACK
6
CONTINUOUS
10
3.2453059448818897
20
-4.2605449999999996
11
3.2453626771653541
21
-4.2599689370078737
0
LINE
8
BLACK
6
CONTINUOUS
10
3.2453626771653541
20
-4.2599689370078737
11
3.2454032677165352
21
-4.2598709055118107
0
LINE
8
BLACK
6
CONTINUOUS
10
3.2454032677165352
20
-4.2598709055118107
11
3.2454107874015747
21
-4.2597651181102361
0
LINE
8
BLACK
6
CONTINUOUS
10
3.2454107874015747
20
-4.2597651181102361
11
3.2456176771653542
21
-4.259224488188976
0
LINE
8
BLACK
6
CONTINUOUS
10
3.2456176771653542
20
-4.259224488188976
11
3.2474924409448818
21
-4.2554749606299209
0
LINE
8
BLACK
6
CONTINUOUS
10
3.2474924409448818
20
-4.2554749606299209
11
3.247648503937008
21
-4.2552269291338582
0
LINE
8
BLACK
6
CONTINUOUS
10
3.247648503937008
20
-4.2552269291338582
11
3.2476783464566927
21
-4.2551550000000002
0
LINE
8
BLACK
6
CONTINUOUS
10
3.2476783464566927
20
-4.2551550000000002
11
3.2477448031496063
21
-4.2550740157480318
0
LINE
8
BLACK
6
CONTINUOUS
10
3.2477448031496063
20
-4.2550740157480318
11
3.2478007874015749
21
-4.2549850787401571
0
LINE
8
BLACK
6
CONTINUOUS
10
3.2478007874015749
20
-4.2549850787401571
11
3.2478597637795277
21
-4.2549338976377955
0
LINE
8
BLACK
6
CONTINUOUS
10
3.2478597637795277
20
-4.2549338976377955
11
3.2480455511811024
21
-4.2547075590551184
0
LINE
8
BLACK
6
CONTINUOUS
10
3.2480455511811024
20
-4.2547075590551184
11
3.2499203149606299
21
-4.2528327952755909
0
LINE
8
BLACK
6
CONTINUOUS
10
3.2499203149606299
20
-4.2528327952755909
11
3.250146653543307
21
-4.2526470078740157
0
LINE
8
BLACK
6
CONTINUOUS
10
3.250146653543307
20
-4.2526470078740157
11
3.250197834645669
21
-4.2525880314960629
0
LINE
8
BLACK
6
CONTINUOUS
10
3.250197834645669
20
-4.2525880314960629
11
3.2502867716535433
21
-4.2525320472440944
0
LINE
8
BLACK
6
CONTINUOUS
10
3.2502867716535433
20
-4.2525320472440944
11
3.2503677559055117
21
-4.2524655905511812
0
LINE
8
BLACK
6
CONTINUOUS
10
3.2503677559055117
20
-4.2524655905511812
11
3.2504396850393702
21
-4.2524357480314956
0
LINE
8
BLACK
6
CONTINUOUS
10
3.2504396850393702
20
-4.2524357480314956
11
3.2506877165354329
21
-4.2522796850393698
0
LINE
8
BLACK
6
CONTINUOUS
10
3.2506877165354329
20
-4.2522796850393698
11
3.254437244094488
21
-4.2504049212598423
0
LINE
8
BLACK
6
CONTINUOUS
10
3.254437244094488
20
-4.2504049212598423
11
3.2549778346456693
21
-4.2501980314960628
0
LINE
8
BLACK
6
CONTINUOUS
10
3.2549778346456693
20
-4.2501980314960628
11
3.2550837007874014
21
-4.2501904724409449
0
LINE
8
BLACK
6
CONTINUOUS
10
3.2550837007874014
20
-4.2501904724409449
11
3.2551816929133857
21
-4.2501499212598421
0
LINE
8
BLACK
6
CONTINUOUS
10
3.2551816929133857
20
-4.2501499212598421
11
3.2557577559055115
21
-4.2500931889763782
0
LINE
8
BLACK
6
CONTINUOUS
10
3.2557577559055115
20
-4.2500931889763782
11
3.2651315748031497
21
-4.2500931889763782
0
LINE
8
BLACK
6
CONTINUOUS
10
3.2651315748031497
20
-4.2500931889763782
11
3.2657076377952756
21
-4.2501499212598421
0
LINE
8
BLACK
6
CONTINUOUS
10
3.2537573228346455
20
-4.2573474409448817
11
3.2525601968503937
21
-4.2585445669291335
0
LINE
8
BLACK
6
CONTINUOUS
10
3.2525601968503937
20
-4.2585445669291335
11
3.2512114566929133
21
-4.2612420472440942
0
LINE
8
BLACK
6
CONTINUOUS
10
3.2512114566929133
20
-4.2612420472440942
11
3.2512114566929133
21
-4.2673470078740152
0
LINE
8
BLACK
6
CONTINUOUS
10
3.2512114566929133
20
-4.2673470078740152
11
3.2525601968503937
21
-4.2700444881889759
0
LINE
8
BLACK
6
CONTINUOUS
10
3.2525601968503937
20
-4.2700444881889759
11
3.2537573228346455
21
-4.2712416141732286
0
LINE
8
BLACK
6
CONTINUOUS
10
3.2537573228346455
20
-4.2712416141732286
11
3.2564548031496061
21
-4.2725903543307089
0
LINE
8
BLACK
6
CONTINUOUS
10
3.2564548031496061
20
-4.2725903543307089
11
3.2644345275590552
21
-4.2725903543307089
0
LINE
8
BLACK
6
CONTINUOUS
10
3.2644345275590552
20
-4.2725903543307089
11
3.2671320078740158
21
-4.2712415748031498
0
LINE
8
BLACK
6
CONTINUOUS
10
3.2671320078740158
20
-4.2712415748031498
11
3.2683291732283464
21
-4.2700444488188971
0
LINE
8
BLACK
6
CONTINUOUS
10
3.2683291732283464
20
-4.2700444488188971
11
3.2696779133858267
21
-4.2673470078740152
0
LINE
8
BLACK
6
CONTINUOUS
10
3.2696779133858267
20
-4.2673470078740152
11
3.2696779133858267
21
-4.2612420472440942
0
LINE
8
BLACK
6
CONTINUOUS
10
3.2696779133858267
20
-4.2612420472440942
11
3.2683291732283464
21
-4.2585445669291335
0
LINE
8
BLACK
6
CONTINUOUS
10
3.2683291732283464
20
-4.2585445669291335
11
3.2671320078740158
21
-4.2573474409448817
0
LINE
8
BLACK
6
CONTINUOUS
10
3.2671320078740158
20
-4.2573474409448817
11
3.2644345275590552
21
-4.2559987007874014
0
LINE
8
BLACK
6
CONTINUOUS
10
3.2644345275590552
20
-4.2559987007874014
11
3.2564548031496061
21
-4.2559987007874014
0
LINE
8
BLACK
6
CONTINUOUS
10
3.2564548031496061
20
-4.2559987007874014
11
3.2537573228346455
21
-4.2573474409448817
0
LINE
8
BLACK
6
CONTINUOUS
10
7.4674957874015746
20
-4.2380860629921262
11
7.4674958661417321
21
-4.238086102362205
0
LINE
8
BLACK
6
CONTINUOUS
10
7.4674958661417321
20
-4.238086102362205
11
7.4679433070866139
21
-4.2384533070866137
0
LINE
8
BLACK
6
CONTINUOUS
10
7.4679433070866139
20
-4.2384533070866137
11
7.4698180708661415
21
-4.2403280708661413
0
LINE
8
BLACK
6
CONTINUOUS
10
7.4698180708661415
20
-4.2403280708661413
11
7.4701852755905511
21
-4.240775511811024
0
LINE
8
BLACK
6
CONTINUOUS
10
7.4701852755905511
20
-4.240775511811024
11
7.4703268503937004
21
-4.2411172834645665
0
LINE
8
BLACK
6
CONTINUOUS
10
7.4703268503937004
20
-4.2411172834645665
11
7.4706261811023618
21
-4.2418399606299211
0
LINE
8
BLACK
6
CONTINUOUS
10
7.4706261811023618
20
-4.2418399606299211
11
7.4706261811023618
21
-4.2429920472440941
0
LINE
8
BLACK
6
CONTINUOUS
10
7.4706261811023618
20
-4.2429920472440941
11
7.4701852755905511
21
-4.2440564566929133
0
LINE
8
BLACK
6
CONTINUOUS
10
7.4701852755905511
20
-4.2440564566929133
11
7.4698180708661415
21
-4.2445038976377951
0
LINE
8
BLACK
6
CONTINUOUS
10
7.4698180708661415
20
-4.2445038976377951
11
7.4679433070866139
21
-4.2463786614173227
0
LINE
8
BLACK
6
CONTINUOUS
10
7.4679433070866139
20
-4.2463786614173227
11
7.4674958661417321
21
-4.2467458661417323
0
LINE
8
BLACK
6
CONTINUOUS
10
7.4674958661417321
20
-4.2467458661417323
11
7.4664314566929129
21
-4.247186771653543
0
LINE
8
BLACK
6
CONTINUOUS
10
7.4664314566929129
20
-4.247186771653543
11
7.4652793700787399
21
-4.247186771653543
0
LINE
8
BLACK
6
CONTINUOUS
10
7.4652793700787399
20
-4.247186771653543
11
7.4642149606299215
21
-4.2467459055118111
0
LINE
8
BLACK
6
CONTINUOUS
10
7.4642149606299215
20
-4.2467459055118111
11
7.4637674803149601
21
-4.2463786614173227
0
LINE
8
BLACK
6
CONTINUOUS
10
7.4637674803149601
20
-4.2463786614173227
11
7.4618927165354325
21
-4.2445039370078739
0
LINE
8
BLACK
6
CONTINUOUS
10
7.4618927165354325
20
-4.2445039370078739
11
7.461525472440945
21
-4.2440564566929133
0
LINE
8
BLACK
6
CONTINUOUS
10
7.461525472440945
20
-4.2440564566929133
11
7.4615254330708662
21
-4.2440564173228346
0
LINE
8
BLACK
6
CONTINUOUS
10
7.4615254330708662
20
-4.2440564173228346
11
7.4610845669291335
21
-4.2429920078740153
0
LINE
8
BLACK
6
CONTINUOUS
10
7.4610845669291335
20
-4.2429920078740153
11
7.4610845669291335
21
-4.2418399212598423
0
LINE
8
BLACK
6
CONTINUOUS
10
7.4610845669291335
20
-4.2418399212598423
11
7.4613838976377949
21
-4.2411172834645665
0
LINE
8
BLACK
6
CONTINUOUS
10
7.4613838976377949
20
-4.2411172834645665
11
7.4615254330708662
21
-4.2407755511811018
0
LINE
8
BLACK
6
CONTINUOUS
10
7.4615254330708662
20
-4.2407755511811018
11
7.461525472440945
21
-4.240775511811024
0
LINE
8
BLACK
6
CONTINUOUS
10
7.461525472440945
20
-4.240775511811024
11
7.4618927165354325
21
-4.2403280314960625
0
LINE
8
BLACK
6
CONTINUOUS
10
7.4618927165354325
20
-4.2403280314960625
11
7.4637674803149601
21
-4.2384533070866137
0
LINE
8
BLACK
6
CONTINUOUS
10
7.4637674803149601
20
-4.2384533070866137
11
7.4642149606299215
21
-4.2380860629921262
0
LINE
8
BLACK
6
CONTINUOUS
10
7.4642149606299215
20
-4.2380860629921262
11
7.4652793700787399
21
-4.2376451968503934
0
LINE
8
BLACK
6
CONTINUOUS
10
7.4652793700787399
20
-4.2376451968503934
11
7.4664314566929129
21
-4.2376451968503934
0
LINE
8
BLACK
6
CONTINUOUS
10
7.4664314566929129
20
-4.2376451968503934
11
7.4674957874015746
21
-4.2380860629921262
0
LINE
8
BLACK
6
CONTINUOUS
10
3.2611477559055118
20
-4.2112207480314963
11
3.2619624015748032
21
-4.2120353937007877
0
LINE
8
BLACK
6
CONTINUOUS
10
3.2619624015748032
20
-4.2120353937007877
11
3.2624033070866143
21
-4.2130998031496061
0
LINE
8
BLACK
6
CONTINUOUS
10
3.2624033070866143
20
-4.2130998031496061
11
3.2624600393700787
21
-4.213675866141732
0
LINE
8
BLACK
6
CONTINUOUS
10
3.2624600393700787
20
-4.213675866141732
11
3.2624600393700787
21
-4.2163474015748035
0
LINE
8
BLACK
6
CONTINUOUS
10
3.2624600393700787
20
-4.2163474015748035
11
3.2726306692913387
21
-4.2163474015748035
0
LINE
8
BLACK
6
CONTINUOUS
10
3.2726306692913387
20
-4.2163474015748035
11
3.2732067322834646
21
-4.2164041338582674
0
LINE
8
BLACK
6
CONTINUOUS
10
3.2732067322834646
20
-4.2164041338582674
11
3.2742711417322834
21
-4.2168450393700789
0
LINE
8
BLACK
6
CONTINUOUS
10
3.2742711417322834
20
-4.2168450393700789
11
3.2750857874015749
21
-4.2176596850393704
0
LINE
8
BLACK
6
CONTINUOUS
10
3.2750857874015749
20
-4.2176596850393704
11
3.2755266929133859
21
-4.2187240944881887
0
LINE
8
BLACK
6
CONTINUOUS
10
3.2755266929133859
20
-4.2187240944881887
11
3.2755266929133859
21
-4.2198762204724405
0
LINE
8
BLACK
6
CONTINUOUS
10
3.2755266929133859
20
-4.2198762204724405
11
3.2750857874015749
21
-4.2209406299212597
0
LINE
8
BLACK
6
CONTINUOUS
10
3.2750857874015749
20
-4.2209406299212597
11
3.2742711417322834
21
-4.2217552755905512
0
LINE
8
BLACK
6
CONTINUOUS
10
3.2742711417322834
20
-4.2217552755905512
11
3.2732067322834646
21
-4.2221961811023618
0
LINE
8
BLACK
6
CONTINUOUS
10
3.2732067322834646
20
-4.2221961811023618
11
3.2726306692913387
21
-4.2222529133858266
0
LINE
8
BLACK
6
CONTINUOUS
10
3.2726306692913387
20
-4.2222529133858266
11
3.2624600393700787
21
-4.2222529133858266
0
LINE
8
BLACK
6
CONTINUOUS
10
3.2624600393700787
20
-4.2222529133858266
11
3.2624600393700787
21
-4.2380477952755902
0
LINE
8
BLACK
6
CONTINUOUS
10
3.2624600393700787
20
-4.2380477952755902
11
3.2624312992125986
21
-4.2383393307086612
0
LINE
8
BLACK
6
CONTINUOUS
10
3.2624312992125986
20
-4.2383393307086612
11
3.2624368503937009
21
-4.2384170866141728
0
LINE
8
BLACK
6
CONTINUOUS
10
3.2624368503937009
20
-4.2384170866141728
11
3.2624181102362204
21
-4.2384731889763776
0
LINE
8
BLACK
6
CONTINUOUS
10
3.2624181102362204
20
-4.2384731889763776
11
3.2624033070866143
21
-4.238623858267716
0
LINE
8
BLACK
6
CONTINUOUS
10
3.2624033070866143
20
-4.238623858267716
11
3.2622221259842519
21
-4.2390612204724407
0
LINE
8
BLACK
6
CONTINUOUS
10
3.2622221259842519
20
-4.2390612204724407
11
3.2620725196850393
21
-4.2395100787401576
0
LINE
8
BLACK
6
CONTINUOUS
10
3.2620725196850393
20
-4.2395100787401576
11
3.2620029921259843
21
-4.2395901968503935
0
LINE
8
BLACK
6
CONTINUOUS
10
3.2620029921259843
20
-4.2395901968503935
11
3.2619624015748032
21
-4.2396882677165353
0
LINE
8
BLACK
6
CONTINUOUS
10
3.2619624015748032
20
-4.2396882677165353
11
3.2616276377952755
21
-4.2400229921259838
0
LINE
8
BLACK
6
CONTINUOUS
10
3.2616276377952755
20
-4.2400229921259838
11
3.2613176377952757
21
-4.2403804724409451
0
LINE
8
BLACK
6
CONTINUOUS
10
3.2613176377952757
20
-4.2403804724409451
11
3.2612227559055116
21
-4.2404278740157482
0
LINE
8
BLACK
6
CONTINUOUS
10
3.2612227559055116
20
-4.2404278740157482
11
3.2611477559055118
21
-4.2405029133858267
0
LINE
8
BLACK
6
CONTINUOUS
10
3.2611477559055118
20
-4.2405029133858267
11
3.2607102755905513
21
-4.2406840944881887
0
LINE
8
BLACK
6
CONTINUOUS
10
3.2607102755905513
20
-4.2406840944881887
11
3.2602871653543306
21
-4.2408956692913389
0
LINE
8
BLACK
6
CONTINUOUS
10
3.2602871653543306
20
-4.2408956692913389
11
3.2601814173228347
21
-4.2409031496062992
0
LINE
8
BLACK
6
CONTINUOUS
10
3.2601814173228347
20
-4.2409031496062992
11
3.260083346456693
21
-4.2409438188976374
0
LINE
8
BLACK
6
CONTINUOUS
10
3.260083346456693
20
-4.2409438188976374
11
3.2596098031496061
21
-4.2409438188976374
0
LINE
8
BLACK
6
CONTINUOUS
10
3.2596098031496061
20
-4.2409438188976374
11
3.2591379527559052
21
-4.240977362204724
0
LINE
8
BLACK
6
CONTINUOUS
10
3.2591379527559052
20
-4.240977362204724
11
3.2589904330708661
21
-4.2409438188976374
0
LINE
8
BLACK
6
CONTINUOUS
10
3.2589904330708661
20
-4.2409438188976374
11
3.2589312204724408
21
-4.2409438188976374
0
LINE
8
BLACK
6
CONTINUOUS
10
3.2589312204724408
20
-4.2409438188976374
11
3.2588591338582678
21
-4.2409139370078739
0
LINE
8
BLACK
6
CONTINUOUS
10
3.2588591338582678
20
-4.2409139370078739
11
3.2585735039370078
21
-4.2408490157480312
0
LINE
8
BLACK
6
CONTINUOUS
10
3.2585735039370078
20
-4.2408490157480312
11
3.2304520866141733
21
-4.2314751968503934
0
LINE
8
BLACK
6
CONTINUOUS
10
3.2304520866141733
20
-4.2314751968503934
11
3.229923503937008
21
-4.2312392125984255
0
LINE
8
BLACK
6
CONTINUOUS
10
3.229923503937008
20
-4.2312392125984255
11
3.2290531496062993
21
-4.230484330708661
0
LINE
8
BLACK
6
CONTINUOUS
10
3.2290531496062993
20
-4.230484330708661
11
3.2285379527559055
21
-4.2294538976377956
0
LINE
8
BLACK
6
CONTINUOUS
10
3.2285379527559055
20
-4.2294538976377956
11
3.2284562598425195
21
-4.2283046850393697
0
LINE
8
BLACK
6
CONTINUOUS
10
3.2284562598425195
20
-4.2283046850393697
11
3.2288205905511811
21
-4.2272116535433071
0
LINE
8
BLACK
6
CONTINUOUS
10
3.2288205905511811
20
-4.2272116535433071
11
3.2295754724409447
21
-4.2263412992125984
0
LINE
8
BLACK
6
CONTINUOUS
10
3.2295754724409447
20
-4.2263412992125984
11
3.230605905511811
21
-4.2258261023622046
0
LINE
8
BLACK
6
CONTINUOUS
10
3.230605905511811
20
-4.2258261023622046
11
3.231755118110236
21
-4.2257444094488186
0
LINE
8
BLACK
6
CONTINUOUS
10
3.231755118110236
20
-4.2257444094488186
11
3.2323195669291338
21
-4.2258727559055114
0
LINE
8
BLACK
6
CONTINUOUS
10
3.2323195669291338
20
-4.2258727559055114
11
3.2565545275590551
21
-4.2339510629921255
0
LINE
8
BLACK
6
CONTINUOUS
10
3.2565545275590551
20
-4.2339510629921255
11
3.2565545275590551
21
-4.2222529133858266
0
LINE
8
BLACK
6
CONTINUOUS
10
3.2565545275590551
20
-4.2222529133858266
11
3.2463839370078738
21
-4.2222529133858266
0
LINE
8
BLACK
6
CONTINUOUS
10
3.2463839370078738
20
-4.2222529133858266
11
3.2458078740157479
21
-4.2221961811023618
0
LINE
8
BLACK
6
CONTINUOUS
10
3.2458078740157479
20
-4.2221961811023618
11
3.2447434645669291
21
-4.2217552755905512
0
LINE
8
BLACK
6
CONTINUOUS
10
3.2447434645669291
20
-4.2217552755905512
11
3.2439288188976376
21
-4.2209406299212597
0
LINE
8
BLACK
6
CONTINUOUS
10
3.2439288188976376
20
-4.2209406299212597
11
3.2434879133858265
21
-4.2198762204724405
0
LINE
8
BLACK
6
CONTINUOUS
10
3.2434879133858265
20
-4.2198762204724405
11
3.2434879133858265
21
-4.2187240944881887
0
LINE
8
BLACK
6
CONTINUOUS
10
3.2434879133858265
20
-4.2187240944881887
11
3.2439288188976376
21
-4.2176596850393704
0
LINE
8
BLACK
6
CONTINUOUS
10
3.2439288188976376
20
-4.2176596850393704
11
3.2447434645669291
21
-4.2168450393700789
0
LINE
8
BLACK
6
CONTINUOUS
10
3.2447434645669291
20
-4.2168450393700789
11
3.2458078740157479
21
-4.2164041338582674
0
LINE
8
BLACK
6
CONTINUOUS
10
3.2458078740157479
20
-4.2164041338582674
11
3.2463839370078738
21
-4.2163474015748035
0
LINE
8
BLACK
6
CONTINUOUS
10
3.2463839370078738
20
-4.2163474015748035
11
3.2565545275590551
21
-4.2163474015748035
0
LINE
8
BLACK
6
CONTINUOUS
10
3.2565545275590551
20
-4.2163474015748035
11
3.2565545275590551
21
-4.213675866141732
0
LINE
8
BLACK
6
CONTINUOUS
10
3.2565545275590551
20
-4.213675866141732
11
3.2566112598425194
21
-4.2130998031496061
0
LINE
8
BLACK
6
CONTINUOUS
10
3.2566112598425194
20
-4.2130998031496061
11
3.2570521653543305
21
-4.2120353937007877
0
LINE
8
BLACK
6
CONTINUOUS
10
3.2570521653543305
20
-4.2120353937007877
11
3.257866811023622
21
-4.2112207480314963
0
LINE
8
BLACK
6
CONTINUOUS
10
3.257866811023622
20
-4.2112207480314963
11
3.2589312204724408
21
-4.2107798425196847
0
LINE
8
BLACK
6
CONTINUOUS
10
3.2589312204724408
20
-4.2107798425196847
11
3.260083346456693
21
-4.2107798425196847
0
LINE
8
BLACK
6
CONTINUOUS
10
3.260083346456693
20
-4.2107798425196847
11
3.2611477559055118
21
-4.2112207480314963
0
LINE
8
BLACK
6
CONTINUOUS
10
7.4693706299212597
20
-4.2005908267716539
11
7.4701852755905511
21
-4.2014054724409444
0
LINE
8
BLACK
6
CONTINUOUS
10
7.4701852755905511
20
-4.2014054724409444
11
7.4706261811023618
21
-4.2024698818897637
0
LINE
8
BLACK
6
CONTINUOUS
10
7.4706261811023618
20
-4.2024698818897637
11
7.4706829133858266
21
-4.2030459448818895
0
LINE
8
BLACK
6
CONTINUOUS
10
7.4706829133858266
20
-4.2030459448818895
11
7.4706829133858266
21
-4.2255431102362202
0
LINE
8
BLACK
6
CONTINUOUS
10
7.4706829133858266
20
-4.2255431102362202
11
7.4706261811023618
21
-4.2261191732283461
0
LINE
8
BLACK
6
CONTINUOUS
10
7.4706261811023618
20
-4.2261191732283461
11
7.4701852755905511
21
-4.2271835826771653
0
LINE
8
BLACK
6
CONTINUOUS
10
7.4701852755905511
20
-4.2271835826771653
11
7.4693706299212597
21
-4.2279982283464568
0
LINE
8
BLACK
6
CONTINUOUS
10
7.4693706299212597
20
-4.2279982283464568
11
7.4683062204724404
21
-4.2284391338582674
0
LINE
8
BLACK
6
CONTINUOUS
10
7.4683062204724404
20
-4.2284391338582674
11
7.4671540944881887
21
-4.2284391338582674
0
LINE
8
BLACK
6
CONTINUOUS
10
7.4671540944881887
20
-4.2284391338582674
11
7.4660896850393703
21
-4.2279982283464568
0
LINE
8
BLACK
6
CONTINUOUS
10
7.4660896850393703
20
-4.2279982283464568
11
7.4652750393700789
21
-4.2271835826771653
0
LINE
8
BLACK
6
CONTINUOUS
10
7.4652750393700789
20
-4.2271835826771653
11
7.4648341338582673
21
-4.2261191732283461
0
LINE
8
BLACK
6
CONTINUOUS
10
7.4648341338582673
20
-4.2261191732283461
11
7.4647774015748034
21
-4.2255431102362202
0
LINE
8
BLACK
6
CONTINUOUS
10
7.4647774015748034
20
-4.2255431102362202
11
7.4647774015748034
21
-4.2172472834645669
0
LINE
8
BLACK
6
CONTINUOUS
10
7.4647774015748034
20
-4.2172472834645669
11
7.4373634251968506
21
-4.2172472834645669
0
LINE
8
BLACK
6
CONTINUOUS
10
7.4373634251968506
20
-4.2172472834645669
11
7.4398218110236218
21
-4.2197056692913382
0
LINE
8
BLACK
6
CONTINUOUS
10
7.4398218110236218
20
-4.2197056692913382
11
7.4400076377952757
21
-4.219932047244094
0
LINE
8
BLACK
6
CONTINUOUS
10
7.4400076377952757
20
-4.219932047244094
11
7.4400665748031498
21
-4.2199831889763777
0
LINE
8
BLACK
6
CONTINUOUS
10
7.4400665748031498
20
-4.2199831889763777
11
7.4401224409448821
21
-4.2200719291338578
0
LINE
8
BLACK
6
CONTINUOUS
10
7.4401224409448821
20
-4.2200719291338578
11
7.4401890551181102
21
-4.22015311023622
0
LINE
8
BLACK
6
CONTINUOUS
10
7.4401890551181102
20
-4.22015311023622
11
7.440218897637795
21
-4.2202252362204726
0
LINE
8
BLACK
6
CONTINUOUS
10
7.440218897637795
20
-4.2202252362204726
11
7.440374921259842
21
-4.2204730708661415
0
LINE
8
BLACK
6
CONTINUOUS
10
7.440374921259842
20
-4.2204730708661415
11
7.4422496850393696
21
-4.2242225984251967
0
LINE
8
BLACK
6
CONTINUOUS
10
7.4422496850393696
20
-4.2242225984251967
11
7.442456574803149
21
-4.2247631889763779
0
LINE
8
BLACK
6
CONTINUOUS
10
7.442456574803149
20
-4.2247631889763779
11
7.4425382283464563
21
-4.2259124015748029
0
LINE
8
BLACK
6
CONTINUOUS
10
7.4425382283464563
20
-4.2259124015748029
11
7.4421738976377947
21
-4.2270053937007876
0
LINE
8
BLACK
6
CONTINUOUS
10
7.4421738976377947
20
-4.2270053937007876
11
7.4414190551181099
21
-4.2278757480314964
0
LINE
8
BLACK
6
CONTINUOUS
10
7.4414190551181099
20
-4.2278757480314964
11
7.4403885433070869
21
-4.2283910236220468
0
LINE
8
BLACK
6
CONTINUOUS
10
7.4403885433070869
20
-4.2283910236220468
11
7.4392393307086611
21
-4.228472677165354
0
LINE
8
BLACK
6
CONTINUOUS
10
7.4392393307086611
20
-4.228472677165354
11
7.4381463779527559
21
-4.2281083464566924
0
LINE
8
BLACK
6
CONTINUOUS
10
7.4381463779527559
20
-4.2281083464566924
11
7.4372759842519685
21
-4.2273535039370076
0
LINE
8
BLACK
6
CONTINUOUS
10
7.4372759842519685
20
-4.2273535039370076
11
7.4369676377952754
21
-4.2268636220472438
0
LINE
8
BLACK
6
CONTINUOUS
10
7.4369676377952754
20
-4.2268636220472438
11
7.4353071653543301
21
-4.2235426771653541
0
LINE
8
BLACK
6
CONTINUOUS
10
7.4353071653543301
20
-4.2235426771653541
11
7.4321031889763782
21
-4.2203387007874014
0
LINE
8
BLACK
6
CONTINUOUS
10
7.4321031889763782
20
-4.2203387007874014
11
7.4267221653543309
21
-4.2167513779527557
0
LINE
8
BLACK
6
CONTINUOUS
10
7.4267221653543309
20
-4.2167513779527557
11
7.4267204724409446
21
-4.2167500000000002
0
LINE
8
BLACK
6
CONTINUOUS
10
7.4267204724409446
20
-4.2167500000000002
11
7.426719606299212
21
-4.2167496456692914
0
LINE
8
BLACK
6
CONTINUOUS
10
7.426719606299212
20
-4.2167496456692914
11
7.4267175590551178
21
-4.2167475984251972
0
LINE
8
BLACK
6
CONTINUOUS
10
7.4267175590551178
20
-4.2167475984251972
11
7.4262743307086616
21
-4.2163846062992123
0
LINE
8
BLACK
6
CONTINUOUS
10
7.4262743307086616
20
-4.2163846062992123
11
7.4261116535433072
21
-4.2161416929133857
0
LINE
8
BLACK
6
CONTINUOUS
10
7.4261116535433072
20
-4.2161416929133857
11
7.4259049606299214
21
-4.215935
0
LINE
8
BLACK
6
CONTINUOUS
10
7.4259049606299214
20
-4.215935
11
7.4257942125984249
21
-4.2156676771653538
0
LINE
8
BLACK
6
CONTINUOUS
10
7.4257942125984249
20
-4.2156676771653538
11
7.4256332677165355
21
-4.2154273228346453
0
LINE
8
BLACK
6
CONTINUOUS
10
7.4256332677165355
20
-4.2154273228346453
11
7.4255759055118107
21
-4.2151406692913387
0
LINE
8
BLACK
6
CONTINUOUS
10
7.4255759055118107
20
-4.2151406692913387
11
7.4254640551181099
21
-4.2148705905511807
0
LINE
8
BLACK
6
CONTINUOUS
10
7.4254640551181099
20
-4.2148705905511807
11
7.4254640551181099
21
-4.2145812598425199
0
LINE
8
BLACK
6
CONTINUOUS
10
7.4254640551181099
20
-4.2145812598425199
11
7.4254073228346451
21
-4.2142976377952754
0
LINE
8
BLACK
6
CONTINUOUS
10
7.4254073228346451
20
-4.2142976377952754
11
7.4254640551181099
21
-4.2140108267716538
0
LINE
8
BLACK
6
CONTINUOUS
10
7.4254640551181099
20
-4.2140108267716538
11
7.4254640551181099
21
-4.213718464566929
0
LINE
8
BLACK
6
CONTINUOUS
10
7.4254640551181099
20
-4.213718464566929
11
7.4255747637795277
21
-4.2134511811023625
0
LINE
8
BLACK
6
CONTINUOUS
10
7.4255747637795277
20
-4.2134511811023625
11
7.4256309055118113
21
-4.2131674015748031
0
LINE
8
BLACK
6
CONTINUOUS
10
7.4256309055118113
20
-4.2131674015748031
11
7.4257930708661419
21
-4.2129241338582677
0
LINE
8
BLACK
6
CONTINUOUS
10
7.4257930708661419
20
-4.2129241338582677
11
7.4259049606299214
21
-4.2126540551181098
0
LINE
8
BLACK
6
CONTINUOUS
10
7.4259049606299214
20
-4.2126540551181098
11
7.4261094881889766
21
-4.2124494881889767
0
LINE
8
BLACK
6
CONTINUOUS
10
7.4261094881889766
20
-4.2124494881889767
11
7.4262699999999997
21
-4.2122087795275593
0
LINE
8
BLACK
6
CONTINUOUS
10
7.4262699999999997
20
-4.2122087795275593
11
7.4265128740157476
21
-4.2120461023622049
0
LINE
8
BLACK
6
CONTINUOUS
10
7.4265128740157476
20
-4.2120461023622049
11
7.426719606299212
21
-4.2118394094488192
0
LINE
8
BLACK
6
CONTINUOUS
10
7.426719606299212
20
-4.2118394094488192
11
7.4269868897637794
21
-4.2117286614173226
0
LINE
8
BLACK
6
CONTINUOUS
10
7.4269868897637794
20
-4.2117286614173226
11
7.4272272834645667
21
-4.2115677165354333
0
LINE
8
BLACK
6
CONTINUOUS
10
7.4272272834645667
20
-4.2115677165354333
11
7.4275138976377955
21
-4.2115103543307084
0
LINE
8
BLACK
6
CONTINUOUS
10
7.4275138976377955
20
-4.2115103543307084
11
7.4277840157480313
21
-4.2113985039370077
0
LINE
8
BLACK
6
CONTINUOUS
10
7.4277840157480313
20
-4.2113985039370077
11
7.4283539370078735
21
-4.2113423622047241
0
LINE
8
BLACK
6
CONTINUOUS
10
7.4283539370078735
20
-4.2113423622047241
11
7.4283569685039366
21
-4.2113417716535428
0
LINE
8
BLACK
6
CONTINUOUS
10
7.4283569685039366
20
-4.2113417716535428
11
7.4283579921259841
21
-4.2113419685039366
0
LINE
8
BLACK
6
CONTINUOUS
10
7.4283579921259841
20
-4.2113419685039366
11
7.4283600787401571
21
-4.2113417716535428
0
LINE
8
BLACK
6
CONTINUOUS
10
7.4283600787401571
20
-4.2113417716535428
11
7.4647774015748034
21
-4.2113417716535428
0
LINE
8
BLACK
6
CONTINUOUS
10
7.4647774015748034
20
-4.2113417716535428
11
7.4647774015748034
21
-4.2030459448818895
0
LINE
8
BLACK
6
CONTINUOUS
10
7.4647774015748034
20
-4.2030459448818895
11
7.4648341338582673
21
-4.2024698818897637
0
LINE
8
BLACK
6
CONTINUOUS
10
7.4648341338582673
20
-4.2024698818897637
11
7.4652750393700789
21
-4.2014054724409444
0
LINE
8
BLACK
6
CONTINUOUS
10
7.4652750393700789
20
-4.2014054724409444
11
7.4660896850393703
21
-4.2005908267716539
0
LINE
8
BLACK
6
CONTINUOUS
10
7.4660896850393703
20
-4.2005908267716539
11
7.4671540944881887
21
-4.2001499212598423
0
LINE
8
BLACK
6
CONTINUOUS
10
7.4671540944881887
20
-4.2001499212598423
11
7.4683062204724404
21
-4.2001499212598423
0
LINE
8
BLACK
6
CONTINUOUS
10
7.4683062204724404
20
-4.2001499212598423
11
7.4693706299212597
21
-4.2005908267716539
0
LINE
8
BLACK
6
CONTINUOUS
10
7.4528325196850389
20
-4.1626077559055119
11
7.4528755511811022
21
-4.1626013779527558
0
LINE
8
BLACK
6
CONTINUOUS
10
7.4528755511811022
20
-4.1626013779527558
11
7.4530910236220471
21
-4.1626332283464569
0
LINE
8
BLACK
6
CONTINUOUS
10
7.4530910236220471
20
-4.1626332283464569
11
7.4533080708661412
21
-4.1626546062992125
0
LINE
8
BLACK
6
CONTINUOUS
10
7.4533080708661412
20
-4.1626546062992125
11
7.4533482677165352
21
-4.1626712204724408
0
LINE
8
BLACK
6
CONTINUOUS
10
7.4533482677165352
20
-4.1626712204724408
11
7.4534481496062988
21
-4.1626860236220473
0
LINE
8
BLACK
6
CONTINUOUS
10
7.4534481496062988
20
-4.1626860236220473
11
7.460947204724409
21
-4.1645607874015749
0
LINE
8
BLACK
6
CONTINUOUS
10
7.460947204724409
20
-4.1645607874015749
11
7.4609896850393698
21
-4.1645759448818893
0
LINE
8
BLACK
6
CONTINUOUS
10
7.4609896850393698
20
-4.1645759448818893
11
7.46101094488189
21
-4.1645774803149607
0
LINE
8
BLACK
6
CONTINUOUS
10
7.46101094488189
20
-4.1645774803149607
11
7.4612503543307085
21
-4.1646690944881888
0
LINE
8
BLACK
6
CONTINUOUS
10
7.4612503543307085
20
-4.1646690944881888
11
7.4614923228346459
21
-4.1647555511811021
0
LINE
8
BLACK
6
CONTINUOUS
10
7.4614923228346459
20
-4.1647555511811021
11
7.4615094488188971
21
-4.1647682283464569
0
LINE
8
BLACK
6
CONTINUOUS
10
7.4615094488188971
20
-4.1647682283464569
11
7.4615515748031491
21
-4.1647843700787401
0
LINE
8
BLACK
6
CONTINUOUS
10
7.4615515748031491
20
-4.1647843700787401
11
7.4653011023622042
21
-4.1666591338582677
0
LINE
8
BLACK
6
CONTINUOUS
10
7.4653011023622042
20
-4.1666591338582677
11
7.4655489763779528
21
-4.1668151574803147
0
LINE
8
BLACK
6
CONTINUOUS
10
7.4655489763779528
20
-4.1668151574803147
11
7.465621023622047
21
-4.1668449999999995
0
LINE
8
BLACK
6
CONTINUOUS
10
7.465621023622047
20
-4.1668449999999995
11
7.4657020472440943
21
-4.1669114960629923
0
LINE
8
BLACK
6
CONTINUOUS
10
7.4657020472440943
20
-4.1669114960629923
11
7.4657909842519681
21
-4.1669674803149608
0
LINE
8
BLACK
6
CONTINUOUS
10
7.4657909842519681
20
-4.1669674803149608
11
7.4658421259842518
21
-4.1670264566929136
0
LINE
8
BLACK
6
CONTINUOUS
10
7.4658421259842518
20
-4.1670264566929136
11
7.4660684645669289
21
-4.1672122047244091
0
LINE
8
BLACK
6
CONTINUOUS
10
7.4660684645669289
20
-4.1672122047244091
11
7.4679432677165352
21
-4.1690869685039367
0
LINE
8
BLACK
6
CONTINUOUS
10
7.4679432677165352
20
-4.1690869685039367
11
7.4681290157480316
21
-4.1693133070866137
0
LINE
8
BLACK
6
CONTINUOUS
10
7.4681290157480316
20
-4.1693133070866137
11
7.4681880708661419
21
-4.169364527559055
0
LINE
8
BLACK
6
CONTINUOUS
10
7.4681880708661419
20
-4.169364527559055
11
7.4682440551181104
21
-4.1694534645669288
0
LINE
8
BLACK
6
CONTINUOUS
10
7.4682440551181104
20
-4.1694534645669288
11
7.4683105118110236
21
-4.1695344488188972
0
LINE
8
BLACK
6
CONTINUOUS
10
7.4683105118110236
20
-4.1695344488188972
11
7.4683403149606296
21
-4.1696063779527561
0
LINE
8
BLACK
6
CONTINUOUS
10
7.4683403149606296
20
-4.1696063779527561
11
7.4684964173228341
21
-4.1698544094488188
0
LINE
8
BLACK
6
CONTINUOUS
10
7.4684964173228341
20
-4.1698544094488188
11
7.4703711811023616
21
-4.1736039370078739
0
LINE
8
BLACK
6
CONTINUOUS
10
7.4703711811023616
20
-4.1736039370078739
11
7.4705780708661411
21
-4.1741445275590552
0
LINE
8
BLACK
6
CONTINUOUS
10
7.4705780708661411
20
-4.1741445275590552
11
7.4705855905511811
21
-4.1742503937007873
0
LINE
8
BLACK
6
CONTINUOUS
10
7.4705855905511811
20
-4.1742503937007873
11
7.4706261811023618
21
-4.1743483858267716
0
LINE
8
BLACK
6
CONTINUOUS
10
7.4706261811023618
20
-4.1743483858267716
11
7.4706829133858266
21
-4.1749244488188975
0
LINE
8
BLACK
6
CONTINUOUS
10
7.4706829133858266
20
-4.1749244488188975
11
7.4706829133858266
21
-4.1786739763779526
0
LINE
8
BLACK
6
CONTINUOUS
10
7.4706829133858266
20
-4.1786739763779526
11
7.4706261811023618
21
-4.1792500393700784
0
LINE
8
BLACK
6
CONTINUOUS
10
7.4706261811023618
20
-4.1792500393700784
11
7.4705855905511811
21
-4.179347992125984
0
LINE
8
BLACK
6
CONTINUOUS
10
7.4705855905511811
20
-4.179347992125984
11
7.4705780708661411
21
-4.1794538976377948
0
LINE
8
BLACK
6
CONTINUOUS
10
7.4705780708661411
20
-4.1794538976377948
11
7.4703711811023616
21
-4.1799944881889761
0
LINE
8
BLACK
6
CONTINUOUS
10
7.4703711811023616
20
-4.1799944881889761
11
7.4684964173228341
21
-4.1837440157480312
0
LINE
8
BLACK
6
CONTINUOUS
10
7.4684964173228341
20
-4.1837440157480312
11
7.4683403149606296
21
-4.183992007874016
0
LINE
8
BLACK
6
CONTINUOUS
10
7.4683403149606296
20
-4.183992007874016
11
7.4683105118110236
21
-4.1840639763779528
0
LINE
8
BLACK
6
CONTINUOUS
10
7.4683105118110236
20
-4.1840639763779528
11
7.4682440551181104
21
-4.1841449212598425
0
LINE
8
BLACK
6
CONTINUOUS
10
7.4682440551181104
20
-4.1841449212598425
11
7.4681880708661419
21
-4.1842338976377951
0
LINE
8
BLACK
6
CONTINUOUS
10
7.4681880708661419
20
-4.1842338976377951
11
7.4681290157480316
21
-4.1842850787401575
0
LINE
8
BLACK
6
CONTINUOUS
10
7.4681290157480316
20
-4.1842850787401575
11
7.4679432677165352
21
-4.1845114566929134
0
LINE
8
BLACK
6
CONTINUOUS
10
7.4679432677165352
20
-4.1845114566929134
11
7.4660684645669289
21
-4.1863862204724409
0
LINE
8
BLACK
6
CONTINUOUS
10
7.4660684645669289
20
-4.1863862204724409
11
7.4658421259842518
21
-4.1865719291338586
0
LINE
8
BLACK
6
CONTINUOUS
10
7.4658421259842518
20
-4.1865719291338586
11
7.4657909842519681
21
-4.1866309448818892
0
LINE
8
BLACK
6
CONTINUOUS
10
7.4657909842519681
20
-4.1866309448818892
11
7.4657020472440943
21
-4.186686889763779
0
LINE
8
BLACK
6
CONTINUOUS
10
7.4657020472440943
20
-4.186686889763779
11
7.465621023622047
21
-4.1867534251968506
0
LINE
8
BLACK
6
CONTINUOUS
10
7.465621023622047
20
-4.1867534251968506
11
7.4655489763779528
21
-4.1867832283464566
0
LINE
8
BLACK
6
CONTINUOUS
10
7.4655489763779528
20
-4.1867832283464566
11
7.4653011023622042
21
-4.1869392913385823
0
LINE
8
BLACK
6
CONTINUOUS
10
7.4653011023622042
20
-4.1869392913385823
11
7.4615515748031491
21
-4.1888140551181099
0
LINE
8
BLACK
6
CONTINUOUS
10
7.4615515748031491
20
-4.1888140551181099
11
7.4615094488188971
21
-4.1888301574803153
0
LINE
8
BLACK
6
CONTINUOUS
10
7.4615094488188971
20
-4.1888301574803153
11
7.4614923228346459
21
-4.188842874015748
0
LINE
8
BLACK
6
CONTINUOUS
10
7.4614923228346459
20
-4.188842874015748
11
7.4612503543307085
21
-4.1889292913385825
0
LINE
8
BLACK
6
CONTINUOUS
10
7.4612503543307085
20
-4.1889292913385825
11
7.46101094488189
21
-4.1890209448818894
0
LINE
8
BLACK
6
CONTINUOUS
10
7.46101094488189
20
-4.1890209448818894
11
7.4609896850393698
21
-4.189022440944882
0
LINE
8
BLACK
6
CONTINUOUS
10
7.4609896850393698
20
-4.189022440944882
11
7.460947204724409
21
-4.1890376377952752
0
LINE
8
BLACK
6
CONTINUOUS
10
7.460947204724409
20
-4.1890376377952752
11
7.4534481496062988
21
-4.1909124015748027
0
LINE
8
BLACK
6
CONTINUOUS
10
7.4534481496062988
20
-4.1909124015748027
11
7.4533482677165352
21
-4.1909271653543305
0
LINE
8
BLACK
6
CONTINUOUS
10
7.4533482677165352
20
-4.1909271653543305
11
7.4533080708661412
21
-4.1909438188976376
0
LINE
8
BLACK
6
CONTINUOUS
10
7.4533080708661412
20
-4.1909438188976376
11
7.4530910236220471
21
-4.1909651574803153
0
LINE
8
BLACK
6
CONTINUOUS
10
7.4530910236220471
20
-4.1909651574803153
11
7.4528755511811022
21
-4.1909970472440943
0
LINE
8
BLACK
6
CONTINUOUS
10
7.4528755511811022
20
-4.1909970472440943
11
7.4528325196850389
21
-4.1909906299212594
0
LINE
8
BLACK
6
CONTINUOUS
10
7.4528325196850389
20
-4.1909906299212594
11
7.4527320078740154
21
-4.1910005511811024
0
LINE
8
BLACK
6
CONTINUOUS
10
7.4527320078740154
20
-4.1910005511811024
11
7.4433581889763776
21
-4.1910005511811024
0
LINE
8
BLACK
6
CONTINUOUS
10
7.4433581889763776
20
-4.1910005511811024
11
7.4432576377952753
21
-4.1909906299212594
0
LINE
8
BLACK
6
CONTINUOUS
10
7.4432576377952753
20
-4.1909906299212594
11
7.4432146456692916
21
-4.1909970472440943
0
LINE
8
BLACK
6
CONTINUOUS
10
7.4432146456692916
20
-4.1909970472440943
11
7.4429991338582679
21
-4.1909651574803153
0
LINE
8
BLACK
6
CONTINUOUS
10
7.4429991338582679
20
-4.1909651574803153
11
7.4427821259842517
21
-4.1909438188976376
0
LINE
8
BLACK
6
CONTINUOUS
10
7.4427821259842517
20
-4.1909438188976376
11
7.4427418897637789
21
-4.1909271653543305
0
LINE
8
BLACK
6
CONTINUOUS
10
7.4427418897637789
20
-4.1909271653543305
11
7.4426420472440942
21
-4.1909124015748027
0
LINE
8
BLACK
6
CONTINUOUS
10
7.4426420472440942
20
-4.1909124015748027
11
7.435142992125984
21
-4.1890376377952752
0
LINE
8
BLACK
6
CONTINUOUS
10
7.435142992125984
20
-4.1890376377952752
11
7.4351004724409444
21
-4.189022440944882
0
LINE
8
BLACK
6
CONTINUOUS
10
7.4351004724409444
20
-4.189022440944882
11
7.4350792125984251
21
-4.1890209448818894
0
LINE
8
BLACK
6
CONTINUOUS
10
7.4350792125984251
20
-4.1890209448818894
11
7.4348394488188978
21
-4.1889291732283462
0
LINE
8
BLACK
6
CONTINUOUS
10
7.4348394488188978
20
-4.1889291732283462
11
7.4345978740157479
21
-4.188842874015748
0
LINE
8
BLACK
6
CONTINUOUS
10
7.4345978740157479
20
-4.188842874015748
11
7.4345807086614171
21
-4.1888301574803153
0
LINE
8
BLACK
6
CONTINUOUS
10
7.4345807086614171
20
-4.1888301574803153
11
7.4345386220472438
21
-4.1888140551181099
0
LINE
8
BLACK
6
CONTINUOUS
10
7.4345386220472438
20
-4.1888140551181099
11
7.4307890944881887
21
-4.1869392913385823
0
LINE
8
BLACK
6
CONTINUOUS
10
7.4307890944881887
20
-4.1869392913385823
11
7.430541062992126
21
-4.1867831889763778
0
LINE
8
BLACK
6
CONTINUOUS
10
7.430541062992126
20
-4.1867831889763778
11
7.4304691338582671
21
-4.1867533858267718
0
LINE
8
BLACK
6
CONTINUOUS
10
7.4304691338582671
20
-4.1867533858267718
11
7.4303881496062987
21
-4.186686889763779
0
LINE
8
BLACK
6
CONTINUOUS
10
7.4303881496062987
20
-4.186686889763779
11
7.4302992125984249
21
-4.1866309448818892
0
LINE
8
BLACK
6
CONTINUOUS
10
7.4302992125984249
20
-4.1866309448818892
11
7.4302480314960624
21
-4.1865719291338586
0
LINE
8
BLACK
6
CONTINUOUS
10
7.4302480314960624
20
-4.1865719291338586
11
7.4300216929133853
21
-4.1863861811023622
0
LINE
8
BLACK
6
CONTINUOUS
10
7.4300216929133853
20
-4.1863861811023622
11
7.4281469291338578
21
-4.1845114173228346
0
LINE
8
BLACK
6
CONTINUOUS
10
7.4281469291338578
20
-4.1845114173228346
11
7.4279611417322835
21
-4.1842850393700788
0
LINE
8
BLACK
6
CONTINUOUS
10
7.4279611417322835
20
-4.1842850393700788
11
7.4279021653543307
21
-4.1842338976377951
0
LINE
8
BLACK
6
CONTINUOUS
10
7.4279021653543307
20
-4.1842338976377951
11
7.4278461811023622
21
-4.1841449212598425
0
LINE
8
BLACK
6
CONTINUOUS
10
7.4278461811023622
20
-4.1841449212598425
11
7.427779724409449
21
-4.1840639763779528
0
LINE
8
BLACK
6
CONTINUOUS
10
7.427779724409449
20
-4.1840639763779528
11
7.4277498818897634
21
-4.183992007874016
0
LINE
8
BLACK
6
CONTINUOUS
10
7.4277498818897634
20
-4.183992007874016
11
7.4275938188976376
21
-4.1837440157480312
0
LINE
8
BLACK
6
CONTINUOUS
10
7.4275938188976376
20
-4.1837440157480312
11
7.42571905511811
21
-4.1799944881889761
0
LINE
8
BLACK
6
CONTINUOUS
10
7.42571905511811
20
-4.1799944881889761
11
7.4255121653543306
21
-4.1794538582677161
0
LINE
8
BLACK
6
CONTINUOUS
10
7.4255121653543306
20
-4.1794538582677161
11
7.4255046456692915
21
-4.1793480314960627
0
LINE
8
BLACK
6
CONTINUOUS
10
7.4255046456692915
20
-4.1793480314960627
11
7.4254640551181099
21
-4.1792500393700784
0
LINE
8
BLACK
6
CONTINUOUS
10
7.4254640551181099
20
-4.1792500393700784
11
7.4254073228346451
21
-4.1786739763779526
0
LINE
8
BLACK
6
CONTINUOUS
10
7.4254073228346451
20
-4.1786739763779526
11
7.4254073228346451
21
-4.1749244488188975
0
LINE
8
BLACK
6
CONTINUOUS
10
7.4254073228346451
20
-4.1749244488188975
11
7.4254640551181099
21
-4.1743483858267716
0
LINE
8
BLACK
6
CONTINUOUS
10
7.4254640551181099
20
-4.1743483858267716
11
7.4255046456692915
21
-4.1742503543307086
0
LINE
8
BLACK
6
CONTINUOUS
10
7.4255046456692915
20
-4.1742503543307086
11
7.4255121653543306
21
-4.1741445669291339
0
LINE
8
BLACK
6
CONTINUOUS
10
7.4255121653543306
20
-4.1741445669291339
11
7.42571905511811
21
-4.1736039370078739
0
LINE
8
BLACK
6
CONTINUOUS
10
7.42571905511811
20
-4.1736039370078739
11
7.4275938188976376
21
-4.1698544094488188
0
LINE
8
BLACK
6
CONTINUOUS
10
7.4275938188976376
20
-4.1698544094488188
11
7.4277498818897634
21
-4.1696063779527561
0
LINE
8
BLACK
6
CONTINUOUS
10
7.4277498818897634
20
-4.1696063779527561
11
7.427779724409449
21
-4.1695344488188972
0
LINE
8
BLACK
6
CONTINUOUS
10
7.427779724409449
20
-4.1695344488188972
11
7.4278461811023622
21
-4.1694534645669288
0
LINE
8
BLACK
6
CONTINUOUS
10
7.4278461811023622
20
-4.1694534645669288
11
7.4279021653543307
21
-4.169364527559055
0
LINE
8
BLACK
6
CONTINUOUS
10
7.4279021653543307
20
-4.169364527559055
11
7.4279611417322835
21
-4.1693133464566925
0
LINE
8
BLACK
6
CONTINUOUS
10
7.4279611417322835
20
-4.1693133464566925
11
7.4281469291338578
21
-4.1690870078740154
0
LINE
8
BLACK
6
CONTINUOUS
10
7.4281469291338578
20
-4.1690870078740154
11
7.4300216929133853
21
-4.1672122440944879
0
LINE
8
BLACK
6
CONTINUOUS
10
7.4300216929133853
20
-4.1672122440944879
11
7.4302480314960624
21
-4.1670264566929136
0
LINE
8
BLACK
6
CONTINUOUS
10
7.4302480314960624
20
-4.1670264566929136
11
7.4302992125984249
21
-4.1669674803149608
0
LINE
8
BLACK
6
CONTINUOUS
10
7.4302992125984249
20
-4.1669674803149608
11
7.4303881496062987
21
-4.1669114960629923
0
LINE
8
BLACK
6
CONTINUOUS
10
7.4303881496062987
20
-4.1669114960629923
11
7.4304691338582671
21
-4.1668450393700782
0
LINE
8
BLACK
6
CONTINUOUS
10
7.4304691338582671
20
-4.1668450393700782
11
7.430541062992126
21
-4.1668151968503935
0
LINE
8
BLACK
6
CONTINUOUS
10
7.430541062992126
20
-4.1668151968503935
11
7.4307890944881887
21
-4.1666591338582677
0
LINE
8
BLACK
6
CONTINUOUS
10
7.4307890944881887
20
-4.1666591338582677
11
7.4345386220472438
21
-4.1647843700787401
0
LINE
8
BLACK
6
CONTINUOUS
10
7.4345386220472438
20
-4.1647843700787401
11
7.4345807086614171
21
-4.1647682283464569
0
LINE
8
BLACK
6
CONTINUOUS
10
7.4345807086614171
20
-4.1647682283464569
11
7.4345978740157479
21
-4.1647555511811021
0
LINE
8
BLACK
6
CONTINUOUS
10
7.4345978740157479
20
-4.1647555511811021
11
7.4348394488188978
21
-4.164669212598425
0
LINE
8
BLACK
6
CONTINUOUS
10
7.4348394488188978
20
-4.164669212598425
11
7.4350792125984251
21
-4.1645774803149607
0
LINE
8
BLACK
6
CONTINUOUS
10
7.4350792125984251
20
-4.1645774803149607
11
7.4351004724409444
21
-4.1645759448818893
0
LINE
8
BLACK
6
CONTINUOUS
10
7.4351004724409444
20
-4.1645759448818893
11
7.435142992125984
21
-4.1645607874015749
0
LINE
8
BLACK
6
CONTINUOUS
10
7.435142992125984
20
-4.1645607874015749
11
7.4426420472440942
21
-4.1626860236220473
0
LINE
8
BLACK
6
CONTINUOUS
10
7.4426420472440942
20
-4.1626860236220473
11
7.4427418897637789
21
-4.1626712204724408
0
LINE
8
BLACK
6
CONTINUOUS
10
7.4427418897637789
20
-4.1626712204724408
11
7.4427821259842517
21
-4.1626546062992125
0
LINE
8
BLACK
6
CONTINUOUS
10
7.4427821259842517
20
-4.1626546062992125
11
7.4429991338582679
21
-4.1626332283464569
0
LINE
8
BLACK
6
CONTINUOUS
10
7.4429991338582679
20
-4.1626332283464569
11
7.4432146456692916
21
-4.1626013779527558
0
LINE
8
BLACK
6
CONTINUOUS
10
7.4432146456692916
20
-4.1626013779527558
11
7.4432576377952753
21
-4.1626077559055119
0
LINE
8
BLACK
6
CONTINUOUS
10
7.4432576377952753
20
-4.1626077559055119
11
7.4433581889763776
21
-4.1625978740157477
0
LINE
8
BLACK
6
CONTINUOUS
10
7.4433581889763776
20
-4.1625978740157477
11
7.4527320078740154
21
-4.1625978740157477
0
LINE
8
BLACK
6
CONTINUOUS
10
7.4527320078740154
20
-4.1625978740157477
11
7.4528325196850389
21
-4.1626077559055119
0
LINE
8
BLACK
6
CONTINUOUS
10
7.43688968503937
20
-4.1702113779527554
11
7.4338587007874013
21
-4.1717268897637796
0
LINE
8
BLACK
6
CONTINUOUS
10
7.4338587007874013
20
-4.1717268897637796
11
7.4326615748031495
21
-4.1729240157480314
0
LINE
8
BLACK
6
CONTINUOUS
10
7.4326615748031495
20
-4.1729240157480314
11
7.4313128346456692
21
-4.175621496062992
0
LINE
8
BLACK
6
CONTINUOUS
10
7.4313128346456692
20
-4.175621496062992
11
7.4313128346456692
21
-4.177976929133858
0
LINE
8
BLACK
6
CONTINUOUS
10
7.4313128346456692
20
-4.177976929133858
11
7.4326615748031495
21
-4.1806744094488186
0
LINE
8
BLACK
6
CONTINUOUS
10
7.4326615748031495
20
-4.1806744094488186
11
7.4338587007874013
21
-4.1818715354330704
0
LINE
8
BLACK
6
CONTINUOUS
10
7.4338587007874013
20
-4.1818715354330704
11
7.43688968503937
21
-4.1833870078740159
0
LINE
8
BLACK
6
CONTINUOUS
10
7.43688968503937
20
-4.1833870078740159
11
7.4437217322834641
21
-4.1850950393700783
0
LINE
8
BLACK
6
CONTINUOUS
10
7.4437217322834641
20
-4.1850950393700783
11
7.4523684645669288
21
-4.1850950393700783
0
LINE
8
BLACK
6
CONTINUOUS
10
7.4523684645669288
20
-4.1850950393700783
11
7.4592005118110238
21
-4.1833870078740159
0
LINE
8
BLACK
6
CONTINUOUS
10
7.4592005118110238
20
-4.1833870078740159
11
7.4622314960629916
21
-4.1818714960629917
0
LINE
8
BLACK
6
CONTINUOUS
10
7.4622314960629916
20
-4.1818714960629917
11
7.4634286614173231
21
-4.1806743700787399
0
LINE
8
BLACK
6
CONTINUOUS
10
7.4634286614173231
20
-4.1806743700787399
11
7.4647774015748034
21
-4.177976929133858
0
LINE
8
BLACK
6
CONTINUOUS
10
7.4647774015748034
20
-4.177976929133858
11
7.4647774015748034
21
-4.175621496062992
0
LINE
8
BLACK
6
CONTINUOUS
10
7.4647774015748034
20
-4.175621496062992
11
7.4634286614173231
21
-4.1729240157480314
0
LINE
8
BLACK
6
CONTINUOUS
10
7.4634286614173231
20
-4.1729240157480314
11
7.4622314960629916
21
-4.1717268897637796
0
LINE
8
BLACK
6
CONTINUOUS
10
7.4622314960629916
20
-4.1717268897637796
11
7.4592005118110238
21
-4.1702113779527554
0
LINE
8
BLACK
6
CONTINUOUS
10
7.4592005118110238
20
-4.1702113779527554
11
7.4523684645669288
21
-4.1685033858267717
0
LINE
8
BLACK
6
CONTINUOUS
10
7.4523684645669288
20
-4.1685033858267717
11
7.4437217322834641
21
-4.1685033858267717
0
LINE
8
BLACK
6
CONTINUOUS
10
7.4437217322834641
20
-4.1685033858267717
11
7.43688968503937
21
-4.1702113779527554
0
LINE
8
BLACK
6
CONTINUOUS
10
3.251773937007874
20
-4.1362301181102366
11
3.2525885826771654
21
-4.1370447637795271
0
LINE
8
BLACK
6
CONTINUOUS
10
3.2525885826771654
20
-4.1370447637795271
11
3.2530294881889765
21
-4.1381091732283464
0
LINE
8
BLACK
6
CONTINUOUS
10
3.2530294881889765
20
-4.1381091732283464
11
3.2530862204724409
21
-4.1386852362204722
0
LINE
8
BLACK
6
CONTINUOUS
10
3.2530862204724409
20
-4.1386852362204722
11
3.2530862204724409
21
-4.1507305905511807
0
LINE
8
BLACK
6
CONTINUOUS
10
3.2530862204724409
20
-4.1507305905511807
11
3.2651315748031497
21
-4.1507305905511807
0
LINE
8
BLACK
6
CONTINUOUS
10
3.2651315748031497
20
-4.1507305905511807
11
3.2657076377952756
21
-4.1507873228346455
0
LINE
8
BLACK
6
CONTINUOUS
10
3.2657076377952756
20
-4.1507873228346455
11
3.2667720472440944
21
-4.151228228346457
0
LINE
8
BLACK
6
CONTINUOUS
10
3.2667720472440944
20
-4.151228228346457
11
3.2675866929133859
21
-4.1520428740157476
0
LINE
8
BLACK
6
CONTINUOUS
10
3.2675866929133859
20
-4.1520428740157476
11
3.268027598425197
21
-4.1531072834645668
0
LINE
8
BLACK
6
CONTINUOUS
10
3.268027598425197
20
-4.1531072834645668
11
3.268027598425197
21
-4.1542594094488186
0
LINE
8
BLACK
6
CONTINUOUS
10
3.268027598425197
20
-4.1542594094488186
11
3.2675866929133859
21
-4.1553238188976378
0
LINE
8
BLACK
6
CONTINUOUS
10
3.2675866929133859
20
-4.1553238188976378
11
3.2667720472440944
21
-4.1561384645669293
0
LINE
8
BLACK
6
CONTINUOUS
10
3.2667720472440944
20
-4.1561384645669293
11
3.2657076377952756
21
-4.1565793700787399
0
LINE
8
BLACK
6
CONTINUOUS
10
3.2657076377952756
20
-4.1565793700787399
11
3.2651315748031497
21
-4.1566361023622047
0
LINE
8
BLACK
6
CONTINUOUS
10
3.2651315748031497
20
-4.1566361023622047
11
3.2530862204724409
21
-4.1566361023622047
0
LINE
8
BLACK
6
CONTINUOUS
10
3.2530862204724409
20
-4.1566361023622047
11
3.2530862204724409
21
-4.1686814566929131
0
LINE
8
BLACK
6
CONTINUOUS
10
3.2530862204724409
20
-4.1686814566929131
11
3.2530294881889765
21
-4.169257519685039
0
LINE
8
BLACK
6
CONTINUOUS
10
3.2530294881889765
20
-4.169257519685039
11
3.2525885826771654
21
-4.1703219291338582
0
LINE
8
BLACK
6
CONTINUOUS
10
3.2525885826771654
20
-4.1703219291338582
11
3.251773937007874
21
-4.1711365748031497
0
LINE
8
BLACK
6
CONTINUOUS
10
3.251773937007874
20
-4.1711365748031497
11
3.2507095275590552
21
-4.1715774803149603
0
LINE
8
BLACK
6
CONTINUOUS
10
3.2507095275590552
20
-4.1715774803149603
11
3.249557401574803
21
-4.1715774803149603
0
LINE
8
BLACK
6
CONTINUOUS
10
3.249557401574803
20
-4.1715774803149603
11
3.2484929921259842
21
-4.1711365748031497
0
LINE
8
BLACK
6
CONTINUOUS
10
3.2484929921259842
20
-4.1711365748031497
11
3.2476783464566927
21
-4.1703219291338582
0
LINE
8
BLACK
6
CONTINUOUS
10
3.2476783464566927
20
-4.1703219291338582
11
3.2472374409448816
21
-4.169257519685039
0
LINE
8
BLACK
6
CONTINUOUS
10
3.2472374409448816
20
-4.169257519685039
11
3.2471807086614173
21
-4.1686814566929131
0
LINE
8
BLACK
6
CONTINUOUS
10
3.2471807086614173
20
-4.1686814566929131
11
3.2471807086614173
21
-4.1566361023622047
0
LINE
8
BLACK
6
CONTINUOUS
10
3.2471807086614173
20
-4.1566361023622047
11
3.2351353543307084
21
-4.1566361023622047
0
LINE
8
BLACK
6
CONTINUOUS
10
3.2351353543307084
20
-4.1566361023622047
11
3.2345592913385826
21
-4.1565793700787399
0
LINE
8
BLACK
6
CONTINUOUS
10
3.2345592913385826
20
-4.1565793700787399
11
3.2334948818897638
21
-4.1561384645669293
0
LINE
8
BLACK
6
CONTINUOUS
10
3.2334948818897638
20
-4.1561384645669293
11
3.2326802362204723
21
-4.1553238188976378
0
LINE
8
BLACK
6
CONTINUOUS
10
3.2326802362204723
20
-4.1553238188976378
11
3.2322393307086612
21
-4.1542594094488186
0
LINE
8
BLACK
6
CONTINUOUS
10
3.2322393307086612
20
-4.1542594094488186
11
3.2322393307086612
21
-4.1531072834645668
0
LINE
8
BLACK
6
CONTINUOUS
10
3.2322393307086612
20
-4.1531072834645668
11
3.2326802362204723
21
-4.1520428740157476
0
LINE
8
BLACK
6
CONTINUOUS
10
3.2326802362204723
20
-4.1520428740157476
11
3.2334948818897638
21
-4.151228228346457
0
LINE
8
BLACK
6
CONTINUOUS
10
3.2334948818897638
20
-4.151228228346457
11
3.2345592913385826
21
-4.1507873228346455
0
LINE
8
BLACK
6
CONTINUOUS
10
3.2345592913385826
20
-4.1507873228346455
11
3.2351353543307084
21
-4.1507305905511807
0
LINE
8
BLACK
6
CONTINUOUS
10
3.2351353543307084
20
-4.1507305905511807
11
3.2471807086614173
21
-4.1507305905511807
0
LINE
8
BLACK
6
CONTINUOUS
10
3.2471807086614173
20
-4.1507305905511807
11
3.2471807086614173
21
-4.1386852362204722
0
LINE
8
BLACK
6
CONTINUOUS
10
3.2471807086614173
20
-4.1386852362204722
11
3.2472374409448816
21
-4.1381091732283464
0
LINE
8
BLACK
6
CONTINUOUS
10
3.2472374409448816
20
-4.1381091732283464
11
3.2476783464566927
21
-4.1370447637795271
0
LINE
8
BLACK
6
CONTINUOUS
10
3.2476783464566927
20
-4.1370447637795271
11
3.2484929921259842
21
-4.1362301181102366
0
LINE
8
BLACK
6
CONTINUOUS
10
3.2484929921259842
20
-4.1362301181102366
11
3.249557401574803
21
-4.135789212598425
0
LINE
8
BLACK
6
CONTINUOUS
10
3.249557401574803
20
-4.135789212598425
11
3.2507095275590552
21
-4.135789212598425
0
LINE
8
BLACK
6
CONTINUOUS
10
3.2507095275590552
20
-4.135789212598425
11
3.251773937007874
21
-4.1362301181102366
0
LINE
8
BLACK
6
CONTINUOUS
10
3.2742711417322834
20
-4.1362301181102366
11
3.2750857874015749
21
-4.1370447637795271
0
LINE
8
BLACK
6
CONTINUOUS
10
3.2750857874015749
20
-4.1370447637795271
11
3.2755266929133859
21
-4.1381091732283464
0
LINE
8
BLACK
6
CONTINUOUS
10
3.2755266929133859
20
-4.1381091732283464
11
3.2755834251968503
21
-4.1386852362204722
0
LINE
8
BLACK
6
CONTINUOUS
10
3.2755834251968503
20
-4.1386852362204722
11
3.2755834251968503
21
-4.1686814566929131
0
LINE
8
BLACK
6
CONTINUOUS
10
3.2755834251968503
20
-4.1686814566929131
11
3.2755266929133859
21
-4.169257519685039
0
LINE
8
BLACK
6
CONTINUOUS
10
3.2755266929133859
20
-4.169257519685039
11
3.2750857874015749
21
-4.1703219291338582
0
LINE
8
BLACK
6
CONTINUOUS
10
3.2750857874015749
20
-4.1703219291338582
11
3.2742711417322834
21
-4.1711365748031497
0
LINE
8
BLACK
6
CONTINUOUS
10
3.2742711417322834
20
-4.1711365748031497
11
3.2732067322834646
21
-4.1715774803149603
0
LINE
8
BLACK
6
CONTINUOUS
10
3.2732067322834646
20
-4.1715774803149603
11
3.2720546062992124
21
-4.1715774803149603
0
LINE
8
BLACK
6
CONTINUOUS
10
3.2720546062992124
20
-4.1715774803149603
11
3.2709901968503936
21
-4.1711365748031497
0
LINE
8
BLACK
6
CONTINUOUS
10
3.2709901968503936
20
-4.1711365748031497
11
3.2701755511811021
21
-4.1703219291338582
0
LINE
8
BLACK
6
CONTINUOUS
10
3.2701755511811021
20
-4.1703219291338582
11
3.2697346456692911
21
-4.169257519685039
0
LINE
8
BLACK
6
CONTINUOUS
10
3.2697346456692911
20
-4.169257519685039
11
3.2696779133858267
21
-4.1686814566929131
0
LINE
8
BLACK
6
CONTINUOUS
10
3.2696779133858267
20
-4.1686814566929131
11
3.2696779133858267
21
-4.1386852362204722
0
LINE
8
BLACK
6
CONTINUOUS
10
3.2696779133858267
20
-4.1386852362204722
11
3.2697346456692911
21
-4.1381091732283464
0
LINE
8
BLACK
6
CONTINUOUS
10
3.2697346456692911
20
-4.1381091732283464
11
3.2701755511811021
21
-4.1370447637795271
0
LINE
8
BLACK
6
CONTINUOUS
10
3.2701755511811021
20
-4.1370447637795271
11
3.2709901968503936
21
-4.1362301181102366
0
LINE
8
BLACK
6
CONTINUOUS
10
3.2709901968503936
20
-4.1362301181102366
11
3.2720546062992124
21
-4.135789212598425
0
LINE
8
BLACK
6
CONTINUOUS
10
3.2720546062992124
20
-4.135789212598425
11
3.2732067322834646
21
-4.135789212598425
0
LINE
8
BLACK
6
CONTINUOUS
10
3.2732067322834646
20
-4.135789212598425
11
3.2742711417322834
21
-4.1362301181102366
0
LINE
8
BLACK
6
CONTINUOUS
10
7.4468734251968502
20
-4.0862301181102358
11
7.4476880708661417
21
-4.0870447637795273
0
LINE
8
BLACK
6
CONTINUOUS
10
7.4476880708661417
20
-4.0870447637795273
11
7.4481289763779523
21
-4.0881091732283465
0
LINE
8
BLACK
6
CONTINUOUS
10
7.4481289763779523
20
-4.0881091732283465
11
7.4481857086614172
21
-4.0886852362204724
0
LINE
8
BLACK
6
CONTINUOUS
10
7.4481857086614172
20
-4.0886852362204724
11
7.4481857086614172
21
-4.1007305905511808
0
LINE
8
BLACK
6
CONTINUOUS
10
7.4481857086614172
20
-4.1007305905511808
11
7.4602310629921256
21
-4.1007305905511808
0
LINE
8
BLACK
6
CONTINUOUS
10
7.4602310629921256
20
-4.1007305905511808
11
7.4608071259842514
21
-4.1007873228346456
0
LINE
8
BLACK
6
CONTINUOUS
10
7.4608071259842514
20
-4.1007873228346456
11
7.4618715354330707
21
-4.1012282283464563
0
LINE
8
BLACK
6
CONTINUOUS
10
7.4618715354330707
20
-4.1012282283464563
11
7.4626861811023621
21
-4.1020428740157477
0
LINE
8
BLACK
6
CONTINUOUS
10
7.4626861811023621
20
-4.1020428740157477
11
7.4631270866141728
21
-4.103107283464567
0
LINE
8
BLACK
6
CONTINUOUS
10
7.4631270866141728
20
-4.103107283464567
11
7.4631270866141728
21
-4.1042594094488187
0
LINE
8
BLACK
6
CONTINUOUS
10
7.4631270866141728
20
-4.1042594094488187
11
7.4626861811023621
21
-4.105323818897638
0
LINE
8
BLACK
6
CONTINUOUS
10
7.4626861811023621
20
-4.105323818897638
11
7.4618715354330707
21
-4.1061384645669294
0
LINE
8
BLACK
6
CONTINUOUS
10
7.4618715354330707
20
-4.1061384645669294
11
7.4608071259842514
21
-4.1065793700787401
0
LINE
8
BLACK
6
CONTINUOUS
10
7.4608071259842514
20
-4.1065793700787401
11
7.4602310629921256
21
-4.1066361023622049
0
LINE
8
BLACK
6
CONTINUOUS
10
7.4602310629921256
20
-4.1066361023622049
11
7.4481857086614172
21
-4.1066361023622049
0
LINE
8
BLACK
6
CONTINUOUS
10
7.4481857086614172
20
-4.1066361023622049
11
7.4481857086614172
21
-4.1186814566929133
0
LINE
8
BLACK
6
CONTINUOUS
10
7.4481857086614172
20
-4.1186814566929133
11
7.4481289763779523
21
-4.1192575196850392
0
LINE
8
BLACK
6
CONTINUOUS
10
7.4481289763779523
20
-4.1192575196850392
11
7.4476880708661417
21
-4.1203219291338584
0
LINE
8
BLACK
6
CONTINUOUS
10
7.4476880708661417
20
-4.1203219291338584
11
7.4468734251968502
21
-4.1211365748031499
0
LINE
8
BLACK
6
CONTINUOUS
10
7.4468734251968502
20
-4.1211365748031499
11
7.445809015748031
21
-4.1215774803149605
0
LINE
8
BLACK
6
CONTINUOUS
10
7.445809015748031
20
-4.1215774803149605
11
7.4446568897637793
21
-4.1215774803149605
0
LINE
8
BLACK
6
CONTINUOUS
10
7.4446568897637793
20
-4.1215774803149605
11
7.4435924803149609
21
-4.1211365748031499
0
LINE
8
BLACK
6
CONTINUOUS
10
7.4435924803149609
20
-4.1211365748031499
11
7.4427778346456694
21
-4.1203219291338584
0
LINE
8
BLACK
6
CONTINUOUS
10
7.4427778346456694
20
-4.1203219291338584
11
7.4423369291338579
21
-4.1192575196850392
0
LINE
8
BLACK
6
CONTINUOUS
10
7.4423369291338579
20
-4.1192575196850392
11
7.4422801968503931
21
-4.1186814566929133
0
LINE
8
BLACK
6
CONTINUOUS
10
7.4422801968503931
20
-4.1186814566929133
11
7.4422801968503931
21
-4.1066361023622049
0
LINE
8
BLACK
6
CONTINUOUS
10
7.4422801968503931
20
-4.1066361023622049
11
7.4302348425196847
21
-4.1066361023622049
0
LINE
8
BLACK
6
CONTINUOUS
10
7.4302348425196847
20
-4.1066361023622049
11
7.4296587795275588
21
-4.1065793700787401
0
LINE
8
BLACK
6
CONTINUOUS
10
7.4296587795275588
20
-4.1065793700787401
11
7.4285943700787396
21
-4.1061384645669294
0
LINE
8
BLACK
6
CONTINUOUS
10
7.4285943700787396
20
-4.1061384645669294
11
7.427779724409449
21
-4.105323818897638
0
LINE
8
BLACK
6
CONTINUOUS
10
7.427779724409449
20
-4.105323818897638
11
7.4273388188976375
21
-4.1042594094488187
0
LINE
8
BLACK
6
CONTINUOUS
10
7.4273388188976375
20
-4.1042594094488187
11
7.4273388188976375
21
-4.103107283464567
0
LINE
8
BLACK
6
CONTINUOUS
10
7.4273388188976375
20
-4.103107283464567
11
7.427779724409449
21
-4.1020428740157477
0
LINE
8
BLACK
6
CONTINUOUS
10
7.427779724409449
20
-4.1020428740157477
11
7.4285943700787396
21
-4.1012282283464563
0
LINE
8
BLACK
6
CONTINUOUS
10
7.4285943700787396
20
-4.1012282283464563
11
7.4296587795275588
21
-4.1007873228346456
0
LINE
8
BLACK
6
CONTINUOUS
10
7.4296587795275588
20
-4.1007873228346456
11
7.4302348425196847
21
-4.1007305905511808
0
LINE
8
BLACK
6
CONTINUOUS
10
7.4302348425196847
20
-4.1007305905511808
11
7.4422801968503931
21
-4.1007305905511808
0
LINE
8
BLACK
6
CONTINUOUS
10
7.4422801968503931
20
-4.1007305905511808
11
7.4422801968503931
21
-4.0886852362204724
0
LINE
8
BLACK
6
CONTINUOUS
10
7.4422801968503931
20
-4.0886852362204724
11
7.4423369291338579
21
-4.0881091732283465
0
LINE
8
BLACK
6
CONTINUOUS
10
7.4423369291338579
20
-4.0881091732283465
11
7.4427778346456694
21
-4.0870447637795273
0
LINE
8
BLACK
6
CONTINUOUS
10
7.4427778346456694
20
-4.0870447637795273
11
7.4435924803149609
21
-4.0862301181102358
0
LINE
8
BLACK
6
CONTINUOUS
10
7.4435924803149609
20
-4.0862301181102358
11
7.4446568897637793
21
-4.0857892125984252
0
LINE
8
BLACK
6
CONTINUOUS
10
7.4446568897637793
20
-4.0857892125984252
11
7.445809015748031
21
-4.0857892125984252
0
LINE
8
BLACK
6
CONTINUOUS
10
7.445809015748031
20
-4.0857892125984252
11
7.4468734251968502
21
-4.0862301181102358
0
LINE
8
BLACK
6
CONTINUOUS
10
7.4693706299212597
20
-4.0862301181102358
11
7.4701852755905511
21
-4.0870447637795273
0
LINE
8
BLACK
6
CONTINUOUS
10
7.4701852755905511
20
-4.0870447637795273
11
7.4706261811023618
21
-4.0881091732283465
0
LINE
8
BLACK
6
CONTINUOUS
10
7.4706261811023618
20
-4.0881091732283465
11
7.4706829133858266
21
-4.0886852362204724
0
LINE
8
BLACK
6
CONTINUOUS
10
7.4706829133858266
20
-4.0886852362204724
11
7.4706829133858266
21
-4.1186814566929133
0
LINE
8
BLACK
6
CONTINUOUS
10
7.4706829133858266
20
-4.1186814566929133
11
7.4706261811023618
21
-4.1192575196850392
0
LINE
8
BLACK
6
CONTINUOUS
10
7.4706261811023618
20
-4.1192575196850392
11
7.4701852755905511
21
-4.1203219291338584
0
LINE
8
BLACK
6
CONTINUOUS
10
7.4701852755905511
20
-4.1203219291338584
11
7.4693706299212597
21
-4.1211365748031499
0
LINE
8
BLACK
6
CONTINUOUS
10
7.4693706299212597
20
-4.1211365748031499
11
7.4683062204724404
21
-4.1215774803149605
0
LINE
8
BLACK
6
CONTINUOUS
10
7.4683062204724404
20
-4.1215774803149605
11
7.4671540944881887
21
-4.1215774803149605
0
LINE
8
BLACK
6
CONTINUOUS
10
7.4671540944881887
20
-4.1215774803149605
11
7.4660896850393703
21
-4.1211365748031499
0
LINE
8
BLACK
6
CONTINUOUS
10
7.4660896850393703
20
-4.1211365748031499
11
7.4652750393700789
21
-4.1203219291338584
0
LINE
8
BLACK
6
CONTINUOUS
10
7.4652750393700789
20
-4.1203219291338584
11
7.4648341338582673
21
-4.1192575196850392
0
LINE
8
BLACK
6
CONTINUOUS
10
7.4648341338582673
20
-4.1192575196850392
11
7.4647774015748034
21
-4.1186814566929133
0
LINE
8
BLACK
6
CONTINUOUS
10
7.4647774015748034
20
-4.1186814566929133
11
7.4647774015748034
21
-4.0886852362204724
0
LINE
8
BLACK
6
CONTINUOUS
10
7.4647774015748034
20
-4.0886852362204724
11
7.4648341338582673
21
-4.0881091732283465
0
LINE
8
BLACK
6
CONTINUOUS
10
7.4648341338582673
20
-4.0881091732283465
11
7.4652750393700789
21
-4.0870447637795273
0
LINE
8
BLACK
6
CONTINUOUS
10
7.4652750393700789
20
-4.0870447637795273
11
7.4660896850393703
21
-4.0862301181102358
0
LINE
8
BLACK
6
CONTINUOUS
10
7.4660896850393703
20
-4.0862301181102358
11
7.4671540944881887
21
-4.0857892125984252
0
LINE
8
BLACK
6
CONTINUOUS
10
7.4671540944881887
20
-4.0857892125984252
11
7.4683062204724404
21
-4.0857892125984252
0
LINE
8
BLACK
6
CONTINUOUS
10
7.4683062204724404
20
-4.0857892125984252
11
7.4693706299212597
21
-4.0862301181102358
0
LINE
8
BLACK
6
CONTINUOUS
10
3.2577330314960631
20
-4.0663760236220474
11
3.257776062992126
21
-4.0663696456692913
0
LINE
8
BLACK
6
CONTINUOUS
10
3.257776062992126
20
-4.0663696456692913
11
3.2579915354330709
21
-4.0664014960629924
0
LINE
8
BLACK
6
CONTINUOUS
10
3.2579915354330709
20
-4.0664014960629924
11
3.2582085826771654
21
-4.066422874015748
0
LINE
8
BLACK
6
CONTINUOUS
10
3.2582085826771654
20
-4.066422874015748
11
3.258248779527559
21
-4.0664394881889763
0
LINE
8
BLACK
6
CONTINUOUS
10
3.258248779527559
20
-4.0664394881889763
11
3.2583486614173229
21
-4.0664542913385828
0
LINE
8
BLACK
6
CONTINUOUS
10
3.2583486614173229
20
-4.0664542913385828
11
3.2658477165354332
21
-4.0683290551181104
0
LINE
8
BLACK
6
CONTINUOUS
10
3.2658477165354332
20
-4.0683290551181104
11
3.2658901968503935
21
-4.0683442125984248
0
LINE
8
BLACK
6
CONTINUOUS
10
3.2658901968503935
20
-4.0683442125984248
11
3.2659114566929133
21
-4.0683457480314962
0
LINE
8
BLACK
6
CONTINUOUS
10
3.2659114566929133
20
-4.0683457480314962
11
3.2661508661417322
21
-4.0684373622047243
0
LINE
8
BLACK
6
CONTINUOUS
10
3.2661508661417322
20
-4.0684373622047243
11
3.2663928346456692
21
-4.0685238188976376
0
LINE
8
BLACK
6
CONTINUOUS
10
3.2663928346456692
20
-4.0685238188976376
11
3.2664099606299213
21
-4.0685364960629924
0
LINE
8
BLACK
6
CONTINUOUS
10
3.2664099606299213
20
-4.0685364960629924
11
3.2664520866141733
21
-4.0685526377952757
0
LINE
8
BLACK
6
CONTINUOUS
10
3.2664520866141733
20
-4.0685526377952757
11
3.2702016141732284
21
-4.0704274015748032
0
LINE
8
BLACK
6
CONTINUOUS
10
3.2702016141732284
20
-4.0704274015748032
11
3.2704494881889765
21
-4.0705834251968502
0
LINE
8
BLACK
6
CONTINUOUS
10
3.2704494881889765
20
-4.0705834251968502
11
3.2705215354330708
21
-4.070613267716535
0
LINE
8
BLACK
6
CONTINUOUS
10
3.2705215354330708
20
-4.070613267716535
11
3.270602559055118
21
-4.0706797637795278
0
LINE
8
BLACK
6
CONTINUOUS
10
3.270602559055118
20
-4.0706797637795278
11
3.2706914960629923
21
-4.0707357480314963
0
LINE
8
BLACK
6
CONTINUOUS
10
3.2706914960629923
20
-4.0707357480314963
11
3.2707426377952755
21
-4.0707947244094491
0
LINE
8
BLACK
6
CONTINUOUS
10
3.2707426377952755
20
-4.0707947244094491
11
3.2709689763779526
21
-4.0709804724409446
0
LINE
8
BLACK
6
CONTINUOUS
10
3.2709689763779526
20
-4.0709804724409446
11
3.2728437795275589
21
-4.0728552362204722
0
LINE
8
BLACK
6
CONTINUOUS
10
3.2728437795275589
20
-4.0728552362204722
11
3.2730295275590549
21
-4.0730815748031493
0
LINE
8
BLACK
6
CONTINUOUS
10
3.2730295275590549
20
-4.0730815748031493
11
3.2730885826771652
21
-4.0731327952755905
0
LINE
8
BLACK
6
CONTINUOUS
10
3.2730885826771652
20
-4.0731327952755905
11
3.2731445669291337
21
-4.0732217322834643
0
LINE
8
BLACK
6
CONTINUOUS
10
3.2731445669291337
20
-4.0732217322834643
11
3.2732110236220473
21
-4.0733027165354327
0
LINE
8
BLACK
6
CONTINUOUS
10
3.2732110236220473
20
-4.0733027165354327
11
3.2732408267716533
21
-4.0733746456692916
0
LINE
8
BLACK
6
CONTINUOUS
10
3.2732408267716533
20
-4.0733746456692916
11
3.2733969291338583
21
-4.0736226771653543
0
LINE
8
BLACK
6
CONTINUOUS
10
3.2733969291338583
20
-4.0736226771653543
11
3.2752716929133858
21
-4.0773722047244094
0
LINE
8
BLACK
6
CONTINUOUS
10
3.2752716929133858
20
-4.0773722047244094
11
3.2754785826771653
21
-4.0779127952755907
0
LINE
8
BLACK
6
CONTINUOUS
10
3.2754785826771653
20
-4.0779127952755907
11
3.2754861023622048
21
-4.0780186614173228
0
LINE
8
BLACK
6
CONTINUOUS
10
3.2754861023622048
20
-4.0780186614173228
11
3.2755266929133859
21
-4.0781166535433071
0
LINE
8
BLACK
6
CONTINUOUS
10
3.2755266929133859
20
-4.0781166535433071
11
3.2755834251968503
21
-4.078692716535433
0
LINE
8
BLACK
6
CONTINUOUS
10
3.2755834251968503
20
-4.078692716535433
11
3.2755834251968503
21
-4.0824422440944881
0
LINE
8
BLACK
6
CONTINUOUS
10
3.2755834251968503
20
-4.0824422440944881
11
3.2755266929133859
21
-4.083018307086614
0
LINE
8
BLACK
6
CONTINUOUS
10
3.2755266929133859
20
-4.083018307086614
11
3.2754861023622048
21
-4.0831162598425195
0
LINE
8
BLACK
6
CONTINUOUS
10
3.2754861023622048
20
-4.0831162598425195
11
3.2754785826771653
21
-4.0832221653543304
0
LINE
8
BLACK
6
CONTINUOUS
10
3.2754785826771653
20
-4.0832221653543304
11
3.2752716929133858
21
-4.0837627559055116
0
LINE
8
BLACK
6
CONTINUOUS
10
3.2752716929133858
20
-4.0837627559055116
11
3.2733969291338583
21
-4.0875122834645667
0
LINE
8
BLACK
6
CONTINUOUS
10
3.2733969291338583
20
-4.0875122834645667
11
3.2732408267716533
21
-4.0877602755905507
0
LINE
8
BLACK
6
CONTINUOUS
10
3.2732408267716533
20
-4.0877602755905507
11
3.2732110236220473
21
-4.0878322440944883
0
LINE
8
BLACK
6
CONTINUOUS
10
3.2732110236220473
20
-4.0878322440944883
11
3.2731445669291337
21
-4.087913188976378
0
LINE
8
BLACK
6
CONTINUOUS
10
3.2731445669291337
20
-4.087913188976378
11
3.2730885826771652
21
-4.0880021653543306
0
LINE
8
BLACK
6
CONTINUOUS
10
3.2730885826771652
20
-4.0880021653543306
11
3.2730295275590549
21
-4.088053346456693
0
LINE
8
BLACK
6
CONTINUOUS
10
3.2730295275590549
20
-4.088053346456693
11
3.2728437795275589
21
-4.0882797244094489
0
LINE
8
BLACK
6
CONTINUOUS
10
3.2728437795275589
20
-4.0882797244094489
11
3.2709689763779526
21
-4.0901544881889764
0
LINE
8
BLACK
6
CONTINUOUS
10
3.2709689763779526
20
-4.0901544881889764
11
3.2707426377952755
21
-4.0903401968503932
0
LINE
8
BLACK
6
CONTINUOUS
10
3.2707426377952755
20
-4.0903401968503932
11
3.2706914960629923
21
-4.0903992125984248
0
LINE
8
BLACK
6
CONTINUOUS
10
3.2706914960629923
20
-4.0903992125984248
11
3.270602559055118
21
-4.0904551574803145
0
LINE
8
BLACK
6
CONTINUOUS
10
3.270602559055118
20
-4.0904551574803145
11
3.2705215354330708
21
-4.0905216929133861
0
LINE
8
BLACK
6
CONTINUOUS
10
3.2705215354330708
20
-4.0905216929133861
11
3.2704494881889765
21
-4.0905514960629921
0
LINE
8
BLACK
6
CONTINUOUS
10
3.2704494881889765
20
-4.0905514960629921
11
3.2702016141732284
21
-4.0907075590551178
0
LINE
8
BLACK
6
CONTINUOUS
10
3.2702016141732284
20
-4.0907075590551178
11
3.2664520866141733
21
-4.0925823228346454
0
LINE
8
BLACK
6
CONTINUOUS
10
3.2664520866141733
20
-4.0925823228346454
11
3.2664099606299213
21
-4.0925984251968499
0
LINE
8
BLACK
6
CONTINUOUS
10
3.2664099606299213
20
-4.0925984251968499
11
3.2663928346456692
21
-4.0926111417322835
0
LINE
8
BLACK
6
CONTINUOUS
10
3.2663928346456692
20
-4.0926111417322835
11
3.2661508661417322
21
-4.092697559055118
0
LINE
8
BLACK
6
CONTINUOUS
10
3.2661508661417322
20
-4.092697559055118
11
3.2659114566929133
21
-4.0927892125984249
0
LINE
8
BLACK
6
CONTINUOUS
10
3.2659114566929133
20
-4.0927892125984249
11
3.2658901968503935
21
-4.0927907086614175
0
LINE
8
BLACK
6
CONTINUOUS
10
3.2658901968503935
20
-4.0927907086614175
11
3.2658477165354332
21
-4.0928059055118107
0
LINE
8
BLACK
6
CONTINUOUS
10
3.2658477165354332
20
-4.0928059055118107
11
3.2583486614173229
21
-4.0946806692913382
0
LINE
8
BLACK
6
CONTINUOUS
10
3.2583486614173229
20
-4.0946806692913382
11
3.258248779527559
21
-4.094695433070866
0
LINE
8
BLACK
6
CONTINUOUS
10
3.258248779527559
20
-4.094695433070866
11
3.2582085826771654
21
-4.0947120866141731
0
LINE
8
BLACK
6
CONTINUOUS
10
3.2582085826771654
20
-4.0947120866141731
11
3.2579915354330709
21
-4.0947334251968499
0
LINE
8
BLACK
6
CONTINUOUS
10
3.2579915354330709
20
-4.0947334251968499
11
3.257776062992126
21
-4.0947653149606298
0
LINE
8
BLACK
6
CONTINUOUS
10
3.257776062992126
20
-4.0947653149606298
11
3.2577330314960631
21
-4.0947588976377949
0
LINE
8
BLACK
6
CONTINUOUS
10
3.2577330314960631
20
-4.0947588976377949
11
3.2576325196850391
21
-4.0947688188976379
0
LINE
8
BLACK
6
CONTINUOUS
10
3.2576325196850391
20
-4.0947688188976379
11
3.2482587007874013
21
-4.0947688188976379
0
LINE
8
BLACK
6
CONTINUOUS
10
3.2482587007874013
20
-4.0947688188976379
11
3.248158149606299
21
-4.0947588976377949
0
LINE
8
BLACK
6
CONTINUOUS
10
3.248158149606299
20
-4.0947588976377949
11
3.2481151574803149
21
-4.0947653149606298
0
LINE
8
BLACK
6
CONTINUOUS
10
3.2481151574803149
20
-4.0947653149606298
11
3.2478996456692912
21
-4.0947334251968499
0
LINE
8
BLACK
6
CONTINUOUS
10
3.2478996456692912
20
-4.0947334251968499
11
3.2476826377952754
21
-4.0947120866141731
0
LINE
8
BLACK
6
CONTINUOUS
10
3.2476826377952754
20
-4.0947120866141731
11
3.2476424015748031
21
-4.094695433070866
0
LINE
8
BLACK
6
CONTINUOUS
10
3.2476424015748031
20
-4.094695433070866
11
3.2475425590551179
21
-4.0946806692913382
0
LINE
8
BLACK
6
CONTINUOUS
10
3.2475425590551179
20
-4.0946806692913382
11
3.2400435039370077
21
-4.0928059055118107
0
LINE
8
BLACK
6
CONTINUOUS
10
3.2400435039370077
20
-4.0928059055118107
11
3.2400009842519686
21
-4.0927907086614175
0
LINE
8
BLACK
6
CONTINUOUS
10
3.2400009842519686
20
-4.0927907086614175
11
3.2399797244094488
21
-4.0927892125984249
0
LINE
8
BLACK
6
CONTINUOUS
10
3.2399797244094488
20
-4.0927892125984249
11
3.2397399606299211
21
-4.0926974409448817
0
LINE
8
BLACK
6
CONTINUOUS
10
3.2397399606299211
20
-4.0926974409448817
11
3.2394983858267716
21
-4.0926111417322835
0
LINE
8
BLACK
6
CONTINUOUS
10
3.2394983858267716
20
-4.0926111417322835
11
3.2394812204724408
21
-4.0925984251968499
0
LINE
8
BLACK
6
CONTINUOUS
10
3.2394812204724408
20
-4.0925984251968499
11
3.2394391338582675
21
-4.0925823228346454
0
LINE
8
BLACK
6
CONTINUOUS
10
3.2394391338582675
20
-4.0925823228346454
11
3.2356896062992124
21
-4.0907075590551178
0
LINE
8
BLACK
6
CONTINUOUS
10
3.2356896062992124
20
-4.0907075590551178
11
3.2354415748031493
21
-4.0905514566929133
0
LINE
8
BLACK
6
CONTINUOUS
10
3.2354415748031493
20
-4.0905514566929133
11
3.2353696456692913
21
-4.0905216535433073
0
LINE
8
BLACK
6
CONTINUOUS
10
3.2353696456692913
20
-4.0905216535433073
11
3.2352886614173229
21
-4.0904551574803145
0
LINE
8
BLACK
6
CONTINUOUS
10
3.2352886614173229
20
-4.0904551574803145
11
3.2351997244094486
21
-4.0903992125984248
0
LINE
8
BLACK
6
CONTINUOUS
10
3.2351997244094486
20
-4.0903992125984248
11
3.2351485433070866
21
-4.0903401968503932
0
LINE
8
BLACK
6
CONTINUOUS
10
3.2351485433070866
20
-4.0903401968503932
11
3.2349222047244095
21
-4.0901544488188977
0
LINE
8
BLACK
6
CONTINUOUS
10
3.2349222047244095
20
-4.0901544488188977
11
3.2330474409448819
21
-4.0882796850393701
0
LINE
8
BLACK
6
CONTINUOUS
10
3.2330474409448819
20
-4.0882796850393701
11
3.2328616535433072
21
-4.0880533070866143
0
LINE
8
BLACK
6
CONTINUOUS
10
3.2328616535433072
20
-4.0880533070866143
11
3.2328026771653544
21
-4.0880021653543306
0
LINE
8
BLACK
6
CONTINUOUS
10
3.2328026771653544
20
-4.0880021653543306
11
3.2327466929133859
21
-4.087913188976378
0
LINE
8
BLACK
6
CONTINUOUS
10
3.2327466929133859
20
-4.087913188976378
11
3.2326802362204723
21
-4.0878322440944883
0
LINE
8
BLACK
6
CONTINUOUS
10
3.2326802362204723
20
-4.0878322440944883
11
3.2326503937007875
21
-4.0877602755905507
0
LINE
8
BLACK
6
CONTINUOUS
10
3.2326503937007875
20
-4.0877602755905507
11
3.2324943307086613
21
-4.0875122834645667
0
LINE
8
BLACK
6
CONTINUOUS
10
3.2324943307086613
20
-4.0875122834645667
11
3.2306195669291338
21
-4.0837627559055116
0
LINE
8
BLACK
6
CONTINUOUS
10
3.2306195669291338
20
-4.0837627559055116
11
3.2304126771653543
21
-4.0832221259842516
0
LINE
8
BLACK
6
CONTINUOUS
10
3.2304126771653543
20
-4.0832221259842516
11
3.2304051574803148
21
-4.0831162992125982
0
LINE
8
BLACK
6
CONTINUOUS
10
3.2304051574803148
20
-4.0831162992125982
11
3.2303645669291337
21
-4.083018307086614
0
LINE
8
BLACK
6
CONTINUOUS
10
3.2303645669291337
20
-4.083018307086614
11
3.2303078346456693
21
-4.0824422440944881
0
LINE
8
BLACK
6
CONTINUOUS
10
3.2303078346456693
20
-4.0824422440944881
11
3.2303078346456693
21
-4.078692716535433
0
LINE
8
BLACK
6
CONTINUOUS
10
3.2303078346456693
20
-4.078692716535433
11
3.2303645669291337
21
-4.0781166535433071
0
LINE
8
BLACK
6
CONTINUOUS
10
3.2303645669291337
20
-4.0781166535433071
11
3.2304051574803148
21
-4.0780186220472441
0
LINE
8
BLACK
6
CONTINUOUS
10
3.2304051574803148
20
-4.0780186220472441
11
3.2304126771653543
21
-4.0779128346456694
0
LINE
8
BLACK
6
CONTINUOUS
10
3.2304126771653543
20
-4.0779128346456694
11
3.2306195669291338
21
-4.0773722047244094
0
LINE
8
BLACK
6
CONTINUOUS
10
3.2306195669291338
20
-4.0773722047244094
11
3.2324943307086613
21
-4.0736226771653543
0
LINE
8
BLACK
6
CONTINUOUS
10
3.2324943307086613
20
-4.0736226771653543
11
3.2326503937007875
21
-4.0733746456692916
0
LINE
8
BLACK
6
CONTINUOUS
10
3.2326503937007875
20
-4.0733746456692916
11
3.2326802362204723
21
-4.0733027165354327
0
LINE
8
BLACK
6
CONTINUOUS
10
3.2326802362204723
20
-4.0733027165354327
11
3.2327466929133859
21
-4.0732217322834643
0
LINE
8
BLACK
6
CONTINUOUS
10
3.2327466929133859
20
-4.0732217322834643
11
3.2328026771653544
21
-4.0731327952755905
0
LINE
8
BLACK
6
CONTINUOUS
10
3.2328026771653544
20
-4.0731327952755905
11
3.2328616535433072
21
-4.073081614173228
0
LINE
8
BLACK
6
CONTINUOUS
10
3.2328616535433072
20
-4.073081614173228
11
3.2330474409448819
21
-4.0728552755905509
0
LINE
8
BLACK
6
CONTINUOUS
10
3.2330474409448819
20
-4.0728552755905509
11
3.2349222047244095
21
-4.0709805118110234
0
LINE
8
BLACK
6
CONTINUOUS
10
3.2349222047244095
20
-4.0709805118110234
11
3.2351485433070866
21
-4.0707947244094491
0
LINE
8
BLACK
6
CONTINUOUS
10
3.2351485433070866
20
-4.0707947244094491
11
3.2351997244094486
21
-4.0707357480314963
0
LINE
8
BLACK
6
CONTINUOUS
10
3.2351997244094486
20
-4.0707357480314963
11
3.2352886614173229
21
-4.0706797637795278
0
LINE
8
BLACK
6
CONTINUOUS
10
3.2352886614173229
20
-4.0706797637795278
11
3.2353696456692913
21
-4.0706133070866137
0
LINE
8
BLACK
6
CONTINUOUS
10
3.2353696456692913
20
-4.0706133070866137
11
3.2354415748031493
21
-4.070583464566929
0
LINE
8
BLACK
6
CONTINUOUS
10
3.2354415748031493
20
-4.070583464566929
11
3.2356896062992124
21
-4.0704274015748032
0
LINE
8
BLACK
6
CONTINUOUS
10
3.2356896062992124
20
-4.0704274015748032
11
3.2394391338582675
21
-4.0685526377952757
0
LINE
8
BLACK
6
CONTINUOUS
10
3.2394391338582675
20
-4.0685526377952757
11
3.2394812204724408
21
-4.0685364960629924
0
LINE
8
BLACK
6
CONTINUOUS
10
3.2394812204724408
20
-4.0685364960629924
11
3.2394983858267716
21
-4.0685238188976376
0
LINE
8
BLACK
6
CONTINUOUS
10
3.2394983858267716
20
-4.0685238188976376
11
3.2397399606299211
21
-4.0684374803149606
0
LINE
8
BLACK
6
CONTINUOUS
10
3.2397399606299211
20
-4.0684374803149606
11
3.2399797244094488
21
-4.0683457480314962
0
LINE
8
BLACK
6
CONTINUOUS
10
3.2399797244094488
20
-4.0683457480314962
11
3.2400009842519686
21
-4.0683442125984248
0
LINE
8
BLACK
6
CONTINUOUS
10
3.2400009842519686
20
-4.0683442125984248
11
3.2400435039370077
21
-4.0683290551181104
0
LINE
8
BLACK
6
CONTINUOUS
10
3.2400435039370077
20
-4.0683290551181104
11
3.2475425590551179
21
-4.0664542913385828
0
LINE
8
BLACK
6
CONTINUOUS
10
3.2475425590551179
20
-4.0664542913385828
11
3.2476424015748031
21
-4.0664394881889763
0
LINE
8
BLACK
6
CONTINUOUS
10
3.2476424015748031
20
-4.0664394881889763
11
3.2476826377952754
21
-4.066422874015748
0
LINE
8
BLACK
6
CONTINUOUS
10
3.2476826377952754
20
-4.066422874015748
11
3.2478996456692912
21
-4.0664014960629924
0
LINE
8
BLACK
6
CONTINUOUS
10
3.2478996456692912
20
-4.0664014960629924
11
3.2481151574803149
21
-4.0663696456692913
0
LINE
8
BLACK
6
CONTINUOUS
10
3.2481151574803149
20
-4.0663696456692913
11
3.248158149606299
21
-4.0663760236220474
0
LINE
8
BLACK
6
CONTINUOUS
10
3.248158149606299
20
-4.0663760236220474
11
3.2482587007874013
21
-4.0663661417322832
0
LINE
8
BLACK
6
CONTINUOUS
10
3.2482587007874013
20
-4.0663661417322832
11
3.2576325196850391
21
-4.0663661417322832
0
LINE
8
BLACK
6
CONTINUOUS
10
3.2576325196850391
20
-4.0663661417322832
11
3.2577330314960631
21
-4.0663760236220474
0
LINE
8
BLACK
6
CONTINUOUS
10
3.2417901968503937
20
-4.0739796456692909
11
3.238759212598425
21
-4.0754951574803151
0
LINE
8
BLACK
6
CONTINUOUS
10
3.238759212598425
20
-4.0754951574803151
11
3.2375620866141732
21
-4.0766922834645669
0
LINE
8
BLACK
6
CONTINUOUS
10
3.2375620866141732
20
-4.0766922834645669
11
3.2362133464566929
21
-4.0793897637795276
0
LINE
8
BLACK
6
CONTINUOUS
10
3.2362133464566929
20
-4.0793897637795276
11
3.2362133464566929
21
-4.0817451968503935
0
LINE
8
BLACK
6
CONTINUOUS
10
3.2362133464566929
20
-4.0817451968503935
11
3.2375620866141732
21
-4.0844426771653541
0
LINE
8
BLACK
6
CONTINUOUS
10
3.2375620866141732
20
-4.0844426771653541
11
3.238759212598425
21
-4.085639803149606
0
LINE
8
BLACK
6
CONTINUOUS
10
3.238759212598425
20
-4.085639803149606
11
3.2417901968503937
21
-4.0871552755905514
0
LINE
8
BLACK
6
CONTINUOUS
10
3.2417901968503937
20
-4.0871552755905514
11
3.2486222440944883
21
-4.0888633070866138
0
LINE
8
BLACK
6
CONTINUOUS
10
3.2486222440944883
20
-4.0888633070866138
11
3.2572689763779525
21
-4.0888633070866138
0
LINE
8
BLACK
6
CONTINUOUS
10
3.2572689763779525
20
-4.0888633070866138
11
3.2641010236220471
21
-4.0871552755905514
0
LINE
8
BLACK
6
CONTINUOUS
10
3.2641010236220471
20
-4.0871552755905514
11
3.2671320078740158
21
-4.0856397637795272
0
LINE
8
BLACK
6
CONTINUOUS
10
3.2671320078740158
20
-4.0856397637795272
11
3.2683291732283464
21
-4.0844426377952754
0
LINE
8
BLACK
6
CONTINUOUS
10
3.2683291732283464
20
-4.0844426377952754
11
3.2696779133858267
21
-4.0817451968503935
0
LINE
8
BLACK
6
CONTINUOUS
10
3.2696779133858267
20
-4.0817451968503935
11
3.2696779133858267
21
-4.0793897637795276
0
LINE
8
BLACK
6
CONTINUOUS
10
3.2696779133858267
20
-4.0793897637795276
11
3.2683291732283464
21
-4.0766922834645669
0
LINE
8
BLACK
6
CONTINUOUS
10
3.2683291732283464
20
-4.0766922834645669
11
3.2671320078740158
21
-4.0754951574803151
0
LINE
8
BLACK
6
CONTINUOUS
10
3.2671320078740158
20
-4.0754951574803151
11
3.2641010236220471
21
-4.0739796456692909
0
LINE
8
BLACK
6
CONTINUOUS
10
3.2641010236220471
20
-4.0739796456692909
11
3.2572689763779525
21
-4.0722716535433072
0
LINE
8
BLACK
6
CONTINUOUS
10
3.2572689763779525
20
-4.0722716535433072
11
3.2486222440944883
21
-4.0722716535433072
0
LINE
8
BLACK
6
CONTINUOUS
10
3.2486222440944883
20
-4.0722716535433072
11
3.2417901968503937
21
-4.0739796456692909
0
LINE
8
BLACK
6
CONTINUOUS
10
3.2723962992125983
20
-4.0481160629921256
11
3.2723963779527558
21
-4.0481161023622043
0
LINE
8
BLACK
6
CONTINUOUS
10
3.2723963779527558
20
-4.0481161023622043
11
3.2728438188976376
21
-4.048483307086614
0
LINE
8
BLACK
6
CONTINUOUS
10
3.2728438188976376
20
-4.048483307086614
11
3.2747185826771652
21
-4.0503580708661415
0
LINE
8
BLACK
6
CONTINUOUS
10
3.2747185826771652
20
-4.0503580708661415
11
3.2750857874015749
21
-4.0508055118110233
0
LINE
8
BLACK
6
CONTINUOUS
10
3.2750857874015749
20
-4.0508055118110233
11
3.2752273622047245
21
-4.0511472834645668
0
LINE
8
BLACK
6
CONTINUOUS
10
3.2752273622047245
20
-4.0511472834645668
11
3.2755266929133859
21
-4.0518699606299213
0
LINE
8
BLACK
6
CONTINUOUS
10
3.2755266929133859
20
-4.0518699606299213
11
3.2755266929133859
21
-4.0530220472440943
0
LINE
8
BLACK
6
CONTINUOUS
10
3.2755266929133859
20
-4.0530220472440943
11
3.2750857874015749
21
-4.0540864566929136
0
LINE
8
BLACK
6
CONTINUOUS
10
3.2750857874015749
20
-4.0540864566929136
11
3.2747185826771652
21
-4.0545338976377954
0
LINE
8
BLACK
6
CONTINUOUS
10
3.2747185826771652
20
-4.0545338976377954
11
3.2728438188976376
21
-4.0564086614173229
0
LINE
8
BLACK
6
CONTINUOUS
10
3.2728438188976376
20
-4.0564086614173229
11
3.2723963779527558
21
-4.0567758661417326
0
LINE
8
BLACK
6
CONTINUOUS
10
3.2723963779527558
20
-4.0567758661417326
11
3.271331968503937
21
-4.0572167716535432
0
LINE
8
BLACK
6
CONTINUOUS
10
3.271331968503937
20
-4.0572167716535432
11
3.2701798818897636
21
-4.0572167716535432
0
LINE
8
BLACK
6
CONTINUOUS
10
3.2701798818897636
20
-4.0572167716535432
11
3.2691154724409448
21
-4.0567759055118113
0
LINE
8
BLACK
6
CONTINUOUS
10
3.2691154724409448
20
-4.0567759055118113
11
3.2686679921259842
21
-4.0564086614173229
0
LINE
8
BLACK
6
CONTINUOUS
10
3.2686679921259842
20
-4.0564086614173229
11
3.2667932283464567
21
-4.0545339370078741
0
LINE
8
BLACK
6
CONTINUOUS
10
3.2667932283464567
20
-4.0545339370078741
11
3.2664259842519683
21
-4.0540864566929136
0
LINE
8
BLACK
6
CONTINUOUS
10
3.2664259842519683
20
-4.0540864566929136
11
3.2664259448818895
21
-4.0540864173228348
0
LINE
8
BLACK
6
CONTINUOUS
10
3.2664259448818895
20
-4.0540864173228348
11
3.2659850787401572
21
-4.0530220078740156
0
LINE
8
BLACK
6
CONTINUOUS
10
3.2659850787401572
20
-4.0530220078740156
11
3.2659850787401572
21
-4.0518699212598426
0
LINE
8
BLACK
6
CONTINUOUS
10
3.2659850787401572
20
-4.0518699212598426
11
3.266284409448819
21
-4.0511472834645668
0
LINE
8
BLACK
6
CONTINUOUS
10
3.266284409448819
20
-4.0511472834645668
11
3.2664259448818895
21
-4.0508055511811021
0
LINE
8
BLACK
6
CONTINUOUS
10
3.2664259448818895
20
-4.0508055511811021
11
3.2664259842519683
21
-4.0508055118110233
0
LINE
8
BLACK
6
CONTINUOUS
10
3.2664259842519683
20
-4.0508055118110233
11
3.2667932283464567
21
-4.0503580314960628
0
LINE
8
BLACK
6
CONTINUOUS
10
3.2667932283464567
20
-4.0503580314960628
11
3.2686679921259842
21
-4.048483307086614
0
LINE
8
BLACK
6
CONTINUOUS
10
3.2686679921259842
20
-4.048483307086614
11
3.2691154724409448
21
-4.0481160629921256
0
LINE
8
BLACK
6
CONTINUOUS
10
3.2691154724409448
20
-4.0481160629921256
11
3.2701798818897636
21
-4.0476751968503937
0
LINE
8
BLACK
6
CONTINUOUS
10
3.2701798818897636
20
-4.0476751968503937
11
3.271331968503937
21
-4.0476751968503937
0
LINE
8
BLACK
6
CONTINUOUS
10
3.271331968503937
20
-4.0476751968503937
11
3.2723962992125983
21
-4.0481160629921256
0
LINE
8
BLACK
6
CONTINUOUS
10
7.4528325196850389
20
-4.0163760236220467
11
7.4528755511811022
21
-4.0163696456692914
0
LINE
8
BLACK
6
CONTINUOUS
10
7.4528755511811022
20
-4.0163696456692914
11
7.4530910236220471
21
-4.0164014960629917
0
LINE
8
BLACK
6
CONTINUOUS
10
7.4530910236220471
20
-4.0164014960629917
11
7.4533080708661412
21
-4.0164228740157482
0
LINE
8
BLACK
6
CONTINUOUS
10
7.4533080708661412
20
-4.0164228740157482
11
7.4533482677165352
21
-4.0164394881889764
0
LINE
8
BLACK
6
CONTINUOUS
10
7.4533482677165352
20
-4.0164394881889764
11
7.4534481496062988
21
-4.016454291338583
0
LINE
8
BLACK
6
CONTINUOUS
10
7.4534481496062988
20
-4.016454291338583
11
7.460947204724409
21
-4.0183290551181106
0
LINE
8
BLACK
6
CONTINUOUS
10
7.460947204724409
20
-4.0183290551181106
11
7.4609896850393698
21
-4.018344212598425
0
LINE
8
BLACK
6
CONTINUOUS
10
7.4609896850393698
20
-4.018344212598425
11
7.46101094488189
21
-4.0183457480314964
0
LINE
8
BLACK
6
CONTINUOUS
10
7.46101094488189
20
-4.0183457480314964
11
7.4612503543307085
21
-4.0184373622047245
0
LINE
8
BLACK
6
CONTINUOUS
10
7.4612503543307085
20
-4.0184373622047245
11
7.4614923228346459
21
-4.0185238188976378
0
LINE
8
BLACK
6
CONTINUOUS
10
7.4614923228346459
20
-4.0185238188976378
11
7.4615094488188971
21
-4.0185364960629917
0
LINE
8
BLACK
6
CONTINUOUS
10
7.4615094488188971
20
-4.0185364960629917
11
7.4615515748031491
21
-4.0185526377952758
0
LINE
8
BLACK
6
CONTINUOUS
10
7.4615515748031491
20
-4.0185526377952758
11
7.4653011023622042
21
-4.0204274015748034
0
LINE
8
BLACK
6
CONTINUOUS
10
7.4653011023622042
20
-4.0204274015748034
11
7.4655489763779528
21
-4.0205834251968504
0
LINE
8
BLACK
6
CONTINUOUS
10
7.4655489763779528
20
-4.0205834251968504
11
7.465621023622047
21
-4.0206132677165352
0
LINE
8
BLACK
6
CONTINUOUS
10
7.465621023622047
20
-4.0206132677165352
11
7.4657020472440943
21
-4.0206797637795271
0
LINE
8
BLACK
6
CONTINUOUS
10
7.4657020472440943
20
-4.0206797637795271
11
7.4657909842519681
21
-4.0207357480314956
0
LINE
8
BLACK
6
CONTINUOUS
10
7.4657909842519681
20
-4.0207357480314956
11
7.4658421259842518
21
-4.0207947244094484
0
LINE
8
BLACK
6
CONTINUOUS
10
7.4658421259842518
20
-4.0207947244094484
11
7.4660684645669289
21
-4.0209804724409448
0
LINE
8
BLACK
6
CONTINUOUS
10
7.4660684645669289
20
-4.0209804724409448
11
7.4679432677165352
21
-4.0228552362204724
0
LINE
8
BLACK
6
CONTINUOUS
10
7.4679432677165352
20
-4.0228552362204724
11
7.4681290157480316
21
-4.0230815748031494
0
LINE
8
BLACK
6
CONTINUOUS
10
7.4681290157480316
20
-4.0230815748031494
11
7.4681880708661419
21
-4.0231327952755906
0
LINE
8
BLACK
6
CONTINUOUS
10
7.4681880708661419
20
-4.0231327952755906
11
7.4682440551181104
21
-4.0232217322834645
0
LINE
8
BLACK
6
CONTINUOUS
10
7.4682440551181104
20
-4.0232217322834645
11
7.4683105118110236
21
-4.0233027165354329
0
LINE
8
BLACK
6
CONTINUOUS
10
7.4683105118110236
20
-4.0233027165354329
11
7.4683403149606296
21
-4.0233746456692909
0
LINE
8
BLACK
6
CONTINUOUS
10
7.4683403149606296
20
-4.0233746456692909
11
7.4684964173228341
21
-4.0236226771653545
0
LINE
8
BLACK
6
CONTINUOUS
10
7.4684964173228341
20
-4.0236226771653545
11
7.4703711811023616
21
-4.0273722047244096
0
LINE
8
BLACK
6
CONTINUOUS
10
7.4703711811023616
20
-4.0273722047244096
11
7.4705780708661411
21
-4.0279127952755909
0
LINE
8
BLACK
6
CONTINUOUS
10
7.4705780708661411
20
-4.0279127952755909
11
7.4705855905511811
21
-4.028018661417323
0
LINE
8
BLACK
6
CONTINUOUS
10
7.4705855905511811
20
-4.028018661417323
11
7.4706261811023618
21
-4.0281166535433073
0
LINE
8
BLACK
6
CONTINUOUS
10
7.4706261811023618
20
-4.0281166535433073
11
7.4706829133858266
21
-4.0286927165354331
0
LINE
8
BLACK
6
CONTINUOUS
10
7.4706829133858266
20
-4.0286927165354331
11
7.4706829133858266
21
-4.0324422440944883
0
LINE
8
BLACK
6
CONTINUOUS
10
7.4706829133858266
20
-4.0324422440944883
11
7.4706261811023618
21
-4.0330183070866141
0
LINE
8
BLACK
6
CONTINUOUS
10
7.4706261811023618
20
-4.0330183070866141
11
7.4705855905511811
21
-4.0331162598425196
0
LINE
8
BLACK
6
CONTINUOUS
10
7.4705855905511811
20
-4.0331162598425196
11
7.4705780708661411
21
-4.0332221653543305
0
LINE
8
BLACK
6
CONTINUOUS
10
7.4705780708661411
20
-4.0332221653543305
11
7.4703711811023616
21
-4.0337627559055118
0
LINE
8
BLACK
6
CONTINUOUS
10
7.4703711811023616
20
-4.0337627559055118
11
7.4684964173228341
21
-4.0375122834645669
0
LINE
8
BLACK
6
CONTINUOUS
10
7.4684964173228341
20
-4.0375122834645669
11
7.4683403149606296
21
-4.0377602755905508
0
LINE
8
BLACK
6
CONTINUOUS
10
7.4683403149606296
20
-4.0377602755905508
11
7.4683105118110236
21
-4.0378322440944885
0
LINE
8
BLACK
6
CONTINUOUS
10
7.4683105118110236
20
-4.0378322440944885
11
7.4682440551181104
21
-4.0379131889763782
0
LINE
8
BLACK
6
CONTINUOUS
10
7.4682440551181104
20
-4.0379131889763782
11
7.4681880708661419
21
-4.0380021653543308
0
LINE
8
BLACK
6
CONTINUOUS
10
7.4681880708661419
20
-4.0380021653543308
11
7.4681290157480316
21
-4.0380533464566932
0
LINE
8
BLACK
6
CONTINUOUS
10
7.4681290157480316
20
-4.0380533464566932
11
7.4679432677165352
21
-4.038279724409449
0
LINE
8
BLACK
6
CONTINUOUS
10
7.4679432677165352
20
-4.038279724409449
11
7.4660684645669289
21
-4.0401544881889766
0
LINE
8
BLACK
6
CONTINUOUS
10
7.4660684645669289
20
-4.0401544881889766
11
7.4658421259842518
21
-4.0403401968503934
0
LINE
8
BLACK
6
CONTINUOUS
10
7.4658421259842518
20
-4.0403401968503934
11
7.4657909842519681
21
-4.0403992125984249
0
LINE
8
BLACK
6
CONTINUOUS
10
7.4657909842519681
20
-4.0403992125984249
11
7.4657020472440943
21
-4.0404551574803147
0
LINE
8
BLACK
6
CONTINUOUS
10
7.4657020472440943
20
-4.0404551574803147
11
7.465621023622047
21
-4.0405216929133854
0
LINE
8
BLACK
6
CONTINUOUS
10
7.465621023622047
20
-4.0405216929133854
11
7.4655489763779528
21
-4.0405514960629922
0
LINE
8
BLACK
6
CONTINUOUS
10
7.4655489763779528
20
-4.0405514960629922
11
7.4653011023622042
21
-4.040707559055118
0
LINE
8
BLACK
6
CONTINUOUS
10
7.4653011023622042
20
-4.040707559055118
11
7.4615515748031491
21
-4.0425823228346456
0
LINE
8
BLACK
6
CONTINUOUS
10
7.4615515748031491
20
-4.0425823228346456
11
7.4615094488188971
21
-4.0425984251968501
0
LINE
8
BLACK
6
CONTINUOUS
10
7.4615094488188971
20
-4.0425984251968501
11
7.4614923228346459
21
-4.0426111417322836
0
LINE
8
BLACK
6
CONTINUOUS
10
7.4614923228346459
20
-4.0426111417322836
11
7.4612503543307085
21
-4.0426975590551182
0
LINE
8
BLACK
6
CONTINUOUS
10
7.4612503543307085
20
-4.0426975590551182
11
7.46101094488189
21
-4.0427892125984251
0
LINE
8
BLACK
6
CONTINUOUS
10
7.46101094488189
20
-4.0427892125984251
11
7.4609896850393698
21
-4.0427907086614177
0
LINE
8
BLACK
6
CONTINUOUS
10
7.4609896850393698
20
-4.0427907086614177
11
7.460947204724409
21
-4.0428059055118108
0
LINE
8
BLACK
6
CONTINUOUS
10
7.460947204724409
20
-4.0428059055118108
11
7.4534481496062988
21
-4.0446806692913384
0
LINE
8
BLACK
6
CONTINUOUS
10
7.4534481496062988
20
-4.0446806692913384
11
7.4533482677165352
21
-4.0446954330708662
0
LINE
8
BLACK
6
CONTINUOUS
10
7.4533482677165352
20
-4.0446954330708662
11
7.4533080708661412
21
-4.0447120866141733
0
LINE
8
BLACK
6
CONTINUOUS
10
7.4533080708661412
20
-4.0447120866141733
11
7.4530910236220471
21
-4.0447334251968501
0
LINE
8
BLACK
6
CONTINUOUS
10
7.4530910236220471
20
-4.0447334251968501
11
7.4528755511811022
21
-4.04476531496063
0
LINE
8
BLACK
6
CONTINUOUS
10
7.4528755511811022
20
-4.04476531496063
11
7.4528325196850389
21
-4.0447588976377951
0
LINE
8
BLACK
6
CONTINUOUS
10
7.4528325196850389
20
-4.0447588976377951
11
7.4527320078740154
21
-4.0447688188976381
0
LINE
8
BLACK
6
CONTINUOUS
10
7.4527320078740154
20
-4.0447688188976381
11
7.4433581889763776
21
-4.0447688188976381
0
LINE
8
BLACK
6
CONTINUOUS
10
7.4433581889763776
20
-4.0447688188976381
11
7.4432576377952753
21
-4.0447588976377951
0
LINE
8
BLACK
6
CONTINUOUS
10
7.4432576377952753
20
-4.0447588976377951
11
7.4432146456692916
21
-4.04476531496063
0
LINE
8
BLACK
6
CONTINUOUS
10
7.4432146456692916
20
-4.04476531496063
11
7.4429991338582679
21
-4.0447334251968501
0
LINE
8
BLACK
6
CONTINUOUS
10
7.4429991338582679
20
-4.0447334251968501
11
7.4427821259842517
21
-4.0447120866141733
0
LINE
8
BLACK
6
CONTINUOUS
10
7.4427821259842517
20
-4.0447120866141733
11
7.4427418897637789
21
-4.0446954330708662
0
LINE
8
BLACK
6
CONTINUOUS
10
7.4427418897637789
20
-4.0446954330708662
11
7.4426420472440942
21
-4.0446806692913384
0
LINE
8
BLACK
6
CONTINUOUS
10
7.4426420472440942
20
-4.0446806692913384
11
7.435142992125984
21
-4.0428059055118108
0
LINE
8
BLACK
6
CONTINUOUS
10
7.435142992125984
20
-4.0428059055118108
11
7.4351004724409444
21
-4.0427907086614177
0
LINE
8
BLACK
6
CONTINUOUS
10
7.4351004724409444
20
-4.0427907086614177
11
7.4350792125984251
21
-4.0427892125984251
0
LINE
8
BLACK
6
CONTINUOUS
10
7.4350792125984251
20
-4.0427892125984251
11
7.4348394488188978
21
-4.0426974409448819
0
LINE
8
BLACK
6
CONTINUOUS
10
7.4348394488188978
20
-4.0426974409448819
11
7.4345978740157479
21
-4.0426111417322836
0
LINE
8
BLACK
6
CONTINUOUS
10
7.4345978740157479
20
-4.0426111417322836
11
7.4345807086614171
21
-4.0425984251968501
0
LINE
8
BLACK
6
CONTINUOUS
10
7.4345807086614171
20
-4.0425984251968501
11
7.4345386220472438
21
-4.0425823228346456
0
LINE
8
BLACK
6
CONTINUOUS
10
7.4345386220472438
20
-4.0425823228346456
11
7.4307890944881887
21
-4.040707559055118
0
LINE
8
BLACK
6
CONTINUOUS
10
7.4307890944881887
20
-4.040707559055118
11
7.430541062992126
21
-4.0405514566929135
0
LINE
8
BLACK
6
CONTINUOUS
10
7.430541062992126
20
-4.0405514566929135
11
7.4304691338582671
21
-4.0405216535433066
0
LINE
8
BLACK
6
CONTINUOUS
10
7.4304691338582671
20
-4.0405216535433066
11
7.4303881496062987
21
-4.0404551574803147
0
LINE
8
BLACK
6
CONTINUOUS
10
7.4303881496062987
20
-4.0404551574803147
11
7.4302992125984249
21
-4.0403992125984249
0
LINE
8
BLACK
6
CONTINUOUS
10
7.4302992125984249
20
-4.0403992125984249
11
7.4302480314960624
21
-4.0403401968503934
0
LINE
8
BLACK
6
CONTINUOUS
10
7.4302480314960624
20
-4.0403401968503934
11
7.4300216929133853
21
-4.0401544488188978
0
LINE
8
BLACK
6
CONTINUOUS
10
7.4300216929133853
20
-4.0401544488188978
11
7.4281469291338578
21
-4.0382796850393703
0
LINE
8
BLACK
6
CONTINUOUS
10
7.4281469291338578
20
-4.0382796850393703
11
7.4279611417322835
21
-4.0380533070866145
0
LINE
8
BLACK
6
CONTINUOUS
10
7.4279611417322835
20
-4.0380533070866145
11
7.4279021653543307
21
-4.0380021653543308
0
LINE
8
BLACK
6
CONTINUOUS
10
7.4279021653543307
20
-4.0380021653543308
11
7.4278461811023622
21
-4.0379131889763782
0
LINE
8
BLACK
6
CONTINUOUS
10
7.4278461811023622
20
-4.0379131889763782
11
7.427779724409449
21
-4.0378322440944885
0
LINE
8
BLACK
6
CONTINUOUS
10
7.427779724409449
20
-4.0378322440944885
11
7.4277498818897634
21
-4.0377602755905508
0
LINE
8
BLACK
6
CONTINUOUS
10
7.4277498818897634
20
-4.0377602755905508
11
7.4275938188976376
21
-4.0375122834645669
0
LINE
8
BLACK
6
CONTINUOUS
10
7.4275938188976376
20
-4.0375122834645669
11
7.42571905511811
21
-4.0337627559055118
0
LINE
8
BLACK
6
CONTINUOUS
10
7.42571905511811
20
-4.0337627559055118
11
7.4255121653543306
21
-4.0332221259842518
0
LINE
8
BLACK
6
CONTINUOUS
10
7.4255121653543306
20
-4.0332221259842518
11
7.4255046456692915
21
-4.0331162992125984
0
LINE
8
BLACK
6
CONTINUOUS
10
7.4255046456692915
20
-4.0331162992125984
11
7.4254640551181099
21
-4.0330183070866141
0
LINE
8
BLACK
6
CONTINUOUS
10
7.4254640551181099
20
-4.0330183070866141
11
7.4254073228346451
21
-4.0324422440944883
0
LINE
8
BLACK
6
CONTINUOUS
10
7.4254073228346451
20
-4.0324422440944883
11
7.4254073228346451
21
-4.0286927165354331
0
LINE
8
BLACK
6
CONTINUOUS
10
7.4254073228346451
20
-4.0286927165354331
11
7.4254640551181099
21
-4.0281166535433073
0
LINE
8
BLACK
6
CONTINUOUS
10
7.4254640551181099
20
-4.0281166535433073
11
7.4255046456692915
21
-4.0280186220472443
0
LINE
8
BLACK
6
CONTINUOUS
10
7.4255046456692915
20
-4.0280186220472443
11
7.4255121653543306
21
-4.0279128346456696
0
LINE
8
BLACK
6
CONTINUOUS
10
7.4255121653543306
20
-4.0279128346456696
11
7.42571905511811
21
-4.0273722047244096
0
LINE
8
BLACK
6
CONTINUOUS
10
7.42571905511811
20
-4.0273722047244096
11
7.4275938188976376
21
-4.0236226771653545
0
LINE
8
BLACK
6
CONTINUOUS
10
7.4275938188976376
20
-4.0236226771653545
11
7.4277498818897634
21
-4.0233746456692909
0
LINE
8
BLACK
6
CONTINUOUS
10
7.4277498818897634
20
-4.0233746456692909
11
7.427779724409449
21
-4.0233027165354329
0
LINE
8
BLACK
6
CONTINUOUS
10
7.427779724409449
20
-4.0233027165354329
11
7.4278461811023622
21
-4.0232217322834645
0
LINE
8
BLACK
6
CONTINUOUS
10
7.4278461811023622
20
-4.0232217322834645
11
7.4279021653543307
21
-4.0231327952755906
0
LINE
8
BLACK
6
CONTINUOUS
10
7.4279021653543307
20
-4.0231327952755906
11
7.4279611417322835
21
-4.0230816141732282
0
LINE
8
BLACK
6
CONTINUOUS
10
7.4279611417322835
20
-4.0230816141732282
11
7.4281469291338578
21
-4.0228552755905511
0
LINE
8
BLACK
6
CONTINUOUS
10
7.4281469291338578
20
-4.0228552755905511
11
7.4300216929133853
21
-4.0209805118110236
0
LINE
8
BLACK
6
CONTINUOUS
10
7.4300216929133853
20
-4.0209805118110236
11
7.4302480314960624
21
-4.0207947244094484
0
LINE
8
BLACK
6
CONTINUOUS
10
7.4302480314960624
20
-4.0207947244094484
11
7.4302992125984249
21
-4.0207357480314956
0
LINE
8
BLACK
6
CONTINUOUS
10
7.4302992125984249
20
-4.0207357480314956
11
7.4303881496062987
21
-4.0206797637795271
0
LINE
8
BLACK
6
CONTINUOUS
10
7.4303881496062987
20
-4.0206797637795271
11
7.4304691338582671
21
-4.0206133070866139
0
LINE
8
BLACK
6
CONTINUOUS
10
7.4304691338582671
20
-4.0206133070866139
11
7.430541062992126
21
-4.0205834645669292
0
LINE
8
BLACK
6
CONTINUOUS
10
7.430541062992126
20
-4.0205834645669292
11
7.4307890944881887
21
-4.0204274015748034
0
LINE
8
BLACK
6
CONTINUOUS
10
7.4307890944881887
20
-4.0204274015748034
11
7.4345386220472438
21
-4.0185526377952758
0
LINE
8
BLACK
6
CONTINUOUS
10
7.4345386220472438
20
-4.0185526377952758
11
7.4345807086614171
21
-4.0185364960629917
0
LINE
8
BLACK
6
CONTINUOUS
10
7.4345807086614171
20
-4.0185364960629917
11
7.4345978740157479
21
-4.0185238188976378
0
LINE
8
BLACK
6
CONTINUOUS
10
7.4345978740157479
20
-4.0185238188976378
11
7.4348394488188978
21
-4.0184374803149607
0
LINE
8
BLACK
6
CONTINUOUS
10
7.4348394488188978
20
-4.0184374803149607
11
7.4350792125984251
21
-4.0183457480314964
0
LINE
8
BLACK
6
CONTINUOUS
10
7.4350792125984251
20
-4.0183457480314964
11
7.4351004724409444
21
-4.018344212598425
0
LINE
8
BLACK
6
CONTINUOUS
10
7.4351004724409444
20
-4.018344212598425
11
7.435142992125984
21
-4.0183290551181106
0
LINE
8
BLACK
6
CONTINUOUS
10
7.435142992125984
20
-4.0183290551181106
11
7.4426420472440942
21
-4.016454291338583
0
LINE
8
BLACK
6
CONTINUOUS
10
7.4426420472440942
20
-4.016454291338583
11
7.4427418897637789
21
-4.0164394881889764
0
LINE
8
BLACK
6
CONTINUOUS
10
7.4427418897637789
20
-4.0164394881889764
11
7.4427821259842517
21
-4.0164228740157482
0
LINE
8
BLACK
6
CONTINUOUS
10
7.4427821259842517
20
-4.0164228740157482
11
7.4429991338582679
21
-4.0164014960629917
0
LINE
8
BLACK
6
CONTINUOUS
10
7.4429991338582679
20
-4.0164014960629917
11
7.4432146456692916
21
-4.0163696456692914
0
LINE
8
BLACK
6
CONTINUOUS
10
7.4432146456692916
20
-4.0163696456692914
11
7.4432576377952753
21
-4.0163760236220467
0
LINE
8
BLACK
6
CONTINUOUS
10
7.4432576377952753
20
-4.0163760236220467
11
7.4433581889763776
21
-4.0163661417322833
0
LINE
8
BLACK
6
CONTINUOUS
10
7.4433581889763776
20
-4.0163661417322833
11
7.4527320078740154
21
-4.0163661417322833
0
LINE
8
BLACK
6
CONTINUOUS
10
7.4527320078740154
20
-4.0163661417322833
11
7.4528325196850389
21
-4.0163760236220467
0
LINE
8
BLACK
6
CONTINUOUS
10
7.43688968503937
20
-4.0239796456692911
11
7.4338587007874013
21
-4.0254951574803153
0
LINE
8
BLACK
6
CONTINUOUS
10
7.4338587007874013
20
-4.0254951574803153
11
7.4326615748031495
21
-4.0266922834645671
0
LINE
8
BLACK
6
CONTINUOUS
10
7.4326615748031495
20
-4.0266922834645671
11
7.4313128346456692
21
-4.0293897637795277
0
LINE
8
BLACK
6
CONTINUOUS
10
7.4313128346456692
20
-4.0293897637795277
11
7.4313128346456692
21
-4.0317451968503937
0
LINE
8
BLACK
6
CONTINUOUS
10
7.4313128346456692
20
-4.0317451968503937
11
7.4326615748031495
21
-4.0344426771653543
0
LINE
8
BLACK
6
CONTINUOUS
10
7.4326615748031495
20
-4.0344426771653543
11
7.4338587007874013
21
-4.0356398031496061
0
LINE
8
BLACK
6
CONTINUOUS
10
7.4338587007874013
20
-4.0356398031496061
11
7.43688968503937
21
-4.0371552755905507
0
LINE
8
BLACK
6
CONTINUOUS
10
7.43688968503937
20
-4.0371552755905507
11
7.4437217322834641
21
-4.038863307086614
0
LINE
8
BLACK
6
CONTINUOUS
10
7.4437217322834641
20
-4.038863307086614
11
7.4523684645669288
21
-4.038863307086614
0
LINE
8
BLACK
6
CONTINUOUS
10
7.4523684645669288
20
-4.038863307086614
11
7.4592005118110238
21
-4.0371552755905507
0
LINE
8
BLACK
6
CONTINUOUS
10
7.4592005118110238
20
-4.0371552755905507
11
7.4622314960629916
21
-4.0356397637795274
0
LINE
8
BLACK
6
CONTINUOUS
10
7.4622314960629916
20
-4.0356397637795274
11
7.4634286614173231
21
-4.0344426377952756
0
LINE
8
BLACK
6
CONTINUOUS
10
7.4634286614173231
20
-4.0344426377952756
11
7.4647774015748034
21
-4.0317451968503937
0
LINE
8
BLACK
6
CONTINUOUS
10
7.4647774015748034
20
-4.0317451968503937
11
7.4647774015748034
21
-4.0293897637795277
0
LINE
8
BLACK
6
CONTINUOUS
10
7.4647774015748034
20
-4.0293897637795277
11
7.4634286614173231
21
-4.0266922834645671
0
LINE
8
BLACK
6
CONTINUOUS
10
7.4634286614173231
20
-4.0266922834645671
11
7.4622314960629916
21
-4.0254951574803153
0
LINE
8
BLACK
6
CONTINUOUS
10
7.4622314960629916
20
-4.0254951574803153
11
7.4592005118110238
21
-4.0239796456692911
0
LINE
8
BLACK
6
CONTINUOUS
10
7.4592005118110238
20
-4.0239796456692911
11
7.4523684645669288
21
-4.0222716535433074
0
LINE
8
BLACK
6
CONTINUOUS
10
7.4523684645669288
20
-4.0222716535433074
11
7.4437217322834641
21
-4.0222716535433074
0
LINE
8
BLACK
6
CONTINUOUS
10
7.4437217322834641
20
-4.0222716535433074
11
7.43688968503937
21
-4.0239796456692911
0
LINE
8
BLACK
6
CONTINUOUS
10
3.2742711417322834
20
-4.0106208267716532
11
3.2750857874015749
21
-4.0114354724409447
0
LINE
8
BLACK
6
CONTINUOUS
10
3.2750857874015749
20
-4.0114354724409447
11
3.2755266929133859
21
-4.0124998818897639
0
LINE
8
BLACK
6
CONTINUOUS
10
3.2755266929133859
20
-4.0124998818897639
11
3.2755834251968503
21
-4.0130759448818898
0
LINE
8
BLACK
6
CONTINUOUS
10
3.2755834251968503
20
-4.0130759448818898
11
3.2755834251968503
21
-4.0355731102362205
0
LINE
8
BLACK
6
CONTINUOUS
10
3.2755834251968503
20
-4.0355731102362205
11
3.2755266929133859
21
-4.0361491732283463
0
LINE
8
BLACK
6
CONTINUOUS
10
3.2755266929133859
20
-4.0361491732283463
11
3.2750857874015749
21
-4.0372135826771656
0
LINE
8
BLACK
6
CONTINUOUS
10
3.2750857874015749
20
-4.0372135826771656
11
3.2742711417322834
21
-4.038028228346457
0
LINE
8
BLACK
6
CONTINUOUS
10
3.2742711417322834
20
-4.038028228346457
11
3.2732067322834646
21
-4.0384691338582677
0
LINE
8
BLACK
6
CONTINUOUS
10
3.2732067322834646
20
-4.0384691338582677
11
3.2720546062992124
21
-4.0384691338582677
0
LINE
8
BLACK
6
CONTINUOUS
10
3.2720546062992124
20
-4.0384691338582677
11
3.2709901968503936
21
-4.038028228346457
0
LINE
8
BLACK
6
CONTINUOUS
10
3.2709901968503936
20
-4.038028228346457
11
3.2701755511811021
21
-4.0372135826771656
0
LINE
8
BLACK
6
CONTINUOUS
10
3.2701755511811021
20
-4.0372135826771656
11
3.2697346456692911
21
-4.0361491732283463
0
LINE
8
BLACK
6
CONTINUOUS
10
3.2697346456692911
20
-4.0361491732283463
11
3.2696779133858267
21
-4.0355731102362205
0
LINE
8
BLACK
6
CONTINUOUS
10
3.2696779133858267
20
-4.0355731102362205
11
3.2696779133858267
21
-4.0272772834645671
0
LINE
8
BLACK
6
CONTINUOUS
10
3.2696779133858267
20
-4.0272772834645671
11
3.2422639370078739
21
-4.0272772834645671
0
LINE
8
BLACK
6
CONTINUOUS
10
3.2422639370078739
20
-4.0272772834645671
11
3.2447223228346456
21
-4.0297356692913384
0
LINE
8
BLACK
6
CONTINUOUS
10
3.2447223228346456
20
-4.0297356692913384
11
3.244908149606299
21
-4.0299620472440942
0
LINE
8
BLACK
6
CONTINUOUS
10
3.244908149606299
20
-4.0299620472440942
11
3.2449670866141731
21
-4.0300131889763779
0
LINE
8
BLACK
6
CONTINUOUS
10
3.2449670866141731
20
-4.0300131889763779
11
3.2450229527559054
21
-4.030101929133858
0
LINE
8
BLACK
6
CONTINUOUS
10
3.2450229527559054
20
-4.030101929133858
11
3.245089566929134
21
-4.0301831102362202
0
LINE
8
BLACK
6
CONTINUOUS
10
3.245089566929134
20
-4.0301831102362202
11
3.2451194094488187
21
-4.030255236220472
0
LINE
8
BLACK
6
CONTINUOUS
10
3.2451194094488187
20
-4.030255236220472
11
3.2452754330708662
21
-4.0305030708661418
0
LINE
8
BLACK
6
CONTINUOUS
10
3.2452754330708662
20
-4.0305030708661418
11
3.2471501968503937
21
-4.0342525984251969
0
LINE
8
BLACK
6
CONTINUOUS
10
3.2471501968503937
20
-4.0342525984251969
11
3.2473570866141732
21
-4.0347931889763782
0
LINE
8
BLACK
6
CONTINUOUS
10
3.2473570866141732
20
-4.0347931889763782
11
3.24743874015748
21
-4.0359424015748031
0
LINE
8
BLACK
6
CONTINUOUS
10
3.24743874015748
20
-4.0359424015748031
11
3.2470744094488189
21
-4.037035393700787
0
LINE
8
BLACK
6
CONTINUOUS
10
3.2470744094488189
20
-4.037035393700787
11
3.2463195669291336
21
-4.0379057480314957
0
LINE
8
BLACK
6
CONTINUOUS
10
3.2463195669291336
20
-4.0379057480314957
11
3.2452890551181102
21
-4.038421023622047
0
LINE
8
BLACK
6
CONTINUOUS
10
3.2452890551181102
20
-4.038421023622047
11
3.2441398425196848
21
-4.0385026771653543
0
LINE
8
BLACK
6
CONTINUOUS
10
3.2441398425196848
20
-4.0385026771653543
11
3.2430468897637796
21
-4.0381383464566927
0
LINE
8
BLACK
6
CONTINUOUS
10
3.2430468897637796
20
-4.0381383464566927
11
3.2421764960629922
21
-4.0373835039370078
0
LINE
8
BLACK
6
CONTINUOUS
10
3.2421764960629922
20
-4.0373835039370078
11
3.2418681496062991
21
-4.036893622047244
0
LINE
8
BLACK
6
CONTINUOUS
10
3.2418681496062991
20
-4.036893622047244
11
3.2402076771653543
21
-4.0335726771653544
0
LINE
8
BLACK
6
CONTINUOUS
10
3.2402076771653543
20
-4.0335726771653544
11
3.2370037007874015
21
-4.0303687007874016
0
LINE
8
BLACK
6
CONTINUOUS
10
3.2370037007874015
20
-4.0303687007874016
11
3.2316226771653542
21
-4.0267813779527559
0
LINE
8
BLACK
6
CONTINUOUS
10
3.2316226771653542
20
-4.0267813779527559
11
3.2316209842519683
21
-4.0267799999999996
0
LINE
8
BLACK
6
CONTINUOUS
10
3.2316209842519683
20
-4.0267799999999996
11
3.2316201181102362
21
-4.0267796456692908
0
LINE
8
BLACK
6
CONTINUOUS
10
3.2316201181102362
20
-4.0267796456692908
11
3.2316180708661415
21
-4.0267775984251966
0
LINE
8
BLACK
6
CONTINUOUS
10
3.2316180708661415
20
-4.0267775984251966
11
3.2311748425196849
21
-4.0264146062992126
0
LINE
8
BLACK
6
CONTINUOUS
10
3.2311748425196849
20
-4.0264146062992126
11
3.2310121653543304
21
-4.0261716929133859
0
LINE
8
BLACK
6
CONTINUOUS
10
3.2310121653543304
20
-4.0261716929133859
11
3.2308054724409447
21
-4.0259650000000002
0
LINE
8
BLACK
6
CONTINUOUS
10
3.2308054724409447
20
-4.0259650000000002
11
3.2306947244094486
21
-4.0256976771653541
0
LINE
8
BLACK
6
CONTINUOUS
10
3.2306947244094486
20
-4.0256976771653541
11
3.2305337795275588
21
-4.0254573228346455
0
LINE
8
BLACK
6
CONTINUOUS
10
3.2305337795275588
20
-4.0254573228346455
11
3.2304764173228344
21
-4.0251706692913389
0
LINE
8
BLACK
6
CONTINUOUS
10
3.2304764173228344
20
-4.0251706692913389
11
3.2303645669291337
21
-4.024900590551181
0
LINE
8
BLACK
6
CONTINUOUS
10
3.2303645669291337
20
-4.024900590551181
11
3.2303645669291337
21
-4.0246112598425192
0
LINE
8
BLACK
6
CONTINUOUS
10
3.2303645669291337
20
-4.0246112598425192
11
3.2303078346456693
21
-4.0243276377952757
0
LINE
8
BLACK
6
CONTINUOUS
10
3.2303078346456693
20
-4.0243276377952757
11
3.2303645669291337
21
-4.0240408267716532
0
LINE
8
BLACK
6
CONTINUOUS
10
3.2303645669291337
20
-4.0240408267716532
11
3.2303645669291337
21
-4.0237484645669293
0
LINE
8
BLACK
6
CONTINUOUS
10
3.2303645669291337
20
-4.0237484645669293
11
3.230475275590551
21
-4.0234811811023619
0
LINE
8
BLACK
6
CONTINUOUS
10
3.230475275590551
20
-4.0234811811023619
11
3.2305314173228346
21
-4.0231974015748033
0
LINE
8
BLACK
6
CONTINUOUS
10
3.2305314173228346
20
-4.0231974015748033
11
3.2306935826771652
21
-4.0229541338582679
0
LINE
8
BLACK
6
CONTINUOUS
10
3.2306935826771652
20
-4.0229541338582679
11
3.2308054724409447
21
-4.02268405511811
0
LINE
8
BLACK
6
CONTINUOUS
10
3.2308054724409447
20
-4.02268405511811
11
3.2310099999999999
21
-4.022479488188976
0
LINE
8
BLACK
6
CONTINUOUS
10
3.2310099999999999
20
-4.022479488188976
11
3.2311705118110234
21
-4.0222387795275587
0
LINE
8
BLACK
6
CONTINUOUS
10
3.2311705118110234
20
-4.0222387795275587
11
3.2314133858267717
21
-4.0220761023622043
0
LINE
8
BLACK
6
CONTINUOUS
10
3.2314133858267717
20
-4.0220761023622043
11
3.2316201181102362
21
-4.0218694094488185
0
LINE
8
BLACK
6
CONTINUOUS
10
3.2316201181102362
20
-4.0218694094488185
11
3.2318874015748031
21
-4.0217586614173229
0
LINE
8
BLACK
6
CONTINUOUS
10
3.2318874015748031
20
-4.0217586614173229
11
3.2321277952755905
21
-4.0215977165354326
0
LINE
8
BLACK
6
CONTINUOUS
10
3.2321277952755905
20
-4.0215977165354326
11
3.2324144094488187
21
-4.0215403543307087
0
LINE
8
BLACK
6
CONTINUOUS
10
3.2324144094488187
20
-4.0215403543307087
11
3.232684527559055
21
-4.0214285039370079
0
LINE
8
BLACK
6
CONTINUOUS
10
3.232684527559055
20
-4.0214285039370079
11
3.2332544488188977
21
-4.0213723622047244
0
LINE
8
BLACK
6
CONTINUOUS
10
3.2332544488188977
20
-4.0213723622047244
11
3.2332574803149607
21
-4.0213717716535431
0
LINE
8
BLACK
6
CONTINUOUS
10
3.2332574803149607
20
-4.0213717716535431
11
3.2332585039370079
21
-4.0213719685039369
0
LINE
8
BLACK
6
CONTINUOUS
10
3.2332585039370079
20
-4.0213719685039369
11
3.2332605905511809
21
-4.0213717716535431
0
LINE
8
BLACK
6
CONTINUOUS
10
3.2332605905511809
20
-4.0213717716535431
11
3.2696779133858267
21
-4.0213717716535431
0
LINE
8
BLACK
6
CONTINUOUS
10
3.2696779133858267
20
-4.0213717716535431
11
3.2696779133858267
21
-4.0130759448818898
0
LINE
8
BLACK
6
CONTINUOUS
10
3.2696779133858267
20
-4.0130759448818898
11
3.2697346456692911
21
-4.0124998818897639
0
LINE
8
BLACK
6
CONTINUOUS
10
3.2697346456692911
20
-4.0124998818897639
11
3.2701755511811021
21
-4.0114354724409447
0
LINE
8
BLACK
6
CONTINUOUS
10
3.2701755511811021
20
-4.0114354724409447
11
3.2709901968503936
21
-4.0106208267716532
0
LINE
8
BLACK
6
CONTINUOUS
10
3.2709901968503936
20
-4.0106208267716532
11
3.2720546062992124
21
-4.0101799212598426
0
LINE
8
BLACK
6
CONTINUOUS
10
3.2720546062992124
20
-4.0101799212598426
11
3.2732067322834646
21
-4.0101799212598426
0
LINE
8
BLACK
6
CONTINUOUS
10
3.2732067322834646
20
-4.0101799212598426
11
3.2742711417322834
21
-4.0106208267716532
0
LINE
8
BLACK
6
CONTINUOUS
10
7.4674957874015746
20
-3.9981160629921257
11
7.4674958661417321
21
-3.9981161023622045
0
LINE
8
BLACK
6
CONTINUOUS
10
7.4674958661417321
20
-3.9981161023622045
11
7.4679433070866139
21
-3.9984833070866141
0
LINE
8
BLACK
6
CONTINUOUS
10
7.4679433070866139
20
-3.9984833070866141
11
7.4698180708661415
21
-4.0003580708661417
0
LINE
8
BLACK
6
CONTINUOUS
10
7.4698180708661415
20
-4.0003580708661417
11
7.4701852755905511
21
-4.0008055118110235
0
LINE
8
BLACK
6
CONTINUOUS
10
7.4701852755905511
20
-4.0008055118110235
11
7.4703268503937004
21
-4.0011472834645669
0
LINE
8
BLACK
6
CONTINUOUS
10
7.4703268503937004
20
-4.0011472834645669
11
7.4706261811023618
21
-4.0018699606299215
0
LINE
8
BLACK
6
CONTINUOUS
10
7.4706261811023618
20
-4.0018699606299215
11
7.4706261811023618
21
-4.0030220472440945
0
LINE
8
BLACK
6
CONTINUOUS
10
7.4706261811023618
20
-4.0030220472440945
11
7.4701852755905511
21
-4.0040864566929129
0
LINE
8
BLACK
6
CONTINUOUS
10
7.4701852755905511
20
-4.0040864566929129
11
7.4698180708661415
21
-4.0045338976377955
0
LINE
8
BLACK
6
CONTINUOUS
10
7.4698180708661415
20
-4.0045338976377955
11
7.4679433070866139
21
-4.0064086614173231
0
LINE
8
BLACK
6
CONTINUOUS
10
7.4679433070866139
20
-4.0064086614173231
11
7.4674958661417321
21
-4.0067758661417319
0
LINE
8
BLACK
6
CONTINUOUS
10
7.4674958661417321
20
-4.0067758661417319
11
7.4664314566929129
21
-4.0072167716535434
0
LINE
8
BLACK
6
CONTINUOUS
10
7.4664314566929129
20
-4.0072167716535434
11
7.4652793700787399
21
-4.0072167716535434
0
LINE
8
BLACK
6
CONTINUOUS
10
7.4652793700787399
20
-4.0072167716535434
11
7.4642149606299215
21
-4.0067759055118106
0
LINE
8
BLACK
6
CONTINUOUS
10
7.4642149606299215
20
-4.0067759055118106
11
7.4637674803149601
21
-4.0064086614173231
0
LINE
8
BLACK
6
CONTINUOUS
10
7.4637674803149601
20
-4.0064086614173231
11
7.4618927165354325
21
-4.0045339370078743
0
LINE
8
BLACK
6
CONTINUOUS
10
7.4618927165354325
20
-4.0045339370078743
11
7.461525472440945
21
-4.0040864566929129
0
LINE
8
BLACK
6
CONTINUOUS
10
7.461525472440945
20
-4.0040864566929129
11
7.4615254330708662
21
-4.004086417322835
0
LINE
8
BLACK
6
CONTINUOUS
10
7.4615254330708662
20
-4.004086417322835
11
7.4610845669291335
21
-4.0030220078740157
0
LINE
8
BLACK
6
CONTINUOUS
10
7.4610845669291335
20
-4.0030220078740157
11
7.4610845669291335
21
-4.0018699212598428
0
LINE
8
BLACK
6
CONTINUOUS
10
7.4610845669291335
20
-4.0018699212598428
11
7.4613838976377949
21
-4.0011472834645669
0
LINE
8
BLACK
6
CONTINUOUS
10
7.4613838976377949
20
-4.0011472834645669
11
7.4615254330708662
21
-4.0008055511811023
0
LINE
8
BLACK
6
CONTINUOUS
10
7.4615254330708662
20
-4.0008055511811023
11
7.461525472440945
21
-4.0008055118110235
0
LINE
8
BLACK
6
CONTINUOUS
10
7.461525472440945
20
-4.0008055118110235
11
7.4618927165354325
21
-4.0003580314960629
0
LINE
8
BLACK
6
CONTINUOUS
10
7.4618927165354325
20
-4.0003580314960629
11
7.4637674803149601
21
-3.9984833070866141
0
LINE
8
BLACK
6
CONTINUOUS
10
7.4637674803149601
20
-3.9984833070866141
11
7.4642149606299215
21
-3.9981160629921257
0
LINE
8
BLACK
6
CONTINUOUS
10
7.4642149606299215
20
-3.9981160629921257
11
7.4652793700787399
21
-3.9976751968503934
0
LINE
8
BLACK
6
CONTINUOUS
10
7.4652793700787399
20
-3.9976751968503934
11
7.4664314566929129
21
-3.9976751968503934
0
LINE
8
BLACK
6
CONTINUOUS
10
7.4664314566929129
20
-3.9976751968503934
11
7.4674957874015746
21
-3.9981160629921257
0
LINE
8
BLACK
6
CONTINUOUS
10
7.4693706299212597
20
-3.9606208267716534
11
7.4701852755905511
21
-3.9614354724409448
0
LINE
8
BLACK
6
CONTINUOUS
10
7.4701852755905511
20
-3.9614354724409448
11
7.4706261811023618
21
-3.9624998818897637
0
LINE
8
BLACK
6
CONTINUOUS
10
7.4706261811023618
20
-3.9624998818897637
11
7.4706829133858266
21
-3.9630759448818895
0
LINE
8
BLACK
6
CONTINUOUS
10
7.4706829133858266
20
-3.9630759448818895
11
7.4706829133858266
21
-3.9855731102362202
0
LINE
8
BLACK
6
CONTINUOUS
10
7.4706829133858266
20
-3.9855731102362202
11
7.4706261811023618
21
-3.9861491732283465
0
LINE
8
BLACK
6
CONTINUOUS
10
7.4706261811023618
20
-3.9861491732283465
11
7.4701852755905511
21
-3.9872135826771653
0
LINE
8
BLACK
6
CONTINUOUS
10
7.4701852755905511
20
-3.9872135826771653
11
7.4693706299212597
21
-3.9880282283464568
0
LINE
8
BLACK
6
CONTINUOUS
10
7.4693706299212597
20
-3.9880282283464568
11
7.4683062204724404
21
-3.9884691338582678
0
LINE
8
BLACK
6
CONTINUOUS
10
7.4683062204724404
20
-3.9884691338582678
11
7.4671540944881887
21
-3.9884691338582678
0
LINE
8
BLACK
6
CONTINUOUS
10
7.4671540944881887
20
-3.9884691338582678
11
7.4660896850393703
21
-3.9880282283464568
0
LINE
8
BLACK
6
CONTINUOUS
10
7.4660896850393703
20
-3.9880282283464568
11
7.4652750393700789
21
-3.9872135826771653
0
LINE
8
BLACK
6
CONTINUOUS
10
7.4652750393700789
20
-3.9872135826771653
11
7.4648341338582673
21
-3.9861491732283465
0
LINE
8
BLACK
6
CONTINUOUS
10
7.4648341338582673
20
-3.9861491732283465
11
7.4647774015748034
21
-3.9855731102362202
0
LINE
8
BLACK
6
CONTINUOUS
10
7.4647774015748034
20
-3.9855731102362202
11
7.4647774015748034
21
-3.9772772834645669
0
LINE
8
BLACK
6
CONTINUOUS
10
7.4647774015748034
20
-3.9772772834645669
11
7.4373634251968506
21
-3.9772772834645669
0
LINE
8
BLACK
6
CONTINUOUS
10
7.4373634251968506
20
-3.9772772834645669
11
7.4398218110236218
21
-3.9797356692913386
0
LINE
8
BLACK
6
CONTINUOUS
10
7.4398218110236218
20
-3.9797356692913386
11
7.4400076377952757
21
-3.9799620472440944
0
LINE
8
BLACK
6
CONTINUOUS
10
7.4400076377952757
20
-3.9799620472440944
11
7.4400665748031498
21
-3.9800131889763777
0
LINE
8
BLACK
6
CONTINUOUS
10
7.4400665748031498
20
-3.9800131889763777
11
7.4401224409448821
21
-3.9801019291338582
0
LINE
8
BLACK
6
CONTINUOUS
10
7.4401224409448821
20
-3.9801019291338582
11
7.4401890551181102
21
-3.9801831102362204
0
LINE
8
BLACK
6
CONTINUOUS
10
7.4401890551181102
20
-3.9801831102362204
11
7.440218897637795
21
-3.9802552362204722
0
LINE
8
BLACK
6
CONTINUOUS
10
7.440218897637795
20
-3.9802552362204722
11
7.440374921259842
21
-3.9805030708661415
0
LINE
8
BLACK
6
CONTINUOUS
10
7.440374921259842
20
-3.9805030708661415
11
7.4422496850393696
21
-3.9842525984251966
0
LINE
8
BLACK
6
CONTINUOUS
10
7.4422496850393696
20
-3.9842525984251966
11
7.442456574803149
21
-3.9847931889763779
0
LINE
8
BLACK
6
CONTINUOUS
10
7.442456574803149
20
-3.9847931889763779
11
7.4425382283464563
21
-3.9859424015748028
0
LINE
8
BLACK
6
CONTINUOUS
10
7.4425382283464563
20
-3.9859424015748028
11
7.4421738976377947
21
-3.9870353937007872
0
LINE
8
BLACK
6
CONTINUOUS
10
7.4421738976377947
20
-3.9870353937007872
11
7.4414190551181099
21
-3.9879057480314959
0
LINE
8
BLACK
6
CONTINUOUS
10
7.4414190551181099
20
-3.9879057480314959
11
7.4403885433070869
21
-3.9884210236220472
0
LINE
8
BLACK
6
CONTINUOUS
10
7.4403885433070869
20
-3.9884210236220472
11
7.4392393307086611
21
-3.9885026771653544
0
LINE
8
BLACK
6
CONTINUOUS
10
7.4392393307086611
20
-3.9885026771653544
11
7.4381463779527559
21
-3.9881383464566929
0
LINE
8
BLACK
6
CONTINUOUS
10
7.4381463779527559
20
-3.9881383464566929
11
7.4372759842519685
21
-3.9873835039370076
0
LINE
8
BLACK
6
CONTINUOUS
10
7.4372759842519685
20
-3.9873835039370076
11
7.4369676377952754
21
-3.9868936220472442
0
LINE
8
BLACK
6
CONTINUOUS
10
7.4369676377952754
20
-3.9868936220472442
11
7.4353071653543301
21
-3.9835726771653541
0
LINE
8
BLACK
6
CONTINUOUS
10
7.4353071653543301
20
-3.9835726771653541
11
7.4321031889763782
21
-3.9803687007874013
0
LINE
8
BLACK
6
CONTINUOUS
10
7.4321031889763782
20
-3.9803687007874013
11
7.4267221653543309
21
-3.9767813779527557
0
LINE
8
BLACK
6
CONTINUOUS
10
7.4267221653543309
20
-3.9767813779527557
11
7.4267204724409446
21
-3.9767799999999998
0
LINE
8
BLACK
6
CONTINUOUS
10
7.4267204724409446
20
-3.9767799999999998
11
7.426719606299212
21
-3.9767796456692914
0
LINE
8
BLACK
6
CONTINUOUS
10
7.426719606299212
20
-3.9767796456692914
11
7.4267175590551178
21
-3.9767775984251967
0
LINE
8
BLACK
6
CONTINUOUS
10
7.4267175590551178
20
-3.9767775984251967
11
7.4262743307086616
21
-3.9764146062992127
0
LINE
8
BLACK
6
CONTINUOUS
10
7.4262743307086616
20
-3.9764146062992127
11
7.4261116535433072
21
-3.9761716929133857
0
LINE
8
BLACK
6
CONTINUOUS
10
7.4261116535433072
20
-3.9761716929133857
11
7.4259049606299214
21
-3.975965
0
LINE
8
BLACK
6
CONTINUOUS
10
7.4259049606299214
20
-3.975965
11
7.4257942125984249
21
-3.9756976771653543
0
LINE
8
BLACK
6
CONTINUOUS
10
7.4257942125984249
20
-3.9756976771653543
11
7.4256332677165355
21
-3.9754573228346457
0
LINE
8
BLACK
6
CONTINUOUS
10
7.4256332677165355
20
-3.9754573228346457
11
7.4255759055118107
21
-3.9751706692913387
0
LINE
8
BLACK
6
CONTINUOUS
10
7.4255759055118107
20
-3.9751706692913387
11
7.4254640551181099
21
-3.9749005905511812
0
LINE
8
BLACK
6
CONTINUOUS
10
7.4254640551181099
20
-3.9749005905511812
11
7.4254640551181099
21
-3.9746112598425194
0
LINE
8
BLACK
6
CONTINUOUS
10
7.4254640551181099
20
-3.9746112598425194
11
7.4254073228346451
21
-3.9743276377952754
0
LINE
8
BLACK
6
CONTINUOUS
10
7.4254073228346451
20
-3.9743276377952754
11
7.4254640551181099
21
-3.9740408267716534
0
LINE
8
BLACK
6
CONTINUOUS
10
7.4254640551181099
20
-3.9740408267716534
11
7.4254640551181099
21
-3.973748464566929
0
LINE
8
BLACK
6
CONTINUOUS
10
7.4254640551181099
20
-3.973748464566929
11
7.4255747637795277
21
-3.973481181102362
0
LINE
8
BLACK
6
CONTINUOUS
10
7.4255747637795277
20
-3.973481181102362
11
7.4256309055118113
21
-3.9731974015748031
0
LINE
8
BLACK
6
CONTINUOUS
10
7.4256309055118113
20
-3.9731974015748031
11
7.4257930708661419
21
-3.9729541338582677
0
LINE
8
BLACK
6
CONTINUOUS
10
7.4257930708661419
20
-3.9729541338582677
11
7.4259049606299214
21
-3.9726840551181102
0
LINE
8
BLACK
6
CONTINUOUS
10
7.4259049606299214
20
-3.9726840551181102
11
7.4261094881889766
21
-3.9724794881889762
0
LINE
8
BLACK
6
CONTINUOUS
10
7.4261094881889766
20
-3.9724794881889762
11
7.4262699999999997
21
-3.9722387795275589
0
LINE
8
BLACK
6
CONTINUOUS
10
7.4262699999999997
20
-3.9722387795275589
11
7.4265128740157476
21
-3.9720761023622044
0
LINE
8
BLACK
6
CONTINUOUS
10
7.4265128740157476
20
-3.9720761023622044
11
7.426719606299212
21
-3.9718694094488187
0
LINE
8
BLACK
6
CONTINUOUS
10
7.426719606299212
20
-3.9718694094488187
11
7.4269868897637794
21
-3.9717586614173226
0
LINE
8
BLACK
6
CONTINUOUS
10
7.4269868897637794
20
-3.9717586614173226
11
7.4272272834645667
21
-3.9715977165354328
0
LINE
8
BLACK
6
CONTINUOUS
10
7.4272272834645667
20
-3.9715977165354328
11
7.4275138976377955
21
-3.9715403543307084
0
LINE
8
BLACK
6
CONTINUOUS
10
7.4275138976377955
20
-3.9715403543307084
11
7.4277840157480313
21
-3.9714285039370076
0
LINE
8
BLACK
6
CONTINUOUS
10
7.4277840157480313
20
-3.9714285039370076
11
7.4283539370078735
21
-3.9713723622047241
0
LINE
8
BLACK
6
CONTINUOUS
10
7.4283539370078735
20
-3.9713723622047241
11
7.4283569685039366
21
-3.9713717716535433
0
LINE
8
BLACK
6
CONTINUOUS
10
7.4283569685039366
20
-3.9713717716535433
11
7.4283579921259841
21
-3.971371968503937
0
LINE
8
BLACK
6
CONTINUOUS
10
7.4283579921259841
20
-3.971371968503937
11
7.4283600787401571
21
-3.9713717716535433
0
LINE
8
BLACK
6
CONTINUOUS
10
7.4283600787401571
20
-3.9713717716535433
11
7.4647774015748034
21
-3.9713717716535433
0
LINE
8
BLACK
6
CONTINUOUS
10
7.4647774015748034
20
-3.9713717716535433
11
7.4647774015748034
21
-3.9630759448818895
0
LINE
8
BLACK
6
CONTINUOUS
10
7.4647774015748034
20
-3.9630759448818895
11
7.4648341338582673
21
-3.9624998818897637
0
LINE
8
BLACK
6
CONTINUOUS
10
7.4648341338582673
20
-3.9624998818897637
11
7.4652750393700789
21
-3.9614354724409448
0
LINE
8
BLACK
6
CONTINUOUS
10
7.4652750393700789
20
-3.9614354724409448
11
7.4660896850393703
21
-3.9606208267716534
0
LINE
8
BLACK
6
CONTINUOUS
10
7.4660896850393703
20
-3.9606208267716534
11
7.4671540944881887
21
-3.9601799212598423
0
LINE
8
BLACK
6
CONTINUOUS
10
7.4671540944881887
20
-3.9601799212598423
11
7.4683062204724404
21
-3.9601799212598423
0
LINE
8
BLACK
6
CONTINUOUS
10
7.4683062204724404
20
-3.9601799212598423
11
7.4693706299212597
21
-3.9606208267716534
0
LINE
8
BLACK
6
CONTINUOUS
10
3.2732067322834646
20
-3.929564960629921
11
3.2742711417322834
21
-3.9300058661417321
0
LINE
8
BLACK
6
CONTINUOUS
10
3.2742711417322834
20
-3.9300058661417321
11
3.2750857874015749
21
-3.9308205118110235
0
LINE
8
BLACK
6
CONTINUOUS
10
3.2750857874015749
20
-3.9308205118110235
11
3.2755266929133859
21
-3.9318849212598423
0
LINE
8
BLACK
6
CONTINUOUS
10
3.2755266929133859
20
-3.9318849212598423
11
3.2755266929133859
21
-3.9330370472440945
0
LINE
8
BLACK
6
CONTINUOUS
10
3.2755266929133859
20
-3.9330370472440945
11
3.2750857874015749
21
-3.9341014566929133
0
LINE
8
BLACK
6
CONTINUOUS
10
3.2750857874015749
20
-3.9341014566929133
11
3.2742711417322834
21
-3.9349161023622048
0
LINE
8
BLACK
6
CONTINUOUS
10
3.2742711417322834
20
-3.9349161023622048
11
3.2732067322834646
21
-3.9353570078740159
0
LINE
8
BLACK
6
CONTINUOUS
10
3.2732067322834646
20
-3.9353570078740159
11
3.2726306692913387
21
-3.9354137401574802
0
LINE
8
BLACK
6
CONTINUOUS
10
3.2726306692913387
20
-3.9354137401574802
11
3.252705275590551
21
-3.9354137401574802
0
LINE
8
BLACK
6
CONTINUOUS
10
3.252705275590551
20
-3.9354137401574802
11
3.2504595275590549
21
-3.9365365748031493
0
LINE
8
BLACK
6
CONTINUOUS
10
3.2504595275590549
20
-3.9365365748031493
11
3.2493366929133858
21
-3.9387823228346455
0
LINE
8
BLACK
6
CONTINUOUS
10
3.2493366929133858
20
-3.9387823228346455
11
3.2493366929133858
21
-3.9430125590551182
0
LINE
8
BLACK
6
CONTINUOUS
10
3.2493366929133858
20
-3.9430125590551182
11
3.2504595275590549
21
-3.9452582677165355
0
LINE
8
BLACK
6
CONTINUOUS
10
3.2504595275590549
20
-3.9452582677165355
11
3.252705275590551
21
-3.9463811417322834
0
LINE
8
BLACK
6
CONTINUOUS
10
3.252705275590551
20
-3.9463811417322834
11
3.2726306692913387
21
-3.9463811417322834
0
LINE
8
BLACK
6
CONTINUOUS
10
3.2726306692913387
20
-3.9463811417322834
11
3.2732067322834646
21
-3.9464378740157477
0
LINE
8
BLACK
6
CONTINUOUS
10
3.2732067322834646
20
-3.9464378740157477
11
3.2742711417322834
21
-3.9468787795275588
0
LINE
8
BLACK
6
CONTINUOUS
10
3.2742711417322834
20
-3.9468787795275588
11
3.2750857874015749
21
-3.9476934251968503
0
LINE
8
BLACK
6
CONTINUOUS
10
3.2750857874015749
20
-3.9476934251968503
11
3.2755266929133859
21
-3.9487578346456691
0
LINE
8
BLACK
6
CONTINUOUS
10
3.2755266929133859
20
-3.9487578346456691
11
3.2755266929133859
21
-3.9499099606299213
0
LINE
8
BLACK
6
CONTINUOUS
10
3.2755266929133859
20
-3.9499099606299213
11
3.2750857874015749
21
-3.9509743700787401
0
LINE
8
BLACK
6
CONTINUOUS
10
3.2750857874015749
20
-3.9509743700787401
11
3.2742711417322834
21
-3.9517890157480315
0
LINE
8
BLACK
6
CONTINUOUS
10
3.2742711417322834
20
-3.9517890157480315
11
3.2732067322834646
21
-3.9522299212598426
0
LINE
8
BLACK
6
CONTINUOUS
10
3.2732067322834646
20
-3.9522299212598426
11
3.2726306692913387
21
-3.952286653543307
0
LINE
8
BLACK
6
CONTINUOUS
10
3.2726306692913387
20
-3.952286653543307
11
3.252705275590551
21
-3.952286653543307
0
LINE
8
BLACK
6
CONTINUOUS
10
3.252705275590551
20
-3.952286653543307
11
3.2504595275590549
21
-3.9534094881889761
0
LINE
8
BLACK
6
CONTINUOUS
10
3.2504595275590549
20
-3.9534094881889761
11
3.2493366929133858
21
-3.9556552362204722
0
LINE
8
BLACK
6
CONTINUOUS
10
3.2493366929133858
20
-3.9556552362204722
11
3.2493366929133858
21
-3.9598854330708662
0
LINE
8
BLACK
6
CONTINUOUS
10
3.2493366929133858
20
-3.9598854330708662
11
3.2506854330708661
21
-3.9625829133858268
0
LINE
8
BLACK
6
CONTINUOUS
10
3.2506854330708661
20
-3.9625829133858268
11
3.2513565354330707
21
-3.9632540157480314
0
LINE
8
BLACK
6
CONTINUOUS
10
3.2513565354330707
20
-3.9632540157480314
11
3.2726306692913387
21
-3.9632540157480314
0
LINE
8
BLACK
6
CONTINUOUS
10
3.2726306692913387
20
-3.9632540157480314
11
3.2732067322834646
21
-3.9633107480314962
0
LINE
8
BLACK
6
CONTINUOUS
10
3.2732067322834646
20
-3.9633107480314962
11
3.2742711417322834
21
-3.9637516535433068
0
LINE
8
BLACK
6
CONTINUOUS
10
3.2742711417322834
20
-3.9637516535433068
11
3.2750857874015749
21
-3.9645662992125983
0
LINE
8
BLACK
6
CONTINUOUS
10
3.2750857874015749
20
-3.9645662992125983
11
3.2755266929133859
21
-3.9656307086614171
0
LINE
8
BLACK
6
CONTINUOUS
10
3.2755266929133859
20
-3.9656307086614171
11
3.2755266929133859
21
-3.9667828346456693
0
LINE
8
BLACK
6
CONTINUOUS
10
3.2755266929133859
20
-3.9667828346456693
11
3.2750857874015749
21
-3.9678472440944881
0
LINE
8
BLACK
6
CONTINUOUS
10
3.2750857874015749
20
-3.9678472440944881
11
3.2742711417322834
21
-3.9686618897637795
0
LINE
8
BLACK
6
CONTINUOUS
10
3.2742711417322834
20
-3.9686618897637795
11
3.2732067322834646
21
-3.9691027952755906
0
LINE
8
BLACK
6
CONTINUOUS
10
3.2732067322834646
20
-3.9691027952755906
11
3.2726306692913387
21
-3.969159527559055
0
LINE
8
BLACK
6
CONTINUOUS
10
3.2726306692913387
20
-3.969159527559055
11
3.2463839370078738
21
-3.969159527559055
0
LINE
8
BLACK
6
CONTINUOUS
10
3.2463839370078738
20
-3.969159527559055
11
3.2458078740157479
21
-3.9691027952755906
0
LINE
8
BLACK
6
CONTINUOUS
10
3.2458078740157479
20
-3.9691027952755906
11
3.2447434645669291
21
-3.9686618897637795
0
LINE
8
BLACK
6
CONTINUOUS
10
3.2447434645669291
20
-3.9686618897637795
11
3.2439288188976376
21
-3.9678472440944881
0
LINE
8
BLACK
6
CONTINUOUS
10
3.2439288188976376
20
-3.9678472440944881
11
3.2434879133858265
21
-3.9667828346456693
0
LINE
8
BLACK
6
CONTINUOUS
10
3.2434879133858265
20
-3.9667828346456693
11
3.2434879133858265
21
-3.9656307086614171
0
LINE
8
BLACK
6
CONTINUOUS
10
3.2434879133858265
20
-3.9656307086614171
11
3.2439288188976376
21
-3.9645662992125983
0
LINE
8
BLACK
6
CONTINUOUS
10
3.2439288188976376
20
-3.9645662992125983
11
3.2446926377952754
21
-3.9638024409448818
0
LINE
8
BLACK
6
CONTINUOUS
10
3.2446926377952754
20
-3.9638024409448818
11
3.2437429133858267
21
-3.9619029921259843
0
LINE
8
BLACK
6
CONTINUOUS
10
3.2437429133858267
20
-3.9619029921259843
11
3.2435360236220472
21
-3.9613623622047243
0
LINE
8
BLACK
6
CONTINUOUS
10
3.2435360236220472
20
-3.9613623622047243
11
3.2435285039370076
21
-3.9612565354330709
0
LINE
8
BLACK
6
CONTINUOUS
10
3.2435285039370076
20
-3.9612565354330709
11
3.2434879133858265
21
-3.9611585433070866
0
LINE
8
BLACK
6
CONTINUOUS
10
3.2434879133858265
20
-3.9611585433070866
11
3.2434311811023622
21
-3.9605824803149607
0
LINE
8
BLACK
6
CONTINUOUS
10
3.2434311811023622
20
-3.9605824803149607
11
3.2434311811023622
21
-3.9549581889763781
0
LINE
8
BLACK
6
CONTINUOUS
10
3.2434311811023622
20
-3.9549581889763781
11
3.2434879133858265
21
-3.9543821259842518
0
LINE
8
BLACK
6
CONTINUOUS
10
3.2434879133858265
20
-3.9543821259842518
11
3.2435285039370076
21
-3.9542840944881887
0
LINE
8
BLACK
6
CONTINUOUS
10
3.2435285039370076
20
-3.9542840944881887
11
3.2435360236220472
21
-3.9541783070866141
0
LINE
8
BLACK
6
CONTINUOUS
10
3.2435360236220472
20
-3.9541783070866141
11
3.2437429133858267
21
-3.9536376771653541
0
LINE
8
BLACK
6
CONTINUOUS
10
3.2437429133858267
20
-3.9536376771653541
11
3.2456176771653542
21
-3.949888149606299
0
LINE
8
BLACK
6
CONTINUOUS
10
3.2456176771653542
20
-3.949888149606299
11
3.2456783070866142
21
-3.9497917716535431
0
LINE
8
BLACK
6
CONTINUOUS
10
3.2456783070866142
20
-3.9497917716535431
11
3.2456934645669291
21
-3.949746377952756
0
LINE
8
BLACK
6
CONTINUOUS
10
3.2456934645669291
20
-3.949746377952756
11
3.2457424803149606
21
-3.9496898031496062
0
LINE
8
BLACK
6
CONTINUOUS
10
3.2457424803149606
20
-3.9496898031496062
11
3.2459260236220473
21
-3.9493982677165351
0
LINE
8
BLACK
6
CONTINUOUS
10
3.2459260236220473
20
-3.9493982677165351
11
3.2460002362204725
21
-3.949333897637795
0
LINE
8
BLACK
6
CONTINUOUS
10
3.2460002362204725
20
-3.949333897637795
11
3.2459260236220473
21
-3.9492695275590552
0
LINE
8
BLACK
6
CONTINUOUS
10
3.2459260236220473
20
-3.9492695275590552
11
3.2457424803149606
21
-3.9489779527559055
0
LINE
8
BLACK
6
CONTINUOUS
10
3.2457424803149606
20
-3.9489779527559055
11
3.2456934645669291
21
-3.9489214173228344
0
LINE
8
BLACK
6
CONTINUOUS
10
3.2456934645669291
20
-3.9489214173228344
11
3.2456783070866142
21
-3.9488759842519685
0
LINE
8
BLACK
6
CONTINUOUS
10
3.2456783070866142
20
-3.9488759842519685
11
3.2456176771653542
21
-3.9487796456692914
0
LINE
8
BLACK
6
CONTINUOUS
10
3.2456176771653542
20
-3.9487796456692914
11
3.2437429133858267
21
-3.9450301181102363
0
LINE
8
BLACK
6
CONTINUOUS
10
3.2437429133858267
20
-3.9450301181102363
11
3.2435360236220472
21
-3.9444894881889763
0
LINE
8
BLACK
6
CONTINUOUS
10
3.2435360236220472
20
-3.9444894881889763
11
3.2435285039370076
21
-3.9443836614173229
0
LINE
8
BLACK
6
CONTINUOUS
10
3.2435285039370076
20
-3.9443836614173229
11
3.2434879133858265
21
-3.9442856692913386
0
LINE
8
BLACK
6
CONTINUOUS
10
3.2434879133858265
20
-3.9442856692913386
11
3.2434311811023622
21
-3.9437096062992123
0
LINE
8
BLACK
6
CONTINUOUS
10
3.2434311811023622
20
-3.9437096062992123
11
3.2434311811023622
21
-3.9380853149606296
0
LINE
8
BLACK
6
CONTINUOUS
10
3.2434311811023622
20
-3.9380853149606296
11
3.2434879133858265
21
-3.9375092519685038
0
LINE
8
BLACK
6
CONTINUOUS
10
3.2434879133858265
20
-3.9375092519685038
11
3.2435285039370076
21
-3.9374112204724407
0
LINE
8
BLACK
6
CONTINUOUS
10
3.2435285039370076
20
-3.9374112204724407
11
3.2435360236220472
21
-3.9373054330708661
0
LINE
8
BLACK
6
CONTINUOUS
10
3.2435360236220472
20
-3.9373054330708661
11
3.2437429133858267
21
-3.9367648031496061
0
LINE
8
BLACK
6
CONTINUOUS
10
3.2437429133858267
20
-3.9367648031496061
11
3.2456176771653542
21
-3.9330152362204722
0
LINE
8
BLACK
6
CONTINUOUS
10
3.2456176771653542
20
-3.9330152362204722
11
3.2456783070866142
21
-3.9329188976377951
0
LINE
8
BLACK
6
CONTINUOUS
10
3.2456783070866142
20
-3.9329188976377951
11
3.2456934645669291
21
-3.9328734645669292
0
LINE
8
BLACK
6
CONTINUOUS
10
3.2456934645669291
20
-3.9328734645669292
11
3.2457425196850394
21
-3.9328168503937007
0
LINE
8
BLACK
6
CONTINUOUS
10
3.2457425196850394
20
-3.9328168503937007
11
3.2459260236220473
21
-3.9325253937007871
0
LINE
8
BLACK
6
CONTINUOUS
10
3.2459260236220473
20
-3.9325253937007871
11
3.2462056299212598
21
-3.9322828740157481
0
LINE
8
BLACK
6
CONTINUOUS
10
3.2462056299212598
20
-3.9322828740157481
11
3.2464483070866139
21
-3.9320030708661418
0
LINE
8
BLACK
6
CONTINUOUS
10
3.2464483070866139
20
-3.9320030708661418
11
3.2467398425196849
21
-3.9318195275590551
0
LINE
8
BLACK
6
CONTINUOUS
10
3.2467398425196849
20
-3.9318195275590551
11
3.2467964173228347
21
-3.9317705118110235
0
LINE
8
BLACK
6
CONTINUOUS
10
3.2467964173228347
20
-3.9317705118110235
11
3.2468418110236219
21
-3.9317553543307087
0
LINE
8
BLACK
6
CONTINUOUS
10
3.2468418110236219
20
-3.9317553543307087
11
3.2469381889763778
21
-3.9316947244094487
0
LINE
8
BLACK
6
CONTINUOUS
10
3.2469381889763778
20
-3.9316947244094487
11
3.2506877165354329
21
-3.9298199606299211
0
LINE
8
BLACK
6
CONTINUOUS
10
3.2506877165354329
20
-3.9298199606299211
11
3.2512283070866141
21
-3.9296130708661416
0
LINE
8
BLACK
6
CONTINUOUS
10
3.2512283070866141
20
-3.9296130708661416
11
3.2513341732283463
21
-3.9296055118110234
0
LINE
8
BLACK
6
CONTINUOUS
10
3.2513341732283463
20
-3.9296055118110234
11
3.2514321653543306
21
-3.929564960629921
0
LINE
8
BLACK
6
CONTINUOUS
10
3.2514321653543306
20
-3.929564960629921
11
3.2520082283464564
21
-3.9295082283464566
0
LINE
8
BLACK
6
CONTINUOUS
10
3.2520082283464564
20
-3.9295082283464566
11
3.2726306692913387
21
-3.9295082283464566
0
LINE
8
BLACK
6
CONTINUOUS
10
3.2726306692913387
20
-3.9295082283464566
11
3.2732067322834646
21
-3.929564960629921
0
LINE
8
BLACK
6
CONTINUOUS
10
7.4683062204724404
20
-3.8795649606299212
11
7.4693706299212597
21
-3.8800058661417323
0
LINE
8
BLACK
6
CONTINUOUS
10
7.4693706299212597
20
-3.8800058661417323
11
7.4701852755905511
21
-3.8808205118110237
0
LINE
8
BLACK
6
CONTINUOUS
10
7.4701852755905511
20
-3.8808205118110237
11
7.4706261811023618
21
-3.8818849212598425
0
LINE
8
BLACK
6
CONTINUOUS
10
7.4706261811023618
20
-3.8818849212598425
11
7.4706261811023618
21
-3.8830370472440943
0
LINE
8
BLACK
6
CONTINUOUS
10
7.4706261811023618
20
-3.8830370472440943
11
7.4701852755905511
21
-3.8841014566929135
0
LINE
8
BLACK
6
CONTINUOUS
10
7.4701852755905511
20
-3.8841014566929135
11
7.4693706299212597
21
-3.8849161023622045
0
LINE
8
BLACK
6
CONTINUOUS
10
7.4693706299212597
20
-3.8849161023622045
11
7.4683062204724404
21
-3.8853570078740156
0
LINE
8
BLACK
6
CONTINUOUS
10
7.4683062204724404
20
-3.8853570078740156
11
7.4677301574803145
21
-3.8854137401574804
0
LINE
8
BLACK
6
CONTINUOUS
10
7.4677301574803145
20
-3.8854137401574804
11
7.4478047637795273
21
-3.8854137401574804
0
LINE
8
BLACK
6
CONTINUOUS
10
7.4478047637795273
20
-3.8854137401574804
11
7.4455590157480316
21
-3.8865365748031495
0
LINE
8
BLACK
6
CONTINUOUS
10
7.4455590157480316
20
-3.8865365748031495
11
7.444436181102362
21
-3.8887823228346456
0
LINE
8
BLACK
6
CONTINUOUS
10
7.444436181102362
20
-3.8887823228346456
11
7.444436181102362
21
-3.8930125590551179
0
LINE
8
BLACK
6
CONTINUOUS
10
7.444436181102362
20
-3.8930125590551179
11
7.4455590157480316
21
-3.8952582677165353
0
LINE
8
BLACK
6
CONTINUOUS
10
7.4455590157480316
20
-3.8952582677165353
11
7.4478047637795273
21
-3.8963811417322836
0
LINE
8
BLACK
6
CONTINUOUS
10
7.4478047637795273
20
-3.8963811417322836
11
7.4677301574803145
21
-3.8963811417322836
0
LINE
8
BLACK
6
CONTINUOUS
10
7.4677301574803145
20
-3.8963811417322836
11
7.4683062204724404
21
-3.8964378740157479
0
LINE
8
BLACK
6
CONTINUOUS
10
7.4683062204724404
20
-3.8964378740157479
11
7.4693706299212597
21
-3.896878779527559
0
LINE
8
BLACK
6
CONTINUOUS
10
7.4693706299212597
20
-3.896878779527559
11
7.4701852755905511
21
-3.8976934251968505
0
LINE
8
BLACK
6
CONTINUOUS
10
7.4701852755905511
20
-3.8976934251968505
11
7.4706261811023618
21
-3.8987578346456693
0
LINE
8
BLACK
6
CONTINUOUS
10
7.4706261811023618
20
-3.8987578346456693
11
7.4706261811023618
21
-3.899909960629921
0
LINE
8
BLACK
6
CONTINUOUS
10
7.4706261811023618
20
-3.899909960629921
11
7.4701852755905511
21
-3.9009743700787403
0
LINE
8
BLACK
6
CONTINUOUS
10
7.4701852755905511
20
-3.9009743700787403
11
7.4693706299212597
21
-3.9017890157480313
0
LINE
8
BLACK
6
CONTINUOUS
10
7.4693706299212597
20
-3.9017890157480313
11
7.4683062204724404
21
-3.9022299212598424
0
LINE
8
BLACK
6
CONTINUOUS
10
7.4683062204724404
20
-3.9022299212598424
11
7.4677301574803145
21
-3.9022866535433072
0
LINE
8
BLACK
6
CONTINUOUS
10
7.4677301574803145
20
-3.9022866535433072
11
7.4478047637795273
21
-3.9022866535433072
0
LINE
8
BLACK
6
CONTINUOUS
10
7.4478047637795273
20
-3.9022866535433072
11
7.4455590157480316
21
-3.9034094881889763
0
LINE
8
BLACK
6
CONTINUOUS
10
7.4455590157480316
20
-3.9034094881889763
11
7.444436181102362
21
-3.9056552362204724
0
LINE
8
BLACK
6
CONTINUOUS
10
7.444436181102362
20
-3.9056552362204724
11
7.444436181102362
21
-3.9098854330708659
0
LINE
8
BLACK
6
CONTINUOUS
10
7.444436181102362
20
-3.9098854330708659
11
7.4457849212598424
21
-3.9125829133858265
0
LINE
8
BLACK
6
CONTINUOUS
10
7.4457849212598424
20
-3.9125829133858265
11
7.4464560236220469
21
-3.9132540157480316
0
LINE
8
BLACK
6
CONTINUOUS
10
7.4464560236220469
20
-3.9132540157480316
11
7.4677301574803145
21
-3.9132540157480316
0
LINE
8
BLACK
6
CONTINUOUS
10
7.4677301574803145
20
-3.9132540157480316
11
7.4683062204724404
21
-3.9133107480314959
0
LINE
8
BLACK
6
CONTINUOUS
10
7.4683062204724404
20
-3.9133107480314959
11
7.4693706299212597
21
-3.913751653543307
0
LINE
8
BLACK
6
CONTINUOUS
10
7.4693706299212597
20
-3.913751653543307
11
7.4701852755905511
21
-3.9145662992125985
0
LINE
8
BLACK
6
CONTINUOUS
10
7.4701852755905511
20
-3.9145662992125985
11
7.4706261811023618
21
-3.9156307086614173
0
LINE
8
BLACK
6
CONTINUOUS
10
7.4706261811023618
20
-3.9156307086614173
11
7.4706261811023618
21
-3.916782834645669
0
LINE
8
BLACK
6
CONTINUOUS
10
7.4706261811023618
20
-3.916782834645669
11
7.4701852755905511
21
-3.9178472440944883
0
LINE
8
BLACK
6
CONTINUOUS
10
7.4701852755905511
20
-3.9178472440944883
11
7.4693706299212597
21
-3.9186618897637793
0
LINE
8
BLACK
6
CONTINUOUS
10
7.4693706299212597
20
-3.9186618897637793
11
7.4683062204724404
21
-3.9191027952755904
0
LINE
8
BLACK
6
CONTINUOUS
10
7.4683062204724404
20
-3.9191027952755904
11
7.4677301574803145
21
-3.9191595275590552
0
LINE
8
BLACK
6
CONTINUOUS
10
7.4677301574803145
20
-3.9191595275590552
11
7.44148342519685
21
-3.9191595275590552
0
LINE
8
BLACK
6
CONTINUOUS
10
7.44148342519685
20
-3.9191595275590552
11
7.4409073622047242
21
-3.9191027952755904
0
LINE
8
BLACK
6
CONTINUOUS
10
7.4409073622047242
20
-3.9191027952755904
11
7.4398429527559049
21
-3.9186618897637793
0
LINE
8
BLACK
6
CONTINUOUS
10
7.4398429527559049
20
-3.9186618897637793
11
7.4390283070866143
21
-3.9178472440944883
0
LINE
8
BLACK
6
CONTINUOUS
10
7.4390283070866143
20
-3.9178472440944883
11
7.4385874015748028
21
-3.916782834645669
0
LINE
8
BLACK
6
CONTINUOUS
10
7.4385874015748028
20
-3.916782834645669
11
7.4385874015748028
21
-3.9156307086614173
0
LINE
8
BLACK
6
CONTINUOUS
10
7.4385874015748028
20
-3.9156307086614173
11
7.4390283070866143
21
-3.9145662992125985
0
LINE
8
BLACK
6
CONTINUOUS
10
7.4390283070866143
20
-3.9145662992125985
11
7.4397921259842521
21
-3.9138024409448819
0
LINE
8
BLACK
6
CONTINUOUS
10
7.4397921259842521
20
-3.9138024409448819
11
7.4388424015748029
21
-3.911902992125984
0
LINE
8
BLACK
6
CONTINUOUS
10
7.4388424015748029
20
-3.911902992125984
11
7.4386355118110234
21
-3.9113623622047244
0
LINE
8
BLACK
6
CONTINUOUS
10
7.4386355118110234
20
-3.9113623622047244
11
7.4386279921259844
21
-3.9112565354330706
0
LINE
8
BLACK
6
CONTINUOUS
10
7.4386279921259844
20
-3.9112565354330706
11
7.4385874015748028
21
-3.9111585433070863
0
LINE
8
BLACK
6
CONTINUOUS
10
7.4385874015748028
20
-3.9111585433070863
11
7.438530669291338
21
-3.9105824803149605
0
LINE
8
BLACK
6
CONTINUOUS
10
7.438530669291338
20
-3.9105824803149605
11
7.438530669291338
21
-3.9049581889763778
0
LINE
8
BLACK
6
CONTINUOUS
10
7.438530669291338
20
-3.9049581889763778
11
7.4385874015748028
21
-3.9043821259842519
0
LINE
8
BLACK
6
CONTINUOUS
10
7.4385874015748028
20
-3.9043821259842519
11
7.4386279921259844
21
-3.9042840944881889
0
LINE
8
BLACK
6
CONTINUOUS
10
7.4386279921259844
20
-3.9042840944881889
11
7.4386355118110234
21
-3.9041783070866143
0
LINE
8
BLACK
6
CONTINUOUS
10
7.4386355118110234
20
-3.9041783070866143
11
7.4388424015748029
21
-3.9036376771653543
0
LINE
8
BLACK
6
CONTINUOUS
10
7.4388424015748029
20
-3.9036376771653543
11
7.4407171653543305
21
-3.8998881496062991
0
LINE
8
BLACK
6
CONTINUOUS
10
7.4407171653543305
20
-3.8998881496062991
11
7.44077779527559
21
-3.8997917716535433
0
LINE
8
BLACK
6
CONTINUOUS
10
7.44077779527559
20
-3.8997917716535433
11
7.4407929527559054
21
-3.8997463779527557
0
LINE
8
BLACK
6
CONTINUOUS
10
7.4407929527559054
20
-3.8997463779527557
11
7.4408419685039364
21
-3.8996898031496063
0
LINE
8
BLACK
6
CONTINUOUS
10
7.4408419685039364
20
-3.8996898031496063
11
7.4410255118110236
21
-3.8993982677165353
0
LINE
8
BLACK
6
CONTINUOUS
10
7.4410255118110236
20
-3.8993982677165353
11
7.4410997244094483
21
-3.8993338976377951
0
LINE
8
BLACK
6
CONTINUOUS
10
7.4410997244094483
20
-3.8993338976377951
11
7.4410255118110236
21
-3.899269527559055
0
LINE
8
BLACK
6
CONTINUOUS
10
7.4410255118110236
20
-3.899269527559055
11
7.4408419685039364
21
-3.8989779527559056
0
LINE
8
BLACK
6
CONTINUOUS
10
7.4408419685039364
20
-3.8989779527559056
11
7.4407929527559054
21
-3.8989214173228346
0
LINE
8
BLACK
6
CONTINUOUS
10
7.4407929527559054
20
-3.8989214173228346
11
7.44077779527559
21
-3.8988759842519682
0
LINE
8
BLACK
6
CONTINUOUS
10
7.44077779527559
20
-3.8988759842519682
11
7.4407171653543305
21
-3.8987796456692911
0
LINE
8
BLACK
6
CONTINUOUS
10
7.4407171653543305
20
-3.8987796456692911
11
7.4388424015748029
21
-3.895030118110236
0
LINE
8
BLACK
6
CONTINUOUS
10
7.4388424015748029
20
-3.895030118110236
11
7.4386355118110234
21
-3.8944894881889764
0
LINE
8
BLACK
6
CONTINUOUS
10
7.4386355118110234
20
-3.8944894881889764
11
7.4386279921259844
21
-3.8943836614173226
0
LINE
8
BLACK
6
CONTINUOUS
10
7.4386279921259844
20
-3.8943836614173226
11
7.4385874015748028
21
-3.8942856692913383
0
LINE
8
BLACK
6
CONTINUOUS
10
7.4385874015748028
20
-3.8942856692913383
11
7.438530669291338
21
-3.8937096062992125
0
LINE
8
BLACK
6
CONTINUOUS
10
7.438530669291338
20
-3.8937096062992125
11
7.438530669291338
21
-3.8880853149606298
0
LINE
8
BLACK
6
CONTINUOUS
10
7.438530669291338
20
-3.8880853149606298
11
7.4385874015748028
21
-3.8875092519685039
0
LINE
8
BLACK
6
CONTINUOUS
10
7.4385874015748028
20
-3.8875092519685039
11
7.4386279921259844
21
-3.8874112204724409
0
LINE
8
BLACK
6
CONTINUOUS
10
7.4386279921259844
20
-3.8874112204724409
11
7.4386355118110234
21
-3.8873054330708658
0
LINE
8
BLACK
6
CONTINUOUS
10
7.4386355118110234
20
-3.8873054330708658
11
7.4388424015748029
21
-3.8867648031496063
0
LINE
8
BLACK
6
CONTINUOUS
10
7.4388424015748029
20
-3.8867648031496063
11
7.4407171653543305
21
-3.8830152362204724
0
LINE
8
BLACK
6
CONTINUOUS
10
7.4407171653543305
20
-3.8830152362204724
11
7.44077779527559
21
-3.8829188976377953
0
LINE
8
BLACK
6
CONTINUOUS
10
7.44077779527559
20
-3.8829188976377953
11
7.4407929527559054
21
-3.8828734645669289
0
LINE
8
BLACK
6
CONTINUOUS
10
7.4407929527559054
20
-3.8828734645669289
11
7.4408420078740152
21
-3.8828168503937008
0
LINE
8
BLACK
6
CONTINUOUS
10
7.4408420078740152
20
-3.8828168503937008
11
7.4410255118110236
21
-3.8825253937007873
0
LINE
8
BLACK
6
CONTINUOUS
10
7.4410255118110236
20
-3.8825253937007873
11
7.4413051181102361
21
-3.8822828740157478
0
LINE
8
BLACK
6
CONTINUOUS
10
7.4413051181102361
20
-3.8822828740157478
11
7.4415477952755902
21
-3.8820030708661415
0
LINE
8
BLACK
6
CONTINUOUS
10
7.4415477952755902
20
-3.8820030708661415
11
7.4418393307086612
21
-3.8818195275590552
0
LINE
8
BLACK
6
CONTINUOUS
10
7.4418393307086612
20
-3.8818195275590552
11
7.441895905511811
21
-3.8817705118110237
0
LINE
8
BLACK
6
CONTINUOUS
10
7.441895905511811
20
-3.8817705118110237
11
7.4419412992125986
21
-3.8817553543307084
0
LINE
8
BLACK
6
CONTINUOUS
10
7.4419412992125986
20
-3.8817553543307084
11
7.442037677165354
21
-3.8816947244094488
0
LINE
8
BLACK
6
CONTINUOUS
10
7.442037677165354
20
-3.8816947244094488
11
7.4457872047244091
21
-3.8798199606299213
0
LINE
8
BLACK
6
CONTINUOUS
10
7.4457872047244091
20
-3.8798199606299213
11
7.4463277952755904
21
-3.8796130708661418
0
LINE
8
BLACK
6
CONTINUOUS
10
7.4463277952755904
20
-3.8796130708661418
11
7.4464336614173225
21
-3.8796055118110235
0
LINE
8
BLACK
6
CONTINUOUS
10
7.4464336614173225
20
-3.8796055118110235
11
7.4465316535433068
21
-3.8795649606299212
0
LINE
8
BLACK
6
CONTINUOUS
10
7.4465316535433068
20
-3.8795649606299212
11
7.4471077165354327
21
-3.8795082283464568
0
LINE
8
BLACK
6
CONTINUOUS
10
7.4471077165354327
20
-3.8795082283464568
11
7.4677301574803145
21
-3.8795082283464568
0
LINE
8
BLACK
6
CONTINUOUS
10
7.4677301574803145
20
-3.8795082283464568
11
7.4683062204724404
21
-3.8795649606299212
0
LINE
8
BLACK
6
CONTINUOUS
10
3.2732067322834646
20
-3.8770715354330707
11
3.2742711417322834
21
-3.8775124409448818
0
LINE
8
BLACK
6
CONTINUOUS
10
3.2742711417322834
20
-3.8775124409448818
11
3.2750857874015749
21
-3.8783270866141732
0
LINE
8
BLACK
6
CONTINUOUS
10
3.2750857874015749
20
-3.8783270866141732
11
3.2755266929133859
21
-3.8793914960629921
0
LINE
8
BLACK
6
CONTINUOUS
10
3.2755266929133859
20
-3.8793914960629921
11
3.2755266929133859
21
-3.8805436220472438
0
LINE
8
BLACK
6
CONTINUOUS
10
3.2755266929133859
20
-3.8805436220472438
11
3.2750857874015749
21
-3.881608031496063
0
LINE
8
BLACK
6
CONTINUOUS
10
3.2750857874015749
20
-3.881608031496063
11
3.2742711417322834
21
-3.8824226771653541
0
LINE
8
BLACK
6
CONTINUOUS
10
3.2742711417322834
20
-3.8824226771653541
11
3.2732067322834646
21
-3.8828635826771651
0
LINE
8
BLACK
6
CONTINUOUS
10
3.2732067322834646
20
-3.8828635826771651
11
3.2726306692913387
21
-3.8829203149606299
0
LINE
8
BLACK
6
CONTINUOUS
10
3.2726306692913387
20
-3.8829203149606299
11
3.252705275590551
21
-3.8829203149606299
0
LINE
8
BLACK
6
CONTINUOUS
10
3.252705275590551
20
-3.8829203149606299
11
3.2504595275590549
21
-3.884043149606299
0
LINE
8
BLACK
6
CONTINUOUS
10
3.2504595275590549
20
-3.884043149606299
11
3.2493366929133858
21
-3.8862888976377952
0
LINE
8
BLACK
6
CONTINUOUS
10
3.2493366929133858
20
-3.8862888976377952
11
3.2493366929133858
21
-3.8905191338582674
0
LINE
8
BLACK
6
CONTINUOUS
10
3.2493366929133858
20
-3.8905191338582674
11
3.2504595275590549
21
-3.8927648425196848
0
LINE
8
BLACK
6
CONTINUOUS
10
3.2504595275590549
20
-3.8927648425196848
11
3.252705275590551
21
-3.8938877165354331
0
LINE
8
BLACK
6
CONTINUOUS
10
3.252705275590551
20
-3.8938877165354331
11
3.2726306692913387
21
-3.8938877165354331
0
LINE
8
BLACK
6
CONTINUOUS
10
3.2726306692913387
20
-3.8938877165354331
11
3.2732067322834646
21
-3.8939444488188975
0
LINE
8
BLACK
6
CONTINUOUS
10
3.2732067322834646
20
-3.8939444488188975
11
3.2742711417322834
21
-3.8943853543307085
0
LINE
8
BLACK
6
CONTINUOUS
10
3.2742711417322834
20
-3.8943853543307085
11
3.2750857874015749
21
-3.8952
0
LINE
8
BLACK
6
CONTINUOUS
10
3.2750857874015749
20
-3.8952
11
3.2755266929133859
21
-3.8962644094488188
0
LINE
8
BLACK
6
CONTINUOUS
10
3.2755266929133859
20
-3.8962644094488188
11
3.2755266929133859
21
-3.897416535433071
0
LINE
8
BLACK
6
CONTINUOUS
10
3.2755266929133859
20
-3.897416535433071
11
3.2750857874015749
21
-3.8984809448818898
0
LINE
8
BLACK
6
CONTINUOUS
10
3.2750857874015749
20
-3.8984809448818898
11
3.2742711417322834
21
-3.8992955905511808
0
LINE
8
BLACK
6
CONTINUOUS
10
3.2742711417322834
20
-3.8992955905511808
11
3.2732067322834646
21
-3.8997364960629919
0
LINE
8
BLACK
6
CONTINUOUS
10
3.2732067322834646
20
-3.8997364960629919
11
3.2726306692913387
21
-3.8997932283464567
0
LINE
8
BLACK
6
CONTINUOUS
10
3.2726306692913387
20
-3.8997932283464567
11
3.252705275590551
21
-3.8997932283464567
0
LINE
8
BLACK
6
CONTINUOUS
10
3.252705275590551
20
-3.8997932283464567
11
3.2504595275590549
21
-3.9009160629921258
0
LINE
8
BLACK
6
CONTINUOUS
10
3.2504595275590549
20
-3.9009160629921258
11
3.2493366929133858
21
-3.9031618110236219
0
LINE
8
BLACK
6
CONTINUOUS
10
3.2493366929133858
20
-3.9031618110236219
11
3.2493366929133858
21
-3.9073920078740159
0
LINE
8
BLACK
6
CONTINUOUS
10
3.2493366929133858
20
-3.9073920078740159
11
3.2506854330708661
21
-3.9100894881889765
0
LINE
8
BLACK
6
CONTINUOUS
10
3.2506854330708661
20
-3.9100894881889765
11
3.2513565354330707
21
-3.9107605905511811
0
LINE
8
BLACK
6
CONTINUOUS
10
3.2513565354330707
20
-3.9107605905511811
11
3.2726306692913387
21
-3.9107605905511811
0
LINE
8
BLACK
6
CONTINUOUS
10
3.2726306692913387
20
-3.9107605905511811
11
3.2732067322834646
21
-3.9108173228346454
0
LINE
8
BLACK
6
CONTINUOUS
10
3.2732067322834646
20
-3.9108173228346454
11
3.2742711417322834
21
-3.9112582283464565
0
LINE
8
BLACK
6
CONTINUOUS
10
3.2742711417322834
20
-3.9112582283464565
11
3.2750857874015749
21
-3.912072874015748
0
LINE
8
BLACK
6
CONTINUOUS
10
3.2750857874015749
20
-3.912072874015748
11
3.2755266929133859
21
-3.9131372834645668
0
LINE
8
BLACK
6
CONTINUOUS
10
3.2755266929133859
20
-3.9131372834645668
11
3.2755266929133859
21
-3.914289409448819
0
LINE
8
BLACK
6
CONTINUOUS
10
3.2755266929133859
20
-3.914289409448819
11
3.2750857874015749
21
-3.9153538188976378
0
LINE
8
BLACK
6
CONTINUOUS
10
3.2750857874015749
20
-3.9153538188976378
11
3.2742711417322834
21
-3.9161684645669292
0
LINE
8
BLACK
6
CONTINUOUS
10
3.2742711417322834
20
-3.9161684645669292
11
3.2732067322834646
21
-3.9166093700787399
0
LINE
8
BLACK
6
CONTINUOUS
10
3.2732067322834646
20
-3.9166093700787399
11
3.2726306692913387
21
-3.9166661023622047
0
LINE
8
BLACK
6
CONTINUOUS
10
3.2726306692913387
20
-3.9166661023622047
11
3.2463839370078738
21
-3.9166661023622047
0
LINE
8
BLACK
6
CONTINUOUS
10
3.2463839370078738
20
-3.9166661023622047
11
3.2458078740157479
21
-3.9166093700787399
0
LINE
8
BLACK
6
CONTINUOUS
10
3.2458078740157479
20
-3.9166093700787399
11
3.2447434645669291
21
-3.9161684645669292
0
LINE
8
BLACK
6
CONTINUOUS
10
3.2447434645669291
20
-3.9161684645669292
11
3.2439288188976376
21
-3.9153538188976378
0
LINE
8
BLACK
6
CONTINUOUS
10
3.2439288188976376
20
-3.9153538188976378
11
3.2434879133858265
21
-3.914289409448819
0
LINE
8
BLACK
6
CONTINUOUS
10
3.2434879133858265
20
-3.914289409448819
11
3.2434879133858265
21
-3.9131372834645668
0
LINE
8
BLACK
6
CONTINUOUS
10
3.2434879133858265
20
-3.9131372834645668
11
3.2439288188976376
21
-3.912072874015748
0
LINE
8
BLACK
6
CONTINUOUS
10
3.2439288188976376
20
-3.912072874015748
11
3.2446926377952754
21
-3.9113090157480315
0
LINE
8
BLACK
6
CONTINUOUS
10
3.2446926377952754
20
-3.9113090157480315
11
3.2437429133858267
21
-3.9094095669291336
0
LINE
8
BLACK
6
CONTINUOUS
10
3.2437429133858267
20
-3.9094095669291336
11
3.2435360236220472
21
-3.908868937007874
0
LINE
8
BLACK
6
CONTINUOUS
10
3.2435360236220472
20
-3.908868937007874
11
3.2435285039370076
21
-3.9087631102362206
0
LINE
8
BLACK
6
CONTINUOUS
10
3.2435285039370076
20
-3.9087631102362206
11
3.2434879133858265
21
-3.9086651181102363
0
LINE
8
BLACK
6
CONTINUOUS
10
3.2434879133858265
20
-3.9086651181102363
11
3.2434311811023622
21
-3.90808905511811
0
LINE
8
BLACK
6
CONTINUOUS
10
3.2434311811023622
20
-3.90808905511811
11
3.2434311811023622
21
-3.9024647637795273
0
LINE
8
BLACK
6
CONTINUOUS
10
3.2434311811023622
20
-3.9024647637795273
11
3.2434879133858265
21
-3.9018887007874015
0
LINE
8
BLACK
6
CONTINUOUS
10
3.2434879133858265
20
-3.9018887007874015
11
3.2435285039370076
21
-3.9017906692913384
0
LINE
8
BLACK
6
CONTINUOUS
10
3.2435285039370076
20
-3.9017906692913384
11
3.2435360236220472
21
-3.9016848818897638
0
LINE
8
BLACK
6
CONTINUOUS
10
3.2435360236220472
20
-3.9016848818897638
11
3.2437429133858267
21
-3.9011442519685038
0
LINE
8
BLACK
6
CONTINUOUS
10
3.2437429133858267
20
-3.9011442519685038
11
3.2456176771653542
21
-3.8973947244094487
0
LINE
8
BLACK
6
CONTINUOUS
10
3.2456176771653542
20
-3.8973947244094487
11
3.2456783070866142
21
-3.8972983464566928
0
LINE
8
BLACK
6
CONTINUOUS
10
3.2456783070866142
20
-3.8972983464566928
11
3.2456934645669291
21
-3.8972529527559052
0
LINE
8
BLACK
6
CONTINUOUS
10
3.2456934645669291
20
-3.8972529527559052
11
3.2457424803149606
21
-3.8971963779527559
0
LINE
8
BLACK
6
CONTINUOUS
10
3.2457424803149606
20
-3.8971963779527559
11
3.2459260236220473
21
-3.8969048425196848
0
LINE
8
BLACK
6
CONTINUOUS
10
3.2459260236220473
20
-3.8969048425196848
11
3.2460002362204725
21
-3.8968404724409447
0
LINE
8
BLACK
6
CONTINUOUS
10
3.2460002362204725
20
-3.8968404724409447
11
3.2459260236220473
21
-3.8967761023622045
0
LINE
8
BLACK
6
CONTINUOUS
10
3.2459260236220473
20
-3.8967761023622045
11
3.2457424803149606
21
-3.8964845275590552
0
LINE
8
BLACK
6
CONTINUOUS
10
3.2457424803149606
20
-3.8964845275590552
11
3.2456934645669291
21
-3.8964279921259841
0
LINE
8
BLACK
6
CONTINUOUS
10
3.2456934645669291
20
-3.8964279921259841
11
3.2456783070866142
21
-3.8963825590551182
0
LINE
8
BLACK
6
CONTINUOUS
10
3.2456783070866142
20
-3.8963825590551182
11
3.2456176771653542
21
-3.8962862204724407
0
LINE
8
BLACK
6
CONTINUOUS
10
3.2456176771653542
20
-3.8962862204724407
11
3.2437429133858267
21
-3.8925366929133856
0
LINE
8
BLACK
6
CONTINUOUS
10
3.2437429133858267
20
-3.8925366929133856
11
3.2435360236220472
21
-3.891996062992126
0
LINE
8
BLACK
6
CONTINUOUS
10
3.2435360236220472
20
-3.891996062992126
11
3.2435285039370076
21
-3.8918902362204721
0
LINE
8
BLACK
6
CONTINUOUS
10
3.2435285039370076
20
-3.8918902362204721
11
3.2434879133858265
21
-3.8917922440944883
0
LINE
8
BLACK
6
CONTINUOUS
10
3.2434879133858265
20
-3.8917922440944883
11
3.2434311811023622
21
-3.891216181102362
0
LINE
8
BLACK
6
CONTINUOUS
10
3.2434311811023622
20
-3.891216181102362
11
3.2434311811023622
21
-3.8855918897637793
0
LINE
8
BLACK
6
CONTINUOUS
10
3.2434311811023622
20
-3.8855918897637793
11
3.2434879133858265
21
-3.8850158267716535
0
LINE
8
BLACK
6
CONTINUOUS
10
3.2434879133858265
20
-3.8850158267716535
11
3.2435285039370076
21
-3.8849177952755904
0
LINE
8
BLACK
6
CONTINUOUS
10
3.2435285039370076
20
-3.8849177952755904
11
3.2435360236220472
21
-3.8848120078740158
0
LINE
8
BLACK
6
CONTINUOUS
10
3.2435360236220472
20
-3.8848120078740158
11
3.2437429133858267
21
-3.8842713779527558
0
LINE
8
BLACK
6
CONTINUOUS
10
3.2437429133858267
20
-3.8842713779527558
11
3.2456176771653542
21
-3.8805218110236219
0
LINE
8
BLACK
6
CONTINUOUS
10
3.2456176771653542
20
-3.8805218110236219
11
3.2456783070866142
21
-3.8804254724409448
0
LINE
8
BLACK
6
CONTINUOUS
10
3.2456783070866142
20
-3.8804254724409448
11
3.2456934645669291
21
-3.8803800393700785
0
LINE
8
BLACK
6
CONTINUOUS
10
3.2456934645669291
20
-3.8803800393700785
11
3.2457425196850394
21
-3.8803234251968504
0
LINE
8
BLACK
6
CONTINUOUS
10
3.2457425196850394
20
-3.8803234251968504
11
3.2459260236220473
21
-3.8800319685039368
0
LINE
8
BLACK
6
CONTINUOUS
10
3.2459260236220473
20
-3.8800319685039368
11
3.2462056299212598
21
-3.8797894488188978
0
LINE
8
BLACK
6
CONTINUOUS
10
3.2462056299212598
20
-3.8797894488188978
11
3.2464483070866139
21
-3.8795096456692915
0
LINE
8
BLACK
6
CONTINUOUS
10
3.2464483070866139
20
-3.8795096456692915
11
3.2467398425196849
21
-3.8793261023622048
0
LINE
8
BLACK
6
CONTINUOUS
10
3.2467398425196849
20
-3.8793261023622048
11
3.2467964173228347
21
-3.8792770866141733
0
LINE
8
BLACK
6
CONTINUOUS
10
3.2467964173228347
20
-3.8792770866141733
11
3.2468418110236219
21
-3.8792619291338584
0
LINE
8
BLACK
6
CONTINUOUS
10
3.2468418110236219
20
-3.8792619291338584
11
3.2469381889763778
21
-3.8792012992125984
0
LINE
8
BLACK
6
CONTINUOUS
10
3.2469381889763778
20
-3.8792012992125984
11
3.2506877165354329
21
-3.8773265354330708
0
LINE
8
BLACK
6
CONTINUOUS
10
3.2506877165354329
20
-3.8773265354330708
11
3.2512283070866141
21
-3.8771196456692913
0
LINE
8
BLACK
6
CONTINUOUS
10
3.2512283070866141
20
-3.8771196456692913
11
3.2513341732283463
21
-3.8771120866141731
0
LINE
8
BLACK
6
CONTINUOUS
10
3.2513341732283463
20
-3.8771120866141731
11
3.2514321653543306
21
-3.8770715354330707
0
LINE
8
BLACK
6
CONTINUOUS
10
3.2514321653543306
20
-3.8770715354330707
11
3.2520082283464564
21
-3.8770148031496063
0
LINE
8
BLACK
6
CONTINUOUS
10
3.2520082283464564
20
-3.8770148031496063
11
3.2726306692913387
21
-3.8770148031496063
0
LINE
8
BLACK
6
CONTINUOUS
10
3.2726306692913387
20
-3.8770148031496063
11
3.2732067322834646
21
-3.8770715354330707
0
LINE
8
BLACK
6
CONTINUOUS
10
7.4683062204724404
20
-3.8270715354330709
11
7.4693706299212597
21
-3.827512440944882
0
LINE
8
BLACK
6
CONTINUOUS
10
7.4693706299212597
20
-3.827512440944882
11
7.4701852755905511
21
-3.828327086614173
0
LINE
8
BLACK
6
CONTINUOUS
10
7.4701852755905511
20
-3.828327086614173
11
7.4706261811023618
21
-3.8293914960629922
0
LINE
8
BLACK
6
CONTINUOUS
10
7.4706261811023618
20
-3.8293914960629922
11
7.4706261811023618
21
-3.830543622047244
0
LINE
8
BLACK
6
CONTINUOUS
10
7.4706261811023618
20
-3.830543622047244
11
7.4701852755905511
21
-3.8316080314960628
0
LINE
8
BLACK
6
CONTINUOUS
10
7.4701852755905511
20
-3.8316080314960628
11
7.4693706299212597
21
-3.8324226771653542
0
LINE
8
BLACK
6
CONTINUOUS
10
7.4693706299212597
20
-3.8324226771653542
11
7.4683062204724404
21
-3.8328635826771653
0
LINE
8
BLACK
6
CONTINUOUS
10
7.4683062204724404
20
-3.8328635826771653
11
7.4677301574803145
21
-3.8329203149606297
0
LINE
8
BLACK
6
CONTINUOUS
10
7.4677301574803145
20
-3.8329203149606297
11
7.4478047637795273
21
-3.8329203149606297
0
LINE
8
BLACK
6
CONTINUOUS
10
7.4478047637795273
20
-3.8329203149606297
11
7.4455590157480316
21
-3.8340431496062992
0
LINE
8
BLACK
6
CONTINUOUS
10
7.4455590157480316
20
-3.8340431496062992
11
7.444436181102362
21
-3.8362888976377953
0
LINE
8
BLACK
6
CONTINUOUS
10
7.444436181102362
20
-3.8362888976377953
11
7.444436181102362
21
-3.8405191338582676
0
LINE
8
BLACK
6
CONTINUOUS
10
7.444436181102362
20
-3.8405191338582676
11
7.4455590157480316
21
-3.842764842519685
0
LINE
8
BLACK
6
CONTINUOUS
10
7.4455590157480316
20
-3.842764842519685
11
7.4478047637795273
21
-3.8438877165354328
0
LINE
8
BLACK
6
CONTINUOUS
10
7.4478047637795273
20
-3.8438877165354328
11
7.4677301574803145
21
-3.8438877165354328
0
LINE
8
BLACK
6
CONTINUOUS
10
7.4677301574803145
20
-3.8438877165354328
11
7.4683062204724404
21
-3.8439444488188976
0
LINE
8
BLACK
6
CONTINUOUS
10
7.4683062204724404
20
-3.8439444488188976
11
7.4693706299212597
21
-3.8443853543307087
0
LINE
8
BLACK
6
CONTINUOUS
10
7.4693706299212597
20
-3.8443853543307087
11
7.4701852755905511
21
-3.8451999999999997
0
LINE
8
BLACK
6
CONTINUOUS
10
7.4701852755905511
20
-3.8451999999999997
11
7.4706261811023618
21
-3.846264409448819
0
LINE
8
BLACK
6
CONTINUOUS
10
7.4706261811023618
20
-3.846264409448819
11
7.4706261811023618
21
-3.8474165354330707
0
LINE
8
BLACK
6
CONTINUOUS
10
7.4706261811023618
20
-3.8474165354330707
11
7.4701852755905511
21
-3.8484809448818895
0
LINE
8
BLACK
6
CONTINUOUS
10
7.4701852755905511
20
-3.8484809448818895
11
7.4693706299212597
21
-3.849295590551181
0
LINE
8
BLACK
6
CONTINUOUS
10
7.4693706299212597
20
-3.849295590551181
11
7.4683062204724404
21
-3.8497364960629921
0
LINE
8
BLACK
6
CONTINUOUS
10
7.4683062204724404
20
-3.8497364960629921
11
7.4677301574803145
21
-3.8497932283464564
0
LINE
8
BLACK
6
CONTINUOUS
10
7.4677301574803145
20
-3.8497932283464564
11
7.4478047637795273
21
-3.8497932283464564
0
LINE
8
BLACK
6
CONTINUOUS
10
7.4478047637795273
20
-3.8497932283464564
11
7.4455590157480316
21
-3.850916062992126
0
LINE
8
BLACK
6
CONTINUOUS
10
7.4455590157480316
20
-3.850916062992126
11
7.444436181102362
21
-3.8531618110236221
0
LINE
8
BLACK
6
CONTINUOUS
10
7.444436181102362
20
-3.8531618110236221
11
7.444436181102362
21
-3.8573920078740156
0
LINE
8
BLACK
6
CONTINUOUS
10
7.444436181102362
20
-3.8573920078740156
11
7.4457849212598424
21
-3.8600894881889762
0
LINE
8
BLACK
6
CONTINUOUS
10
7.4457849212598424
20
-3.8600894881889762
11
7.4464560236220469
21
-3.8607605905511808
0
LINE
8
BLACK
6
CONTINUOUS
10
7.4464560236220469
20
-3.8607605905511808
11
7.4677301574803145
21
-3.8607605905511808
0
LINE
8
BLACK
6
CONTINUOUS
10
7.4677301574803145
20
-3.8607605905511808
11
7.4683062204724404
21
-3.8608173228346456
0
LINE
8
BLACK
6
CONTINUOUS
10
7.4683062204724404
20
-3.8608173228346456
11
7.4693706299212597
21
-3.8612582283464567
0
LINE
8
BLACK
6
CONTINUOUS
10
7.4693706299212597
20
-3.8612582283464567
11
7.4701852755905511
21
-3.8620728740157477
0
LINE
8
BLACK
6
CONTINUOUS
10
7.4701852755905511
20
-3.8620728740157477
11
7.4706261811023618
21
-3.863137283464567
0
LINE
8
BLACK
6
CONTINUOUS
10
7.4706261811023618
20
-3.863137283464567
11
7.4706261811023618
21
-3.8642894094488187
0
LINE
8
BLACK
6
CONTINUOUS
10
7.4706261811023618
20
-3.8642894094488187
11
7.4701852755905511
21
-3.8653538188976375
0
LINE
8
BLACK
6
CONTINUOUS
10
7.4701852755905511
20
-3.8653538188976375
11
7.4693706299212597
21
-3.866168464566929
0
LINE
8
BLACK
6
CONTINUOUS
10
7.4693706299212597
20
-3.866168464566929
11
7.4683062204724404
21
-3.8666093700787401
0
LINE
8
BLACK
6
CONTINUOUS
10
7.4683062204724404
20
-3.8666093700787401
11
7.4677301574803145
21
-3.8666661023622044
0
LINE
8
BLACK
6
CONTINUOUS
10
7.4677301574803145
20
-3.8666661023622044
11
7.44148342519685
21
-3.8666661023622044
0
LINE
8
BLACK
6
CONTINUOUS
10
7.44148342519685
20
-3.8666661023622044
11
7.4409073622047242
21
-3.8666093700787401
0
LINE
8
BLACK
6
CONTINUOUS
10
7.4409073622047242
20
-3.8666093700787401
11
7.4398429527559049
21
-3.866168464566929
0
LINE
8
BLACK
6
CONTINUOUS
10
7.4398429527559049
20
-3.866168464566929
11
7.4390283070866143
21
-3.8653538188976375
0
LINE
8
BLACK
6
CONTINUOUS
10
7.4390283070866143
20
-3.8653538188976375
11
7.4385874015748028
21
-3.8642894094488187
0
LINE
8
BLACK
6
CONTINUOUS
10
7.4385874015748028
20
-3.8642894094488187
11
7.4385874015748028
21
-3.863137283464567
0
LINE
8
BLACK
6
CONTINUOUS
10
7.4385874015748028
20
-3.863137283464567
11
7.4390283070866143
21
-3.8620728740157477
0
LINE
8
BLACK
6
CONTINUOUS
10
7.4390283070866143
20
-3.8620728740157477
11
7.4397921259842521
21
-3.8613090157480312
0
LINE
8
BLACK
6
CONTINUOUS
10
7.4397921259842521
20
-3.8613090157480312
11
7.4388424015748029
21
-3.8594095669291337
0
LINE
8
BLACK
6
CONTINUOUS
10
7.4388424015748029
20
-3.8594095669291337
11
7.4386355118110234
21
-3.8588689370078741
0
LINE
8
BLACK
6
CONTINUOUS
10
7.4386355118110234
20
-3.8588689370078741
11
7.4386279921259844
21
-3.8587631102362203
0
LINE
8
BLACK
6
CONTINUOUS
10
7.4386279921259844
20
-3.8587631102362203
11
7.4385874015748028
21
-3.858665118110236
0
LINE
8
BLACK
6
CONTINUOUS
10
7.4385874015748028
20
-3.858665118110236
11
7.438530669291338
21
-3.8580890551181102
0
LINE
8
BLACK
6
CONTINUOUS
10
7.438530669291338
20
-3.8580890551181102
11
7.438530669291338
21
-3.8524647637795275
0
LINE
8
BLACK
6
CONTINUOUS
10
7.438530669291338
20
-3.8524647637795275
11
7.4385874015748028
21
-3.8518887007874016
0
LINE
8
BLACK
6
CONTINUOUS
10
7.4385874015748028
20
-3.8518887007874016
11
7.4386279921259844
21
-3.8517906692913386
0
LINE
8
BLACK
6
CONTINUOUS
10
7.4386279921259844
20
-3.8517906692913386
11
7.4386355118110234
21
-3.8516848818897635
0
LINE
8
BLACK
6
CONTINUOUS
10
7.4386355118110234
20
-3.8516848818897635
11
7.4388424015748029
21
-3.851144251968504
0
LINE
8
BLACK
6
CONTINUOUS
10
7.4388424015748029
20
-3.851144251968504
11
7.4407171653543305
21
-3.8473947244094489
0
LINE
8
BLACK
6
CONTINUOUS
10
7.4407171653543305
20
-3.8473947244094489
11
7.44077779527559
21
-3.847298346456693
0
LINE
8
BLACK
6
CONTINUOUS
10
7.44077779527559
20
-3.847298346456693
11
7.4407929527559054
21
-3.8472529527559054
0
LINE
8
BLACK
6
CONTINUOUS
10
7.4407929527559054
20
-3.8472529527559054
11
7.4408419685039364
21
-3.8471963779527556
0
LINE
8
BLACK
6
CONTINUOUS
10
7.4408419685039364
20
-3.8471963779527556
11
7.4410255118110236
21
-3.846904842519685
0
LINE
8
BLACK
6
CONTINUOUS
10
7.4410255118110236
20
-3.846904842519685
11
7.4410997244094483
21
-3.8468404724409448
0
LINE
8
BLACK
6
CONTINUOUS
10
7.4410997244094483
20
-3.8468404724409448
11
7.4410255118110236
21
-3.8467761023622047
0
LINE
8
BLACK
6
CONTINUOUS
10
7.4410255118110236
20
-3.8467761023622047
11
7.4408419685039364
21
-3.8464845275590549
0
LINE
8
BLACK
6
CONTINUOUS
10
7.4408419685039364
20
-3.8464845275590549
11
7.4407929527559054
21
-3.8464279921259843
0
LINE
8
BLACK
6
CONTINUOUS
10
7.4407929527559054
20
-3.8464279921259843
11
7.44077779527559
21
-3.8463825590551179
0
LINE
8
BLACK
6
CONTINUOUS
10
7.44077779527559
20
-3.8463825590551179
11
7.4407171653543305
21
-3.8462862204724408
0
LINE
8
BLACK
6
CONTINUOUS
10
7.4407171653543305
20
-3.8462862204724408
11
7.4388424015748029
21
-3.8425366929133857
0
LINE
8
BLACK
6
CONTINUOUS
10
7.4388424015748029
20
-3.8425366929133857
11
7.4386355118110234
21
-3.8419960629921257
0
LINE
8
BLACK
6
CONTINUOUS
10
7.4386355118110234
20
-3.8419960629921257
11
7.4386279921259844
21
-3.8418902362204723
0
LINE
8
BLACK
6
CONTINUOUS
10
7.4386279921259844
20
-3.8418902362204723
11
7.4385874015748028
21
-3.8417922440944881
0
LINE
8
BLACK
6
CONTINUOUS
10
7.4385874015748028
20
-3.8417922440944881
11
7.438530669291338
21
-3.8412161811023622
0
LINE
8
BLACK
6
CONTINUOUS
10
7.438530669291338
20
-3.8412161811023622
11
7.438530669291338
21
-3.8355918897637795
0
LINE
8
BLACK
6
CONTINUOUS
10
7.438530669291338
20
-3.8355918897637795
11
7.4385874015748028
21
-3.8350158267716536
0
LINE
8
BLACK
6
CONTINUOUS
10
7.4385874015748028
20
-3.8350158267716536
11
7.4386279921259844
21
-3.8349177952755906
0
LINE
8
BLACK
6
CONTINUOUS
10
7.4386279921259844
20
-3.8349177952755906
11
7.4386355118110234
21
-3.8348120078740155
0
LINE
8
BLACK
6
CONTINUOUS
10
7.4386355118110234
20
-3.8348120078740155
11
7.4388424015748029
21
-3.834271377952756
0
LINE
8
BLACK
6
CONTINUOUS
10
7.4388424015748029
20
-3.834271377952756
11
7.4407171653543305
21
-3.8305218110236221
0
LINE
8
BLACK
6
CONTINUOUS
10
7.4407171653543305
20
-3.8305218110236221
11
7.44077779527559
21
-3.830425472440945
0
LINE
8
BLACK
6
CONTINUOUS
10
7.44077779527559
20
-3.830425472440945
11
7.4407929527559054
21
-3.8303800393700786
0
LINE
8
BLACK
6
CONTINUOUS
10
7.4407929527559054
20
-3.8303800393700786
11
7.4408420078740152
21
-3.8303234251968501
0
LINE
8
BLACK
6
CONTINUOUS
10
7.4408420078740152
20
-3.8303234251968501
11
7.4410255118110236
21
-3.830031968503937
0
LINE
8
BLACK
6
CONTINUOUS
10
7.4410255118110236
20
-3.830031968503937
11
7.4413051181102361
21
-3.8297894488188975
0
LINE
8
BLACK
6
CONTINUOUS
10
7.4413051181102361
20
-3.8297894488188975
11
7.4415477952755902
21
-3.8295096456692912
0
LINE
8
BLACK
6
CONTINUOUS
10
7.4415477952755902
20
-3.8295096456692912
11
7.4418393307086612
21
-3.8293261023622045
0
LINE
8
BLACK
6
CONTINUOUS
10
7.4418393307086612
20
-3.8293261023622045
11
7.441895905511811
21
-3.829277086614173
0
LINE
8
BLACK
6
CONTINUOUS
10
7.441895905511811
20
-3.829277086614173
11
7.4419412992125986
21
-3.8292619291338581
0
LINE
8
BLACK
6
CONTINUOUS
10
7.4419412992125986
20
-3.8292619291338581
11
7.442037677165354
21
-3.8292012992125986
0
LINE
8
BLACK
6
CONTINUOUS
10
7.442037677165354
20
-3.8292012992125986
11
7.4457872047244091
21
-3.827326535433071
0
LINE
8
BLACK
6
CONTINUOUS
10
7.4457872047244091
20
-3.827326535433071
11
7.4463277952755904
21
-3.8271196456692911
0
LINE
8
BLACK
6
CONTINUOUS
10
7.4463277952755904
20
-3.8271196456692911
11
7.4464336614173225
21
-3.8271120866141732
0
LINE
8
BLACK
6
CONTINUOUS
10
7.4464336614173225
20
-3.8271120866141732
11
7.4465316535433068
21
-3.8270715354330709
0
LINE
8
BLACK
6
CONTINUOUS
10
7.4465316535433068
20
-3.8270715354330709
11
7.4471077165354327
21
-3.8270148031496061
0
LINE
8
BLACK
6
CONTINUOUS
10
7.4471077165354327
20
-3.8270148031496061
11
7.4677301574803145
21
-3.8270148031496061
0
LINE
8
BLACK
6
CONTINUOUS
10
7.4677301574803145
20
-3.8270148031496061
11
7.4683062204724404
21
-3.8270715354330709
0
LINE
8
BLACK
6
CONTINUOUS
10
3.8985374409448816
20
-2.9690516929133857
11
3.8988298425196848
21
-2.9690516929133857
0
LINE
8
BLACK
6
CONTINUOUS
10
3.8988298425196848
20
-2.9690516929133857
11
3.899097086614173
21
-2.969162401574803
0
LINE
8
BLACK
6
CONTINUOUS
10
3.899097086614173
20
-2.969162401574803
11
3.8993809055118107
21
-2.9692185433070866
0
LINE
8
BLACK
6
CONTINUOUS
10
3.8993809055118107
20
-2.9692185433070866
11
3.8996241732283465
21
-2.9693807086614172
0
LINE
8
BLACK
6
CONTINUOUS
10
3.8996241732283465
20
-2.9693807086614172
11
3.899894251968504
21
-2.9694925984251967
0
LINE
8
BLACK
6
CONTINUOUS
10
3.899894251968504
20
-2.9694925984251967
11
3.9000987007874013
21
-2.9696970472440944
0
LINE
8
BLACK
6
CONTINUOUS
10
3.9000987007874013
20
-2.9696970472440944
11
3.9003395275590549
21
-2.9698575984251967
0
LINE
8
BLACK
6
CONTINUOUS
10
3.9003395275590549
20
-2.9698575984251967
11
3.9005022440944881
21
-2.9701005905511813
0
LINE
8
BLACK
6
CONTINUOUS
10
3.9005022440944881
20
-2.9701005905511813
11
3.900708897637795
21
-2.9703072440944882
0
LINE
8
BLACK
6
CONTINUOUS
10
3.900708897637795
20
-2.9703072440944882
11
3.9008195669291337
21
-2.9705744488188977
0
LINE
8
BLACK
6
CONTINUOUS
10
3.9008195669291337
20
-2.9705744488188977
11
3.900980590551181
21
-2.9708148818897637
0
LINE
8
BLACK
6
CONTINUOUS
10
3.900980590551181
20
-2.9708148818897637
11
3.9010379133858266
21
-2.9711015354330708
0
LINE
8
BLACK
6
CONTINUOUS
10
3.9010379133858266
20
-2.9711015354330708
11
3.9011498031496061
21
-2.971371653543307
0
LINE
8
BLACK
6
CONTINUOUS
10
3.9011498031496061
20
-2.971371653543307
11
3.9012059055118109
21
-2.9719415748031497
0
LINE
8
BLACK
6
CONTINUOUS
10
3.9012059055118109
20
-2.9719415748031497
11
3.9012065354330709
21
-2.9719446062992123
0
LINE
8
BLACK
6
CONTINUOUS
10
3.9012065354330709
20
-2.9719446062992123
11
3.9012062992125984
21
-2.9719456299212599
0
LINE
8
BLACK
6
CONTINUOUS
10
3.9012062992125984
20
-2.9719456299212599
11
3.9012065354330709
21
-2.9719477165354329
0
LINE
8
BLACK
6
CONTINUOUS
10
3.9012065354330709
20
-2.9719477165354329
11
3.9012065354330709
21
-3.0083650393700787
0
LINE
8
BLACK
6
CONTINUOUS
10
3.9012065354330709
20
-3.0083650393700787
11
3.9095023622047242
21
-3.0083650393700787
0
LINE
8
BLACK
6
CONTINUOUS
10
3.9095023622047242
20
-3.0083650393700787
11
3.9100784251968501
21
-3.0084217716535431
0
LINE
8
BLACK
6
CONTINUOUS
10
3.9100784251968501
20
-3.0084217716535431
11
3.9111428346456694
21
-3.0088626771653542
0
LINE
8
BLACK
6
CONTINUOUS
10
3.9111428346456694
20
-3.0088626771653542
11
3.9119574803149604
21
-3.0096773228346456
0
LINE
8
BLACK
6
CONTINUOUS
10
3.9119574803149604
20
-3.0096773228346456
11
3.9123983858267715
21
-3.0107417322834644
0
LINE
8
BLACK
6
CONTINUOUS
10
3.9123983858267715
20
-3.0107417322834644
11
3.9123983858267715
21
-3.0118938582677166
0
LINE
8
BLACK
6
CONTINUOUS
10
3.9123983858267715
20
-3.0118938582677166
11
3.9119574803149604
21
-3.0129582677165354
0
LINE
8
BLACK
6
CONTINUOUS
10
3.9119574803149604
20
-3.0129582677165354
11
3.9111428346456694
21
-3.0137729133858269
0
LINE
8
BLACK
6
CONTINUOUS
10
3.9111428346456694
20
-3.0137729133858269
11
3.9100784251968501
21
-3.0142138188976375
0
LINE
8
BLACK
6
CONTINUOUS
10
3.9100784251968501
20
-3.0142138188976375
11
3.9095023622047242
21
-3.0142705511811023
0
LINE
8
BLACK
6
CONTINUOUS
10
3.9095023622047242
20
-3.0142705511811023
11
3.8870051968503936
21
-3.0142705511811023
0
LINE
8
BLACK
6
CONTINUOUS
10
3.8870051968503936
20
-3.0142705511811023
11
3.8864291338582677
21
-3.0142138188976375
0
LINE
8
BLACK
6
CONTINUOUS
10
3.8864291338582677
20
-3.0142138188976375
11
3.8853647244094489
21
-3.0137729133858269
0
LINE
8
BLACK
6
CONTINUOUS
10
3.8853647244094489
20
-3.0137729133858269
11
3.8845500787401575
21
-3.0129582677165354
0
LINE
8
BLACK
6
CONTINUOUS
10
3.8845500787401575
20
-3.0129582677165354
11
3.8841091732283464
21
-3.0118938582677166
0
LINE
8
BLACK
6
CONTINUOUS
10
3.8841091732283464
20
-3.0118938582677166
11
3.8841091732283464
21
-3.0107417322834644
0
LINE
8
BLACK
6
CONTINUOUS
10
3.8841091732283464
20
-3.0107417322834644
11
3.8845500787401575
21
-3.0096773228346456
0
LINE
8
BLACK
6
CONTINUOUS
10
3.8845500787401575
20
-3.0096773228346456
11
3.8853647244094489
21
-3.0088626771653542
0
LINE
8
BLACK
6
CONTINUOUS
10
3.8853647244094489
20
-3.0088626771653542
11
3.8864291338582677
21
-3.0084217716535431
0
LINE
8
BLACK
6
CONTINUOUS
10
3.8864291338582677
20
-3.0084217716535431
11
3.8870051968503936
21
-3.0083650393700787
0
LINE
8
BLACK
6
CONTINUOUS
10
3.8870051968503936
20
-3.0083650393700787
11
3.8953010236220473
21
-3.0083650393700787
0
LINE
8
BLACK
6
CONTINUOUS
10
3.8953010236220473
20
-3.0083650393700787
11
3.8953010236220473
21
-2.9809510629921259
0
LINE
8
BLACK
6
CONTINUOUS
10
3.8953010236220473
20
-2.9809510629921259
11
3.8928426377952756
21
-2.9834094488188976
0
LINE
8
BLACK
6
CONTINUOUS
10
3.8928426377952756
20
-2.9834094488188976
11
3.8926162598425198
21
-2.9835951968503935
0
LINE
8
BLACK
6
CONTINUOUS
10
3.8926162598425198
20
-2.9835951968503935
11
3.8925651181102361
21
-2.9836542125984251
0
LINE
8
BLACK
6
CONTINUOUS
10
3.8925651181102361
20
-2.9836542125984251
11
3.8924761417322835
21
-2.9837101574803149
0
LINE
8
BLACK
6
CONTINUOUS
10
3.8924761417322835
20
-2.9837101574803149
11
3.8923951968503938
21
-2.9837766535433072
0
LINE
8
BLACK
6
CONTINUOUS
10
3.8923951968503938
20
-2.9837766535433072
11
3.8923232283464566
21
-2.9838064566929132
0
LINE
8
BLACK
6
CONTINUOUS
10
3.8923232283464566
20
-2.9838064566929132
11
3.8920752362204722
21
-2.9839625590551182
0
LINE
8
BLACK
6
CONTINUOUS
10
3.8920752362204722
20
-2.9839625590551182
11
3.8883257086614171
21
-2.9858373228346458
0
LINE
8
BLACK
6
CONTINUOUS
10
3.8883257086614171
20
-2.9858373228346458
11
3.8877850787401576
21
-2.9860442125984252
0
LINE
8
BLACK
6
CONTINUOUS
10
3.8877850787401576
20
-2.9860442125984252
11
3.8866358661417322
21
-2.986125866141732
0
LINE
8
BLACK
6
CONTINUOUS
10
3.8866358661417322
20
-2.986125866141732
11
3.8855429133858266
21
-2.9857615354330709
0
LINE
8
BLACK
6
CONTINUOUS
10
3.8855429133858266
20
-2.9857615354330709
11
3.8846725196850391
21
-2.9850066929133856
0
LINE
8
BLACK
6
CONTINUOUS
10
3.8846725196850391
20
-2.9850066929133856
11
3.884157283464567
21
-2.9839761811023622
0
LINE
8
BLACK
6
CONTINUOUS
10
3.884157283464567
20
-2.9839761811023622
11
3.8840756299212598
21
-2.9828269685039368
0
LINE
8
BLACK
6
CONTINUOUS
10
3.8840756299212598
20
-2.9828269685039368
11
3.8844399606299214
21
-2.9817340157480312
0
LINE
8
BLACK
6
CONTINUOUS
10
3.8844399606299214
20
-2.9817340157480312
11
3.8851948031496062
21
-2.9808636220472442
0
LINE
8
BLACK
6
CONTINUOUS
10
3.8851948031496062
20
-2.9808636220472442
11
3.88568468503937
21
-2.9805552755905511
0
LINE
8
BLACK
6
CONTINUOUS
10
3.88568468503937
20
-2.9805552755905511
11
3.8890056299212596
21
-2.9788948031496063
0
LINE
8
BLACK
6
CONTINUOUS
10
3.8890056299212596
20
-2.9788948031496063
11
3.8922095275590549
21
-2.975690905511811
0
LINE
8
BLACK
6
CONTINUOUS
10
3.8922095275590549
20
-2.975690905511811
11
3.8957969291338581
21
-2.9703098031496062
0
LINE
8
BLACK
6
CONTINUOUS
10
3.8957969291338581
20
-2.9703098031496062
11
3.8957982677165353
21
-2.9703081102362203
0
LINE
8
BLACK
6
CONTINUOUS
10
3.8957982677165353
20
-2.9703081102362203
11
3.8957986614173228
21
-2.9703072440944882
0
LINE
8
BLACK
6
CONTINUOUS
10
3.8957986614173228
20
-2.9703072440944882
11
3.8958006692913383
21
-2.9703051968503935
0
LINE
8
BLACK
6
CONTINUOUS
10
3.8958006692913383
20
-2.9703051968503935
11
3.8961637007874015
21
-2.9698619685039369
0
LINE
8
BLACK
6
CONTINUOUS
10
3.8961637007874015
20
-2.9698619685039369
11
3.8964065748031493
21
-2.9696992913385825
0
LINE
8
BLACK
6
CONTINUOUS
10
3.8964065748031493
20
-2.9696992913385825
11
3.8966133070866142
21
-2.9694925984251967
0
LINE
8
BLACK
6
CONTINUOUS
10
3.8966133070866142
20
-2.9694925984251967
11
3.8968805905511812
21
-2.9693818503937006
0
LINE
8
BLACK
6
CONTINUOUS
10
3.8968805905511812
20
-2.9693818503937006
11
3.8971209842519685
21
-2.9692209055118108
0
LINE
8
BLACK
6
CONTINUOUS
10
3.8971209842519685
20
-2.9692209055118108
11
3.8974075984251968
21
-2.9691635433070864
0
LINE
8
BLACK
6
CONTINUOUS
10
3.8974075984251968
20
-2.9691635433070864
11
3.897677716535433
21
-2.9690516929133857
0
LINE
8
BLACK
6
CONTINUOUS
10
3.897677716535433
20
-2.9690516929133857
11
3.8979670078740156
21
-2.9690516929133857
0
LINE
8
BLACK
6
CONTINUOUS
10
3.8979670078740156
20
-2.9690516929133857
11
3.8982506692913383
21
-2.9689949606299213
0
LINE
8
BLACK
6
CONTINUOUS
10
3.8982506692913383
20
-2.9689949606299213
11
3.8985374409448816
21
-2.9690516929133857
0
LINE
8
BLACK
6
CONTINUOUS
10
3.9400746850393702
20
-2.9690516929133857
11
3.940172677165354
21
-2.9690922834645668
0
LINE
8
BLACK
6
CONTINUOUS
10
3.940172677165354
20
-2.9690922834645668
11
3.9402785039370078
21
-2.9690998031496063
0
LINE
8
BLACK
6
CONTINUOUS
10
3.9402785039370078
20
-2.9690998031496063
11
3.9408191338582674
21
-2.9693066929133858
0
LINE
8
BLACK
6
CONTINUOUS
10
3.9408191338582674
20
-2.9693066929133858
11
3.9445686614173225
21
-2.9711814566929133
0
LINE
8
BLACK
6
CONTINUOUS
10
3.9445686614173225
20
-2.9711814566929133
11
3.9448166535433069
21
-2.9713375196850391
0
LINE
8
BLACK
6
CONTINUOUS
10
3.9448166535433069
20
-2.9713375196850391
11
3.9448886220472441
21
-2.9713673622047243
0
LINE
8
BLACK
6
CONTINUOUS
10
3.9448886220472441
20
-2.9713673622047243
11
3.9449695669291338
21
-2.9714338188976379
0
LINE
8
BLACK
6
CONTINUOUS
10
3.9449695669291338
20
-2.9714338188976379
11
3.9450585433070864
21
-2.9714898031496064
0
LINE
8
BLACK
6
CONTINUOUS
10
3.9450585433070864
20
-2.9714898031496064
11
3.9451096850393701
21
-2.9715487795275588
0
LINE
8
BLACK
6
CONTINUOUS
10
3.9451096850393701
20
-2.9715487795275588
11
3.9453360629921259
21
-2.971734566929134
0
LINE
8
BLACK
6
CONTINUOUS
10
3.9453360629921259
20
-2.971734566929134
11
3.9472108267716535
21
-2.9736093307086615
0
LINE
8
BLACK
6
CONTINUOUS
10
3.9472108267716535
20
-2.9736093307086615
11
3.9473965748031494
21
-2.9738356692913386
0
LINE
8
BLACK
6
CONTINUOUS
10
3.9473965748031494
20
-2.9738356692913386
11
3.947455590551181
21
-2.9738868503937006
0
LINE
8
BLACK
6
CONTINUOUS
10
3.947455590551181
20
-2.9738868503937006
11
3.9475115354330708
21
-2.9739757874015749
0
LINE
8
BLACK
6
CONTINUOUS
10
3.9475115354330708
20
-2.9739757874015749
11
3.9475780314960631
21
-2.9740567716535433
0
LINE
8
BLACK
6
CONTINUOUS
10
3.9475780314960631
20
-2.9740567716535433
11
3.9476078346456691
21
-2.9741287007874013
0
LINE
8
BLACK
6
CONTINUOUS
10
3.9476078346456691
20
-2.9741287007874013
11
3.9477639370078741
21
-2.9743767322834644
0
LINE
8
BLACK
6
CONTINUOUS
10
3.9477639370078741
20
-2.9743767322834644
11
3.9496387007874016
21
-2.9781262598425196
0
LINE
8
BLACK
6
CONTINUOUS
10
3.9496387007874016
20
-2.9781262598425196
11
3.9498455905511811
21
-2.9786668503937008
0
LINE
8
BLACK
6
CONTINUOUS
10
3.9498455905511811
20
-2.9786668503937008
11
3.9498531102362202
21
-2.978772716535433
0
LINE
8
BLACK
6
CONTINUOUS
10
3.9498531102362202
20
-2.978772716535433
11
3.9498937007874013
21
-2.9788707086614172
0
LINE
8
BLACK
6
CONTINUOUS
10
3.9498937007874013
20
-2.9788707086614172
11
3.9499504330708661
21
-2.9794467716535431
0
LINE
8
BLACK
6
CONTINUOUS
10
3.9499504330708661
20
-2.9794467716535431
11
3.9499504330708661
21
-2.9813215354330707
0
LINE
8
BLACK
6
CONTINUOUS
10
3.9499504330708661
20
-2.9813215354330707
11
3.9498937007874013
21
-2.981897598425197
0
LINE
8
BLACK
6
CONTINUOUS
10
3.9498937007874013
20
-2.981897598425197
11
3.9498531102362202
21
-2.9819955511811025
0
LINE
8
BLACK
6
CONTINUOUS
10
3.9498531102362202
20
-2.9819955511811025
11
3.9498455905511811
21
-2.9821014566929134
0
LINE
8
BLACK
6
CONTINUOUS
10
3.9498455905511811
20
-2.9821014566929134
11
3.9496387007874016
21
-2.9826420472440942
0
LINE
8
BLACK
6
CONTINUOUS
10
3.9496387007874016
20
-2.9826420472440942
11
3.9477639370078741
21
-2.9863915748031493
0
LINE
8
BLACK
6
CONTINUOUS
10
3.9477639370078741
20
-2.9863915748031493
11
3.9476078346456691
21
-2.9866395669291337
0
LINE
8
BLACK
6
CONTINUOUS
10
3.9476078346456691
20
-2.9866395669291337
11
3.9475780314960631
21
-2.9867115354330709
0
LINE
8
BLACK
6
CONTINUOUS
10
3.9475780314960631
20
-2.9867115354330709
11
3.9475115354330708
21
-2.9867924803149606
0
LINE
8
BLACK
6
CONTINUOUS
10
3.9475115354330708
20
-2.9867924803149606
11
3.947455590551181
21
-2.9868814566929132
0
LINE
8
BLACK
6
CONTINUOUS
10
3.947455590551181
20
-2.9868814566929132
11
3.9473965748031494
21
-2.9869325984251969
0
LINE
8
BLACK
6
CONTINUOUS
10
3.9473965748031494
20
-2.9869325984251969
11
3.9472108267716535
21
-2.9871589763779527
0
LINE
8
BLACK
6
CONTINUOUS
10
3.9472108267716535
20
-2.9871589763779527
11
3.9455492125984253
21
-2.9888205905511809
0
LINE
8
BLACK
6
CONTINUOUS
10
3.9455492125984253
20
-2.9888205905511809
11
3.9472108267716535
21
-2.9904822047244095
0
LINE
8
BLACK
6
CONTINUOUS
10
3.9472108267716535
20
-2.9904822047244095
11
3.9473965748031494
21
-2.9907085433070866
0
LINE
8
BLACK
6
CONTINUOUS
10
3.9473965748031494
20
-2.9907085433070866
11
3.947455590551181
21
-2.9907597244094486
0
LINE
8
BLACK
6
CONTINUOUS
10
3.947455590551181
20
-2.9907597244094486
11
3.9475115354330708
21
-2.9908486614173229
0
LINE
8
BLACK
6
CONTINUOUS
10
3.9475115354330708
20
-2.9908486614173229
11
3.9475780314960631
21
-2.9909296456692913
0
LINE
8
BLACK
6
CONTINUOUS
10
3.9475780314960631
20
-2.9909296456692913
11
3.9476078346456691
21
-2.9910015748031493
0
LINE
8
BLACK
6
CONTINUOUS
10
3.9476078346456691
20
-2.9910015748031493
11
3.9477639370078741
21
-2.9912496062992124
0
LINE
8
BLACK
6
CONTINUOUS
10
3.9477639370078741
20
-2.9912496062992124
11
3.9496387007874016
21
-2.9949991338582675
0
LINE
8
BLACK
6
CONTINUOUS
10
3.9496387007874016
20
-2.9949991338582675
11
3.9498455905511811
21
-2.9955397244094488
0
LINE
8
BLACK
6
CONTINUOUS
10
3.9498455905511811
20
-2.9955397244094488
11
3.9498531102362202
21
-2.995645590551181
0
LINE
8
BLACK
6
CONTINUOUS
10
3.9498531102362202
20
-2.995645590551181
11
3.9498937007874013
21
-2.9957435826771652
0
LINE
8
BLACK
6
CONTINUOUS
10
3.9498937007874013
20
-2.9957435826771652
11
3.9499504330708661
21
-2.9963196456692911
0
LINE
8
BLACK
6
CONTINUOUS
10
3.9499504330708661
20
-2.9963196456692911
11
3.9499504330708661
21
-3.0038187007874013
0
LINE
8
BLACK
6
CONTINUOUS
10
3.9499504330708661
20
-3.0038187007874013
11
3.9498937007874013
21
-3.0043947637795276
0
LINE
8
BLACK
6
CONTINUOUS
10
3.9498937007874013
20
-3.0043947637795276
11
3.9498531102362202
21
-3.0044927165354331
0
LINE
8
BLACK
6
CONTINUOUS
10
3.9498531102362202
20
-3.0044927165354331
11
3.9498455905511811
21
-3.004598622047244
0
LINE
8
BLACK
6
CONTINUOUS
10
3.9498455905511811
20
-3.004598622047244
11
3.9496387007874016
21
-3.0051392125984253
0
LINE
8
BLACK
6
CONTINUOUS
10
3.9496387007874016
20
-3.0051392125984253
11
3.9477639370078741
21
-3.0088887401574804
0
LINE
8
BLACK
6
CONTINUOUS
10
3.9477639370078741
20
-3.0088887401574804
11
3.9476078740157479
21
-3.0091366141732281
0
LINE
8
BLACK
6
CONTINUOUS
10
3.9476078740157479
20
-3.0091366141732281
11
3.9475780708661414
21
-3.0092086614173228
0
LINE
8
BLACK
6
CONTINUOUS
10
3.9475780708661414
20
-3.0092086614173228
11
3.9475115354330708
21
-3.00928968503937
0
LINE
8
BLACK
6
CONTINUOUS
10
3.9475115354330708
20
-3.00928968503937
11
3.947455590551181
21
-3.0093786220472438
0
LINE
8
BLACK
6
CONTINUOUS
10
3.947455590551181
20
-3.0093786220472438
11
3.9473965748031494
21
-3.0094297637795275
0
LINE
8
BLACK
6
CONTINUOUS
10
3.9473965748031494
20
-3.0094297637795275
11
3.9472108267716535
21
-3.0096561417322834
0
LINE
8
BLACK
6
CONTINUOUS
10
3.9472108267716535
20
-3.0096561417322834
11
3.9453361023622047
21
-3.0115309055118109
0
LINE
8
BLACK
6
CONTINUOUS
10
3.9453361023622047
20
-3.0115309055118109
11
3.9451097244094488
21
-3.0117166535433069
0
LINE
8
BLACK
6
CONTINUOUS
10
3.9451097244094488
20
-3.0117166535433069
11
3.9450585433070864
21
-3.0117757086614172
0
LINE
8
BLACK
6
CONTINUOUS
10
3.9450585433070864
20
-3.0117757086614172
11
3.9449695669291338
21
-3.0118316929133857
0
LINE
8
BLACK
6
CONTINUOUS
10
3.9449695669291338
20
-3.0118316929133857
11
3.9448886220472441
21
-3.0118981496062993
0
LINE
8
BLACK
6
CONTINUOUS
10
3.9448886220472441
20
-3.0118981496062993
11
3.9448166535433069
21
-3.0119279527559053
0
LINE
8
BLACK
6
CONTINUOUS
10
3.9448166535433069
20
-3.0119279527559053
11
3.9445686614173225
21
-3.0120840551181103
0
LINE
8
BLACK
6
CONTINUOUS
10
3.9445686614173225
20
-3.0120840551181103
11
3.9408191338582674
21
-3.0139588188976378
0
LINE
8
BLACK
6
CONTINUOUS
10
3.9408191338582674
20
-3.0139588188976378
11
3.9402785039370078
21
-3.0141657086614173
0
LINE
8
BLACK
6
CONTINUOUS
10
3.9402785039370078
20
-3.0141657086614173
11
3.940172677165354
21
-3.0141731889763781
0
LINE
8
BLACK
6
CONTINUOUS
10
3.940172677165354
20
-3.0141731889763781
11
3.9400746850393702
21
-3.0142138188976375
0
LINE
8
BLACK
6
CONTINUOUS
10
3.9400746850393702
20
-3.0142138188976375
11
3.9394986220472439
21
-3.0142705511811023
0
LINE
8
BLACK
6
CONTINUOUS
10
3.9394986220472439
20
-3.0142705511811023
11
3.9319995669291337
21
-3.0142705511811023
0
LINE
8
BLACK
6
CONTINUOUS
10
3.9319995669291337
20
-3.0142705511811023
11
3.9314235039370078
21
-3.0142138188976375
0
LINE
8
BLACK
6
CONTINUOUS
10
3.9314235039370078
20
-3.0142138188976375
11
3.9313255118110235
21
-3.0141732283464568
0
LINE
8
BLACK
6
CONTINUOUS
10
3.9313255118110235
20
-3.0141732283464568
11
3.9312196456692914
21
-3.0141657086614173
0
LINE
8
BLACK
6
CONTINUOUS
10
3.9312196456692914
20
-3.0141657086614173
11
3.9306790551181101
21
-3.0139588188976378
0
LINE
8
BLACK
6
CONTINUOUS
10
3.9306790551181101
20
-3.0139588188976378
11
3.926929527559055
21
-3.0120840551181103
0
LINE
8
BLACK
6
CONTINUOUS
10
3.926929527559055
20
-3.0120840551181103
11
3.9266814960629919
21
-3.0119279527559053
0
LINE
8
BLACK
6
CONTINUOUS
10
3.9266814960629919
20
-3.0119279527559053
11
3.9266095669291339
21
-3.0118981496062993
0
LINE
8
BLACK
6
CONTINUOUS
10
3.9266095669291339
20
-3.0118981496062993
11
3.9265285826771654
21
-3.0118316929133857
0
LINE
8
BLACK
6
CONTINUOUS
10
3.9265285826771654
20
-3.0118316929133857
11
3.9264396456692912
21
-3.0117757086614172
0
LINE
8
BLACK
6
CONTINUOUS
10
3.9264396456692912
20
-3.0117757086614172
11
3.9263884251968504
21
-3.0117166535433069
0
LINE
8
BLACK
6
CONTINUOUS
10
3.9263884251968504
20
-3.0117166535433069
11
3.9261620866141733
21
-3.0115309055118109
0
LINE
8
BLACK
6
CONTINUOUS
10
3.9261620866141733
20
-3.0115309055118109
11
3.9242873228346458
21
-3.0096561023622046
0
LINE
8
BLACK
6
CONTINUOUS
10
3.9242873228346458
20
-3.0096561023622046
11
3.9241015748031494
21
-3.0094297637795275
0
LINE
8
BLACK
6
CONTINUOUS
10
3.9241015748031494
20
-3.0094297637795275
11
3.924042598425197
21
-3.0093786220472438
0
LINE
8
BLACK
6
CONTINUOUS
10
3.924042598425197
20
-3.0093786220472438
11
3.9239866141732285
21
-3.00928968503937
0
LINE
8
BLACK
6
CONTINUOUS
10
3.9239866141732285
20
-3.00928968503937
11
3.9239201181102361
21
-3.0092086614173228
0
LINE
8
BLACK
6
CONTINUOUS
10
3.9239201181102361
20
-3.0092086614173228
11
3.9238902755905509
21
-3.0091366141732281
0
LINE
8
BLACK
6
CONTINUOUS
10
3.9238902755905509
20
-3.0091366141732281
11
3.9237342519685039
21
-3.0088887401574804
0
LINE
8
BLACK
6
CONTINUOUS
10
3.9237342519685039
20
-3.0088887401574804
11
3.9218594881889763
21
-3.0051392125984253
0
LINE
8
BLACK
6
CONTINUOUS
10
3.9218594881889763
20
-3.0051392125984253
11
3.9216525984251969
21
-3.0045985826771653
0
LINE
8
BLACK
6
CONTINUOUS
10
3.9216525984251969
20
-3.0045985826771653
11
3.9216450787401573
21
-3.0044927559055119
0
LINE
8
BLACK
6
CONTINUOUS
10
3.9216450787401573
20
-3.0044927559055119
11
3.9216044881889762
21
-3.0043947637795276
0
LINE
8
BLACK
6
CONTINUOUS
10
3.9216044881889762
20
-3.0043947637795276
11
3.9215477559055119
21
-3.0038187007874013
0
LINE
8
BLACK
6
CONTINUOUS
10
3.9215477559055119
20
-3.0038187007874013
11
3.9215477559055119
21
-2.9963196456692911
0
LINE
8
BLACK
6
CONTINUOUS
10
3.9215477559055119
20
-2.9963196456692911
11
3.9216044881889762
21
-2.9957435826771652
0
LINE
8
BLACK
6
CONTINUOUS
10
3.9216044881889762
20
-2.9957435826771652
11
3.9216450787401573
21
-2.9956455511811022
0
LINE
8
BLACK
6
CONTINUOUS
10
3.9216450787401573
20
-2.9956455511811022
11
3.9216525984251969
21
-2.9955397637795276
0
LINE
8
BLACK
6
CONTINUOUS
10
3.9216525984251969
20
-2.9955397637795276
11
3.9218594881889763
21
-2.9949991338582675
0
LINE
8
BLACK
6
CONTINUOUS
10
3.9218594881889763
20
-2.9949991338582675
11
3.9237342519685039
21
-2.9912496062992124
0
LINE
8
BLACK
6
CONTINUOUS
10
3.9237342519685039
20
-2.9912496062992124
11
3.9238903149606297
21
-2.9910015748031493
0
LINE
8
BLACK
6
CONTINUOUS
10
3.9238903149606297
20
-2.9910015748031493
11
3.9239201574803149
21
-2.9909296456692913
0
LINE
8
BLACK
6
CONTINUOUS
10
3.9239201574803149
20
-2.9909296456692913
11
3.9239866141732285
21
-2.9908486614173229
0
LINE
8
BLACK
6
CONTINUOUS
10
3.9239866141732285
20
-2.9908486614173229
11
3.924042598425197
21
-2.9907597244094486
0
LINE
8
BLACK
6
CONTINUOUS
10
3.924042598425197
20
-2.9907597244094486
11
3.9241015748031494
21
-2.9907085433070866
0
LINE
8
BLACK
6
CONTINUOUS
10
3.9241015748031494
20
-2.9907085433070866
11
3.9242873622047245
21
-2.9904822047244095
0
LINE
8
BLACK
6
CONTINUOUS
10
3.9242873622047245
20
-2.9904822047244095
11
3.9259489763779527
21
-2.9888205905511809
0
LINE
8
BLACK
6
CONTINUOUS
10
3.9259489763779527
20
-2.9888205905511809
11
3.9242873622047245
21
-2.9871589763779527
0
LINE
8
BLACK
6
CONTINUOUS
10
3.9242873622047245
20
-2.9871589763779527
11
3.9241015748031494
21
-2.9869325984251969
0
LINE
8
BLACK
6
CONTINUOUS
10
3.9241015748031494
20
-2.9869325984251969
11
3.924042598425197
21
-2.9868814566929132
0
LINE
8
BLACK
6
CONTINUOUS
10
3.924042598425197
20
-2.9868814566929132
11
3.9239866141732285
21
-2.9867924803149606
0
LINE
8
BLACK
6
CONTINUOUS
10
3.9239866141732285
20
-2.9867924803149606
11
3.9239201574803149
21
-2.9867115354330709
0
LINE
8
BLACK
6
CONTINUOUS
10
3.9239201574803149
20
-2.9867115354330709
11
3.9238903149606297
21
-2.9866395669291337
0
LINE
8
BLACK
6
CONTINUOUS
10
3.9238903149606297
20
-2.9866395669291337
11
3.9237342519685039
21
-2.9863915748031493
0
LINE
8
BLACK
6
CONTINUOUS
10
3.9237342519685039
20
-2.9863915748031493
11
3.9218594881889763
21
-2.9826420472440942
0
LINE
8
BLACK
6
CONTINUOUS
10
3.9218594881889763
20
-2.9826420472440942
11
3.9216525984251969
21
-2.9821014173228346
0
LINE
8
BLACK
6
CONTINUOUS
10
3.9216525984251969
20
-2.9821014173228346
11
3.9216450787401573
21
-2.9819955905511812
0
LINE
8
BLACK
6
CONTINUOUS
10
3.9216450787401573
20
-2.9819955905511812
11
3.9216044881889762
21
-2.981897598425197
0
LINE
8
BLACK
6
CONTINUOUS
10
3.9216044881889762
20
-2.981897598425197
11
3.9215477559055119
21
-2.9813215354330707
0
LINE
8
BLACK
6
CONTINUOUS
10
3.9215477559055119
20
-2.9813215354330707
11
3.9215477559055119
21
-2.9794467716535431
0
LINE
8
BLACK
6
CONTINUOUS
10
3.9215477559055119
20
-2.9794467716535431
11
3.9216044881889762
21
-2.9788707086614172
0
LINE
8
BLACK
6
CONTINUOUS
10
3.9216044881889762
20
-2.9788707086614172
11
3.9216450787401573
21
-2.9787726771653542
0
LINE
8
BLACK
6
CONTINUOUS
10
3.9216450787401573
20
-2.9787726771653542
11
3.9216525984251969
21
-2.9786668897637796
0
LINE
8
BLACK
6
CONTINUOUS
10
3.9216525984251969
20
-2.9786668897637796
11
3.9218594881889763
21
-2.9781262598425196
0
LINE
8
BLACK
6
CONTINUOUS
10
3.9218594881889763
20
-2.9781262598425196
11
3.9237342519685039
21
-2.9743767322834644
0
LINE
8
BLACK
6
CONTINUOUS
10
3.9237342519685039
20
-2.9743767322834644
11
3.9238903149606297
21
-2.9741287007874013
0
LINE
8
BLACK
6
CONTINUOUS
10
3.9238903149606297
20
-2.9741287007874013
11
3.9239201574803149
21
-2.9740567716535433
0
LINE
8
BLACK
6
CONTINUOUS
10
3.9239201574803149
20
-2.9740567716535433
11
3.9239866141732285
21
-2.9739757874015749
0
LINE
8
BLACK
6
CONTINUOUS
10
3.9239866141732285
20
-2.9739757874015749
11
3.924042598425197
21
-2.9738868503937006
0
LINE
8
BLACK
6
CONTINUOUS
10
3.924042598425197
20
-2.9738868503937006
11
3.9241015748031494
21
-2.9738356692913386
0
LINE
8
BLACK
6
CONTINUOUS
10
3.9241015748031494
20
-2.9738356692913386
11
3.9242873622047245
21
-2.9736093307086615
0
LINE
8
BLACK
6
CONTINUOUS
10
3.9242873622047245
20
-2.9736093307086615
11
3.9261621259842521
21
-2.971734566929134
0
LINE
8
BLACK
6
CONTINUOUS
10
3.9261621259842521
20
-2.971734566929134
11
3.9263884645669291
21
-2.9715487795275588
0
LINE
8
BLACK
6
CONTINUOUS
10
3.9263884645669291
20
-2.9715487795275588
11
3.9264396456692912
21
-2.9714898031496064
0
LINE
8
BLACK
6
CONTINUOUS
10
3.9264396456692912
20
-2.9714898031496064
11
3.9265285826771654
21
-2.9714338188976379
0
LINE
8
BLACK
6
CONTINUOUS
10
3.9265285826771654
20
-2.9714338188976379
11
3.9266095669291339
21
-2.9713673622047243
0
LINE
8
BLACK
6
CONTINUOUS
10
3.9266095669291339
20
-2.9713673622047243
11
3.9266814960629919
21
-2.9713375196850391
0
LINE
8
BLACK
6
CONTINUOUS
10
3.9266814960629919
20
-2.9713375196850391
11
3.926929527559055
21
-2.9711814566929133
0
LINE
8
BLACK
6
CONTINUOUS
10
3.926929527559055
20
-2.9711814566929133
11
3.9306790551181101
21
-2.9693066929133858
0
LINE
8
BLACK
6
CONTINUOUS
10
3.9306790551181101
20
-2.9693066929133858
11
3.9312196456692914
21
-2.9690998031496063
0
LINE
8
BLACK
6
CONTINUOUS
10
3.9312196456692914
20
-2.9690998031496063
11
3.9313255118110235
21
-2.969092244094488
0
LINE
8
BLACK
6
CONTINUOUS
10
3.9313255118110235
20
-2.969092244094488
11
3.9314235039370078
21
-2.9690516929133857
0
LINE
8
BLACK
6
CONTINUOUS
10
3.9314235039370078
20
-2.9690516929133857
11
3.9319995669291337
21
-2.9689949606299213
0
LINE
8
BLACK
6
CONTINUOUS
10
3.9319995669291337
20
-2.9689949606299213
11
3.9394986220472439
21
-2.9689949606299213
0
LINE
8
BLACK
6
CONTINUOUS
10
3.9394986220472439
20
-2.9689949606299213
11
3.9400746850393702
21
-2.9690516929133857
0
LINE
8
BLACK
6
CONTINUOUS
10
3.9299991338582676
20
-2.9931220866141732
11
3.9288020078740158
21
-2.994319212598425
0
LINE
8
BLACK
6
CONTINUOUS
10
3.9288020078740158
20
-2.994319212598425
11
3.9274532677165355
21
-2.9970166929133857
0
LINE
8
BLACK
6
CONTINUOUS
10
3.9274532677165355
20
-2.9970166929133857
11
3.9274532677165355
21
-3.0031216535433072
0
LINE
8
BLACK
6
CONTINUOUS
10
3.9274532677165355
20
-3.0031216535433072
11
3.9288020078740158
21
-3.0058191338582678
0
LINE
8
BLACK
6
CONTINUOUS
10
3.9288020078740158
20
-3.0058191338582678
11
3.9299991338582676
21
-3.0070162992125984
0
LINE
8
BLACK
6
CONTINUOUS
10
3.9299991338582676
20
-3.0070162992125984
11
3.9326966141732282
21
-3.0083650393700787
0
LINE
8
BLACK
6
CONTINUOUS
10
3.9326966141732282
20
-3.0083650393700787
11
3.9388015748031493
21
-3.0083650393700787
0
LINE
8
BLACK
6
CONTINUOUS
10
3.9388015748031493
20
-3.0083650393700787
11
3.9414990157480312
21
-3.0070162992125984
0
LINE
8
BLACK
6
CONTINUOUS
10
3.9414990157480312
20
-3.0070162992125984
11
3.9426961417322834
21
-3.0058191338582678
0
LINE
8
BLACK
6
CONTINUOUS
10
3.9426961417322834
20
-3.0058191338582678
11
3.9440449212598425
21
-3.0031216535433072
0
LINE
8
BLACK
6
CONTINUOUS
10
3.9440449212598425
20
-3.0031216535433072
11
3.9440449212598425
21
-2.9970166929133857
0
LINE
8
BLACK
6
CONTINUOUS
10
3.9440449212598425
20
-2.9970166929133857
11
3.9426961811023622
21
-2.994319212598425
0
LINE
8
BLACK
6
CONTINUOUS
10
3.9426961811023622
20
-2.994319212598425
11
3.9414990551181099
21
-2.9931220866141732
0
LINE
8
BLACK
6
CONTINUOUS
10
3.9414990551181099
20
-2.9931220866141732
11
3.9388015748031493
21
-2.9917733464566929
0
LINE
8
BLACK
6
CONTINUOUS
10
3.9388015748031493
20
-2.9917733464566929
11
3.9326966141732282
21
-2.9917733464566929
0
LINE
8
BLACK
6
CONTINUOUS
10
3.9326966141732282
20
-2.9917733464566929
11
3.9299991338582676
21
-2.9931220866141732
0
LINE
8
BLACK
6
CONTINUOUS
10
3.9299991338582676
20
-2.9762492125984252
11
3.9288020078740158
21
-2.977446338582677
0
LINE
8
BLACK
6
CONTINUOUS
10
3.9288020078740158
20
-2.977446338582677
11
3.9274532677165355
21
-2.9801438188976377
0
LINE
8
BLACK
6
CONTINUOUS
10
3.9274532677165355
20
-2.9801438188976377
11
3.9274532677165355
21
-2.9806244881889765
0
LINE
8
BLACK
6
CONTINUOUS
10
3.9274532677165355
20
-2.9806244881889765
11
3.9288020078740158
21
-2.9833219685039372
0
LINE
8
BLACK
6
CONTINUOUS
10
3.9288020078740158
20
-2.9833219685039372
11
3.9299991338582676
21
-2.984519094488189
0
LINE
8
BLACK
6
CONTINUOUS
10
3.9299991338582676
20
-2.984519094488189
11
3.9326966141732282
21
-2.9858678346456693
0
LINE
8
BLACK
6
CONTINUOUS
10
3.9326966141732282
20
-2.9858678346456693
11
3.9388015748031493
21
-2.9858678346456693
0
LINE
8
BLACK
6
CONTINUOUS
10
3.9388015748031493
20
-2.9858678346456693
11
3.9414990551181099
21
-2.984519094488189
0
LINE
8
BLACK
6
CONTINUOUS
10
3.9414990551181099
20
-2.984519094488189
11
3.9426961811023622
21
-2.9833219685039372
0
LINE
8
BLACK
6
CONTINUOUS
10
3.9426961811023622
20
-2.9833219685039372
11
3.9440449212598425
21
-2.9806244881889765
0
LINE
8
BLACK
6
CONTINUOUS
10
3.9440449212598425
20
-2.9806244881889765
11
3.9440449212598425
21
-2.9801438188976377
0
LINE
8
BLACK
6
CONTINUOUS
10
3.9440449212598425
20
-2.9801438188976377
11
3.9426961811023622
21
-2.977446338582677
0
LINE
8
BLACK
6
CONTINUOUS
10
3.9426961811023622
20
-2.977446338582677
11
3.9414990551181099
21
-2.9762492125984252
0
LINE
8
BLACK
6
CONTINUOUS
10
3.9414990551181099
20
-2.9762492125984252
11
3.9388015748031493
21
-2.9749004724409449
0
LINE
8
BLACK
6
CONTINUOUS
10
3.9388015748031493
20
-2.9749004724409449
11
3.9326966141732282
21
-2.9749004724409449
0
LINE
8
BLACK
6
CONTINUOUS
10
3.9326966141732282
20
-2.9749004724409449
11
3.9299991338582676
21
-2.9762492125984252
0
LINE
8
BLACK
6
CONTINUOUS
10
3.994442874015748
20
-2.9690516929133857
11
3.9945408661417323
21
-2.9690922834645668
0
LINE
8
BLACK
6
CONTINUOUS
10
3.9945408661417323
20
-2.9690922834645668
11
3.9946466929133857
21
-2.9690998031496063
0
LINE
8
BLACK
6
CONTINUOUS
10
3.9946466929133857
20
-2.9690998031496063
11
3.9951873228346457
21
-2.9693066929133858
0
LINE
8
BLACK
6
CONTINUOUS
10
3.9951873228346457
20
-2.9693066929133858
11
3.9989368503937008
21
-2.9711814566929133
0
LINE
8
BLACK
6
CONTINUOUS
10
3.9989368503937008
20
-2.9711814566929133
11
3.9991848425196848
21
-2.9713375196850391
0
LINE
8
BLACK
6
CONTINUOUS
10
3.9991848425196848
20
-2.9713375196850391
11
3.999256811023622
21
-2.9713673622047243
0
LINE
8
BLACK
6
CONTINUOUS
10
3.999256811023622
20
-2.9713673622047243
11
3.9993377559055117
21
-2.9714338188976379
0
LINE
8
BLACK
6
CONTINUOUS
10
3.9993377559055117
20
-2.9714338188976379
11
3.9994267322834647
21
-2.9714898031496064
0
LINE
8
BLACK
6
CONTINUOUS
10
3.9994267322834647
20
-2.9714898031496064
11
3.9994778740157479
21
-2.9715487795275588
0
LINE
8
BLACK
6
CONTINUOUS
10
3.9994778740157479
20
-2.9715487795275588
11
3.9997042519685038
21
-2.971734566929134
0
LINE
8
BLACK
6
CONTINUOUS
10
3.9997042519685038
20
-2.971734566929134
11
4.0015790157480318
21
-2.9736093307086615
0
LINE
8
BLACK
6
CONTINUOUS
10
4.0015790157480318
20
-2.9736093307086615
11
4.0017647637795273
21
-2.9738356692913386
0
LINE
8
BLACK
6
CONTINUOUS
10
4.0017647637795273
20
-2.9738356692913386
11
4.0018237795275589
21
-2.9738868503937006
0
LINE
8
BLACK
6
CONTINUOUS
10
4.0018237795275589
20
-2.9738868503937006
11
4.0018797244094486
21
-2.9739757874015749
0
LINE
8
BLACK
6
CONTINUOUS
10
4.0018797244094486
20
-2.9739757874015749
11
4.0019462204724405
21
-2.9740567716535433
0
LINE
8
BLACK
6
CONTINUOUS
10
4.0019462204724405
20
-2.9740567716535433
11
4.0019760236220474
21
-2.9741287007874013
0
LINE
8
BLACK
6
CONTINUOUS
10
4.0019760236220474
20
-2.9741287007874013
11
4.0021321259842519
21
-2.9743767322834644
0
LINE
8
BLACK
6
CONTINUOUS
10
4.0021321259842519
20
-2.9743767322834644
11
4.0040068897637795
21
-2.9781262598425196
0
LINE
8
BLACK
6
CONTINUOUS
10
4.0040068897637795
20
-2.9781262598425196
11
4.004022992125984
21
-2.9781683464566928
0
LINE
8
BLACK
6
CONTINUOUS
10
4.004022992125984
20
-2.9781683464566928
11
4.0040357086614176
21
-2.9781855118110236
0
LINE
8
BLACK
6
CONTINUOUS
10
4.0040357086614176
20
-2.9781855118110236
11
4.0041220078740158
21
-2.9784270866141731
0
LINE
8
BLACK
6
CONTINUOUS
10
4.0041220078740158
20
-2.9784270866141731
11
4.004213779527559
21
-2.9786668503937008
0
LINE
8
BLACK
6
CONTINUOUS
10
4.004213779527559
20
-2.9786668503937008
11
4.0042152755905507
21
-2.9786881102362206
0
LINE
8
BLACK
6
CONTINUOUS
10
4.0042152755905507
20
-2.9786881102362206
11
4.0042304724409448
21
-2.9787306299212597
0
LINE
8
BLACK
6
CONTINUOUS
10
4.0042304724409448
20
-2.9787306299212597
11
4.0061052362204723
21
-2.9862296850393699
0
LINE
8
BLACK
6
CONTINUOUS
10
4.0061052362204723
20
-2.9862296850393699
11
4.0061200000000001
21
-2.9863295275590551
0
LINE
8
BLACK
6
CONTINUOUS
10
4.0061200000000001
20
-2.9863295275590551
11
4.0061366535433072
21
-2.9863697637795275
0
LINE
8
BLACK
6
CONTINUOUS
10
4.0061366535433072
20
-2.9863697637795275
11
4.006157992125984
21
-2.9865867716535432
0
LINE
8
BLACK
6
CONTINUOUS
10
4.006157992125984
20
-2.9865867716535432
11
4.0061898818897639
21
-2.9868022834645669
0
LINE
8
BLACK
6
CONTINUOUS
10
4.0061898818897639
20
-2.9868022834645669
11
4.006183464566929
21
-2.986845275590551
0
LINE
8
BLACK
6
CONTINUOUS
10
4.006183464566929
20
-2.986845275590551
11
4.006193385826772
21
-2.9869458267716533
0
LINE
8
BLACK
6
CONTINUOUS
10
4.006193385826772
20
-2.9869458267716533
11
4.006193385826772
21
-2.9963196456692911
0
LINE
8
BLACK
6
CONTINUOUS
10
4.006193385826772
20
-2.9963196456692911
11
4.006183464566929
21
-2.9964201574803151
0
LINE
8
BLACK
6
CONTINUOUS
10
4.006183464566929
20
-2.9964201574803151
11
4.0061898818897639
21
-2.996463188976378
0
LINE
8
BLACK
6
CONTINUOUS
10
4.0061898818897639
20
-2.996463188976378
11
4.006157992125984
21
-2.9966786614173229
0
LINE
8
BLACK
6
CONTINUOUS
10
4.006157992125984
20
-2.9966786614173229
11
4.0061366535433072
21
-2.9968957086614174
0
LINE
8
BLACK
6
CONTINUOUS
10
4.0061366535433072
20
-2.9968957086614174
11
4.0061200000000001
21
-2.996935905511811
0
LINE
8
BLACK
6
CONTINUOUS
10
4.0061200000000001
20
-2.996935905511811
11
4.0061052362204723
21
-2.9970357874015749
0
LINE
8
BLACK
6
CONTINUOUS
10
4.0061052362204723
20
-2.9970357874015749
11
4.0042304724409448
21
-3.0045348425196852
0
LINE
8
BLACK
6
CONTINUOUS
10
4.0042304724409448
20
-3.0045348425196852
11
4.0042152755905507
21
-3.0045773228346455
0
LINE
8
BLACK
6
CONTINUOUS
10
4.0042152755905507
20
-3.0045773228346455
11
4.004213779527559
21
-3.004598622047244
0
LINE
8
BLACK
6
CONTINUOUS
10
4.004213779527559
20
-3.004598622047244
11
4.0041220078740158
21
-3.004838346456693
0
LINE
8
BLACK
6
CONTINUOUS
10
4.0041220078740158
20
-3.004838346456693
11
4.0040357086614176
21
-3.0050799606299212
0
LINE
8
BLACK
6
CONTINUOUS
10
4.0040357086614176
20
-3.0050799606299212
11
4.004022992125984
21
-3.0050970866141733
0
LINE
8
BLACK
6
CONTINUOUS
10
4.004022992125984
20
-3.0050970866141733
11
4.0040068897637795
21
-3.0051392125984253
0
LINE
8
BLACK
6
CONTINUOUS
10
4.0040068897637795
20
-3.0051392125984253
11
4.0021321259842519
21
-3.0088887401574804
0
LINE
8
BLACK
6
CONTINUOUS
10
4.0021321259842519
20
-3.0088887401574804
11
4.0019760629921262
21
-3.0091366141732281
0
LINE
8
BLACK
6
CONTINUOUS
10
4.0019760629921262
20
-3.0091366141732281
11
4.0019462598425193
21
-3.0092086614173228
0
LINE
8
BLACK
6
CONTINUOUS
10
4.0019462598425193
20
-3.0092086614173228
11
4.0018797244094486
21
-3.00928968503937
0
LINE
8
BLACK
6
CONTINUOUS
10
4.0018797244094486
20
-3.00928968503937
11
4.0018237795275589
21
-3.0093786220472438
0
LINE
8
BLACK
6
CONTINUOUS
10
4.0018237795275589
20
-3.0093786220472438
11
4.0017647637795273
21
-3.0094297637795275
0
LINE
8
BLACK
6
CONTINUOUS
10
4.0017647637795273
20
-3.0094297637795275
11
4.0015790157480318
21
-3.0096561417322834
0
LINE
8
BLACK
6
CONTINUOUS
10
4.0015790157480318
20
-3.0096561417322834
11
3.9997042913385825
21
-3.0115309055118109
0
LINE
8
BLACK
6
CONTINUOUS
10
3.9997042913385825
20
-3.0115309055118109
11
3.9994779133858267
21
-3.0117166535433069
0
LINE
8
BLACK
6
CONTINUOUS
10
3.9994779133858267
20
-3.0117166535433069
11
3.9994267322834647
21
-3.0117757086614172
0
LINE
8
BLACK
6
CONTINUOUS
10
3.9994267322834647
20
-3.0117757086614172
11
3.9993377559055117
21
-3.0118316929133857
0
LINE
8
BLACK
6
CONTINUOUS
10
3.9993377559055117
20
-3.0118316929133857
11
3.999256811023622
21
-3.0118981496062993
0
LINE
8
BLACK
6
CONTINUOUS
10
3.999256811023622
20
-3.0118981496062993
11
3.9991848425196848
21
-3.0119279527559053
0
LINE
8
BLACK
6
CONTINUOUS
10
3.9991848425196848
20
-3.0119279527559053
11
3.9989368503937008
21
-3.0120840551181103
0
LINE
8
BLACK
6
CONTINUOUS
10
3.9989368503937008
20
-3.0120840551181103
11
3.9951873228346457
21
-3.0139588188976378
0
LINE
8
BLACK
6
CONTINUOUS
10
3.9951873228346457
20
-3.0139588188976378
11
3.9946466929133857
21
-3.0141657086614173
0
LINE
8
BLACK
6
CONTINUOUS
10
3.9946466929133857
20
-3.0141657086614173
11
3.9945408661417323
21
-3.0141731889763781
0
LINE
8
BLACK
6
CONTINUOUS
10
3.9945408661417323
20
-3.0141731889763781
11
3.994442874015748
21
-3.0142138188976375
0
LINE
8
BLACK
6
CONTINUOUS
10
3.994442874015748
20
-3.0142138188976375
11
3.9938668110236222
21
-3.0142705511811023
0
LINE
8
BLACK
6
CONTINUOUS
10
3.9938668110236222
20
-3.0142705511811023
11
3.9901172834645666
21
-3.0142705511811023
0
LINE
8
BLACK
6
CONTINUOUS
10
3.9901172834645666
20
-3.0142705511811023
11
3.9895412204724408
21
-3.0142138188976375
0
LINE
8
BLACK
6
CONTINUOUS
10
3.9895412204724408
20
-3.0142138188976375
11
3.9894432283464565
21
-3.0141732283464568
0
LINE
8
BLACK
6
CONTINUOUS
10
3.9894432283464565
20
-3.0141732283464568
11
3.9893373622047243
21
-3.0141657086614173
0
LINE
8
BLACK
6
CONTINUOUS
10
3.9893373622047243
20
-3.0141657086614173
11
3.9887967716535431
21
-3.0139588188976378
0
LINE
8
BLACK
6
CONTINUOUS
10
3.9887967716535431
20
-3.0139588188976378
11
3.985047244094488
21
-3.0120840551181103
0
LINE
8
BLACK
6
CONTINUOUS
10
3.985047244094488
20
-3.0120840551181103
11
3.9847992125984253
21
-3.0119279527559053
0
LINE
8
BLACK
6
CONTINUOUS
10
3.9847992125984253
20
-3.0119279527559053
11
3.9847272834645668
21
-3.0118981496062993
0
LINE
8
BLACK
6
CONTINUOUS
10
3.9847272834645668
20
-3.0118981496062993
11
3.9846462992125984
21
-3.0118316929133857
0
LINE
8
BLACK
6
CONTINUOUS
10
3.9846462992125984
20
-3.0118316929133857
11
3.9845573622047241
21
-3.0117757086614172
0
LINE
8
BLACK
6
CONTINUOUS
10
3.9845573622047241
20
-3.0117757086614172
11
3.9845061417322833
21
-3.0117166535433069
0
LINE
8
BLACK
6
CONTINUOUS
10
3.9845061417322833
20
-3.0117166535433069
11
3.9842798031496063
21
-3.0115309055118109
0
LINE
8
BLACK
6
CONTINUOUS
10
3.9842798031496063
20
-3.0115309055118109
11
3.9824050393700787
21
-3.0096561023622046
0
LINE
8
BLACK
6
CONTINUOUS
10
3.9824050393700787
20
-3.0096561023622046
11
3.9822192913385828
21
-3.0094297637795275
0
LINE
8
BLACK
6
CONTINUOUS
10
3.9822192913385828
20
-3.0094297637795275
11
3.9821603149606299
21
-3.0093786220472438
0
LINE
8
BLACK
6
CONTINUOUS
10
3.9821603149606299
20
-3.0093786220472438
11
3.9821043307086614
21
-3.00928968503937
0
LINE
8
BLACK
6
CONTINUOUS
10
3.9821043307086614
20
-3.00928968503937
11
3.9820378346456691
21
-3.0092086614173228
0
LINE
8
BLACK
6
CONTINUOUS
10
3.9820378346456691
20
-3.0092086614173228
11
3.9820079921259843
21
-3.0091366141732281
0
LINE
8
BLACK
6
CONTINUOUS
10
3.9820079921259843
20
-3.0091366141732281
11
3.9818519685039369
21
-3.0088887401574804
0
LINE
8
BLACK
6
CONTINUOUS
10
3.9818519685039369
20
-3.0088887401574804
11
3.9799772047244093
21
-3.0051392125984253
0
LINE
8
BLACK
6
CONTINUOUS
10
3.9799772047244093
20
-3.0051392125984253
11
3.979961062992126
21
-3.0050970866141733
0
LINE
8
BLACK
6
CONTINUOUS
10
3.979961062992126
20
-3.0050970866141733
11
3.9799483858267717
21
-3.0050799606299212
0
LINE
8
BLACK
6
CONTINUOUS
10
3.9799483858267717
20
-3.0050799606299212
11
3.9798619291338584
21
-3.0048379921259842
0
LINE
8
BLACK
6
CONTINUOUS
10
3.9798619291338584
20
-3.0048379921259842
11
3.9797703149606298
21
-3.0045985826771653
0
LINE
8
BLACK
6
CONTINUOUS
10
3.9797703149606298
20
-3.0045985826771653
11
3.9797687795275589
21
-3.0045773228346455
0
LINE
8
BLACK
6
CONTINUOUS
10
3.9797687795275589
20
-3.0045773228346455
11
3.979753622047244
21
-3.0045348425196852
0
LINE
8
BLACK
6
CONTINUOUS
10
3.979753622047244
20
-3.0045348425196852
11
3.9778788582677165
21
-2.9970357874015749
0
LINE
8
BLACK
6
CONTINUOUS
10
3.9778788582677165
20
-2.9970357874015749
11
3.9778640551181104
21
-2.996935905511811
0
LINE
8
BLACK
6
CONTINUOUS
10
3.9778640551181104
20
-2.996935905511811
11
3.9778474409448816
21
-2.9968957086614174
0
LINE
8
BLACK
6
CONTINUOUS
10
3.9778474409448816
20
-2.9968957086614174
11
3.977826062992126
21
-2.9966786614173229
0
LINE
8
BLACK
6
CONTINUOUS
10
3.977826062992126
20
-2.9966786614173229
11
3.9777942125984249
21
-2.996463188976378
0
LINE
8
BLACK
6
CONTINUOUS
10
3.9777942125984249
20
-2.996463188976378
11
3.9778005905511811
21
-2.9964201574803151
0
LINE
8
BLACK
6
CONTINUOUS
10
3.9778005905511811
20
-2.9964201574803151
11
3.9777907086614173
21
-2.9963196456692911
0
LINE
8
BLACK
6
CONTINUOUS
10
3.9777907086614173
20
-2.9963196456692911
11
3.9777907086614173
21
-2.9869458267716533
0
LINE
8
BLACK
6
CONTINUOUS
10
3.9777907086614173
20
-2.9869458267716533
11
3.9778005905511811
21
-2.986845275590551
0
LINE
8
BLACK
6
CONTINUOUS
10
3.9778005905511811
20
-2.986845275590551
11
3.9777942125984249
21
-2.9868022834645669
0
LINE
8
BLACK
6
CONTINUOUS
10
3.9777942125984249
20
-2.9868022834645669
11
3.977826062992126
21
-2.9865867716535432
0
LINE
8
BLACK
6
CONTINUOUS
10
3.977826062992126
20
-2.9865867716535432
11
3.9778474409448816
21
-2.9863697637795275
0
LINE
8
BLACK
6
CONTINUOUS
10
3.9778474409448816
20
-2.9863697637795275
11
3.9778640551181104
21
-2.9863295275590551
0
LINE
8
BLACK
6
CONTINUOUS
10
3.9778640551181104
20
-2.9863295275590551
11
3.9778788582677165
21
-2.9862296850393699
0
LINE
8
BLACK
6
CONTINUOUS
10
3.9778788582677165
20
-2.9862296850393699
11
3.979753622047244
21
-2.9787306299212597
0
LINE
8
BLACK
6
CONTINUOUS
10
3.979753622047244
20
-2.9787306299212597
11
3.9797687795275589
21
-2.9786881102362206
0
LINE
8
BLACK
6
CONTINUOUS
10
3.9797687795275589
20
-2.9786881102362206
11
3.9797703149606298
21
-2.9786668897637796
0
LINE
8
BLACK
6
CONTINUOUS
10
3.9797703149606298
20
-2.9786668897637796
11
3.9798619291338584
21
-2.9784274409448819
0
LINE
8
BLACK
6
CONTINUOUS
10
3.9798619291338584
20
-2.9784274409448819
11
3.9799483858267717
21
-2.9781855118110236
0
LINE
8
BLACK
6
CONTINUOUS
10
3.9799483858267717
20
-2.9781855118110236
11
3.979961062992126
21
-2.9781683464566928
0
LINE
8
BLACK
6
CONTINUOUS
10
3.979961062992126
20
-2.9781683464566928
11
3.9799772047244093
21
-2.9781262598425196
0
LINE
8
BLACK
6
CONTINUOUS
10
3.9799772047244093
20
-2.9781262598425196
11
3.9818519685039369
21
-2.9743767322834644
0
LINE
8
BLACK
6
CONTINUOUS
10
3.9818519685039369
20
-2.9743767322834644
11
3.9820080314960631
21
-2.9741287007874013
0
LINE
8
BLACK
6
CONTINUOUS
10
3.9820080314960631
20
-2.9741287007874013
11
3.9820378740157478
21
-2.9740567716535433
0
LINE
8
BLACK
6
CONTINUOUS
10
3.9820378740157478
20
-2.9740567716535433
11
3.9821043307086614
21
-2.9739757874015749
0
LINE
8
BLACK
6
CONTINUOUS
10
3.9821043307086614
20
-2.9739757874015749
11
3.9821603149606299
21
-2.9738868503937006
0
LINE
8
BLACK
6
CONTINUOUS
10
3.9821603149606299
20
-2.9738868503937006
11
3.9822192913385828
21
-2.9738356692913386
0
LINE
8
BLACK
6
CONTINUOUS
10
3.9822192913385828
20
-2.9738356692913386
11
3.9824050787401575
21
-2.9736093307086615
0
LINE
8
BLACK
6
CONTINUOUS
10
3.9824050787401575
20
-2.9736093307086615
11
3.984279842519685
21
-2.971734566929134
0
LINE
8
BLACK
6
CONTINUOUS
10
3.984279842519685
20
-2.971734566929134
11
3.9845061811023621
21
-2.9715487795275588
0
LINE
8
BLACK
6
CONTINUOUS
10
3.9845061811023621
20
-2.9715487795275588
11
3.9845573622047241
21
-2.9714898031496064
0
LINE
8
BLACK
6
CONTINUOUS
10
3.9845573622047241
20
-2.9714898031496064
11
3.9846462992125984
21
-2.9714338188976379
0
LINE
8
BLACK
6
CONTINUOUS
10
3.9846462992125984
20
-2.9714338188976379
11
3.9847272834645668
21
-2.9713673622047243
0
LINE
8
BLACK
6
CONTINUOUS
10
3.9847272834645668
20
-2.9713673622047243
11
3.9847992125984253
21
-2.9713375196850391
0
LINE
8
BLACK
6
CONTINUOUS
10
3.9847992125984253
20
-2.9713375196850391
11
3.985047244094488
21
-2.9711814566929133
0
LINE
8
BLACK
6
CONTINUOUS
10
3.985047244094488
20
-2.9711814566929133
11
3.9887967716535431
21
-2.9693066929133858
0
LINE
8
BLACK
6
CONTINUOUS
10
3.9887967716535431
20
-2.9693066929133858
11
3.9893373622047243
21
-2.9690998031496063
0
LINE
8
BLACK
6
CONTINUOUS
10
3.9893373622047243
20
-2.9690998031496063
11
3.9894432283464565
21
-2.969092244094488
0
LINE
8
BLACK
6
CONTINUOUS
10
3.9894432283464565
20
-2.969092244094488
11
3.9895412204724408
21
-2.9690516929133857
0
LINE
8
BLACK
6
CONTINUOUS
10
3.9895412204724408
20
-2.9690516929133857
11
3.9901172834645666
21
-2.9689949606299213
0
LINE
8
BLACK
6
CONTINUOUS
10
3.9901172834645666
20
-2.9689949606299213
11
3.9938668110236222
21
-2.9689949606299213
0
LINE
8
BLACK
6
CONTINUOUS
10
3.9938668110236222
20
-2.9689949606299213
11
3.994442874015748
21
-2.9690516929133857
0
LINE
8
BLACK
6
CONTINUOUS
10
3.9881168503937006
20
-2.9762492125984252
11
3.9869197244094488
21
-2.977446338582677
0
LINE
8
BLACK
6
CONTINUOUS
10
3.9869197244094488
20
-2.977446338582677
11
3.985404212598425
21
-2.9804773228346457
0
LINE
8
BLACK
6
CONTINUOUS
10
3.985404212598425
20
-2.9804773228346457
11
3.9836962204724409
21
-2.9873093700787403
0
LINE
8
BLACK
6
CONTINUOUS
10
3.9836962204724409
20
-2.9873093700787403
11
3.9836962204724409
21
-2.9959561023622046
0
LINE
8
BLACK
6
CONTINUOUS
10
3.9836962204724409
20
-2.9959561023622046
11
3.985404212598425
21
-3.0027881496062991
0
LINE
8
BLACK
6
CONTINUOUS
10
3.985404212598425
20
-3.0027881496062991
11
3.9869197244094488
21
-3.0058191338582678
0
LINE
8
BLACK
6
CONTINUOUS
10
3.9869197244094488
20
-3.0058191338582678
11
3.9881168503937006
21
-3.0070162992125984
0
LINE
8
BLACK
6
CONTINUOUS
10
3.9881168503937006
20
-3.0070162992125984
11
3.9908143307086612
21
-3.0083650393700787
0
LINE
8
BLACK
6
CONTINUOUS
10
3.9908143307086612
20
-3.0083650393700787
11
3.9931697637795276
21
-3.0083650393700787
0
LINE
8
BLACK
6
CONTINUOUS
10
3.9931697637795276
20
-3.0083650393700787
11
3.9958672047244095
21
-3.0070162992125984
0
LINE
8
BLACK
6
CONTINUOUS
10
3.9958672047244095
20
-3.0070162992125984
11
3.9970643307086613
21
-3.0058191338582678
0
LINE
8
BLACK
6
CONTINUOUS
10
3.9970643307086613
20
-3.0058191338582678
11
3.998579842519685
21
-3.0027881496062991
0
LINE
8
BLACK
6
CONTINUOUS
10
3.998579842519685
20
-3.0027881496062991
11
4.0002878740157479
21
-2.9959561023622046
0
LINE
8
BLACK
6
CONTINUOUS
10
4.0002878740157479
20
-2.9959561023622046
11
4.0002878740157479
21
-2.9873093700787403
0
LINE
8
BLACK
6
CONTINUOUS
10
4.0002878740157479
20
-2.9873093700787403
11
3.998579842519685
21
-2.9804773228346457
0
LINE
8
BLACK
6
CONTINUOUS
10
3.998579842519685
20
-2.9804773228346457
11
3.99706437007874
21
-2.977446338582677
0
LINE
8
BLACK
6
CONTINUOUS
10
3.99706437007874
20
-2.977446338582677
11
3.9958672440944882
21
-2.9762492125984252
0
LINE
8
BLACK
6
CONTINUOUS
10
3.9958672440944882
20
-2.9762492125984252
11
3.9931697637795276
21
-2.9749004724409449
0
LINE
8
BLACK
6
CONTINUOUS
10
3.9931697637795276
20
-2.9749004724409449
11
3.9908143307086612
21
-2.9749004724409449
0
LINE
8
BLACK
6
CONTINUOUS
10
3.9908143307086612
20
-2.9749004724409449
11
3.9881168503937006
21
-2.9762492125984252
0
LINE
8
BLACK
6
CONTINUOUS
10
4.041040590551181
20
-2.9690249606299211
11
4.0411180708661414
21
-2.9690198031496062
0
LINE
8
BLACK
6
CONTINUOUS
10
4.0411180708661414
20
-2.9690198031496062
11
4.0411714173228344
21
-2.9690378346456692
0
LINE
8
BLACK
6
CONTINUOUS
10
4.0411714173228344
20
-2.9690378346456692
11
4.0413120078740157
21
-2.9690516929133857
0
LINE
8
BLACK
6
CONTINUOUS
10
4.0413120078740157
20
-2.9690516929133857
11
4.041755196850394
21
-2.9692352755905511
0
LINE
8
BLACK
6
CONTINUOUS
10
4.041755196850394
20
-2.9692352755905511
11
4.0422094488188973
21
-2.9693888976377951
0
LINE
8
BLACK
6
CONTINUOUS
10
4.0422094488188973
20
-2.9693888976377951
11
4.0422844094488184
21
-2.9694544488188974
0
LINE
8
BLACK
6
CONTINUOUS
10
4.0422844094488184
20
-2.9694544488188974
11
4.0423764173228349
21
-2.9694925984251967
0
LINE
8
BLACK
6
CONTINUOUS
10
4.0423764173228349
20
-2.9694925984251967
11
4.0427153937007869
21
-2.9698315748031496
0
LINE
8
BLACK
6
CONTINUOUS
10
4.0427153937007869
20
-2.9698315748031496
11
4.0430765354330704
21
-2.9701475590551181
0
LINE
8
BLACK
6
CONTINUOUS
10
4.0430765354330704
20
-2.9701475590551181
11
4.0431207086614176
21
-2.9702368897637794
0
LINE
8
BLACK
6
CONTINUOUS
10
4.0431207086614176
20
-2.9702368897637794
11
4.0431910629921255
21
-2.9703072440944882
0
LINE
8
BLACK
6
CONTINUOUS
10
4.0431910629921255
20
-2.9703072440944882
11
4.0433745275590551
21
-2.9707501574803148
0
LINE
8
BLACK
6
CONTINUOUS
10
4.0433745275590551
20
-2.9707501574803148
11
4.0435872440944882
21
-2.97118031496063
0
LINE
8
BLACK
6
CONTINUOUS
10
4.0435872440944882
20
-2.97118031496063
11
4.043593858267716
21
-2.9712796456692914
0
LINE
8
BLACK
6
CONTINUOUS
10
4.043593858267716
20
-2.9712796456692914
11
4.043631968503937
21
-2.971371653543307
0
LINE
8
BLACK
6
CONTINUOUS
10
4.043631968503937
20
-2.971371653543307
11
4.043631968503937
21
-2.971851338582677
0
LINE
8
BLACK
6
CONTINUOUS
10
4.043631968503937
20
-2.971851338582677
11
4.043663858267716
21
-2.9723298425196849
0
LINE
8
BLACK
6
CONTINUOUS
10
4.043663858267716
20
-2.9723298425196849
11
4.043631968503937
21
-2.9724241338582678
0
LINE
8
BLACK
6
CONTINUOUS
10
4.043631968503937
20
-2.9724241338582678
11
4.043631968503937
21
-2.9725237795275592
0
LINE
8
BLACK
6
CONTINUOUS
10
4.043631968503937
20
-2.9725237795275592
11
4.0434483464566933
21
-2.972966968503937
0
LINE
8
BLACK
6
CONTINUOUS
10
4.0434483464566933
20
-2.972966968503937
11
4.0432947637795271
21
-2.9734212204724408
0
LINE
8
BLACK
6
CONTINUOUS
10
4.0432947637795271
20
-2.9734212204724408
11
4.0432126377952757
21
-2.9735360629921259
0
LINE
8
BLACK
6
CONTINUOUS
10
4.0432126377952757
20
-2.9735360629921259
11
4.0431910629921255
21
-2.973588188976378
0
LINE
8
BLACK
6
CONTINUOUS
10
4.0431910629921255
20
-2.973588188976378
11
4.0431361023622046
21
-2.9736431102362202
0
LINE
8
BLACK
6
CONTINUOUS
10
4.0431361023622046
20
-2.9736431102362202
11
4.0429581102362206
21
-2.9738921259842521
0
LINE
8
BLACK
6
CONTINUOUS
10
4.0429581102362206
20
-2.9738921259842521
11
4.0340251968503935
21
-2.9841011417322836
0
LINE
8
BLACK
6
CONTINUOUS
10
4.0340251968503935
20
-2.9841011417322836
11
4.0345574015748031
21
-2.9843048031496062
0
LINE
8
BLACK
6
CONTINUOUS
10
4.0345574015748031
20
-2.9843048031496062
11
4.0383069291338582
21
-2.9861795669291338
0
LINE
8
BLACK
6
CONTINUOUS
10
4.0383069291338582
20
-2.9861795669291338
11
4.0385549212598422
21
-2.9863356299212596
0
LINE
8
BLACK
6
CONTINUOUS
10
4.0385549212598422
20
-2.9863356299212596
11
4.0386268897637798
21
-2.9863654724409447
0
LINE
8
BLACK
6
CONTINUOUS
10
4.0386268897637798
20
-2.9863654724409447
11
4.0387078346456695
21
-2.9864319291338584
0
LINE
8
BLACK
6
CONTINUOUS
10
4.0387078346456695
20
-2.9864319291338584
11
4.0387968110236221
21
-2.9864879133858269
0
LINE
8
BLACK
6
CONTINUOUS
10
4.0387968110236221
20
-2.9864879133858269
11
4.0388479527559058
21
-2.9865468897637792
0
LINE
8
BLACK
6
CONTINUOUS
10
4.0388479527559058
20
-2.9865468897637792
11
4.0390743307086616
21
-2.9867326771653544
0
LINE
8
BLACK
6
CONTINUOUS
10
4.0390743307086616
20
-2.9867326771653544
11
4.0409490944881892
21
-2.988607440944882
0
LINE
8
BLACK
6
CONTINUOUS
10
4.0409490944881892
20
-2.988607440944882
11
4.0411348425196847
21
-2.988833779527559
0
LINE
8
BLACK
6
CONTINUOUS
10
4.0411348425196847
20
-2.988833779527559
11
4.0411938582677163
21
-2.988884960629921
0
LINE
8
BLACK
6
CONTINUOUS
10
4.0411938582677163
20
-2.988884960629921
11
4.041249803149606
21
-2.9889738976377953
0
LINE
8
BLACK
6
CONTINUOUS
10
4.041249803149606
20
-2.9889738976377953
11
4.0413162992125979
21
-2.9890548818897638
0
LINE
8
BLACK
6
CONTINUOUS
10
4.0413162992125979
20
-2.9890548818897638
11
4.0413461023622048
21
-2.9891268110236218
0
LINE
8
BLACK
6
CONTINUOUS
10
4.0413461023622048
20
-2.9891268110236218
11
4.0415022047244094
21
-2.9893748425196849
0
LINE
8
BLACK
6
CONTINUOUS
10
4.0415022047244094
20
-2.9893748425196849
11
4.0433769685039369
21
-2.99312437007874
0
LINE
8
BLACK
6
CONTINUOUS
10
4.0433769685039369
20
-2.99312437007874
11
4.0435838582677164
21
-2.9936649606299213
0
LINE
8
BLACK
6
CONTINUOUS
10
4.0435838582677164
20
-2.9936649606299213
11
4.0435913779527555
21
-2.9937708267716534
0
LINE
8
BLACK
6
CONTINUOUS
10
4.0435913779527555
20
-2.9937708267716534
11
4.043631968503937
21
-2.9938688188976377
0
LINE
8
BLACK
6
CONTINUOUS
10
4.043631968503937
20
-2.9938688188976377
11
4.0436887007874018
21
-2.9944448818897635
0
LINE
8
BLACK
6
CONTINUOUS
10
4.0436887007874018
20
-2.9944448818897635
11
4.0436887007874018
21
-3.0038187007874013
0
LINE
8
BLACK
6
CONTINUOUS
10
4.0436887007874018
20
-3.0038187007874013
11
4.043631968503937
21
-3.0043947637795276
0
LINE
8
BLACK
6
CONTINUOUS
10
4.043631968503937
20
-3.0043947637795276
11
4.0435913779527555
21
-3.0044927165354331
0
LINE
8
BLACK
6
CONTINUOUS
10
4.0435913779527555
20
-3.0044927165354331
11
4.0435838582677164
21
-3.004598622047244
0
LINE
8
BLACK
6
CONTINUOUS
10
4.0435838582677164
20
-3.004598622047244
11
4.0433769685039369
21
-3.0051392125984253
0
LINE
8
BLACK
6
CONTINUOUS
10
4.0433769685039369
20
-3.0051392125984253
11
4.0415022047244094
21
-3.0088887401574804
0
LINE
8
BLACK
6
CONTINUOUS
10
4.0415022047244094
20
-3.0088887401574804
11
4.0413461417322836
21
-3.0091366141732281
0
LINE
8
BLACK
6
CONTINUOUS
10
4.0413461417322836
20
-3.0091366141732281
11
4.0413163385826767
21
-3.0092086614173228
0
LINE
8
BLACK
6
CONTINUOUS
10
4.0413163385826767
20
-3.0092086614173228
11
4.041249803149606
21
-3.00928968503937
0
LINE
8
BLACK
6
CONTINUOUS
10
4.041249803149606
20
-3.00928968503937
11
4.0411938582677163
21
-3.0093786220472438
0
LINE
8
BLACK
6
CONTINUOUS
10
4.0411938582677163
20
-3.0093786220472438
11
4.0411348425196847
21
-3.0094297637795275
0
LINE
8
BLACK
6
CONTINUOUS
10
4.0411348425196847
20
-3.0094297637795275
11
4.0409490944881892
21
-3.0096561417322834
0
LINE
8
BLACK
6
CONTINUOUS
10
4.0409490944881892
20
-3.0096561417322834
11
4.0390743700787404
21
-3.0115309055118109
0
LINE
8
BLACK
6
CONTINUOUS
10
4.0390743700787404
20
-3.0115309055118109
11
4.0388479921259846
21
-3.0117166535433069
0
LINE
8
BLACK
6
CONTINUOUS
10
4.0388479921259846
20
-3.0117166535433069
11
4.0387968110236221
21
-3.0117757086614172
0
LINE
8
BLACK
6
CONTINUOUS
10
4.0387968110236221
20
-3.0117757086614172
11
4.0387078346456695
21
-3.0118316929133857
0
LINE
8
BLACK
6
CONTINUOUS
10
4.0387078346456695
20
-3.0118316929133857
11
4.0386268897637798
21
-3.0118981496062993
0
LINE
8
BLACK
6
CONTINUOUS
10
4.0386268897637798
20
-3.0118981496062993
11
4.0385549212598422
21
-3.0119279527559053
0
LINE
8
BLACK
6
CONTINUOUS
10
4.0385549212598422
20
-3.0119279527559053
11
4.0383069291338582
21
-3.0120840551181103
0
LINE
8
BLACK
6
CONTINUOUS
10
4.0383069291338582
20
-3.0120840551181103
11
4.0345574015748031
21
-3.0139588188976378
0
LINE
8
BLACK
6
CONTINUOUS
10
4.0345574015748031
20
-3.0139588188976378
11
4.0340167716535431
21
-3.0141657086614173
0
LINE
8
BLACK
6
CONTINUOUS
10
4.0340167716535431
20
-3.0141657086614173
11
4.0339109448818897
21
-3.0141731889763781
0
LINE
8
BLACK
6
CONTINUOUS
10
4.0339109448818897
20
-3.0141731889763781
11
4.0338129527559055
21
-3.0142138188976375
0
LINE
8
BLACK
6
CONTINUOUS
10
4.0338129527559055
20
-3.0142138188976375
11
4.0332368897637796
21
-3.0142705511811023
0
LINE
8
BLACK
6
CONTINUOUS
10
4.0332368897637796
20
-3.0142705511811023
11
4.0219883070866143
21
-3.0142705511811023
0
LINE
8
BLACK
6
CONTINUOUS
10
4.0219883070866143
20
-3.0142705511811023
11
4.0214122440944884
21
-3.0142138188976375
0
LINE
8
BLACK
6
CONTINUOUS
10
4.0214122440944884
20
-3.0142138188976375
11
4.0213142519685041
21
-3.0141732283464568
0
LINE
8
BLACK
6
CONTINUOUS
10
4.0213142519685041
20
-3.0141732283464568
11
4.021208385826772
21
-3.0141657086614173
0
LINE
8
BLACK
6
CONTINUOUS
10
4.021208385826772
20
-3.0141657086614173
11
4.0206677952755907
21
-3.0139588188976378
0
LINE
8
BLACK
6
CONTINUOUS
10
4.0206677952755907
20
-3.0139588188976378
11
4.0169182677165356
21
-3.0120840551181103
0
LINE
8
BLACK
6
CONTINUOUS
10
4.0169182677165356
20
-3.0120840551181103
11
4.016670236220472
21
-3.0119279527559053
0
LINE
8
BLACK
6
CONTINUOUS
10
4.016670236220472
20
-3.0119279527559053
11
4.016598307086614
21
-3.0118981496062993
0
LINE
8
BLACK
6
CONTINUOUS
10
4.016598307086614
20
-3.0118981496062993
11
4.0165173228346456
21
-3.0118316929133857
0
LINE
8
BLACK
6
CONTINUOUS
10
4.0165173228346456
20
-3.0118316929133857
11
4.0164283858267718
21
-3.0117757086614172
0
LINE
8
BLACK
6
CONTINUOUS
10
4.0164283858267718
20
-3.0117757086614172
11
4.0163771653543305
21
-3.0117166535433069
0
LINE
8
BLACK
6
CONTINUOUS
10
4.0163771653543305
20
-3.0117166535433069
11
4.0161508267716535
21
-3.0115309055118109
0
LINE
8
BLACK
6
CONTINUOUS
10
4.0161508267716535
20
-3.0115309055118109
11
4.0142760629921259
21
-3.0096561023622046
0
LINE
8
BLACK
6
CONTINUOUS
10
4.0142760629921259
20
-3.0096561023622046
11
4.0139088582677163
21
-3.0092086614173228
0
LINE
8
BLACK
6
CONTINUOUS
10
4.0139088582677163
20
-3.0092086614173228
11
4.0134679921259844
21
-3.008144251968504
0
LINE
8
BLACK
6
CONTINUOUS
10
4.0134679921259844
20
-3.008144251968504
11
4.0134679921259844
21
-3.0069921653543306
0
LINE
8
BLACK
6
CONTINUOUS
10
4.0134679921259844
20
-3.0069921653543306
11
4.013908897637795
21
-3.0059277559055118
0
LINE
8
BLACK
6
CONTINUOUS
10
4.013908897637795
20
-3.0059277559055118
11
4.0147235826771652
21
-3.0051130708661415
0
LINE
8
BLACK
6
CONTINUOUS
10
4.0147235826771652
20
-3.0051130708661415
11
4.0157879921259845
21
-3.0046722047244092
0
LINE
8
BLACK
6
CONTINUOUS
10
4.0157879921259845
20
-3.0046722047244092
11
4.0169400787401575
21
-3.0046722047244092
0
LINE
8
BLACK
6
CONTINUOUS
10
4.0169400787401575
20
-3.0046722047244092
11
4.0180044881889767
21
-3.0051131102362203
0
LINE
8
BLACK
6
CONTINUOUS
10
4.0180044881889767
20
-3.0051131102362203
11
4.0184519685039373
21
-3.0054803543307087
0
LINE
8
BLACK
6
CONTINUOUS
10
4.0184519685039373
20
-3.0054803543307087
11
4.0199878740157482
21
-3.0070162992125984
0
LINE
8
BLACK
6
CONTINUOUS
10
4.0199878740157482
20
-3.0070162992125984
11
4.0226853543307088
21
-3.0083650393700787
0
LINE
8
BLACK
6
CONTINUOUS
10
4.0226853543307088
20
-3.0083650393700787
11
4.032539842519685
21
-3.0083650393700787
0
LINE
8
BLACK
6
CONTINUOUS
10
4.032539842519685
20
-3.0083650393700787
11
4.0352372834645669
21
-3.0070162992125984
0
LINE
8
BLACK
6
CONTINUOUS
10
4.0352372834645669
20
-3.0070162992125984
11
4.0364344094488187
21
-3.0058191338582678
0
LINE
8
BLACK
6
CONTINUOUS
10
4.0364344094488187
20
-3.0058191338582678
11
4.0377831889763778
21
-3.0031216535433072
0
LINE
8
BLACK
6
CONTINUOUS
10
4.0377831889763778
20
-3.0031216535433072
11
4.0377831889763778
21
-2.9951419291338581
0
LINE
8
BLACK
6
CONTINUOUS
10
4.0377831889763778
20
-2.9951419291338581
11
4.0364344488188975
21
-2.9924444488188975
0
LINE
8
BLACK
6
CONTINUOUS
10
4.0364344488188975
20
-2.9924444488188975
11
4.0352373228346456
21
-2.9912473228346457
0
LINE
8
BLACK
6
CONTINUOUS
10
4.0352373228346456
20
-2.9912473228346457
11
4.032539842519685
21
-2.9898985826771654
0
LINE
8
BLACK
6
CONTINUOUS
10
4.032539842519685
20
-2.9898985826771654
11
4.0276125984251969
21
-2.9898985826771654
0
LINE
8
BLACK
6
CONTINUOUS
10
4.0276125984251969
20
-2.9898985826771654
11
4.0273079133858269
21
-2.9898685433070864
0
LINE
8
BLACK
6
CONTINUOUS
10
4.0273079133858269
20
-2.9898685433070864
11
4.0272304724409445
21
-2.9898737401574804
0
LINE
8
BLACK
6
CONTINUOUS
10
4.0272304724409445
20
-2.9898737401574804
11
4.0271770866141727
21
-2.9898556692913387
0
LINE
8
BLACK
6
CONTINUOUS
10
4.0271770866141727
20
-2.9898556692913387
11
4.0270365354330711
21
-2.9898418503937005
0
LINE
8
BLACK
6
CONTINUOUS
10
4.0270365354330711
20
-2.9898418503937005
11
4.026593307086614
21
-2.9896582283464568
0
LINE
8
BLACK
6
CONTINUOUS
10
4.026593307086614
20
-2.9896582283464568
11
4.0261390944881885
21
-2.9895046456692911
0
LINE
8
BLACK
6
CONTINUOUS
10
4.0261390944881885
20
-2.9895046456692911
11
4.0260640944881887
21
-2.98943905511811
0
LINE
8
BLACK
6
CONTINUOUS
10
4.0260640944881887
20
-2.98943905511811
11
4.0259721259842518
21
-2.9894009448818899
0
LINE
8
BLACK
6
CONTINUOUS
10
4.0259721259842518
20
-2.9894009448818899
11
4.0256331102362202
21
-2.9890619291338583
0
LINE
8
BLACK
6
CONTINUOUS
10
4.0256331102362202
20
-2.9890619291338583
11
4.0252720078740154
21
-2.9887459842519686
0
LINE
8
BLACK
6
CONTINUOUS
10
4.0252720078740154
20
-2.9887459842519686
11
4.0252277952755904
21
-2.9886566141732285
0
LINE
8
BLACK
6
CONTINUOUS
10
4.0252277952755904
20
-2.9886566141732285
11
4.0251574803149603
21
-2.9885862992125984
0
LINE
8
BLACK
6
CONTINUOUS
10
4.0251574803149603
20
-2.9885862992125984
11
4.0249739763779528
21
-2.9881433464566927
0
LINE
8
BLACK
6
CONTINUOUS
10
4.0249739763779528
20
-2.9881433464566927
11
4.0247612992125985
21
-2.9877132283464567
0
LINE
8
BLACK
6
CONTINUOUS
10
4.0247612992125985
20
-2.9877132283464567
11
4.0247546456692911
21
-2.9876138582677165
0
LINE
8
BLACK
6
CONTINUOUS
10
4.0247546456692911
20
-2.9876138582677165
11
4.0247165748031497
21
-2.9875218897637796
0
LINE
8
BLACK
6
CONTINUOUS
10
4.0247165748031497
20
-2.9875218897637796
11
4.0247165748031497
21
-2.9870421653543304
0
LINE
8
BLACK
6
CONTINUOUS
10
4.0247165748031497
20
-2.9870421653543304
11
4.0246846850393698
21
-2.9865637007874013
0
LINE
8
BLACK
6
CONTINUOUS
10
4.0246846850393698
20
-2.9865637007874013
11
4.0247165748031497
21
-2.9864693700787401
0
LINE
8
BLACK
6
CONTINUOUS
10
4.0247165748031497
20
-2.9864693700787401
11
4.0247165748031497
21
-2.9863697637795275
0
LINE
8
BLACK
6
CONTINUOUS
10
4.0247165748031497
20
-2.9863697637795275
11
4.0249001574803147
21
-2.9859265354330708
0
LINE
8
BLACK
6
CONTINUOUS
10
4.0249001574803147
20
-2.9859265354330708
11
4.0250537795275587
21
-2.9854723228346458
0
LINE
8
BLACK
6
CONTINUOUS
10
4.0250537795275587
20
-2.9854723228346458
11
4.0251358661417322
21
-2.985357440944882
0
LINE
8
BLACK
6
CONTINUOUS
10
4.0251358661417322
20
-2.985357440944882
11
4.0251574803149603
21
-2.9853053543307086
0
LINE
8
BLACK
6
CONTINUOUS
10
4.0251574803149603
20
-2.9853053543307086
11
4.0252124015748034
21
-2.9852503937007873
0
LINE
8
BLACK
6
CONTINUOUS
10
4.0252124015748034
20
-2.9852503937007873
11
4.0253904330708661
21
-2.9850014173228345
0
LINE
8
BLACK
6
CONTINUOUS
10
4.0253904330708661
20
-2.9850014173228345
11
4.0342287795275587
21
-2.9749004724409449
0
LINE
8
BLACK
6
CONTINUOUS
10
4.0342287795275587
20
-2.9749004724409449
11
4.0163640157480316
21
-2.9749004724409449
0
LINE
8
BLACK
6
CONTINUOUS
10
4.0163640157480316
20
-2.9749004724409449
11
4.0157879527559057
21
-2.9748437401574801
0
LINE
8
BLACK
6
CONTINUOUS
10
4.0157879527559057
20
-2.9748437401574801
11
4.0147235433070865
21
-2.974402834645669
0
LINE
8
BLACK
6
CONTINUOUS
10
4.0147235433070865
20
-2.974402834645669
11
4.013908897637795
21
-2.973588188976378
0
LINE
8
BLACK
6
CONTINUOUS
10
4.013908897637795
20
-2.973588188976378
11
4.0134679921259844
21
-2.9725237795275592
0
LINE
8
BLACK
6
CONTINUOUS
10
4.0134679921259844
20
-2.9725237795275592
11
4.0134679921259844
21
-2.971371653543307
0
LINE
8
BLACK
6
CONTINUOUS
10
4.0134679921259844
20
-2.971371653543307
11
4.013908897637795
21
-2.9703072440944882
0
LINE
8
BLACK
6
CONTINUOUS
10
4.013908897637795
20
-2.9703072440944882
11
4.0147235433070865
21
-2.9694925984251967
0
LINE
8
BLACK
6
CONTINUOUS
10
4.0147235433070865
20
-2.9694925984251967
11
4.0157879527559057
21
-2.9690516929133857
0
LINE
8
BLACK
6
CONTINUOUS
10
4.0157879527559057
20
-2.9690516929133857
11
4.0163640157480316
21
-2.9689949606299213
0
LINE
8
BLACK
6
CONTINUOUS
10
4.0163640157480316
20
-2.9689949606299213
11
4.0407359448818898
21
-2.9689949606299213
0
LINE
8
BLACK
6
CONTINUOUS
10
4.0407359448818898
20
-2.9689949606299213
11
4.041040590551181
21
-2.9690249606299211
0
LINE
8
BLACK
6
CONTINUOUS
10
4.1181774409448817
20
-3.0084217716535431
11
4.1192418503937009
21
-3.0088626771653542
0
LINE
8
BLACK
6
CONTINUOUS
10
4.1192418503937009
20
-3.0088626771653542
11
4.1200564960629924
21
-3.0096773228346456
0
LINE
8
BLACK
6
CONTINUOUS
10
4.1200564960629924
20
-3.0096773228346456
11
4.120497401574803
21
-3.0107417322834644
0
LINE
8
BLACK
6
CONTINUOUS
10
4.120497401574803
20
-3.0107417322834644
11
4.120497401574803
21
-3.0118938582677166
0
LINE
8
BLACK
6
CONTINUOUS
10
4.120497401574803
20
-3.0118938582677166
11
4.1200564960629924
21
-3.0129582677165354
0
LINE
8
BLACK
6
CONTINUOUS
10
4.1200564960629924
20
-3.0129582677165354
11
4.1192418503937009
21
-3.0137729133858269
0
LINE
8
BLACK
6
CONTINUOUS
10
4.1192418503937009
20
-3.0137729133858269
11
4.1181774409448817
21
-3.0142138188976375
0
LINE
8
BLACK
6
CONTINUOUS
10
4.1181774409448817
20
-3.0142138188976375
11
4.1176013779527558
21
-3.0142705511811023
0
LINE
8
BLACK
6
CONTINUOUS
10
4.1176013779527558
20
-3.0142705511811023
11
4.0876051181102362
21
-3.0142705511811023
0
LINE
8
BLACK
6
CONTINUOUS
10
4.0876051181102362
20
-3.0142705511811023
11
4.0870290551181103
21
-3.0142138188976375
0
LINE
8
BLACK
6
CONTINUOUS
10
4.0870290551181103
20
-3.0142138188976375
11
4.0859646456692911
21
-3.0137729133858269
0
LINE
8
BLACK
6
CONTINUOUS
10
4.0859646456692911
20
-3.0137729133858269
11
4.0851499999999996
21
-3.0129582677165354
0
LINE
8
BLACK
6
CONTINUOUS
10
4.0851499999999996
20
-3.0129582677165354
11
4.084709094488189
21
-3.0118938582677166
0
LINE
8
BLACK
6
CONTINUOUS
10
4.084709094488189
20
-3.0118938582677166
11
4.084709094488189
21
-3.0107417322834644
0
LINE
8
BLACK
6
CONTINUOUS
10
4.084709094488189
20
-3.0107417322834644
11
4.0851499999999996
21
-3.0096773228346456
0
LINE
8
BLACK
6
CONTINUOUS
10
4.0851499999999996
20
-3.0096773228346456
11
4.0859646456692911
21
-3.0088626771653542
0
LINE
8
BLACK
6
CONTINUOUS
10
4.0859646456692911
20
-3.0088626771653542
11
4.0870290551181103
21
-3.0084217716535431
0
LINE
8
BLACK
6
CONTINUOUS
10
4.0870290551181103
20
-3.0084217716535431
11
4.0876051181102362
21
-3.0083650393700787
0
LINE
8
BLACK
6
CONTINUOUS
10
4.0876051181102362
20
-3.0083650393700787
11
4.1176013779527558
21
-3.0083650393700787
0
LINE
8
BLACK
6
CONTINUOUS
10
4.1176013779527558
20
-3.0083650393700787
11
4.1181774409448817
21
-3.0084217716535431
0
LINE
8
BLACK
6
CONTINUOUS
10
4.1781699212598422
20
-2.9690516929133857
11
4.1782679133858265
21
-2.9690922834645668
0
LINE
8
BLACK
6
CONTINUOUS
10
4.1782679133858265
20
-2.9690922834645668
11
4.1783737401574799
21
-2.9690998031496063
0
LINE
8
BLACK
6
CONTINUOUS
10
4.1783737401574799
20
-2.9690998031496063
11
4.1789143700787399
21
-2.9693066929133858
0
LINE
8
BLACK
6
CONTINUOUS
10
4.1789143700787399
20
-2.9693066929133858
11
4.182663897637795
21
-2.9711814566929133
0
LINE
8
BLACK
6
CONTINUOUS
10
4.182663897637795
20
-2.9711814566929133
11
4.1829118897637798
21
-2.9713375196850391
0
LINE
8
BLACK
6
CONTINUOUS
10
4.1829118897637798
20
-2.9713375196850391
11
4.1829838582677166
21
-2.9713673622047243
0
LINE
8
BLACK
6
CONTINUOUS
10
4.1829838582677166
20
-2.9713673622047243
11
4.1830648031496063
21
-2.9714338188976379
0
LINE
8
BLACK
6
CONTINUOUS
10
4.1830648031496063
20
-2.9714338188976379
11
4.1831537795275588
21
-2.9714898031496064
0
LINE
8
BLACK
6
CONTINUOUS
10
4.1831537795275588
20
-2.9714898031496064
11
4.1832049212598426
21
-2.9715487795275588
0
LINE
8
BLACK
6
CONTINUOUS
10
4.1832049212598426
20
-2.9715487795275588
11
4.1834312992125984
21
-2.971734566929134
0
LINE
8
BLACK
6
CONTINUOUS
10
4.1834312992125984
20
-2.971734566929134
11
4.1853060629921259
21
-2.9736093307086615
0
LINE
8
BLACK
6
CONTINUOUS
10
4.1853060629921259
20
-2.9736093307086615
11
4.1854918110236223
21
-2.9738356692913386
0
LINE
8
BLACK
6
CONTINUOUS
10
4.1854918110236223
20
-2.9738356692913386
11
4.185550826771653
21
-2.9738868503937006
0
LINE
8
BLACK
6
CONTINUOUS
10
4.185550826771653
20
-2.9738868503937006
11
4.1856067716535428
21
-2.9739757874015749
0
LINE
8
BLACK
6
CONTINUOUS
10
4.1856067716535428
20
-2.9739757874015749
11
4.1856732677165356
21
-2.9740567716535433
0
LINE
8
BLACK
6
CONTINUOUS
10
4.1856732677165356
20
-2.9740567716535433
11
4.1857030708661416
21
-2.9741287007874013
0
LINE
8
BLACK
6
CONTINUOUS
10
4.1857030708661416
20
-2.9741287007874013
11
4.1858591732283461
21
-2.9743767322834644
0
LINE
8
BLACK
6
CONTINUOUS
10
4.1858591732283461
20
-2.9743767322834644
11
4.1877339370078737
21
-2.9781262598425196
0
LINE
8
BLACK
6
CONTINUOUS
10
4.1877339370078737
20
-2.9781262598425196
11
4.1877500393700791
21
-2.9781683464566928
0
LINE
8
BLACK
6
CONTINUOUS
10
4.1877500393700791
20
-2.9781683464566928
11
4.1877627559055117
21
-2.9781855118110236
0
LINE
8
BLACK
6
CONTINUOUS
10
4.1877627559055117
20
-2.9781855118110236
11
4.18784905511811
21
-2.9784270866141731
0
LINE
8
BLACK
6
CONTINUOUS
10
4.18784905511811
20
-2.9784270866141731
11
4.1879408267716531
21
-2.9786668503937008
0
LINE
8
BLACK
6
CONTINUOUS
10
4.1879408267716531
20
-2.9786668503937008
11
4.1879423228346457
21
-2.9786881102362206
0
LINE
8
BLACK
6
CONTINUOUS
10
4.1879423228346457
20
-2.9786881102362206
11
4.1879575196850389
21
-2.9787306299212597
0
LINE
8
BLACK
6
CONTINUOUS
10
4.1879575196850389
20
-2.9787306299212597
11
4.1898322834645665
21
-2.9862296850393699
0
LINE
8
BLACK
6
CONTINUOUS
10
4.1898322834645665
20
-2.9862296850393699
11
4.1898470472440943
21
-2.9863295275590551
0
LINE
8
BLACK
6
CONTINUOUS
10
4.1898470472440943
20
-2.9863295275590551
11
4.1898637007874013
21
-2.9863697637795275
0
LINE
8
BLACK
6
CONTINUOUS
10
4.1898637007874013
20
-2.9863697637795275
11
4.1898850393700791
21
-2.9865867716535432
0
LINE
8
BLACK
6
CONTINUOUS
10
4.1898850393700791
20
-2.9865867716535432
11
4.189916929133858
21
-2.9868022834645669
0
LINE
8
BLACK
6
CONTINUOUS
10
4.189916929133858
20
-2.9868022834645669
11
4.1899105118110231
21
-2.986845275590551
0
LINE
8
BLACK
6
CONTINUOUS
10
4.1899105118110231
20
-2.986845275590551
11
4.1899204330708661
21
-2.9869458267716533
0
LINE
8
BLACK
6
CONTINUOUS
10
4.1899204330708661
20
-2.9869458267716533
11
4.1899204330708661
21
-2.9963196456692911
0
LINE
8
BLACK
6
CONTINUOUS
10
4.1899204330708661
20
-2.9963196456692911
11
4.1899105118110231
21
-2.9964201574803151
0
LINE
8
BLACK
6
CONTINUOUS
10
4.1899105118110231
20
-2.9964201574803151
11
4.189916929133858
21
-2.996463188976378
0
LINE
8
BLACK
6
CONTINUOUS
10
4.189916929133858
20
-2.996463188976378
11
4.1898850393700791
21
-2.9966786614173229
0
LINE
8
BLACK
6
CONTINUOUS
10
4.1898850393700791
20
-2.9966786614173229
11
4.1898637007874013
21
-2.9968957086614174
0
LINE
8
BLACK
6
CONTINUOUS
10
4.1898637007874013
20
-2.9968957086614174
11
4.1898470472440943
21
-2.996935905511811
0
LINE
8
BLACK
6
CONTINUOUS
10
4.1898470472440943
20
-2.996935905511811
11
4.1898322834645665
21
-2.9970357874015749
0
LINE
8
BLACK
6
CONTINUOUS
10
4.1898322834645665
20
-2.9970357874015749
11
4.1879575196850389
21
-3.0045348425196852
0
LINE
8
BLACK
6
CONTINUOUS
10
4.1879575196850389
20
-3.0045348425196852
11
4.1879423228346457
21
-3.0045773228346455
0
LINE
8
BLACK
6
CONTINUOUS
10
4.1879423228346457
20
-3.0045773228346455
11
4.1879408267716531
21
-3.004598622047244
0
LINE
8
BLACK
6
CONTINUOUS
10
4.1879408267716531
20
-3.004598622047244
11
4.18784905511811
21
-3.004838346456693
0
LINE
8
BLACK
6
CONTINUOUS
10
4.18784905511811
20
-3.004838346456693
11
4.1877627559055117
21
-3.0050799606299212
0
LINE
8
BLACK
6
CONTINUOUS
10
4.1877627559055117
20
-3.0050799606299212
11
4.1877500393700791
21
-3.0050970866141733
0
LINE
8
BLACK
6
CONTINUOUS
10
4.1877500393700791
20
-3.0050970866141733
11
4.1877339370078737
21
-3.0051392125984253
0
LINE
8
BLACK
6
CONTINUOUS
10
4.1877339370078737
20
-3.0051392125984253
11
4.1858591732283461
21
-3.0088887401574804
0
LINE
8
BLACK
6
CONTINUOUS
10
4.1858591732283461
20
-3.0088887401574804
11
4.1857031102362203
21
-3.0091366141732281
0
LINE
8
BLACK
6
CONTINUOUS
10
4.1857031102362203
20
-3.0091366141732281
11
4.1856733070866143
21
-3.0092086614173228
0
LINE
8
BLACK
6
CONTINUOUS
10
4.1856733070866143
20
-3.0092086614173228
11
4.1856067716535428
21
-3.00928968503937
0
LINE
8
BLACK
6
CONTINUOUS
10
4.1856067716535428
20
-3.00928968503937
11
4.185550826771653
21
-3.0093786220472438
0
LINE
8
BLACK
6
CONTINUOUS
10
4.185550826771653
20
-3.0093786220472438
11
4.1854918110236223
21
-3.0094297637795275
0
LINE
8
BLACK
6
CONTINUOUS
10
4.1854918110236223
20
-3.0094297637795275
11
4.1853060629921259
21
-3.0096561417322834
0
LINE
8
BLACK
6
CONTINUOUS
10
4.1853060629921259
20
-3.0096561417322834
11
4.1834313385826771
21
-3.0115309055118109
0
LINE
8
BLACK
6
CONTINUOUS
10
4.1834313385826771
20
-3.0115309055118109
11
4.1832049606299213
21
-3.0117166535433069
0
LINE
8
BLACK
6
CONTINUOUS
10
4.1832049606299213
20
-3.0117166535433069
11
4.1831537795275588
21
-3.0117757086614172
0
LINE
8
BLACK
6
CONTINUOUS
10
4.1831537795275588
20
-3.0117757086614172
11
4.1830648031496063
21
-3.0118316929133857
0
LINE
8
BLACK
6
CONTINUOUS
10
4.1830648031496063
20
-3.0118316929133857
11
4.1829838582677166
21
-3.0118981496062993
0
LINE
8
BLACK
6
CONTINUOUS
10
4.1829838582677166
20
-3.0118981496062993
11
4.1829118897637798
21
-3.0119279527559053
0
LINE
8
BLACK
6
CONTINUOUS
10
4.1829118897637798
20
-3.0119279527559053
11
4.182663897637795
21
-3.0120840551181103
0
LINE
8
BLACK
6
CONTINUOUS
10
4.182663897637795
20
-3.0120840551181103
11
4.1789143700787399
21
-3.0139588188976378
0
LINE
8
BLACK
6
CONTINUOUS
10
4.1789143700787399
20
-3.0139588188976378
11
4.1783737401574799
21
-3.0141657086614173
0
LINE
8
BLACK
6
CONTINUOUS
10
4.1783737401574799
20
-3.0141657086614173
11
4.1782679133858265
21
-3.0141731889763781
0
LINE
8
BLACK
6
CONTINUOUS
10
4.1782679133858265
20
-3.0141731889763781
11
4.1781699212598422
21
-3.0142138188976375
0
LINE
8
BLACK
6
CONTINUOUS
10
4.1781699212598422
20
-3.0142138188976375
11
4.1775938582677163
21
-3.0142705511811023
0
LINE
8
BLACK
6
CONTINUOUS
10
4.1775938582677163
20
-3.0142705511811023
11
4.1738443307086612
21
-3.0142705511811023
0
LINE
8
BLACK
6
CONTINUOUS
10
4.1738443307086612
20
-3.0142705511811023
11
4.1732682677165354
21
-3.0142138188976375
0
LINE
8
BLACK
6
CONTINUOUS
10
4.1732682677165354
20
-3.0142138188976375
11
4.1731702755905511
21
-3.0141732283464568
0
LINE
8
BLACK
6
CONTINUOUS
10
4.1731702755905511
20
-3.0141732283464568
11
4.173064409448819
21
-3.0141657086614173
0
LINE
8
BLACK
6
CONTINUOUS
10
4.173064409448819
20
-3.0141657086614173
11
4.1725238188976377
21
-3.0139588188976378
0
LINE
8
BLACK
6
CONTINUOUS
10
4.1725238188976377
20
-3.0139588188976378
11
4.1687742913385826
21
-3.0120840551181103
0
LINE
8
BLACK
6
CONTINUOUS
10
4.1687742913385826
20
-3.0120840551181103
11
4.1685262598425199
21
-3.0119279527559053
0
LINE
8
BLACK
6
CONTINUOUS
10
4.1685262598425199
20
-3.0119279527559053
11
4.168454330708661
21
-3.0118981496062993
0
LINE
8
BLACK
6
CONTINUOUS
10
4.168454330708661
20
-3.0118981496062993
11
4.1683733464566926
21
-3.0118316929133857
0
LINE
8
BLACK
6
CONTINUOUS
10
4.1683733464566926
20
-3.0118316929133857
11
4.1682844094488187
21
-3.0117757086614172
0
LINE
8
BLACK
6
CONTINUOUS
10
4.1682844094488187
20
-3.0117757086614172
11
4.1682331889763775
21
-3.0117166535433069
0
LINE
8
BLACK
6
CONTINUOUS
10
4.1682331889763775
20
-3.0117166535433069
11
4.1680068503937004
21
-3.0115309055118109
0
LINE
8
BLACK
6
CONTINUOUS
10
4.1680068503937004
20
-3.0115309055118109
11
4.1661320866141729
21
-3.0096561023622046
0
LINE
8
BLACK
6
CONTINUOUS
10
4.1661320866141729
20
-3.0096561023622046
11
4.1659463385826774
21
-3.0094297637795275
0
LINE
8
BLACK
6
CONTINUOUS
10
4.1659463385826774
20
-3.0094297637795275
11
4.1658873622047246
21
-3.0093786220472438
0
LINE
8
BLACK
6
CONTINUOUS
10
4.1658873622047246
20
-3.0093786220472438
11
4.165831377952756
21
-3.00928968503937
0
LINE
8
BLACK
6
CONTINUOUS
10
4.165831377952756
20
-3.00928968503937
11
4.1657648818897641
21
-3.0092086614173228
0
LINE
8
BLACK
6
CONTINUOUS
10
4.1657648818897641
20
-3.0092086614173228
11
4.1657350393700785
21
-3.0091366141732281
0
LINE
8
BLACK
6
CONTINUOUS
10
4.1657350393700785
20
-3.0091366141732281
11
4.1655790157480315
21
-3.0088887401574804
0
LINE
8
BLACK
6
CONTINUOUS
10
4.1655790157480315
20
-3.0088887401574804
11
4.1637042519685039
21
-3.0051392125984253
0
LINE
8
BLACK
6
CONTINUOUS
10
4.1637042519685039
20
-3.0051392125984253
11
4.1636881102362207
21
-3.0050970866141733
0
LINE
8
BLACK
6
CONTINUOUS
10
4.1636881102362207
20
-3.0050970866141733
11
4.1636754330708659
21
-3.0050799606299212
0
LINE
8
BLACK
6
CONTINUOUS
10
4.1636754330708659
20
-3.0050799606299212
11
4.1635889763779526
21
-3.0048379921259842
0
LINE
8
BLACK
6
CONTINUOUS
10
4.1635889763779526
20
-3.0048379921259842
11
4.1634973622047244
21
-3.0045985826771653
0
LINE
8
BLACK
6
CONTINUOUS
10
4.1634973622047244
20
-3.0045985826771653
11
4.1634958267716531
21
-3.0045773228346455
0
LINE
8
BLACK
6
CONTINUOUS
10
4.1634958267716531
20
-3.0045773228346455
11
4.1634806692913386
21
-3.0045348425196852
0
LINE
8
BLACK
6
CONTINUOUS
10
4.1634806692913386
20
-3.0045348425196852
11
4.1616059055118111
21
-2.9970357874015749
0
LINE
8
BLACK
6
CONTINUOUS
10
4.1616059055118111
20
-2.9970357874015749
11
4.1615911023622045
21
-2.996935905511811
0
LINE
8
BLACK
6
CONTINUOUS
10
4.1615911023622045
20
-2.996935905511811
11
4.1615744881889762
21
-2.9968957086614174
0
LINE
8
BLACK
6
CONTINUOUS
10
4.1615744881889762
20
-2.9968957086614174
11
4.1615531102362207
21
-2.9966786614173229
0
LINE
8
BLACK
6
CONTINUOUS
10
4.1615531102362207
20
-2.9966786614173229
11
4.1615212598425195
21
-2.996463188976378
0
LINE
8
BLACK
6
CONTINUOUS
10
4.1615212598425195
20
-2.996463188976378
11
4.1615276377952757
21
-2.9964201574803151
0
LINE
8
BLACK
6
CONTINUOUS
10
4.1615276377952757
20
-2.9964201574803151
11
4.1615177559055114
21
-2.9963196456692911
0
LINE
8
BLACK
6
CONTINUOUS
10
4.1615177559055114
20
-2.9963196456692911
11
4.1615177559055114
21
-2.9869458267716533
0
LINE
8
BLACK
6
CONTINUOUS
10
4.1615177559055114
20
-2.9869458267716533
11
4.1615276377952757
21
-2.986845275590551
0
LINE
8
BLACK
6
CONTINUOUS
10
4.1615276377952757
20
-2.986845275590551
11
4.1615212598425195
21
-2.9868022834645669
0
LINE
8
BLACK
6
CONTINUOUS
10
4.1615212598425195
20
-2.9868022834645669
11
4.1615531102362207
21
-2.9865867716535432
0
LINE
8
BLACK
6
CONTINUOUS
10
4.1615531102362207
20
-2.9865867716535432
11
4.1615744881889762
21
-2.9863697637795275
0
LINE
8
BLACK
6
CONTINUOUS
10
4.1615744881889762
20
-2.9863697637795275
11
4.1615911023622045
21
-2.9863295275590551
0
LINE
8
BLACK
6
CONTINUOUS
10
4.1615911023622045
20
-2.9863295275590551
11
4.1616059055118111
21
-2.9862296850393699
0
LINE
8
BLACK
6
CONTINUOUS
10
4.1616059055118111
20
-2.9862296850393699
11
4.1634806692913386
21
-2.9787306299212597
0
LINE
8
BLACK
6
CONTINUOUS
10
4.1634806692913386
20
-2.9787306299212597
11
4.1634958267716531
21
-2.9786881102362206
0
LINE
8
BLACK
6
CONTINUOUS
10
4.1634958267716531
20
-2.9786881102362206
11
4.1634973622047244
21
-2.9786668897637796
0
LINE
8
BLACK
6
CONTINUOUS
10
4.1634973622047244
20
-2.9786668897637796
11
4.1635889763779526
21
-2.9784274409448819
0
LINE
8
BLACK
6
CONTINUOUS
10
4.1635889763779526
20
-2.9784274409448819
11
4.1636754330708659
21
-2.9781855118110236
0
LINE
8
BLACK
6
CONTINUOUS
10
4.1636754330708659
20
-2.9781855118110236
11
4.1636881102362207
21
-2.9781683464566928
0
LINE
8
BLACK
6
CONTINUOUS
10
4.1636881102362207
20
-2.9781683464566928
11
4.1637042519685039
21
-2.9781262598425196
0
LINE
8
BLACK
6
CONTINUOUS
10
4.1637042519685039
20
-2.9781262598425196
11
4.1655790157480315
21
-2.9743767322834644
0
LINE
8
BLACK
6
CONTINUOUS
10
4.1655790157480315
20
-2.9743767322834644
11
4.1657350787401572
21
-2.9741287007874013
0
LINE
8
BLACK
6
CONTINUOUS
10
4.1657350787401572
20
-2.9741287007874013
11
4.165764921259842
21
-2.9740567716535433
0
LINE
8
BLACK
6
CONTINUOUS
10
4.165764921259842
20
-2.9740567716535433
11
4.165831377952756
21
-2.9739757874015749
0
LINE
8
BLACK
6
CONTINUOUS
10
4.165831377952756
20
-2.9739757874015749
11
4.1658873622047246
21
-2.9738868503937006
0
LINE
8
BLACK
6
CONTINUOUS
10
4.1658873622047246
20
-2.9738868503937006
11
4.1659463385826774
21
-2.9738356692913386
0
LINE
8
BLACK
6
CONTINUOUS
10
4.1659463385826774
20
-2.9738356692913386
11
4.1661321259842516
21
-2.9736093307086615
0
LINE
8
BLACK
6
CONTINUOUS
10
4.1661321259842516
20
-2.9736093307086615
11
4.1680068897637792
21
-2.971734566929134
0
LINE
8
BLACK
6
CONTINUOUS
10
4.1680068897637792
20
-2.971734566929134
11
4.1682332283464563
21
-2.9715487795275588
0
LINE
8
BLACK
6
CONTINUOUS
10
4.1682332283464563
20
-2.9715487795275588
11
4.1682844094488187
21
-2.9714898031496064
0
LINE
8
BLACK
6
CONTINUOUS
10
4.1682844094488187
20
-2.9714898031496064
11
4.1683733464566926
21
-2.9714338188976379
0
LINE
8
BLACK
6
CONTINUOUS
10
4.1683733464566926
20
-2.9714338188976379
11
4.168454330708661
21
-2.9713673622047243
0
LINE
8
BLACK
6
CONTINUOUS
10
4.168454330708661
20
-2.9713673622047243
11
4.1685262598425199
21
-2.9713375196850391
0
LINE
8
BLACK
6
CONTINUOUS
10
4.1685262598425199
20
-2.9713375196850391
11
4.1687742913385826
21
-2.9711814566929133
0
LINE
8
BLACK
6
CONTINUOUS
10
4.1687742913385826
20
-2.9711814566929133
11
4.1725238188976377
21
-2.9693066929133858
0
LINE
8
BLACK
6
CONTINUOUS
10
4.1725238188976377
20
-2.9693066929133858
11
4.173064409448819
21
-2.9690998031496063
0
LINE
8
BLACK
6
CONTINUOUS
10
4.173064409448819
20
-2.9690998031496063
11
4.1731702755905511
21
-2.969092244094488
0
LINE
8
BLACK
6
CONTINUOUS
10
4.1731702755905511
20
-2.969092244094488
11
4.1732682677165354
21
-2.9690516929133857
0
LINE
8
BLACK
6
CONTINUOUS
10
4.1732682677165354
20
-2.9690516929133857
11
4.1738443307086612
21
-2.9689949606299213
0
LINE
8
BLACK
6
CONTINUOUS
10
4.1738443307086612
20
-2.9689949606299213
11
4.1775938582677163
21
-2.9689949606299213
0
LINE
8
BLACK
6
CONTINUOUS
10
4.1775938582677163
20
-2.9689949606299213
11
4.1781699212598422
21
-2.9690516929133857
0
LINE
8
BLACK
6
CONTINUOUS
10
4.1718438976377952
20
-2.9762492125984252
11
4.1706467716535434
21
-2.977446338582677
0
LINE
8
BLACK
6
CONTINUOUS
10
4.1706467716535434
20
-2.977446338582677
11
4.1691312598425192
21
-2.9804773228346457
0
LINE
8
BLACK
6
CONTINUOUS
10
4.1691312598425192
20
-2.9804773228346457
11
4.1674232677165355
21
-2.9873093700787403
0
LINE
8
BLACK
6
CONTINUOUS
10
4.1674232677165355
20
-2.9873093700787403
11
4.1674232677165355
21
-2.9959561023622046
0
LINE
8
BLACK
6
CONTINUOUS
10
4.1674232677165355
20
-2.9959561023622046
11
4.1691312598425192
21
-3.0027881496062991
0
LINE
8
BLACK
6
CONTINUOUS
10
4.1691312598425192
20
-3.0027881496062991
11
4.1706467716535434
21
-3.0058191338582678
0
LINE
8
BLACK
6
CONTINUOUS
10
4.1706467716535434
20
-3.0058191338582678
11
4.1718438976377952
21
-3.0070162992125984
0
LINE
8
BLACK
6
CONTINUOUS
10
4.1718438976377952
20
-3.0070162992125984
11
4.1745413779527558
21
-3.0083650393700787
0
LINE
8
BLACK
6
CONTINUOUS
10
4.1745413779527558
20
-3.0083650393700787
11
4.1768968110236218
21
-3.0083650393700787
0
LINE
8
BLACK
6
CONTINUOUS
10
4.1768968110236218
20
-3.0083650393700787
11
4.1795942519685036
21
-3.0070162992125984
0
LINE
8
BLACK
6
CONTINUOUS
10
4.1795942519685036
20
-3.0070162992125984
11
4.1807913779527555
21
-3.0058191338582678
0
LINE
8
BLACK
6
CONTINUOUS
10
4.1807913779527555
20
-3.0058191338582678
11
4.1823068897637796
21
-3.0027881496062991
0
LINE
8
BLACK
6
CONTINUOUS
10
4.1823068897637796
20
-3.0027881496062991
11
4.1840149212598421
21
-2.9959561023622046
0
LINE
8
BLACK
6
CONTINUOUS
10
4.1840149212598421
20
-2.9959561023622046
11
4.1840149212598421
21
-2.9873093700787403
0
LINE
8
BLACK
6
CONTINUOUS
10
4.1840149212598421
20
-2.9873093700787403
11
4.1823068897637796
21
-2.9804773228346457
0
LINE
8
BLACK
6
CONTINUOUS
10
4.1823068897637796
20
-2.9804773228346457
11
4.1807914173228342
21
-2.977446338582677
0
LINE
8
BLACK
6
CONTINUOUS
10
4.1807914173228342
20
-2.977446338582677
11
4.1795942913385824
21
-2.9762492125984252
0
LINE
8
BLACK
6
CONTINUOUS
10
4.1795942913385824
20
-2.9762492125984252
11
4.1768968110236218
21
-2.9749004724409449
0
LINE
8
BLACK
6
CONTINUOUS
10
4.1768968110236218
20
-2.9749004724409449
11
4.1745413779527558
21
-2.9749004724409449
0
LINE
8
BLACK
6
CONTINUOUS
10
4.1745413779527558
20
-2.9749004724409449
11
4.1718438976377952
21
-2.9762492125984252
0
LINE
8
BLACK
6
CONTINUOUS
10
4.2322457086614174
20
-2.9690516929133857
11
4.2325381102362201
21
-2.9690516929133857
0
LINE
8
BLACK
6
CONTINUOUS
10
4.2325381102362201
20
-2.9690516929133857
11
4.2328053543307087
21
-2.969162401574803
0
LINE
8
BLACK
6
CONTINUOUS
10
4.2328053543307087
20
-2.969162401574803
11
4.233089173228346
21
-2.9692185433070866
0
LINE
8
BLACK
6
CONTINUOUS
10
4.233089173228346
20
-2.9692185433070866
11
4.2333324409448814
21
-2.9693807086614172
0
LINE
8
BLACK
6
CONTINUOUS
10
4.2333324409448814
20
-2.9693807086614172
11
4.2336025196850393
21
-2.9694925984251967
0
LINE
8
BLACK
6
CONTINUOUS
10
4.2336025196850393
20
-2.9694925984251967
11
4.233806968503937
21
-2.9696970472440944
0
LINE
8
BLACK
6
CONTINUOUS
10
4.233806968503937
20
-2.9696970472440944
11
4.2340477952755906
21
-2.9698575984251967
0
LINE
8
BLACK
6
CONTINUOUS
10
4.2340477952755906
20
-2.9698575984251967
11
4.2342105118110238
21
-2.9701005905511813
0
LINE
8
BLACK
6
CONTINUOUS
10
4.2342105118110238
20
-2.9701005905511813
11
4.2344171653543308
21
-2.9703072440944882
0
LINE
8
BLACK
6
CONTINUOUS
10
4.2344171653543308
20
-2.9703072440944882
11
4.234527834645669
21
-2.9705744488188977
0
LINE
8
BLACK
6
CONTINUOUS
10
4.234527834645669
20
-2.9705744488188977
11
4.2346888582677167
21
-2.9708148818897637
0
LINE
8
BLACK
6
CONTINUOUS
10
4.2346888582677167
20
-2.9708148818897637
11
4.2347461811023619
21
-2.9711015354330708
0
LINE
8
BLACK
6
CONTINUOUS
10
4.2347461811023619
20
-2.9711015354330708
11
4.2348580708661414
21
-2.971371653543307
0
LINE
8
BLACK
6
CONTINUOUS
10
4.2348580708661414
20
-2.971371653543307
11
4.2349141732283462
21
-2.9719415748031497
0
LINE
8
BLACK
6
CONTINUOUS
10
4.2349141732283462
20
-2.9719415748031497
11
4.2349148031496062
21
-2.9719446062992123
0
LINE
8
BLACK
6
CONTINUOUS
10
4.2349148031496062
20
-2.9719446062992123
11
4.2349145669291337
21
-2.9719456299212599
0
LINE
8
BLACK
6
CONTINUOUS
10
4.2349145669291337
20
-2.9719456299212599
11
4.2349148031496062
21
-2.9719477165354329
0
LINE
8
BLACK
6
CONTINUOUS
10
4.2349148031496062
20
-2.9719477165354329
11
4.2349148031496062
21
-3.0083650393700787
0
LINE
8
BLACK
6
CONTINUOUS
10
4.2349148031496062
20
-3.0083650393700787
11
4.2432106299212595
21
-3.0083650393700787
0
LINE
8
BLACK
6
CONTINUOUS
10
4.2432106299212595
20
-3.0083650393700787
11
4.2437866929133854
21
-3.0084217716535431
0
LINE
8
BLACK
6
CONTINUOUS
10
4.2437866929133854
20
-3.0084217716535431
11
4.2448511023622046
21
-3.0088626771653542
0
LINE
8
BLACK
6
CONTINUOUS
10
4.2448511023622046
20
-3.0088626771653542
11
4.2456657480314961
21
-3.0096773228346456
0
LINE
8
BLACK
6
CONTINUOUS
10
4.2456657480314961
20
-3.0096773228346456
11
4.2461066535433067
21
-3.0107417322834644
0
LINE
8
BLACK
6
CONTINUOUS
10
4.2461066535433067
20
-3.0107417322834644
11
4.2461066535433067
21
-3.0118938582677166
0
LINE
8
BLACK
6
CONTINUOUS
10
4.2461066535433067
20
-3.0118938582677166
11
4.2456657480314961
21
-3.0129582677165354
0
LINE
8
BLACK
6
CONTINUOUS
10
4.2456657480314961
20
-3.0129582677165354
11
4.2448511023622046
21
-3.0137729133858269
0
LINE
8
BLACK
6
CONTINUOUS
10
4.2448511023622046
20
-3.0137729133858269
11
4.2437866929133854
21
-3.0142138188976375
0
LINE
8
BLACK
6
CONTINUOUS
10
4.2437866929133854
20
-3.0142138188976375
11
4.2432106299212595
21
-3.0142705511811023
0
LINE
8
BLACK
6
CONTINUOUS
10
4.2432106299212595
20
-3.0142705511811023
11
4.2207134645669289
21
-3.0142705511811023
0
LINE
8
BLACK
6
CONTINUOUS
10
4.2207134645669289
20
-3.0142705511811023
11
4.220137401574803
21
-3.0142138188976375
0
LINE
8
BLACK
6
CONTINUOUS
10
4.220137401574803
20
-3.0142138188976375
11
4.2190729921259837
21
-3.0137729133858269
0
LINE
8
BLACK
6
CONTINUOUS
10
4.2190729921259837
20
-3.0137729133858269
11
4.2182583464566932
21
-3.0129582677165354
0
LINE
8
BLACK
6
CONTINUOUS
10
4.2182583464566932
20
-3.0129582677165354
11
4.2178174409448816
21
-3.0118938582677166
0
LINE
8
BLACK
6
CONTINUOUS
10
4.2178174409448816
20
-3.0118938582677166
11
4.2178174409448816
21
-3.0107417322834644
0
LINE
8
BLACK
6
CONTINUOUS
10
4.2178174409448816
20
-3.0107417322834644
11
4.2182583464566932
21
-3.0096773228346456
0
LINE
8
BLACK
6
CONTINUOUS
10
4.2182583464566932
20
-3.0096773228346456
11
4.2190729921259837
21
-3.0088626771653542
0
LINE
8
BLACK
6
CONTINUOUS
10
4.2190729921259837
20
-3.0088626771653542
11
4.220137401574803
21
-3.0084217716535431
0
LINE
8
BLACK
6
CONTINUOUS
10
4.220137401574803
20
-3.0084217716535431
11
4.2207134645669289
21
-3.0083650393700787
0
LINE
8
BLACK
6
CONTINUOUS
10
4.2207134645669289
20
-3.0083650393700787
11
4.2290092913385822
21
-3.0083650393700787
0
LINE
8
BLACK
6
CONTINUOUS
10
4.2290092913385822
20
-3.0083650393700787
11
4.2290092913385822
21
-2.9809510629921259
0
LINE
8
BLACK
6
CONTINUOUS
10
4.2290092913385822
20
-2.9809510629921259
11
4.2265509055118109
21
-2.9834094488188976
0
LINE
8
BLACK
6
CONTINUOUS
10
4.2265509055118109
20
-2.9834094488188976
11
4.2263245275590551
21
-2.9835951968503935
0
LINE
8
BLACK
6
CONTINUOUS
10
4.2263245275590551
20
-2.9835951968503935
11
4.2262733858267714
21
-2.9836542125984251
0
LINE
8
BLACK
6
CONTINUOUS
10
4.2262733858267714
20
-2.9836542125984251
11
4.2261844094488188
21
-2.9837101574803149
0
LINE
8
BLACK
6
CONTINUOUS
10
4.2261844094488188
20
-2.9837101574803149
11
4.2261034645669291
21
-2.9837766535433072
0
LINE
8
BLACK
6
CONTINUOUS
10
4.2261034645669291
20
-2.9837766535433072
11
4.2260314960629923
21
-2.9838064566929132
0
LINE
8
BLACK
6
CONTINUOUS
10
4.2260314960629923
20
-2.9838064566929132
11
4.2257835039370075
21
-2.9839625590551182
0
LINE
8
BLACK
6
CONTINUOUS
10
4.2257835039370075
20
-2.9839625590551182
11
4.2220339763779524
21
-2.9858373228346458
0
LINE
8
BLACK
6
CONTINUOUS
10
4.2220339763779524
20
-2.9858373228346458
11
4.2214933464566924
21
-2.9860442125984252
0
LINE
8
BLACK
6
CONTINUOUS
10
4.2214933464566924
20
-2.9860442125984252
11
4.2203441338582675
21
-2.986125866141732
0
LINE
8
BLACK
6
CONTINUOUS
10
4.2203441338582675
20
-2.986125866141732
11
4.2192511811023623
21
-2.9857615354330709
0
LINE
8
BLACK
6
CONTINUOUS
10
4.2192511811023623
20
-2.9857615354330709
11
4.2183807874015748
21
-2.9850066929133856
0
LINE
8
BLACK
6
CONTINUOUS
10
4.2183807874015748
20
-2.9850066929133856
11
4.2178655511811023
21
-2.9839761811023622
0
LINE
8
BLACK
6
CONTINUOUS
10
4.2178655511811023
20
-2.9839761811023622
11
4.217783897637795
21
-2.9828269685039368
0
LINE
8
BLACK
6
CONTINUOUS
10
4.217783897637795
20
-2.9828269685039368
11
4.2181482283464566
21
-2.9817340157480312
0
LINE
8
BLACK
6
CONTINUOUS
10
4.2181482283464566
20
-2.9817340157480312
11
4.2189030708661415
21
-2.9808636220472442
0
LINE
8
BLACK
6
CONTINUOUS
10
4.2189030708661415
20
-2.9808636220472442
11
4.2193929527559053
21
-2.9805552755905511
0
LINE
8
BLACK
6
CONTINUOUS
10
4.2193929527559053
20
-2.9805552755905511
11
4.2227138976377949
21
-2.9788948031496063
0
LINE
8
BLACK
6
CONTINUOUS
10
4.2227138976377949
20
-2.9788948031496063
11
4.2259177952755902
21
-2.975690905511811
0
LINE
8
BLACK
6
CONTINUOUS
10
4.2259177952755902
20
-2.975690905511811
11
4.2295051968503934
21
-2.9703098031496062
0
LINE
8
BLACK
6
CONTINUOUS
10
4.2295051968503934
20
-2.9703098031496062
11
4.229506535433071
21
-2.9703081102362203
0
LINE
8
BLACK
6
CONTINUOUS
10
4.229506535433071
20
-2.9703081102362203
11
4.2295069291338585
21
-2.9703072440944882
0
LINE
8
BLACK
6
CONTINUOUS
10
4.2295069291338585
20
-2.9703072440944882
11
4.229508937007874
21
-2.9703051968503935
0
LINE
8
BLACK
6
CONTINUOUS
10
4.229508937007874
20
-2.9703051968503935
11
4.2298719685039368
21
-2.9698619685039369
0
LINE
8
BLACK
6
CONTINUOUS
10
4.2298719685039368
20
-2.9698619685039369
11
4.2301148425196846
21
-2.9696992913385825
0
LINE
8
BLACK
6
CONTINUOUS
10
4.2301148425196846
20
-2.9696992913385825
11
4.2303215748031491
21
-2.9694925984251967
0
LINE
8
BLACK
6
CONTINUOUS
10
4.2303215748031491
20
-2.9694925984251967
11
4.2305888582677165
21
-2.9693818503937006
0
LINE
8
BLACK
6
CONTINUOUS
10
4.2305888582677165
20
-2.9693818503937006
11
4.2308292519685038
21
-2.9692209055118108
0
LINE
8
BLACK
6
CONTINUOUS
10
4.2308292519685038
20
-2.9692209055118108
11
4.2311158661417325
21
-2.9691635433070864
0
LINE
8
BLACK
6
CONTINUOUS
10
4.2311158661417325
20
-2.9691635433070864
11
4.2313859842519683
21
-2.9690516929133857
0
LINE
8
BLACK
6
CONTINUOUS
10
4.2313859842519683
20
-2.9690516929133857
11
4.2316752755905513
21
-2.9690516929133857
0
LINE
8
BLACK
6
CONTINUOUS
10
4.2316752755905513
20
-2.9690516929133857
11
4.2319589370078736
21
-2.9689949606299213
0
LINE
8
BLACK
6
CONTINUOUS
10
4.2319589370078736
20
-2.9689949606299213
11
4.2322457086614174
21
-2.9690516929133857
0
LINE
8
BLACK
6
CONTINUOUS
10
3.9647907086614174
20
-3.004814724409449
11
3.9655110236220472
21
-3.0051130708661415
0
LINE
8
BLACK
6
CONTINUOUS
10
3.9655110236220472
20
-3.0051130708661415
11
3.965511062992126
21
-3.0051131102362203
0
LINE
8
BLACK
6
CONTINUOUS
10
3.965511062992126
20
-3.0051131102362203
11
3.9659585433070865
21
-3.0054803543307087
0
LINE
8
BLACK
6
CONTINUOUS
10
3.9659585433070865
20
-3.0054803543307087
11
3.9678332677165353
21
-3.0073551181102363
0
LINE
8
BLACK
6
CONTINUOUS
10
3.9678332677165353
20
-3.0073551181102363
11
3.9682005118110237
21
-3.0078025984251968
0
LINE
8
BLACK
6
CONTINUOUS
10
3.9682005118110237
20
-3.0078025984251968
11
3.9686395669291339
21
-3.0088626771653542
0
LINE
8
BLACK
6
CONTINUOUS
10
3.9686395669291339
20
-3.0088626771653542
11
3.9686413779527556
21
-3.0088670078740156
0
LINE
8
BLACK
6
CONTINUOUS
10
3.9686413779527556
20
-3.0088670078740156
11
3.9686413779527556
21
-3.0100190944881891
0
LINE
8
BLACK
6
CONTINUOUS
10
3.9686413779527556
20
-3.0100190944881891
11
3.968200472440945
21
-3.0110835039370079
0
LINE
8
BLACK
6
CONTINUOUS
10
3.968200472440945
20
-3.0110835039370079
11
3.9678332677165353
21
-3.0115309448818897
0
LINE
8
BLACK
6
CONTINUOUS
10
3.9678332677165353
20
-3.0115309448818897
11
3.9659585039370078
21
-3.0134057086614172
0
LINE
8
BLACK
6
CONTINUOUS
10
3.9659585039370078
20
-3.0134057086614172
11
3.965511062992126
21
-3.0137729133858269
0
LINE
8
BLACK
6
CONTINUOUS
10
3.965511062992126
20
-3.0137729133858269
11
3.9644466535433072
21
-3.0142138188976375
0
LINE
8
BLACK
6
CONTINUOUS
10
3.9644466535433072
20
-3.0142138188976375
11
3.9644466141732284
21
-3.0142138188976375
0
LINE
8
BLACK
6
CONTINUOUS
10
3.9644466141732284
20
-3.0142138188976375
11
3.9632945669291337
21
-3.0142138188976375
0
LINE
8
BLACK
6
CONTINUOUS
10
3.9632945669291337
20
-3.0142138188976375
11
3.963294527559055
21
-3.0142138188976375
0
LINE
8
BLACK
6
CONTINUOUS
10
3.963294527559055
20
-3.0142138188976375
11
3.9622301181102362
21
-3.0137729133858269
0
LINE
8
BLACK
6
CONTINUOUS
10
3.9622301181102362
20
-3.0137729133858269
11
3.9617826771653544
21
-3.0134057086614172
0
LINE
8
BLACK
6
CONTINUOUS
10
3.9617826771653544
20
-3.0134057086614172
11
3.9599079133858268
21
-3.0115309448818897
0
LINE
8
BLACK
6
CONTINUOUS
10
3.9599079133858268
20
-3.0115309448818897
11
3.9595407086614172
21
-3.0110835039370079
0
LINE
8
BLACK
6
CONTINUOUS
10
3.9595407086614172
20
-3.0110835039370079
11
3.9592981102362206
21
-3.0104977952755907
0
LINE
8
BLACK
6
CONTINUOUS
10
3.9592981102362206
20
-3.0104977952755907
11
3.9590998031496061
21
-3.0100190944881891
0
LINE
8
BLACK
6
CONTINUOUS
10
3.9590998031496061
20
-3.0100190944881891
11
3.9590998031496061
21
-3.0088670078740156
0
LINE
8
BLACK
6
CONTINUOUS
10
3.9590998031496061
20
-3.0088670078740156
11
3.9595406692913384
21
-3.0078025984251968
0
LINE
8
BLACK
6
CONTINUOUS
10
3.9595406692913384
20
-3.0078025984251968
11
3.9599078740157481
21
-3.007355157480315
0
LINE
8
BLACK
6
CONTINUOUS
10
3.9599078740157481
20
-3.007355157480315
11
3.9617826377952756
21
-3.0054803543307087
0
LINE
8
BLACK
6
CONTINUOUS
10
3.9617826377952756
20
-3.0054803543307087
11
3.9622301181102362
21
-3.0051131102362203
0
LINE
8
BLACK
6
CONTINUOUS
10
3.9622301181102362
20
-3.0051131102362203
11
3.9622301574803149
21
-3.0051130708661415
0
LINE
8
BLACK
6
CONTINUOUS
10
3.9622301574803149
20
-3.0051130708661415
11
3.9629504724409448
21
-3.004814724409449
0
LINE
8
BLACK
6
CONTINUOUS
10
3.9629504724409448
20
-3.004814724409449
11
3.963294527559055
21
-3.0046722047244092
0
LINE
8
BLACK
6
CONTINUOUS
10
3.963294527559055
20
-3.0046722047244092
11
3.9644466141732284
21
-3.0046722047244092
0
LINE
8
BLACK
6
CONTINUOUS
10
3.9644466141732284
20
-3.0046722047244092
11
3.9644466535433072
21
-3.0046722047244092
0
LINE
8
BLACK
6
CONTINUOUS
10
3.9644466535433072
20
-3.0046722047244092
11
3.9647907086614174
21
-3.004814724409449
0
LINE
8
BLACK
6
CONTINUOUS
10
4.2047607086614169
20
-3.004814724409449
11
4.2054810236220472
21
-3.0051130708661415
0
LINE
8
BLACK
6
CONTINUOUS
10
4.2054810236220472
20
-3.0051130708661415
11
4.205481062992126
21
-3.0051131102362203
0
LINE
8
BLACK
6
CONTINUOUS
10
4.205481062992126
20
-3.0051131102362203
11
4.2059285433070865
21
-3.0054803543307087
0
LINE
8
BLACK
6
CONTINUOUS
10
4.2059285433070865
20
-3.0054803543307087
11
4.2078032677165353
21
-3.0073551181102363
0
LINE
8
BLACK
6
CONTINUOUS
10
4.2078032677165353
20
-3.0073551181102363
11
4.2081705118110238
21
-3.0078025984251968
0
LINE
8
BLACK
6
CONTINUOUS
10
4.2081705118110238
20
-3.0078025984251968
11
4.2086095669291339
21
-3.0088626771653542
0
LINE
8
BLACK
6
CONTINUOUS
10
4.2086095669291339
20
-3.0088626771653542
11
4.2086113779527556
21
-3.0088670078740156
0
LINE
8
BLACK
6
CONTINUOUS
10
4.2086113779527556
20
-3.0088670078740156
11
4.2086113779527556
21
-3.0100190944881891
0
LINE
8
BLACK
6
CONTINUOUS
10
4.2086113779527556
20
-3.0100190944881891
11
4.208170472440945
21
-3.0110835039370079
0
LINE
8
BLACK
6
CONTINUOUS
10
4.208170472440945
20
-3.0110835039370079
11
4.2078032677165353
21
-3.0115309448818897
0
LINE
8
BLACK
6
CONTINUOUS
10
4.2078032677165353
20
-3.0115309448818897
11
4.2059285039370078
21
-3.0134057086614172
0
LINE
8
BLACK
6
CONTINUOUS
10
4.2059285039370078
20
-3.0134057086614172
11
4.205481062992126
21
-3.0137729133858269
0
LINE
8
BLACK
6
CONTINUOUS
10
4.205481062992126
20
-3.0137729133858269
11
4.2044166535433067
21
-3.0142138188976375
0
LINE
8
BLACK
6
CONTINUOUS
10
4.2044166535433067
20
-3.0142138188976375
11
4.204416614173228
21
-3.0142138188976375
0
LINE
8
BLACK
6
CONTINUOUS
10
4.204416614173228
20
-3.0142138188976375
11
4.2032645669291337
21
-3.0142138188976375
0
LINE
8
BLACK
6
CONTINUOUS
10
4.2032645669291337
20
-3.0142138188976375
11
4.203264527559055
21
-3.0142138188976375
0
LINE
8
BLACK
6
CONTINUOUS
10
4.203264527559055
20
-3.0142138188976375
11
4.2022001181102357
21
-3.0137729133858269
0
LINE
8
BLACK
6
CONTINUOUS
10
4.2022001181102357
20
-3.0137729133858269
11
4.2017526771653539
21
-3.0134057086614172
0
LINE
8
BLACK
6
CONTINUOUS
10
4.2017526771653539
20
-3.0134057086614172
11
4.1998779133858264
21
-3.0115309448818897
0
LINE
8
BLACK
6
CONTINUOUS
10
4.1998779133858264
20
-3.0115309448818897
11
4.1995107086614176
21
-3.0110835039370079
0
LINE
8
BLACK
6
CONTINUOUS
10
4.1995107086614176
20
-3.0110835039370079
11
4.1992681102362202
21
-3.0104977952755907
0
LINE
8
BLACK
6
CONTINUOUS
10
4.1992681102362202
20
-3.0104977952755907
11
4.1990698031496061
21
-3.0100190944881891
0
LINE
8
BLACK
6
CONTINUOUS
10
4.1990698031496061
20
-3.0100190944881891
11
4.1990698031496061
21
-3.0088670078740156
0
LINE
8
BLACK
6
CONTINUOUS
10
4.1990698031496061
20
-3.0088670078740156
11
4.1995106692913389
21
-3.0078025984251968
0
LINE
8
BLACK
6
CONTINUOUS
10
4.1995106692913389
20
-3.0078025984251968
11
4.1998778740157476
21
-3.007355157480315
0
LINE
8
BLACK
6
CONTINUOUS
10
4.1998778740157476
20
-3.007355157480315
11
4.2017526377952752
21
-3.0054803543307087
0
LINE
8
BLACK
6
CONTINUOUS
10
4.2017526377952752
20
-3.0054803543307087
11
4.2022001181102357
21
-3.0051131102362203
0
LINE
8
BLACK
6
CONTINUOUS
10
4.2022001181102357
20
-3.0051131102362203
11
4.2022001574803145
21
-3.0051130708661415
0
LINE
8
BLACK
6
CONTINUOUS
10
4.2022001574803145
20
-3.0051130708661415
11
4.2029204724409448
21
-3.004814724409449
0
LINE
8
BLACK
6
CONTINUOUS
10
4.2029204724409448
20
-3.004814724409449
11
4.203264527559055
21
-3.0046722047244092
0
LINE
8
BLACK
6
CONTINUOUS
10
4.203264527559055
20
-3.0046722047244092
11
4.204416614173228
21
-3.0046722047244092
0
LINE
8
BLACK
6
CONTINUOUS
10
4.204416614173228
20
-3.0046722047244092
11
4.2044166535433067
21
-3.0046722047244092
0
LINE
8
BLACK
6
CONTINUOUS
10
4.2044166535433067
20
-3.0046722047244092
11
4.2047607086614169
21
-3.004814724409449
0
LINE
8
BLACK
6
CONTINUOUS
10
4.3019044488188971
20
-2.9821750393700786
11
4.3020024409448814
21
-2.9822156299212597
0
LINE
8
BLACK
6
CONTINUOUS
10
4.3020024409448814
20
-2.9822156299212597
11
4.3021082677165357
21
-2.9822231496062992
0
LINE
8
BLACK
6
CONTINUOUS
10
4.3021082677165357
20
-2.9822231496062992
11
4.3026488976377948
21
-2.9824300393700787
0
LINE
8
BLACK
6
CONTINUOUS
10
4.3026488976377948
20
-2.9824300393700787
11
4.3063984251968499
21
-2.9843048031496062
0
LINE
8
BLACK
6
CONTINUOUS
10
4.3063984251968499
20
-2.9843048031496062
11
4.3064947637795274
21
-2.9843654330708662
0
LINE
8
BLACK
6
CONTINUOUS
10
4.3064947637795274
20
-2.9843654330708662
11
4.3065401968503938
21
-2.9843805905511811
0
LINE
8
BLACK
6
CONTINUOUS
10
4.3065401968503938
20
-2.9843805905511811
11
4.3065967322834648
21
-2.9844296062992126
0
LINE
8
BLACK
6
CONTINUOUS
10
4.3065967322834648
20
-2.9844296062992126
11
4.3068883070866137
21
-2.9846131496062993
0
LINE
8
BLACK
6
CONTINUOUS
10
4.3068883070866137
20
-2.9846131496062993
11
4.3069526771653539
21
-2.9846873622047245
0
LINE
8
BLACK
6
CONTINUOUS
10
4.3069526771653539
20
-2.9846873622047245
11
4.3070170472440941
21
-2.9846131496062993
0
LINE
8
BLACK
6
CONTINUOUS
10
4.3070170472440941
20
-2.9846131496062993
11
4.3073085826771651
21
-2.9844296062992126
0
LINE
8
BLACK
6
CONTINUOUS
10
4.3073085826771651
20
-2.9844296062992126
11
4.3073651574803149
21
-2.9843805905511811
0
LINE
8
BLACK
6
CONTINUOUS
10
4.3073651574803149
20
-2.9843805905511811
11
4.3074105511811025
21
-2.9843654330708662
0
LINE
8
BLACK
6
CONTINUOUS
10
4.3074105511811025
20
-2.9843654330708662
11
4.3075069291338579
21
-2.9843048031496062
0
LINE
8
BLACK
6
CONTINUOUS
10
4.3075069291338579
20
-2.9843048031496062
11
4.311256456692913
21
-2.9824300393700787
0
LINE
8
BLACK
6
CONTINUOUS
10
4.311256456692913
20
-2.9824300393700787
11
4.3117970472440943
21
-2.9822231496062992
0
LINE
8
BLACK
6
CONTINUOUS
10
4.3117970472440943
20
-2.9822231496062992
11
4.3119029133858264
21
-2.9822155905511809
0
LINE
8
BLACK
6
CONTINUOUS
10
4.3119029133858264
20
-2.9822155905511809
11
4.3120009055118107
21
-2.9821750393700786
0
LINE
8
BLACK
6
CONTINUOUS
10
4.3120009055118107
20
-2.9821750393700786
11
4.3125769685039366
21
-2.9821183070866142
0
LINE
8
BLACK
6
CONTINUOUS
10
4.3125769685039366
20
-2.9821183070866142
11
4.3182012598425192
21
-2.9821183070866142
0
LINE
8
BLACK
6
CONTINUOUS
10
4.3182012598425192
20
-2.9821183070866142
11
4.318777322834646
21
-2.9821750393700786
0
LINE
8
BLACK
6
CONTINUOUS
10
4.318777322834646
20
-2.9821750393700786
11
4.3188753149606303
21
-2.9822156299212597
0
LINE
8
BLACK
6
CONTINUOUS
10
4.3188753149606303
20
-2.9822156299212597
11
4.3189811417322836
21
-2.9822231496062992
0
LINE
8
BLACK
6
CONTINUOUS
10
4.3189811417322836
20
-2.9822231496062992
11
4.3195217716535428
21
-2.9824300393700787
0
LINE
8
BLACK
6
CONTINUOUS
10
4.3195217716535428
20
-2.9824300393700787
11
4.3232713385826766
21
-2.9843048031496062
0
LINE
8
BLACK
6
CONTINUOUS
10
4.3232713385826766
20
-2.9843048031496062
11
4.3233676377952754
21
-2.9843654330708662
0
LINE
8
BLACK
6
CONTINUOUS
10
4.3233676377952754
20
-2.9843654330708662
11
4.3234131102362205
21
-2.9843805905511811
0
LINE
8
BLACK
6
CONTINUOUS
10
4.3234131102362205
20
-2.9843805905511811
11
4.3234696850393703
21
-2.9844296456692914
0
LINE
8
BLACK
6
CONTINUOUS
10
4.3234696850393703
20
-2.9844296456692914
11
4.3237611811023617
21
-2.9846131496062993
0
LINE
8
BLACK
6
CONTINUOUS
10
4.3237611811023617
20
-2.9846131496062993
11
4.324003661417323
21
-2.9848927559055118
0
LINE
8
BLACK
6
CONTINUOUS
10
4.324003661417323
20
-2.9848927559055118
11
4.324283503937008
21
-2.9851354330708659
0
LINE
8
BLACK
6
CONTINUOUS
10
4.324283503937008
20
-2.9851354330708659
11
4.3244670078740155
21
-2.985426968503937
0
LINE
8
BLACK
6
CONTINUOUS
10
4.3244670078740155
20
-2.985426968503937
11
4.3245160629921262
21
-2.9854835433070868
0
LINE
8
BLACK
6
CONTINUOUS
10
4.3245160629921262
20
-2.9854835433070868
11
4.3245311811023619
21
-2.9855289370078739
0
LINE
8
BLACK
6
CONTINUOUS
10
4.3245311811023619
20
-2.9855289370078739
11
4.3245918503937011
21
-2.9856253149606298
0
LINE
8
BLACK
6
CONTINUOUS
10
4.3245918503937011
20
-2.9856253149606298
11
4.3264666141732286
21
-2.9893748425196849
0
LINE
8
BLACK
6
CONTINUOUS
10
4.3264666141732286
20
-2.9893748425196849
11
4.3266735039370081
21
-2.9899154330708662
0
LINE
8
BLACK
6
CONTINUOUS
10
4.3266735039370081
20
-2.9899154330708662
11
4.3266810236220472
21
-2.9900212992125983
0
LINE
8
BLACK
6
CONTINUOUS
10
4.3266810236220472
20
-2.9900212992125983
11
4.3267216141732279
21
-2.9901192913385826
0
LINE
8
BLACK
6
CONTINUOUS
10
4.3267216141732279
20
-2.9901192913385826
11
4.3267783464566927
21
-2.9906953543307084
0
LINE
8
BLACK
6
CONTINUOUS
10
4.3267783464566927
20
-2.9906953543307084
11
4.3267783464566927
21
-3.0113177952755903
0
LINE
8
BLACK
6
CONTINUOUS
10
4.3267783464566927
20
-3.0113177952755903
11
4.3267216141732279
21
-3.0118938582677166
0
LINE
8
BLACK
6
CONTINUOUS
10
4.3267216141732279
20
-3.0118938582677166
11
4.3262807086614172
21
-3.0129582677165354
0
LINE
8
BLACK
6
CONTINUOUS
10
4.3262807086614172
20
-3.0129582677165354
11
4.3254660629921258
21
-3.0137729133858269
0
LINE
8
BLACK
6
CONTINUOUS
10
4.3254660629921258
20
-3.0137729133858269
11
4.3244016535433074
21
-3.0142138188976375
0
LINE
8
BLACK
6
CONTINUOUS
10
4.3244016535433074
20
-3.0142138188976375
11
4.3232495275590548
21
-3.0142138188976375
0
LINE
8
BLACK
6
CONTINUOUS
10
4.3232495275590548
20
-3.0142138188976375
11
4.3221851181102364
21
-3.0137729133858269
0
LINE
8
BLACK
6
CONTINUOUS
10
4.3221851181102364
20
-3.0137729133858269
11
4.321370472440945
21
-3.0129582677165354
0
LINE
8
BLACK
6
CONTINUOUS
10
4.321370472440945
20
-3.0129582677165354
11
4.3209295669291334
21
-3.0118938582677166
0
LINE
8
BLACK
6
CONTINUOUS
10
4.3209295669291334
20
-3.0118938582677166
11
4.3208728346456695
21
-3.0113177952755903
0
LINE
8
BLACK
6
CONTINUOUS
10
4.3208728346456695
20
-3.0113177952755903
11
4.3208728346456695
21
-2.991392401574803
0
LINE
8
BLACK
6
CONTINUOUS
10
4.3208728346456695
20
-2.991392401574803
11
4.3197499606299212
21
-2.9891466535433069
0
LINE
8
BLACK
6
CONTINUOUS
10
4.3197499606299212
20
-2.9891466535433069
11
4.3175042125984255
21
-2.9880238188976378
0
LINE
8
BLACK
6
CONTINUOUS
10
4.3175042125984255
20
-2.9880238188976378
11
4.3132740157480312
21
-2.9880238188976378
0
LINE
8
BLACK
6
CONTINUOUS
10
4.3132740157480312
20
-2.9880238188976378
11
4.3110282677165355
21
-2.9891466535433069
0
LINE
8
BLACK
6
CONTINUOUS
10
4.3110282677165355
20
-2.9891466535433069
11
4.3099054330708659
21
-2.991392401574803
0
LINE
8
BLACK
6
CONTINUOUS
10
4.3099054330708659
20
-2.991392401574803
11
4.3099054330708659
21
-3.0113177952755903
0
LINE
8
BLACK
6
CONTINUOUS
10
4.3099054330708659
20
-3.0113177952755903
11
4.3098487007874011
21
-3.0118938582677166
0
LINE
8
BLACK
6
CONTINUOUS
10
4.3098487007874011
20
-3.0118938582677166
11
4.3094077952755905
21
-3.0129582677165354
0
LINE
8
BLACK
6
CONTINUOUS
10
4.3094077952755905
20
-3.0129582677165354
11
4.308593149606299
21
-3.0137729133858269
0
LINE
8
BLACK
6
CONTINUOUS
10
4.308593149606299
20
-3.0137729133858269
11
4.3075287401574798
21
-3.0142138188976375
0
LINE
8
BLACK
6
CONTINUOUS
10
4.3075287401574798
20
-3.0142138188976375
11
4.306376614173228
21
-3.0142138188976375
0
LINE
8
BLACK
6
CONTINUOUS
10
4.306376614173228
20
-3.0142138188976375
11
4.3053122047244097
21
-3.0137729133858269
0
LINE
8
BLACK
6
CONTINUOUS
10
4.3053122047244097
20
-3.0137729133858269
11
4.3044975590551182
21
-3.0129582677165354
0
LINE
8
BLACK
6
CONTINUOUS
10
4.3044975590551182
20
-3.0129582677165354
11
4.3040566535433067
21
-3.0118938582677166
0
LINE
8
BLACK
6
CONTINUOUS
10
4.3040566535433067
20
-3.0118938582677166
11
4.3039999212598428
21
-3.0113177952755903
0
LINE
8
BLACK
6
CONTINUOUS
10
4.3039999212598428
20
-3.0113177952755903
11
4.3039999212598428
21
-2.991392401574803
0
LINE
8
BLACK
6
CONTINUOUS
10
4.3039999212598428
20
-2.991392401574803
11
4.3028770472440945
21
-2.9891466535433069
0
LINE
8
BLACK
6
CONTINUOUS
10
4.3028770472440945
20
-2.9891466535433069
11
4.3006313385826767
21
-2.9880238188976378
0
LINE
8
BLACK
6
CONTINUOUS
10
4.3006313385826767
20
-2.9880238188976378
11
4.2964011417322832
21
-2.9880238188976378
0
LINE
8
BLACK
6
CONTINUOUS
10
4.2964011417322832
20
-2.9880238188976378
11
4.2937036614173225
21
-2.9893725590551181
0
LINE
8
BLACK
6
CONTINUOUS
10
4.2937036614173225
20
-2.9893725590551181
11
4.2930325590551179
21
-2.9900436614173227
0
LINE
8
BLACK
6
CONTINUOUS
10
4.2930325590551179
20
-2.9900436614173227
11
4.2930325590551179
21
-3.0113177952755903
0
LINE
8
BLACK
6
CONTINUOUS
10
4.2930325590551179
20
-3.0113177952755903
11
4.2929758267716531
21
-3.0118938582677166
0
LINE
8
BLACK
6
CONTINUOUS
10
4.2929758267716531
20
-3.0118938582677166
11
4.2925349212598425
21
-3.0129582677165354
0
LINE
8
BLACK
6
CONTINUOUS
10
4.2925349212598425
20
-3.0129582677165354
11
4.291720275590551
21
-3.0137729133858269
0
LINE
8
BLACK
6
CONTINUOUS
10
4.291720275590551
20
-3.0137729133858269
11
4.2906558661417318
21
-3.0142138188976375
0
LINE
8
BLACK
6
CONTINUOUS
10
4.2906558661417318
20
-3.0142138188976375
11
4.28950374015748
21
-3.0142138188976375
0
LINE
8
BLACK
6
CONTINUOUS
10
4.28950374015748
20
-3.0142138188976375
11
4.2884393307086617
21
-3.0137729133858269
0
LINE
8
BLACK
6
CONTINUOUS
10
4.2884393307086617
20
-3.0137729133858269
11
4.2876246850393702
21
-3.0129582677165354
0
LINE
8
BLACK
6
CONTINUOUS
10
4.2876246850393702
20
-3.0129582677165354
11
4.2871837795275587
21
-3.0118938582677166
0
LINE
8
BLACK
6
CONTINUOUS
10
4.2871837795275587
20
-3.0118938582677166
11
4.2871270472440948
21
-3.0113177952755903
0
LINE
8
BLACK
6
CONTINUOUS
10
4.2871270472440948
20
-3.0113177952755903
11
4.2871270472440948
21
-2.9850710629921258
0
LINE
8
BLACK
6
CONTINUOUS
10
4.2871270472440948
20
-2.9850710629921258
11
4.2871837795275587
21
-2.9844949999999999
0
LINE
8
BLACK
6
CONTINUOUS
10
4.2871837795275587
20
-2.9844949999999999
11
4.2876246850393702
21
-2.9834305905511811
0
LINE
8
BLACK
6
CONTINUOUS
10
4.2876246850393702
20
-2.9834305905511811
11
4.2884393307086617
21
-2.9826159448818896
0
LINE
8
BLACK
6
CONTINUOUS
10
4.2884393307086617
20
-2.9826159448818896
11
4.28950374015748
21
-2.9821750393700786
0
LINE
8
BLACK
6
CONTINUOUS
10
4.28950374015748
20
-2.9821750393700786
11
4.2906558661417318
21
-2.9821750393700786
0
LINE
8
BLACK
6
CONTINUOUS
10
4.2906558661417318
20
-2.9821750393700786
11
4.291720275590551
21
-2.9826159448818896
0
LINE
8
BLACK
6
CONTINUOUS
10
4.291720275590551
20
-2.9826159448818896
11
4.2924840944881888
21
-2.9833797637795274
0
LINE
8
BLACK
6
CONTINUOUS
10
4.2924840944881888
20
-2.9833797637795274
11
4.294383582677165
21
-2.9824300393700787
0
LINE
8
BLACK
6
CONTINUOUS
10
4.294383582677165
20
-2.9824300393700787
11
4.2949241732283463
21
-2.9822231496062992
0
LINE
8
BLACK
6
CONTINUOUS
10
4.2949241732283463
20
-2.9822231496062992
11
4.2950300393700784
21
-2.9822155905511809
0
LINE
8
BLACK
6
CONTINUOUS
10
4.2950300393700784
20
-2.9822155905511809
11
4.2951280314960627
21
-2.9821750393700786
0
LINE
8
BLACK
6
CONTINUOUS
10
4.2951280314960627
20
-2.9821750393700786
11
4.2957040944881886
21
-2.9821183070866142
0
LINE
8
BLACK
6
CONTINUOUS
10
4.2957040944881886
20
-2.9821183070866142
11
4.3013283858267712
21
-2.9821183070866142
0
LINE
8
BLACK
6
CONTINUOUS
10
4.3013283858267712
20
-2.9821183070866142
11
4.3019044488188971
21
-2.9821750393700786
0
LINE
8
BLACK
6
CONTINUOUS
10
4.3543978740157483
20
-2.9821750393700786
11
4.3544958661417326
21
-2.9822156299212597
0
LINE
8
BLACK
6
CONTINUOUS
10
4.3544958661417326
20
-2.9822156299212597
11
4.3546016929133859
21
-2.9822231496062992
0
LINE
8
BLACK
6
CONTINUOUS
10
4.3546016929133859
20
-2.9822231496062992
11
4.355142322834646
21
-2.9824300393700787
0
LINE
8
BLACK
6
CONTINUOUS
10
4.355142322834646
20
-2.9824300393700787
11
4.3588918503937011
21
-2.9843048031496062
0
LINE
8
BLACK
6
CONTINUOUS
10
4.3588918503937011
20
-2.9843048031496062
11
4.3589881889763777
21
-2.9843654330708662
0
LINE
8
BLACK
6
CONTINUOUS
10
4.3589881889763777
20
-2.9843654330708662
11
4.3590336220472441
21
-2.9843805905511811
0
LINE
8
BLACK
6
CONTINUOUS
10
4.3590336220472441
20
-2.9843805905511811
11
4.3590901574803151
21
-2.9844296062992126
0
LINE
8
BLACK
6
CONTINUOUS
10
4.3590901574803151
20
-2.9844296062992126
11
4.359381732283464
21
-2.9846131496062993
0
LINE
8
BLACK
6
CONTINUOUS
10
4.359381732283464
20
-2.9846131496062993
11
4.3594461023622042
21
-2.9846873622047245
0
LINE
8
BLACK
6
CONTINUOUS
10
4.3594461023622042
20
-2.9846873622047245
11
4.3595104724409444
21
-2.9846131496062993
0
LINE
8
BLACK
6
CONTINUOUS
10
4.3595104724409444
20
-2.9846131496062993
11
4.3598020078740154
21
-2.9844296062992126
0
LINE
8
BLACK
6
CONTINUOUS
10
4.3598020078740154
20
-2.9844296062992126
11
4.3598585826771652
21
-2.9843805905511811
0
LINE
8
BLACK
6
CONTINUOUS
10
4.3598585826771652
20
-2.9843805905511811
11
4.3599039763779528
21
-2.9843654330708662
0
LINE
8
BLACK
6
CONTINUOUS
10
4.3599039763779528
20
-2.9843654330708662
11
4.3600003543307082
21
-2.9843048031496062
0
LINE
8
BLACK
6
CONTINUOUS
10
4.3600003543307082
20
-2.9843048031496062
11
4.3637498818897633
21
-2.9824300393700787
0
LINE
8
BLACK
6
CONTINUOUS
10
4.3637498818897633
20
-2.9824300393700787
11
4.3642904724409446
21
-2.9822231496062992
0
LINE
8
BLACK
6
CONTINUOUS
10
4.3642904724409446
20
-2.9822231496062992
11
4.3643963385826767
21
-2.9822155905511809
0
LINE
8
BLACK
6
CONTINUOUS
10
4.3643963385826767
20
-2.9822155905511809
11
4.364494330708661
21
-2.9821750393700786
0
LINE
8
BLACK
6
CONTINUOUS
10
4.364494330708661
20
-2.9821750393700786
11
4.3650703937007869
21
-2.9821183070866142
0
LINE
8
BLACK
6
CONTINUOUS
10
4.3650703937007869
20
-2.9821183070866142
11
4.3706946850393704
21
-2.9821183070866142
0
LINE
8
BLACK
6
CONTINUOUS
10
4.3706946850393704
20
-2.9821183070866142
11
4.3712707480314963
21
-2.9821750393700786
0
LINE
8
BLACK
6
CONTINUOUS
10
4.3712707480314963
20
-2.9821750393700786
11
4.3713687401574806
21
-2.9822156299212597
0
LINE
8
BLACK
6
CONTINUOUS
10
4.3713687401574806
20
-2.9822156299212597
11
4.3714745669291339
21
-2.9822231496062992
0
LINE
8
BLACK
6
CONTINUOUS
10
4.3714745669291339
20
-2.9822231496062992
11
4.372015196850394
21
-2.9824300393700787
0
LINE
8
BLACK
6
CONTINUOUS
10
4.372015196850394
20
-2.9824300393700787
11
4.3757647637795278
21
-2.9843048031496062
0
LINE
8
BLACK
6
CONTINUOUS
10
4.3757647637795278
20
-2.9843048031496062
11
4.3758610629921257
21
-2.9843654330708662
0
LINE
8
BLACK
6
CONTINUOUS
10
4.3758610629921257
20
-2.9843654330708662
11
4.3759065354330708
21
-2.9843805905511811
0
LINE
8
BLACK
6
CONTINUOUS
10
4.3759065354330708
20
-2.9843805905511811
11
4.3759631102362206
21
-2.9844296456692914
0
LINE
8
BLACK
6
CONTINUOUS
10
4.3759631102362206
20
-2.9844296456692914
11
4.3762546062992129
21
-2.9846131496062993
0
LINE
8
BLACK
6
CONTINUOUS
10
4.3762546062992129
20
-2.9846131496062993
11
4.3764970866141732
21
-2.9848927559055118
0
LINE
8
BLACK
6
CONTINUOUS
10
4.3764970866141732
20
-2.9848927559055118
11
4.3767769291338583
21
-2.9851354330708659
0
LINE
8
BLACK
6
CONTINUOUS
10
4.3767769291338583
20
-2.9851354330708659
11
4.3769604330708658
21
-2.985426968503937
0
LINE
8
BLACK
6
CONTINUOUS
10
4.3769604330708658
20
-2.985426968503937
11
4.3770094881889765
21
-2.9854835433070868
0
LINE
8
BLACK
6
CONTINUOUS
10
4.3770094881889765
20
-2.9854835433070868
11
4.3770246062992122
21
-2.9855289370078739
0
LINE
8
BLACK
6
CONTINUOUS
10
4.3770246062992122
20
-2.9855289370078739
11
4.3770852755905514
21
-2.9856253149606298
0
LINE
8
BLACK
6
CONTINUOUS
10
4.3770852755905514
20
-2.9856253149606298
11
4.3789600393700789
21
-2.9893748425196849
0
LINE
8
BLACK
6
CONTINUOUS
10
4.3789600393700789
20
-2.9893748425196849
11
4.3791669291338584
21
-2.9899154330708662
0
LINE
8
BLACK
6
CONTINUOUS
10
4.3791669291338584
20
-2.9899154330708662
11
4.3791744488188975
21
-2.9900212992125983
0
LINE
8
BLACK
6
CONTINUOUS
10
4.3791744488188975
20
-2.9900212992125983
11
4.3792150393700791
21
-2.9901192913385826
0
LINE
8
BLACK
6
CONTINUOUS
10
4.3792150393700791
20
-2.9901192913385826
11
4.379271771653543
21
-2.9906953543307084
0
LINE
8
BLACK
6
CONTINUOUS
10
4.379271771653543
20
-2.9906953543307084
11
4.379271771653543
21
-3.0113177952755903
0
LINE
8
BLACK
6
CONTINUOUS
10
4.379271771653543
20
-3.0113177952755903
11
4.3792150393700791
21
-3.0118938582677166
0
LINE
8
BLACK
6
CONTINUOUS
10
4.3792150393700791
20
-3.0118938582677166
11
4.3787741338582675
21
-3.0129582677165354
0
LINE
8
BLACK
6
CONTINUOUS
10
4.3787741338582675
20
-3.0129582677165354
11
4.3779594881889761
21
-3.0137729133858269
0
LINE
8
BLACK
6
CONTINUOUS
10
4.3779594881889761
20
-3.0137729133858269
11
4.3768950787401577
21
-3.0142138188976375
0
LINE
8
BLACK
6
CONTINUOUS
10
4.3768950787401577
20
-3.0142138188976375
11
4.3757429527559051
21
-3.0142138188976375
0
LINE
8
BLACK
6
CONTINUOUS
10
4.3757429527559051
20
-3.0142138188976375
11
4.3746785433070867
21
-3.0137729133858269
0
LINE
8
BLACK
6
CONTINUOUS
10
4.3746785433070867
20
-3.0137729133858269
11
4.3738638976377953
21
-3.0129582677165354
0
LINE
8
BLACK
6
CONTINUOUS
10
4.3738638976377953
20
-3.0129582677165354
11
4.3734229921259837
21
-3.0118938582677166
0
LINE
8
BLACK
6
CONTINUOUS
10
4.3734229921259837
20
-3.0118938582677166
11
4.3733662598425198
21
-3.0113177952755903
0
LINE
8
BLACK
6
CONTINUOUS
10
4.3733662598425198
20
-3.0113177952755903
11
4.3733662598425198
21
-2.991392401574803
0
LINE
8
BLACK
6
CONTINUOUS
10
4.3733662598425198
20
-2.991392401574803
11
4.3722433858267715
21
-2.9891466535433069
0
LINE
8
BLACK
6
CONTINUOUS
10
4.3722433858267715
20
-2.9891466535433069
11
4.3699976377952758
21
-2.9880238188976378
0
LINE
8
BLACK
6
CONTINUOUS
10
4.3699976377952758
20
-2.9880238188976378
11
4.3657674409448815
21
-2.9880238188976378
0
LINE
8
BLACK
6
CONTINUOUS
10
4.3657674409448815
20
-2.9880238188976378
11
4.3635216929133858
21
-2.9891466535433069
0
LINE
8
BLACK
6
CONTINUOUS
10
4.3635216929133858
20
-2.9891466535433069
11
4.3623988582677162
21
-2.991392401574803
0
LINE
8
BLACK
6
CONTINUOUS
10
4.3623988582677162
20
-2.991392401574803
11
4.3623988582677162
21
-3.0113177952755903
0
LINE
8
BLACK
6
CONTINUOUS
10
4.3623988582677162
20
-3.0113177952755903
11
4.3623421259842523
21
-3.0118938582677166
0
LINE
8
BLACK
6
CONTINUOUS
10
4.3623421259842523
20
-3.0118938582677166
11
4.3619012204724408
21
-3.0129582677165354
0
LINE
8
BLACK
6
CONTINUOUS
10
4.3619012204724408
20
-3.0129582677165354
11
4.3610865748031493
21
-3.0137729133858269
0
LINE
8
BLACK
6
CONTINUOUS
10
4.3610865748031493
20
-3.0137729133858269
11
4.360022165354331
21
-3.0142138188976375
0
LINE
8
BLACK
6
CONTINUOUS
10
4.360022165354331
20
-3.0142138188976375
11
4.3588700393700783
21
-3.0142138188976375
0
LINE
8
BLACK
6
CONTINUOUS
10
4.3588700393700783
20
-3.0142138188976375
11
4.35780562992126
21
-3.0137729133858269
0
LINE
8
BLACK
6
CONTINUOUS
10
4.35780562992126
20
-3.0137729133858269
11
4.3569909842519685
21
-3.0129582677165354
0
LINE
8
BLACK
6
CONTINUOUS
10
4.3569909842519685
20
-3.0129582677165354
11
4.356550078740157
21
-3.0118938582677166
0
LINE
8
BLACK
6
CONTINUOUS
10
4.356550078740157
20
-3.0118938582677166
11
4.3564933464566931
21
-3.0113177952755903
0
LINE
8
BLACK
6
CONTINUOUS
10
4.3564933464566931
20
-3.0113177952755903
11
4.3564933464566931
21
-2.991392401574803
0
LINE
8
BLACK
6
CONTINUOUS
10
4.3564933464566931
20
-2.991392401574803
11
4.3553704724409448
21
-2.9891466535433069
0
LINE
8
BLACK
6
CONTINUOUS
10
4.3553704724409448
20
-2.9891466535433069
11
4.3531247637795278
21
-2.9880238188976378
0
LINE
8
BLACK
6
CONTINUOUS
10
4.3531247637795278
20
-2.9880238188976378
11
4.3488945669291335
21
-2.9880238188976378
0
LINE
8
BLACK
6
CONTINUOUS
10
4.3488945669291335
20
-2.9880238188976378
11
4.3461970866141728
21
-2.9893725590551181
0
LINE
8
BLACK
6
CONTINUOUS
10
4.3461970866141728
20
-2.9893725590551181
11
4.3455259842519682
21
-2.9900436614173227
0
LINE
8
BLACK
6
CONTINUOUS
10
4.3455259842519682
20
-2.9900436614173227
11
4.3455259842519682
21
-3.0113177952755903
0
LINE
8
BLACK
6
CONTINUOUS
10
4.3455259842519682
20
-3.0113177952755903
11
4.3454692519685034
21
-3.0118938582677166
0
LINE
8
BLACK
6
CONTINUOUS
10
4.3454692519685034
20
-3.0118938582677166
11
4.3450283464566928
21
-3.0129582677165354
0
LINE
8
BLACK
6
CONTINUOUS
10
4.3450283464566928
20
-3.0129582677165354
11
4.3442137007874013
21
-3.0137729133858269
0
LINE
8
BLACK
6
CONTINUOUS
10
4.3442137007874013
20
-3.0137729133858269
11
4.343149291338583
21
-3.0142138188976375
0
LINE
8
BLACK
6
CONTINUOUS
10
4.343149291338583
20
-3.0142138188976375
11
4.3419971653543303
21
-3.0142138188976375
0
LINE
8
BLACK
6
CONTINUOUS
10
4.3419971653543303
20
-3.0142138188976375
11
4.340932755905512
21
-3.0137729133858269
0
LINE
8
BLACK
6
CONTINUOUS
10
4.340932755905512
20
-3.0137729133858269
11
4.3401181102362205
21
-3.0129582677165354
0
LINE
8
BLACK
6
CONTINUOUS
10
4.3401181102362205
20
-3.0129582677165354
11
4.339677204724409
21
-3.0118938582677166
0
LINE
8
BLACK
6
CONTINUOUS
10
4.339677204724409
20
-3.0118938582677166
11
4.3396204724409451
21
-3.0113177952755903
0
LINE
8
BLACK
6
CONTINUOUS
10
4.3396204724409451
20
-3.0113177952755903
11
4.3396204724409451
21
-2.9850710629921258
0
LINE
8
BLACK
6
CONTINUOUS
10
4.3396204724409451
20
-2.9850710629921258
11
4.339677204724409
21
-2.9844949999999999
0
LINE
8
BLACK
6
CONTINUOUS
10
4.339677204724409
20
-2.9844949999999999
11
4.3401181102362205
21
-2.9834305905511811
0
LINE
8
BLACK
6
CONTINUOUS
10
4.3401181102362205
20
-2.9834305905511811
11
4.340932755905512
21
-2.9826159448818896
0
LINE
8
BLACK
6
CONTINUOUS
10
4.340932755905512
20
-2.9826159448818896
11
4.3419971653543303
21
-2.9821750393700786
0
LINE
8
BLACK
6
CONTINUOUS
10
4.3419971653543303
20
-2.9821750393700786
11
4.343149291338583
21
-2.9821750393700786
0
LINE
8
BLACK
6
CONTINUOUS
10
4.343149291338583
20
-2.9821750393700786
11
4.3442137007874013
21
-2.9826159448818896
0
LINE
8
BLACK
6
CONTINUOUS
10
4.3442137007874013
20
-2.9826159448818896
11
4.3449775196850391
21
-2.9833797637795274
0
LINE
8
BLACK
6
CONTINUOUS
10
4.3449775196850391
20
-2.9833797637795274
11
4.3468770078740153
21
-2.9824300393700787
0
LINE
8
BLACK
6
CONTINUOUS
10
4.3468770078740153
20
-2.9824300393700787
11
4.3474175984251966
21
-2.9822231496062992
0
LINE
8
BLACK
6
CONTINUOUS
10
4.3474175984251966
20
-2.9822231496062992
11
4.3475234645669287
21
-2.9822155905511809
0
LINE
8
BLACK
6
CONTINUOUS
10
4.3475234645669287
20
-2.9822155905511809
11
4.347621456692913
21
-2.9821750393700786
0
LINE
8
BLACK
6
CONTINUOUS
10
4.347621456692913
20
-2.9821750393700786
11
4.3481975196850389
21
-2.9821183070866142
0
LINE
8
BLACK
6
CONTINUOUS
10
4.3481975196850389
20
-2.9821183070866142
11
4.3538218110236215
21
-2.9821183070866142
0
LINE
8
BLACK
6
CONTINUOUS
10
4.3538218110236215
20
-2.9821183070866142
11
4.3543978740157483
21
-2.9821750393700786
0
LINE
8
BLACK
6
CONTINUOUS
10
5.3407036614173231
20
-2.9640516929133858
11
5.3417680708661415
21
-2.9644925984251969
0
LINE
8
BLACK
6
CONTINUOUS
10
5.3417680708661415
20
-2.9644925984251969
11
5.3425827165354329
21
-2.9653072440944883
0
LINE
8
BLACK
6
CONTINUOUS
10
5.3425827165354329
20
-2.9653072440944883
11
5.3430236220472436
21
-2.9663716535433071
0
LINE
8
BLACK
6
CONTINUOUS
10
5.3430236220472436
20
-2.9663716535433071
11
5.3430236220472436
21
-2.9675237795275589
0
LINE
8
BLACK
6
CONTINUOUS
10
5.3430236220472436
20
-2.9675237795275589
11
5.3425827165354329
21
-2.9685881889763781
0
LINE
8
BLACK
6
CONTINUOUS
10
5.3425827165354329
20
-2.9685881889763781
11
5.3417680708661415
21
-2.9694028346456691
0
LINE
8
BLACK
6
CONTINUOUS
10
5.3417680708661415
20
-2.9694028346456691
11
5.3407036614173231
21
-2.9698437401574802
0
LINE
8
BLACK
6
CONTINUOUS
10
5.3407036614173231
20
-2.9698437401574802
11
5.3401275984251964
21
-2.969900472440945
0
LINE
8
BLACK
6
CONTINUOUS
10
5.3401275984251964
20
-2.969900472440945
11
5.3240521653543302
21
-2.969900472440945
0
LINE
8
BLACK
6
CONTINUOUS
10
5.3240521653543302
20
-2.969900472440945
11
5.323075039370079
21
-2.9796717322834647
0
LINE
8
BLACK
6
CONTINUOUS
10
5.323075039370079
20
-2.9796717322834647
11
5.3238089763779524
21
-2.9793048031496063
0
LINE
8
BLACK
6
CONTINUOUS
10
5.3238089763779524
20
-2.9793048031496063
11
5.3243495669291336
21
-2.9790979133858269
0
LINE
8
BLACK
6
CONTINUOUS
10
5.3243495669291336
20
-2.9790979133858269
11
5.3244554330708658
21
-2.9790903543307086
0
LINE
8
BLACK
6
CONTINUOUS
10
5.3244554330708658
20
-2.9790903543307086
11
5.32455342519685
21
-2.9790498031496062
0
LINE
8
BLACK
6
CONTINUOUS
10
5.32455342519685
20
-2.9790498031496062
11
5.3251294881889759
21
-2.9789930708661418
0
LINE
8
BLACK
6
CONTINUOUS
10
5.3251294881889759
20
-2.9789930708661418
11
5.3345033070866137
21
-2.9789930708661418
0
LINE
8
BLACK
6
CONTINUOUS
10
5.3345033070866137
20
-2.9789930708661418
11
5.3350793700787404
21
-2.9790498031496062
0
LINE
8
BLACK
6
CONTINUOUS
10
5.3350793700787404
20
-2.9790498031496062
11
5.3351773622047247
21
-2.9790903937007873
0
LINE
8
BLACK
6
CONTINUOUS
10
5.3351773622047247
20
-2.9790903937007873
11
5.3352831889763781
21
-2.9790979133858269
0
LINE
8
BLACK
6
CONTINUOUS
10
5.3352831889763781
20
-2.9790979133858269
11
5.3358238188976372
21
-2.9793048031496063
0
LINE
8
BLACK
6
CONTINUOUS
10
5.3358238188976372
20
-2.9793048031496063
11
5.3395733464566923
21
-2.9811795669291339
0
LINE
8
BLACK
6
CONTINUOUS
10
5.3395733464566923
20
-2.9811795669291339
11
5.3398213385826772
21
-2.9813356299212597
0
LINE
8
BLACK
6
CONTINUOUS
10
5.3398213385826772
20
-2.9813356299212597
11
5.3398933070866139
21
-2.9813654724409449
0
LINE
8
BLACK
6
CONTINUOUS
10
5.3398933070866139
20
-2.9813654724409449
11
5.3399742519685036
21
-2.981431929133858
0
LINE
8
BLACK
6
CONTINUOUS
10
5.3399742519685036
20
-2.981431929133858
11
5.3400632283464562
21
-2.9814879133858265
0
LINE
8
BLACK
6
CONTINUOUS
10
5.3400632283464562
20
-2.9814879133858265
11
5.3401143700787399
21
-2.9815468897637794
0
LINE
8
BLACK
6
CONTINUOUS
10
5.3401143700787399
20
-2.9815468897637794
11
5.3403407480314957
21
-2.9817326771653541
0
LINE
8
BLACK
6
CONTINUOUS
10
5.3403407480314957
20
-2.9817326771653541
11
5.3422155118110233
21
-2.9836074409448816
0
LINE
8
BLACK
6
CONTINUOUS
10
5.3422155118110233
20
-2.9836074409448816
11
5.3424012598425197
21
-2.9838337795275591
0
LINE
8
BLACK
6
CONTINUOUS
10
5.3424012598425197
20
-2.9838337795275591
11
5.3424602755905513
21
-2.9838849606299211
0
LINE
8
BLACK
6
CONTINUOUS
10
5.3424602755905513
20
-2.9838849606299211
11
5.342516220472441
21
-2.9839738976377954
0
LINE
8
BLACK
6
CONTINUOUS
10
5.342516220472441
20
-2.9839738976377954
11
5.3425827165354329
21
-2.9840548818897639
0
LINE
8
BLACK
6
CONTINUOUS
10
5.3425827165354329
20
-2.9840548818897639
11
5.3426125196850389
21
-2.9841268110236219
0
LINE
8
BLACK
6
CONTINUOUS
10
5.3426125196850389
20
-2.9841268110236219
11
5.3427686220472443
21
-2.984374842519685
0
LINE
8
BLACK
6
CONTINUOUS
10
5.3427686220472443
20
-2.984374842519685
11
5.3446433858267719
21
-2.9881243700787401
0
LINE
8
BLACK
6
CONTINUOUS
10
5.3446433858267719
20
-2.9881243700787401
11
5.3448502755905514
21
-2.9886649606299214
0
LINE
8
BLACK
6
CONTINUOUS
10
5.3448502755905514
20
-2.9886649606299214
11
5.3448577952755905
21
-2.9887708267716535
0
LINE
8
BLACK
6
CONTINUOUS
10
5.3448577952755905
20
-2.9887708267716535
11
5.3448983858267711
21
-2.9888688188976378
0
LINE
8
BLACK
6
CONTINUOUS
10
5.3448983858267711
20
-2.9888688188976378
11
5.3449551181102359
21
-2.9894448818897636
0
LINE
8
BLACK
6
CONTINUOUS
10
5.3449551181102359
20
-2.9894448818897636
11
5.3449551181102359
21
-2.9988187007874014
0
LINE
8
BLACK
6
CONTINUOUS
10
5.3449551181102359
20
-2.9988187007874014
11
5.3448983858267711
21
-2.9993947637795273
0
LINE
8
BLACK
6
CONTINUOUS
10
5.3448983858267711
20
-2.9993947637795273
11
5.3448577952755905
21
-2.9994927165354328
0
LINE
8
BLACK
6
CONTINUOUS
10
5.3448577952755905
20
-2.9994927165354328
11
5.3448502755905514
21
-2.9995986220472441
0
LINE
8
BLACK
6
CONTINUOUS
10
5.3448502755905514
20
-2.9995986220472441
11
5.3446433858267719
21
-3.000139212598425
0
LINE
8
BLACK
6
CONTINUOUS
10
5.3446433858267719
20
-3.000139212598425
11
5.3427686220472443
21
-3.0038887401574801
0
LINE
8
BLACK
6
CONTINUOUS
10
5.3427686220472443
20
-3.0038887401574801
11
5.3426125590551177
21
-3.0041366141732282
0
LINE
8
BLACK
6
CONTINUOUS
10
5.3426125590551177
20
-3.0041366141732282
11
5.3425827559055117
21
-3.0042086614173229
0
LINE
8
BLACK
6
CONTINUOUS
10
5.3425827559055117
20
-3.0042086614173229
11
5.342516220472441
21
-3.0042896850393701
0
LINE
8
BLACK
6
CONTINUOUS
10
5.342516220472441
20
-3.0042896850393701
11
5.3424602755905513
21
-3.0043786220472439
0
LINE
8
BLACK
6
CONTINUOUS
10
5.3424602755905513
20
-3.0043786220472439
11
5.3424012598425197
21
-3.0044297637795276
0
LINE
8
BLACK
6
CONTINUOUS
10
5.3424012598425197
20
-3.0044297637795276
11
5.3422155118110233
21
-3.0046561417322835
0
LINE
8
BLACK
6
CONTINUOUS
10
5.3422155118110233
20
-3.0046561417322835
11
5.3403407874015745
21
-3.006530905511811
0
LINE
8
BLACK
6
CONTINUOUS
10
5.3403407874015745
20
-3.006530905511811
11
5.3401144094488187
21
-3.006716653543307
0
LINE
8
BLACK
6
CONTINUOUS
10
5.3401144094488187
20
-3.006716653543307
11
5.3400632283464562
21
-3.0067757086614173
0
LINE
8
BLACK
6
CONTINUOUS
10
5.3400632283464562
20
-3.0067757086614173
11
5.3399742519685036
21
-3.0068316929133858
0
LINE
8
BLACK
6
CONTINUOUS
10
5.3399742519685036
20
-3.0068316929133858
11
5.3398933070866139
21
-3.006898149606299
0
LINE
8
BLACK
6
CONTINUOUS
10
5.3398933070866139
20
-3.006898149606299
11
5.3398213385826772
21
-3.0069279527559054
0
LINE
8
BLACK
6
CONTINUOUS
10
5.3398213385826772
20
-3.0069279527559054
11
5.3395733464566923
21
-3.0070840551181104
0
LINE
8
BLACK
6
CONTINUOUS
10
5.3395733464566923
20
-3.0070840551181104
11
5.3358238188976372
21
-3.0089588188976379
0
LINE
8
BLACK
6
CONTINUOUS
10
5.3358238188976372
20
-3.0089588188976379
11
5.3352831889763781
21
-3.0091657086614174
0
LINE
8
BLACK
6
CONTINUOUS
10
5.3352831889763781
20
-3.0091657086614174
11
5.3351773622047247
21
-3.0091731889763778
0
LINE
8
BLACK
6
CONTINUOUS
10
5.3351773622047247
20
-3.0091731889763778
11
5.3350793700787404
21
-3.0092138188976376
0
LINE
8
BLACK
6
CONTINUOUS
10
5.3350793700787404
20
-3.0092138188976376
11
5.3345033070866137
21
-3.0092705511811024
0
LINE
8
BLACK
6
CONTINUOUS
10
5.3345033070866137
20
-3.0092705511811024
11
5.3251294881889759
21
-3.0092705511811024
0
LINE
8
BLACK
6
CONTINUOUS
10
5.3251294881889759
20
-3.0092705511811024
11
5.32455342519685
21
-3.0092138188976376
0
LINE
8
BLACK
6
CONTINUOUS
10
5.32455342519685
20
-3.0092138188976376
11
5.3244554330708658
21
-3.0091732283464565
0
LINE
8
BLACK
6
CONTINUOUS
10
5.3244554330708658
20
-3.0091732283464565
11
5.3243495669291336
21
-3.0091657086614174
0
LINE
8
BLACK
6
CONTINUOUS
10
5.3243495669291336
20
-3.0091657086614174
11
5.3238089763779524
21
-3.0089588188976379
0
LINE
8
BLACK
6
CONTINUOUS
10
5.3238089763779524
20
-3.0089588188976379
11
5.3200594488188973
21
-3.0070840551181104
0
LINE
8
BLACK
6
CONTINUOUS
10
5.3200594488188973
20
-3.0070840551181104
11
5.3198114173228346
21
-3.0069279527559054
0
LINE
8
BLACK
6
CONTINUOUS
10
5.3198114173228346
20
-3.0069279527559054
11
5.3197394881889766
21
-3.006898149606299
0
LINE
8
BLACK
6
CONTINUOUS
10
5.3197394881889766
20
-3.006898149606299
11
5.3196585039370081
21
-3.0068316929133858
0
LINE
8
BLACK
6
CONTINUOUS
10
5.3196585039370081
20
-3.0068316929133858
11
5.3195695669291334
21
-3.0067757086614173
0
LINE
8
BLACK
6
CONTINUOUS
10
5.3195695669291334
20
-3.0067757086614173
11
5.3195183464566931
21
-3.006716653543307
0
LINE
8
BLACK
6
CONTINUOUS
10
5.3195183464566931
20
-3.006716653543307
11
5.319292007874016
21
-3.006530905511811
0
LINE
8
BLACK
6
CONTINUOUS
10
5.319292007874016
20
-3.006530905511811
11
5.3174172440944885
21
-3.0046561023622047
0
LINE
8
BLACK
6
CONTINUOUS
10
5.3174172440944885
20
-3.0046561023622047
11
5.3170500393700788
21
-3.0042086614173229
0
LINE
8
BLACK
6
CONTINUOUS
10
5.3170500393700788
20
-3.0042086614173229
11
5.316609173228346
21
-3.0031442519685037
0
LINE
8
BLACK
6
CONTINUOUS
10
5.316609173228346
20
-3.0031442519685037
11
5.316609173228346
21
-3.0019921653543307
0
LINE
8
BLACK
6
CONTINUOUS
10
5.316609173228346
20
-3.0019921653543307
11
5.3170500787401576
21
-3.0009277559055119
0
LINE
8
BLACK
6
CONTINUOUS
10
5.3170500787401576
20
-3.0009277559055119
11
5.3178647637795278
21
-3.0001130708661417
0
LINE
8
BLACK
6
CONTINUOUS
10
5.3178647637795278
20
-3.0001130708661417
11
5.3189291732283461
21
-2.9996722047244093
0
LINE
8
BLACK
6
CONTINUOUS
10
5.3189291732283461
20
-2.9996722047244093
11
5.32008125984252
21
-2.9996722047244093
0
LINE
8
BLACK
6
CONTINUOUS
10
5.32008125984252
20
-2.9996722047244093
11
5.3211456692913384
21
-3.0001131102362204
0
LINE
8
BLACK
6
CONTINUOUS
10
5.3211456692913384
20
-3.0001131102362204
11
5.3215931496062989
21
-3.0004803543307088
0
LINE
8
BLACK
6
CONTINUOUS
10
5.3215931496062989
20
-3.0004803543307088
11
5.3231290551181099
21
-3.0020162992125985
0
LINE
8
BLACK
6
CONTINUOUS
10
5.3231290551181099
20
-3.0020162992125985
11
5.3258265354330705
21
-3.0033650393700788
0
LINE
8
BLACK
6
CONTINUOUS
10
5.3258265354330705
20
-3.0033650393700788
11
5.33380625984252
21
-3.0033650393700788
0
LINE
8
BLACK
6
CONTINUOUS
10
5.33380625984252
20
-3.0033650393700788
11
5.3365037007874019
21
-3.0020162992125985
0
LINE
8
BLACK
6
CONTINUOUS
10
5.3365037007874019
20
-3.0020162992125985
11
5.3377008267716537
21
-3.0008191338582675
0
LINE
8
BLACK
6
CONTINUOUS
10
5.3377008267716537
20
-3.0008191338582675
11
5.3390496062992128
21
-2.9981216535433068
0
LINE
8
BLACK
6
CONTINUOUS
10
5.3390496062992128
20
-2.9981216535433068
11
5.3390496062992128
21
-2.9901419291338582
0
LINE
8
BLACK
6
CONTINUOUS
10
5.3390496062992128
20
-2.9901419291338582
11
5.3377008661417324
21
-2.9874444488188976
0
LINE
8
BLACK
6
CONTINUOUS
10
5.3377008661417324
20
-2.9874444488188976
11
5.3365037401574806
21
-2.9862473228346458
0
LINE
8
BLACK
6
CONTINUOUS
10
5.3365037401574806
20
-2.9862473228346458
11
5.33380625984252
21
-2.9848985826771655
0
LINE
8
BLACK
6
CONTINUOUS
10
5.33380625984252
20
-2.9848985826771655
11
5.3258265354330705
21
-2.9848985826771655
0
LINE
8
BLACK
6
CONTINUOUS
10
5.3258265354330705
20
-2.9848985826771655
11
5.3231290551181099
21
-2.9862473228346458
0
LINE
8
BLACK
6
CONTINUOUS
10
5.3231290551181099
20
-2.9862473228346458
11
5.3215931102362202
21
-2.9877832677165355
0
LINE
8
BLACK
6
CONTINUOUS
10
5.3215931102362202
20
-2.9877832677165355
11
5.3211456692913384
21
-2.9881504724409447
0
LINE
8
BLACK
6
CONTINUOUS
10
5.3211456692913384
20
-2.9881504724409447
11
5.3210083070866139
21
-2.9882073622047245
0
LINE
8
BLACK
6
CONTINUOUS
10
5.3210083070866139
20
-2.9882073622047245
11
5.3208932283464563
21
-2.9883015354330706
0
LINE
8
BLACK
6
CONTINUOUS
10
5.3208932283464563
20
-2.9883015354330706
11
5.3204798425196849
21
-2.9884262204724408
0
LINE
8
BLACK
6
CONTINUOUS
10
5.3204798425196849
20
-2.9884262204724408
11
5.3200812204724413
21
-2.9885913779527558
0
LINE
8
BLACK
6
CONTINUOUS
10
5.3200812204724413
20
-2.9885913779527558
11
5.3199325984251971
21
-2.9885913779527558
0
LINE
8
BLACK
6
CONTINUOUS
10
5.3199325984251971
20
-2.9885913779527558
11
5.3197902362204728
21
-2.9886343307086611
0
LINE
8
BLACK
6
CONTINUOUS
10
5.3197902362204728
20
-2.9886343307086611
11
5.3193607086614172
21
-2.9885913779527558
0
LINE
8
BLACK
6
CONTINUOUS
10
5.3193607086614172
20
-2.9885913779527558
11
5.3189291732283461
21
-2.9885913779527558
0
LINE
8
BLACK
6
CONTINUOUS
10
5.3189291732283461
20
-2.9885913779527558
11
5.3187918110236216
21
-2.9885344488188976
0
LINE
8
BLACK
6
CONTINUOUS
10
5.3187918110236216
20
-2.9885344488188976
11
5.3186438188976375
21
-2.9885196850393698
0
LINE
8
BLACK
6
CONTINUOUS
10
5.3186438188976375
20
-2.9885196850393698
11
5.3182634251968501
21
-2.9883156299212597
0
LINE
8
BLACK
6
CONTINUOUS
10
5.3182634251968501
20
-2.9883156299212597
11
5.317864724409449
21
-2.9881504724409447
0
LINE
8
BLACK
6
CONTINUOUS
10
5.317864724409449
20
-2.9881504724409447
11
5.3177595275590548
21
-2.9880452755905513
0
LINE
8
BLACK
6
CONTINUOUS
10
5.3177595275590548
20
-2.9880452755905513
11
5.3176285826771652
21
-2.9879750393700788
0
LINE
8
BLACK
6
CONTINUOUS
10
5.3176285826771652
20
-2.9879750393700788
11
5.3173553149606301
21
-2.9876410629921257
0
LINE
8
BLACK
6
CONTINUOUS
10
5.3173553149606301
20
-2.9876410629921257
11
5.3170500787401576
21
-2.9873358267716537
0
LINE
8
BLACK
6
CONTINUOUS
10
5.3170500787401576
20
-2.9873358267716537
11
5.316993149606299
21
-2.9871984645669292
0
LINE
8
BLACK
6
CONTINUOUS
10
5.316993149606299
20
-2.9871984645669292
11
5.3168990157480316
21
-2.9870833858267716
0
LINE
8
BLACK
6
CONTINUOUS
10
5.3168990157480316
20
-2.9870833858267716
11
5.3167742913385823
21
-2.9866699999999997
0
LINE
8
BLACK
6
CONTINUOUS
10
5.3167742913385823
20
-2.9866699999999997
11
5.316609173228346
21
-2.9862713779527557
0
LINE
8
BLACK
6
CONTINUOUS
10
5.316609173228346
20
-2.9862713779527557
11
5.316609173228346
21
-2.9861227165354332
0
LINE
8
BLACK
6
CONTINUOUS
10
5.316609173228346
20
-2.9861227165354332
11
5.3165662204724411
21
-2.9859803937007872
0
LINE
8
BLACK
6
CONTINUOUS
10
5.3165662204724411
20
-2.9859803937007872
11
5.3165670866141728
21
-2.9854015354330707
0
LINE
8
BLACK
6
CONTINUOUS
10
5.3165670866141728
20
-2.9854015354330707
11
5.3184418503937003
21
-2.9666538976377952
0
LINE
8
BLACK
6
CONTINUOUS
10
5.3184418503937003
20
-2.9666538976377952
11
5.3184839370078736
21
-2.9664439370078739
0
LINE
8
BLACK
6
CONTINUOUS
10
5.3184839370078736
20
-2.9664439370078739
11
5.3184839370078736
21
-2.9663716535433071
0
LINE
8
BLACK
6
CONTINUOUS
10
5.3184839370078736
20
-2.9663716535433071
11
5.3185120078740153
21
-2.9663038188976376
0
LINE
8
BLACK
6
CONTINUOUS
10
5.3185120078740153
20
-2.9663038188976376
11
5.31855562992126
21
-2.9660863385826772
0
LINE
8
BLACK
6
CONTINUOUS
10
5.31855562992126
20
-2.9660863385826772
11
5.3187596456692914
21
-2.9657060236220474
0
LINE
8
BLACK
6
CONTINUOUS
10
5.3187596456692914
20
-2.9657060236220474
11
5.3189248425196851
21
-2.9653072440944883
0
LINE
8
BLACK
6
CONTINUOUS
10
5.3189248425196851
20
-2.9653072440944883
11
5.3190299999999997
21
-2.9652020472440945
0
LINE
8
BLACK
6
CONTINUOUS
10
5.3190299999999997
20
-2.9652020472440945
11
5.319100275590551
21
-2.9650711023622045
0
LINE
8
BLACK
6
CONTINUOUS
10
5.319100275590551
20
-2.9650711023622045
11
5.3194342125984253
21
-2.9647978346456694
0
LINE
8
BLACK
6
CONTINUOUS
10
5.3194342125984253
20
-2.9647978346456694
11
5.3197394881889766
21
-2.9644925984251969
0
LINE
8
BLACK
6
CONTINUOUS
10
5.3197394881889766
20
-2.9644925984251969
11
5.3198768110236223
21
-2.9644356692913387
0
LINE
8
BLACK
6
CONTINUOUS
10
5.3198768110236223
20
-2.9644356692913387
11
5.3199919291338578
21
-2.9643415354330709
0
LINE
8
BLACK
6
CONTINUOUS
10
5.3199919291338578
20
-2.9643415354330709
11
5.3204051968503938
21
-2.964216811023622
0
LINE
8
BLACK
6
CONTINUOUS
10
5.3204051968503938
20
-2.964216811023622
11
5.3208038976377949
21
-2.9640516929133858
0
LINE
8
BLACK
6
CONTINUOUS
10
5.3208038976377949
20
-2.9640516929133858
11
5.3210245669291334
21
-2.9640299212598427
0
LINE
8
BLACK
6
CONTINUOUS
10
5.3210245669291334
20
-2.9640299212598427
11
5.3210949212598422
21
-2.9640087401574804
0
LINE
8
BLACK
6
CONTINUOUS
10
5.3210949212598422
20
-2.9640087401574804
11
5.3211668897637798
21
-2.9640159055118112
0
LINE
8
BLACK
6
CONTINUOUS
10
5.3211668897637798
20
-2.9640159055118112
11
5.3213799606299208
21
-2.9639949606299214
0
LINE
8
BLACK
6
CONTINUOUS
10
5.3213799606299208
20
-2.9639949606299214
11
5.3401275984251964
21
-2.9639949606299214
0
LINE
8
BLACK
6
CONTINUOUS
10
5.3401275984251964
20
-2.9639949606299214
11
5.3407036614173231
21
-2.9640516929133858
0
LINE
8
BLACK
6
CONTINUOUS
10
5.4288176377952757
20
-2.9640516929133858
11
5.42891562992126
21
-2.9640922834645669
0
LINE
8
BLACK
6
CONTINUOUS
10
5.42891562992126
20
-2.9640922834645669
11
5.4290214566929134
21
-2.9640998031496064
0
LINE
8
BLACK
6
CONTINUOUS
10
5.4290214566929134
20
-2.9640998031496064
11
5.4295620866141734
21
-2.9643066929133859
0
LINE
8
BLACK
6
CONTINUOUS
10
5.4295620866141734
20
-2.9643066929133859
11
5.4333116141732285
21
-2.9661814566929134
0
LINE
8
BLACK
6
CONTINUOUS
10
5.4333116141732285
20
-2.9661814566929134
11
5.4335596062992124
21
-2.9663375196850392
0
LINE
8
BLACK
6
CONTINUOUS
10
5.4335596062992124
20
-2.9663375196850392
11
5.4336315748031492
21
-2.9663673622047244
0
LINE
8
BLACK
6
CONTINUOUS
10
5.4336315748031492
20
-2.9663673622047244
11
5.4337125196850389
21
-2.9664338188976376
0
LINE
8
BLACK
6
CONTINUOUS
10
5.4337125196850389
20
-2.9664338188976376
11
5.4338014960629923
21
-2.9664898031496061
0
LINE
8
BLACK
6
CONTINUOUS
10
5.4338014960629923
20
-2.9664898031496061
11
5.4338526377952752
21
-2.9665487795275589
0
LINE
8
BLACK
6
CONTINUOUS
10
5.4338526377952752
20
-2.9665487795275589
11
5.434079015748031
21
-2.9667345669291336
0
LINE
8
BLACK
6
CONTINUOUS
10
5.434079015748031
20
-2.9667345669291336
11
5.4359537795275585
21
-2.9686093307086612
0
LINE
8
BLACK
6
CONTINUOUS
10
5.4359537795275585
20
-2.9686093307086612
11
5.4361395275590549
21
-2.9688356692913387
0
LINE
8
BLACK
6
CONTINUOUS
10
5.4361395275590549
20
-2.9688356692913387
11
5.4361985433070865
21
-2.9688868503937007
0
LINE
8
BLACK
6
CONTINUOUS
10
5.4361985433070865
20
-2.9688868503937007
11
5.4362544881889763
21
-2.9689757874015745
0
LINE
8
BLACK
6
CONTINUOUS
10
5.4362544881889763
20
-2.9689757874015745
11
5.4363209842519682
21
-2.9690567716535434
0
LINE
8
BLACK
6
CONTINUOUS
10
5.4363209842519682
20
-2.9690567716535434
11
5.4363507874015751
21
-2.9691287007874014
0
LINE
8
BLACK
6
CONTINUOUS
10
5.4363507874015751
20
-2.9691287007874014
11
5.4365068897637796
21
-2.9693767322834645
0
LINE
8
BLACK
6
CONTINUOUS
10
5.4365068897637796
20
-2.9693767322834645
11
5.4383816535433072
21
-2.9731262598425197
0
LINE
8
BLACK
6
CONTINUOUS
10
5.4383816535433072
20
-2.9731262598425197
11
5.4385885433070866
21
-2.9736668503937009
0
LINE
8
BLACK
6
CONTINUOUS
10
5.4385885433070866
20
-2.9736668503937009
11
5.4385960629921257
21
-2.9737727165354331
0
LINE
8
BLACK
6
CONTINUOUS
10
5.4385960629921257
20
-2.9737727165354331
11
5.4386366535433073
21
-2.9738707086614173
0
LINE
8
BLACK
6
CONTINUOUS
10
5.4386366535433073
20
-2.9738707086614173
11
5.4386933858267712
21
-2.9744467716535432
0
LINE
8
BLACK
6
CONTINUOUS
10
5.4386933858267712
20
-2.9744467716535432
11
5.4386933858267712
21
-2.9763215354330708
0
LINE
8
BLACK
6
CONTINUOUS
10
5.4386933858267712
20
-2.9763215354330708
11
5.4386366535433073
21
-2.9768975984251966
0
LINE
8
BLACK
6
CONTINUOUS
10
5.4386366535433073
20
-2.9768975984251966
11
5.4385960629921257
21
-2.9769955511811022
0
LINE
8
BLACK
6
CONTINUOUS
10
5.4385960629921257
20
-2.9769955511811022
11
5.4385885433070866
21
-2.9771014566929135
0
LINE
8
BLACK
6
CONTINUOUS
10
5.4385885433070866
20
-2.9771014566929135
11
5.4383816535433072
21
-2.9776420472440943
0
LINE
8
BLACK
6
CONTINUOUS
10
5.4383816535433072
20
-2.9776420472440943
11
5.4365068897637796
21
-2.9813915748031494
0
LINE
8
BLACK
6
CONTINUOUS
10
5.4365068897637796
20
-2.9813915748031494
11
5.4363507874015751
21
-2.9816395669291338
0
LINE
8
BLACK
6
CONTINUOUS
10
5.4363507874015751
20
-2.9816395669291338
11
5.4363209842519682
21
-2.981711535433071
0
LINE
8
BLACK
6
CONTINUOUS
10
5.4363209842519682
20
-2.981711535433071
11
5.4362544881889763
21
-2.9817924803149607
0
LINE
8
BLACK
6
CONTINUOUS
10
5.4362544881889763
20
-2.9817924803149607
11
5.4361985433070865
21
-2.9818814566929133
0
LINE
8
BLACK
6
CONTINUOUS
10
5.4361985433070865
20
-2.9818814566929133
11
5.4361395275590549
21
-2.981932598425197
0
LINE
8
BLACK
6
CONTINUOUS
10
5.4361395275590549
20
-2.981932598425197
11
5.4359537795275585
21
-2.9821589763779528
0
LINE
8
BLACK
6
CONTINUOUS
10
5.4359537795275585
20
-2.9821589763779528
11
5.4342921653543304
21
-2.983820590551181
0
LINE
8
BLACK
6
CONTINUOUS
10
5.4342921653543304
20
-2.983820590551181
11
5.4359537795275585
21
-2.9854822047244092
0
LINE
8
BLACK
6
CONTINUOUS
10
5.4359537795275585
20
-2.9854822047244092
11
5.4361395275590549
21
-2.9857085433070867
0
LINE
8
BLACK
6
CONTINUOUS
10
5.4361395275590549
20
-2.9857085433070867
11
5.4361985433070865
21
-2.9857597244094487
0
LINE
8
BLACK
6
CONTINUOUS
10
5.4361985433070865
20
-2.9857597244094487
11
5.4362544881889763
21
-2.985848661417323
0
LINE
8
BLACK
6
CONTINUOUS
10
5.4362544881889763
20
-2.985848661417323
11
5.4363209842519682
21
-2.9859296456692914
0
LINE
8
BLACK
6
CONTINUOUS
10
5.4363209842519682
20
-2.9859296456692914
11
5.4363507874015751
21
-2.9860015748031494
0
LINE
8
BLACK
6
CONTINUOUS
10
5.4363507874015751
20
-2.9860015748031494
11
5.4365068897637796
21
-2.9862496062992125
0
LINE
8
BLACK
6
CONTINUOUS
10
5.4365068897637796
20
-2.9862496062992125
11
5.4383816535433072
21
-2.9899991338582677
0
LINE
8
BLACK
6
CONTINUOUS
10
5.4383816535433072
20
-2.9899991338582677
11
5.4385885433070866
21
-2.9905397244094489
0
LINE
8
BLACK
6
CONTINUOUS
10
5.4385885433070866
20
-2.9905397244094489
11
5.4385960629921257
21
-2.9906455905511811
0
LINE
8
BLACK
6
CONTINUOUS
10
5.4385960629921257
20
-2.9906455905511811
11
5.4386366535433073
21
-2.9907435826771653
0
LINE
8
BLACK
6
CONTINUOUS
10
5.4386366535433073
20
-2.9907435826771653
11
5.4386933858267712
21
-2.9913196456692912
0
LINE
8
BLACK
6
CONTINUOUS
10
5.4386933858267712
20
-2.9913196456692912
11
5.4386933858267712
21
-2.9988187007874014
0
LINE
8
BLACK
6
CONTINUOUS
10
5.4386933858267712
20
-2.9988187007874014
11
5.4386366535433073
21
-2.9993947637795273
0
LINE
8
BLACK
6
CONTINUOUS
10
5.4386366535433073
20
-2.9993947637795273
11
5.4385960629921257
21
-2.9994927165354328
0
LINE
8
BLACK
6
CONTINUOUS
10
5.4385960629921257
20
-2.9994927165354328
11
5.4385885433070866
21
-2.9995986220472441
0
LINE
8
BLACK
6
CONTINUOUS
10
5.4385885433070866
20
-2.9995986220472441
11
5.4383816535433072
21
-3.000139212598425
0
LINE
8
BLACK
6
CONTINUOUS
10
5.4383816535433072
20
-3.000139212598425
11
5.4365068897637796
21
-3.0038887401574801
0
LINE
8
BLACK
6
CONTINUOUS
10
5.4365068897637796
20
-3.0038887401574801
11
5.4363508267716538
21
-3.0041366141732282
0
LINE
8
BLACK
6
CONTINUOUS
10
5.4363508267716538
20
-3.0041366141732282
11
5.4363210236220469
21
-3.0042086614173229
0
LINE
8
BLACK
6
CONTINUOUS
10
5.4363210236220469
20
-3.0042086614173229
11
5.4362544881889763
21
-3.0042896850393701
0
LINE
8
BLACK
6
CONTINUOUS
10
5.4362544881889763
20
-3.0042896850393701
11
5.4361985433070865
21
-3.0043786220472439
0
LINE
8
BLACK
6
CONTINUOUS
10
5.4361985433070865
20
-3.0043786220472439
11
5.4361395275590549
21
-3.0044297637795276
0
LINE
8
BLACK
6
CONTINUOUS
10
5.4361395275590549
20
-3.0044297637795276
11
5.4359537795275585
21
-3.0046561417322835
0
LINE
8
BLACK
6
CONTINUOUS
10
5.4359537795275585
20
-3.0046561417322835
11
5.4340790551181097
21
-3.006530905511811
0
LINE
8
BLACK
6
CONTINUOUS
10
5.4340790551181097
20
-3.006530905511811
11
5.4338526771653539
21
-3.006716653543307
0
LINE
8
BLACK
6
CONTINUOUS
10
5.4338526771653539
20
-3.006716653543307
11
5.4338014960629923
21
-3.0067757086614173
0
LINE
8
BLACK
6
CONTINUOUS
10
5.4338014960629923
20
-3.0067757086614173
11
5.4337125196850389
21
-3.0068316929133858
0
LINE
8
BLACK
6
CONTINUOUS
10
5.4337125196850389
20
-3.0068316929133858
11
5.4336315748031492
21
-3.006898149606299
0
LINE
8
BLACK
6
CONTINUOUS
10
5.4336315748031492
20
-3.006898149606299
11
5.4335596062992124
21
-3.0069279527559054
0
LINE
8
BLACK
6
CONTINUOUS
10
5.4335596062992124
20
-3.0069279527559054
11
5.4333116141732285
21
-3.0070840551181104
0
LINE
8
BLACK
6
CONTINUOUS
10
5.4333116141732285
20
-3.0070840551181104
11
5.4295620866141734
21
-3.0089588188976379
0
LINE
8
BLACK
6
CONTINUOUS
10
5.4295620866141734
20
-3.0089588188976379
11
5.4290214566929134
21
-3.0091657086614174
0
LINE
8
BLACK
6
CONTINUOUS
10
5.4290214566929134
20
-3.0091657086614174
11
5.42891562992126
21
-3.0091731889763778
0
LINE
8
BLACK
6
CONTINUOUS
10
5.42891562992126
20
-3.0091731889763778
11
5.4288176377952757
21
-3.0092138188976376
0
LINE
8
BLACK
6
CONTINUOUS
10
5.4288176377952757
20
-3.0092138188976376
11
5.4282415748031498
21
-3.0092705511811024
0
LINE
8
BLACK
6
CONTINUOUS
10
5.4282415748031498
20
-3.0092705511811024
11
5.4207425196850396
21
-3.0092705511811024
0
LINE
8
BLACK
6
CONTINUOUS
10
5.4207425196850396
20
-3.0092705511811024
11
5.4201664566929129
21
-3.0092138188976376
0
LINE
8
BLACK
6
CONTINUOUS
10
5.4201664566929129
20
-3.0092138188976376
11
5.4200684645669286
21
-3.0091732283464565
0
LINE
8
BLACK
6
CONTINUOUS
10
5.4200684645669286
20
-3.0091732283464565
11
5.4199625984251965
21
-3.0091657086614174
0
LINE
8
BLACK
6
CONTINUOUS
10
5.4199625984251965
20
-3.0091657086614174
11
5.4194220078740161
21
-3.0089588188976379
0
LINE
8
BLACK
6
CONTINUOUS
10
5.4194220078740161
20
-3.0089588188976379
11
5.4156724803149601
21
-3.0070840551181104
0
LINE
8
BLACK
6
CONTINUOUS
10
5.4156724803149601
20
-3.0070840551181104
11
5.4154244488188974
21
-3.0069279527559054
0
LINE
8
BLACK
6
CONTINUOUS
10
5.4154244488188974
20
-3.0069279527559054
11
5.4153525196850394
21
-3.006898149606299
0
LINE
8
BLACK
6
CONTINUOUS
10
5.4153525196850394
20
-3.006898149606299
11
5.4152715354330709
21
-3.0068316929133858
0
LINE
8
BLACK
6
CONTINUOUS
10
5.4152715354330709
20
-3.0068316929133858
11
5.4151825984251971
21
-3.0067757086614173
0
LINE
8
BLACK
6
CONTINUOUS
10
5.4151825984251971
20
-3.0067757086614173
11
5.4151313779527559
21
-3.006716653543307
0
LINE
8
BLACK
6
CONTINUOUS
10
5.4151313779527559
20
-3.006716653543307
11
5.4149050393700788
21
-3.006530905511811
0
LINE
8
BLACK
6
CONTINUOUS
10
5.4149050393700788
20
-3.006530905511811
11
5.4130302755905513
21
-3.0046561023622047
0
LINE
8
BLACK
6
CONTINUOUS
10
5.4130302755905513
20
-3.0046561023622047
11
5.4128445275590549
21
-3.0044297637795276
0
LINE
8
BLACK
6
CONTINUOUS
10
5.4128445275590549
20
-3.0044297637795276
11
5.4127855511811021
21
-3.0043786220472439
0
LINE
8
BLACK
6
CONTINUOUS
10
5.4127855511811021
20
-3.0043786220472439
11
5.4127295669291335
21
-3.0042896850393701
0
LINE
8
BLACK
6
CONTINUOUS
10
5.4127295669291335
20
-3.0042896850393701
11
5.4126630708661416
21
-3.0042086614173229
0
LINE
8
BLACK
6
CONTINUOUS
10
5.4126630708661416
20
-3.0042086614173229
11
5.4126332283464569
21
-3.0041366141732282
0
LINE
8
BLACK
6
CONTINUOUS
10
5.4126332283464569
20
-3.0041366141732282
11
5.412477204724409
21
-3.0038887401574801
0
LINE
8
BLACK
6
CONTINUOUS
10
5.412477204724409
20
-3.0038887401574801
11
5.4106024409448814
21
-3.000139212598425
0
LINE
8
BLACK
6
CONTINUOUS
10
5.4106024409448814
20
-3.000139212598425
11
5.4103955511811019
21
-2.9995985826771654
0
LINE
8
BLACK
6
CONTINUOUS
10
5.4103955511811019
20
-2.9995985826771654
11
5.4103880314960628
21
-2.9994927559055116
0
LINE
8
BLACK
6
CONTINUOUS
10
5.4103880314960628
20
-2.9994927559055116
11
5.4103474409448822
21
-2.9993947637795273
0
LINE
8
BLACK
6
CONTINUOUS
10
5.4103474409448822
20
-2.9993947637795273
11
5.4102907086614174
21
-2.9988187007874014
0
LINE
8
BLACK
6
CONTINUOUS
10
5.4102907086614174
20
-2.9988187007874014
11
5.4102907086614174
21
-2.9913196456692912
0
LINE
8
BLACK
6
CONTINUOUS
10
5.4102907086614174
20
-2.9913196456692912
11
5.4103474409448822
21
-2.9907435826771653
0
LINE
8
BLACK
6
CONTINUOUS
10
5.4103474409448822
20
-2.9907435826771653
11
5.4103880314960628
21
-2.9906455511811023
0
LINE
8
BLACK
6
CONTINUOUS
10
5.4103880314960628
20
-2.9906455511811023
11
5.4103955511811019
21
-2.9905397637795277
0
LINE
8
BLACK
6
CONTINUOUS
10
5.4103955511811019
20
-2.9905397637795277
11
5.4106024409448814
21
-2.9899991338582677
0
LINE
8
BLACK
6
CONTINUOUS
10
5.4106024409448814
20
-2.9899991338582677
11
5.412477204724409
21
-2.9862496062992125
0
LINE
8
BLACK
6
CONTINUOUS
10
5.412477204724409
20
-2.9862496062992125
11
5.4126332677165356
21
-2.9860015748031494
0
LINE
8
BLACK
6
CONTINUOUS
10
5.4126332677165356
20
-2.9860015748031494
11
5.4126631102362204
21
-2.9859296456692914
0
LINE
8
BLACK
6
CONTINUOUS
10
5.4126631102362204
20
-2.9859296456692914
11
5.4127295669291335
21
-2.985848661417323
0
LINE
8
BLACK
6
CONTINUOUS
10
5.4127295669291335
20
-2.985848661417323
11
5.4127855511811021
21
-2.9857597244094487
0
LINE
8
BLACK
6
CONTINUOUS
10
5.4127855511811021
20
-2.9857597244094487
11
5.4128445275590549
21
-2.9857085433070867
0
LINE
8
BLACK
6
CONTINUOUS
10
5.4128445275590549
20
-2.9857085433070867
11
5.41303031496063
21
-2.9854822047244092
0
LINE
8
BLACK
6
CONTINUOUS
10
5.41303031496063
20
-2.9854822047244092
11
5.4146919291338582
21
-2.983820590551181
0
LINE
8
BLACK
6
CONTINUOUS
10
5.4146919291338582
20
-2.983820590551181
11
5.41303031496063
21
-2.9821589763779528
0
LINE
8
BLACK
6
CONTINUOUS
10
5.41303031496063
20
-2.9821589763779528
11
5.4128445275590549
21
-2.981932598425197
0
LINE
8
BLACK
6
CONTINUOUS
10
5.4128445275590549
20
-2.981932598425197
11
5.4127855511811021
21
-2.9818814566929133
0
LINE
8
BLACK
6
CONTINUOUS
10
5.4127855511811021
20
-2.9818814566929133
11
5.4127295669291335
21
-2.9817924803149607
0
LINE
8
BLACK
6
CONTINUOUS
10
5.4127295669291335
20
-2.9817924803149607
11
5.4126631102362204
21
-2.981711535433071
0
LINE
8
BLACK
6
CONTINUOUS
10
5.4126631102362204
20
-2.981711535433071
11
5.4126332677165356
21
-2.9816395669291338
0
LINE
8
BLACK
6
CONTINUOUS
10
5.4126332677165356
20
-2.9816395669291338
11
5.412477204724409
21
-2.9813915748031494
0
LINE
8
BLACK
6
CONTINUOUS
10
5.412477204724409
20
-2.9813915748031494
11
5.4106024409448814
21
-2.9776420472440943
0
LINE
8
BLACK
6
CONTINUOUS
10
5.4106024409448814
20
-2.9776420472440943
11
5.4103955511811019
21
-2.9771014173228347
0
LINE
8
BLACK
6
CONTINUOUS
10
5.4103955511811019
20
-2.9771014173228347
11
5.4103880314960628
21
-2.9769955905511809
0
LINE
8
BLACK
6
CONTINUOUS
10
5.4103880314960628
20
-2.9769955905511809
11
5.4103474409448822
21
-2.9768975984251966
0
LINE
8
BLACK
6
CONTINUOUS
10
5.4103474409448822
20
-2.9768975984251966
11
5.4102907086614174
21
-2.9763215354330708
0
LINE
8
BLACK
6
CONTINUOUS
10
5.4102907086614174
20
-2.9763215354330708
11
5.4102907086614174
21
-2.9744467716535432
0
LINE
8
BLACK
6
CONTINUOUS
10
5.4102907086614174
20
-2.9744467716535432
11
5.4103474409448822
21
-2.9738707086614173
0
LINE
8
BLACK
6
CONTINUOUS
10
5.4103474409448822
20
-2.9738707086614173
11
5.4103880314960628
21
-2.9737726771653543
0
LINE
8
BLACK
6
CONTINUOUS
10
5.4103880314960628
20
-2.9737726771653543
11
5.4103955511811019
21
-2.9736668897637792
0
LINE
8
BLACK
6
CONTINUOUS
10
5.4103955511811019
20
-2.9736668897637792
11
5.4106024409448814
21
-2.9731262598425197
0
LINE
8
BLACK
6
CONTINUOUS
10
5.4106024409448814
20
-2.9731262598425197
11
5.412477204724409
21
-2.9693767322834645
0
LINE
8
BLACK
6
CONTINUOUS
10
5.412477204724409
20
-2.9693767322834645
11
5.4126332677165356
21
-2.9691287007874014
0
LINE
8
BLACK
6
CONTINUOUS
10
5.4126332677165356
20
-2.9691287007874014
11
5.4126631102362204
21
-2.9690567716535434
0
LINE
8
BLACK
6
CONTINUOUS
10
5.4126631102362204
20
-2.9690567716535434
11
5.4127295669291335
21
-2.9689757874015745
0
LINE
8
BLACK
6
CONTINUOUS
10
5.4127295669291335
20
-2.9689757874015745
11
5.4127855511811021
21
-2.9688868503937007
0
LINE
8
BLACK
6
CONTINUOUS
10
5.4127855511811021
20
-2.9688868503937007
11
5.4128445275590549
21
-2.9688356692913387
0
LINE
8
BLACK
6
CONTINUOUS
10
5.4128445275590549
20
-2.9688356692913387
11
5.41303031496063
21
-2.9686093307086612
0
LINE
8
BLACK
6
CONTINUOUS
10
5.41303031496063
20
-2.9686093307086612
11
5.4149050787401576
21
-2.9667345669291336
0
LINE
8
BLACK
6
CONTINUOUS
10
5.4149050787401576
20
-2.9667345669291336
11
5.4151314173228347
21
-2.9665487795275589
0
LINE
8
BLACK
6
CONTINUOUS
10
5.4151314173228347
20
-2.9665487795275589
11
5.4151825984251971
21
-2.9664898031496061
0
LINE
8
BLACK
6
CONTINUOUS
10
5.4151825984251971
20
-2.9664898031496061
11
5.4152715354330709
21
-2.9664338188976376
0
LINE
8
BLACK
6
CONTINUOUS
10
5.4152715354330709
20
-2.9664338188976376
11
5.4153525196850394
21
-2.9663673622047244
0
LINE
8
BLACK
6
CONTINUOUS
10
5.4153525196850394
20
-2.9663673622047244
11
5.4154244488188974
21
-2.9663375196850392
0
LINE
8
BLACK
6
CONTINUOUS
10
5.4154244488188974
20
-2.9663375196850392
11
5.4156724803149601
21
-2.9661814566929134
0
LINE
8
BLACK
6
CONTINUOUS
10
5.4156724803149601
20
-2.9661814566929134
11
5.4194220078740161
21
-2.9643066929133859
0
LINE
8
BLACK
6
CONTINUOUS
10
5.4194220078740161
20
-2.9643066929133859
11
5.4199625984251965
21
-2.9640998031496064
0
LINE
8
BLACK
6
CONTINUOUS
10
5.4199625984251965
20
-2.9640998031496064
11
5.4200684645669286
21
-2.9640922440944881
0
LINE
8
BLACK
6
CONTINUOUS
10
5.4200684645669286
20
-2.9640922440944881
11
5.4201664566929129
21
-2.9640516929133858
0
LINE
8
BLACK
6
CONTINUOUS
10
5.4201664566929129
20
-2.9640516929133858
11
5.4207425196850396
21
-2.9639949606299214
0
LINE
8
BLACK
6
CONTINUOUS
10
5.4207425196850396
20
-2.9639949606299214
11
5.4282415748031498
21
-2.9639949606299214
0
LINE
8
BLACK
6
CONTINUOUS
10
5.4282415748031498
20
-2.9639949606299214
11
5.4288176377952757
21
-2.9640516929133858
0
LINE
8
BLACK
6
CONTINUOUS
10
5.4187420866141727
20
-2.9881220866141733
11
5.4175449606299209
21
-2.9893192125984251
0
LINE
8
BLACK
6
CONTINUOUS
10
5.4175449606299209
20
-2.9893192125984251
11
5.4161962204724405
21
-2.9920166929133858
0
LINE
8
BLACK
6
CONTINUOUS
10
5.4161962204724405
20
-2.9920166929133858
11
5.4161962204724405
21
-2.9981216535433068
0
LINE
8
BLACK
6
CONTINUOUS
10
5.4161962204724405
20
-2.9981216535433068
11
5.4175449606299209
21
-3.0008191338582675
0
LINE
8
BLACK
6
CONTINUOUS
10
5.4175449606299209
20
-3.0008191338582675
11
5.4187420866141727
21
-3.0020162992125985
0
LINE
8
BLACK
6
CONTINUOUS
10
5.4187420866141727
20
-3.0020162992125985
11
5.4214395669291333
21
-3.0033650393700788
0
LINE
8
BLACK
6
CONTINUOUS
10
5.4214395669291333
20
-3.0033650393700788
11
5.4275445275590553
21
-3.0033650393700788
0
LINE
8
BLACK
6
CONTINUOUS
10
5.4275445275590553
20
-3.0033650393700788
11
5.4302419685039371
21
-3.0020162992125985
0
LINE
8
BLACK
6
CONTINUOUS
10
5.4302419685039371
20
-3.0020162992125985
11
5.431439094488189
21
-3.0008191338582675
0
LINE
8
BLACK
6
CONTINUOUS
10
5.431439094488189
20
-3.0008191338582675
11
5.432787874015748
21
-2.9981216535433068
0
LINE
8
BLACK
6
CONTINUOUS
10
5.432787874015748
20
-2.9981216535433068
11
5.432787874015748
21
-2.9920166929133858
0
LINE
8
BLACK
6
CONTINUOUS
10
5.432787874015748
20
-2.9920166929133858
11
5.4314391338582677
21
-2.9893192125984251
0
LINE
8
BLACK
6
CONTINUOUS
10
5.4314391338582677
20
-2.9893192125984251
11
5.4302420078740159
21
-2.9881220866141733
0
LINE
8
BLACK
6
CONTINUOUS
10
5.4302420078740159
20
-2.9881220866141733
11
5.4275445275590553
21
-2.986773346456693
0
LINE
8
BLACK
6
CONTINUOUS
10
5.4275445275590553
20
-2.986773346456693
11
5.4214395669291333
21
-2.986773346456693
0
LINE
8
BLACK
6
CONTINUOUS
10
5.4214395669291333
20
-2.986773346456693
11
5.4187420866141727
21
-2.9881220866141733
0
LINE
8
BLACK
6
CONTINUOUS
10
5.4187420866141727
20
-2.9712492125984253
11
5.4175449606299209
21
-2.9724463385826771
0
LINE
8
BLACK
6
CONTINUOUS
10
5.4175449606299209
20
-2.9724463385826771
11
5.4161962204724405
21
-2.9751438188976378
0
LINE
8
BLACK
6
CONTINUOUS
10
5.4161962204724405
20
-2.9751438188976378
11
5.4161962204724405
21
-2.9756244881889762
0
LINE
8
BLACK
6
CONTINUOUS
10
5.4161962204724405
20
-2.9756244881889762
11
5.4175449606299209
21
-2.9783219685039368
0
LINE
8
BLACK
6
CONTINUOUS
10
5.4175449606299209
20
-2.9783219685039368
11
5.4187420866141727
21
-2.9795190944881891
0
LINE
8
BLACK
6
CONTINUOUS
10
5.4187420866141727
20
-2.9795190944881891
11
5.4214395669291333
21
-2.9808678346456694
0
LINE
8
BLACK
6
CONTINUOUS
10
5.4214395669291333
20
-2.9808678346456694
11
5.4275445275590553
21
-2.9808678346456694
0
LINE
8
BLACK
6
CONTINUOUS
10
5.4275445275590553
20
-2.9808678346456694
11
5.4302420078740159
21
-2.9795190944881891
0
LINE
8
BLACK
6
CONTINUOUS
10
5.4302420078740159
20
-2.9795190944881891
11
5.4314391338582677
21
-2.9783219685039368
0
LINE
8
BLACK
6
CONTINUOUS
10
5.4314391338582677
20
-2.9783219685039368
11
5.432787874015748
21
-2.9756244881889762
0
LINE
8
BLACK
6
CONTINUOUS
10
5.432787874015748
20
-2.9756244881889762
11
5.432787874015748
21
-2.9751438188976378
0
LINE
8
BLACK
6
CONTINUOUS
10
5.432787874015748
20
-2.9751438188976378
11
5.4314391338582677
21
-2.9724463385826771
0
LINE
8
BLACK
6
CONTINUOUS
10
5.4314391338582677
20
-2.9724463385826771
11
5.4302420078740159
21
-2.9712492125984253
0
LINE
8
BLACK
6
CONTINUOUS
10
5.4302420078740159
20
-2.9712492125984253
11
5.4275445275590553
21
-2.969900472440945
0
LINE
8
BLACK
6
CONTINUOUS
10
5.4275445275590553
20
-2.969900472440945
11
5.4214395669291333
21
-2.969900472440945
0
LINE
8
BLACK
6
CONTINUOUS
10
5.4214395669291333
20
-2.969900472440945
11
5.4187420866141727
21
-2.9712492125984253
0
LINE
8
BLACK
6
CONTINUOUS
10
5.4700624803149607
20
-2.9640516929133858
11
5.471126889763779
21
-2.9644925984251969
0
LINE
8
BLACK
6
CONTINUOUS
10
5.471126889763779
20
-2.9644925984251969
11
5.4719415354330705
21
-2.9653072440944883
0
LINE
8
BLACK
6
CONTINUOUS
10
5.4719415354330705
20
-2.9653072440944883
11
5.472382440944882
21
-2.9663716535433071
0
LINE
8
BLACK
6
CONTINUOUS
10
5.472382440944882
20
-2.9663716535433071
11
5.472382440944882
21
-2.9675237795275589
0
LINE
8
BLACK
6
CONTINUOUS
10
5.472382440944882
20
-2.9675237795275589
11
5.4719415354330705
21
-2.9685881889763781
0
LINE
8
BLACK
6
CONTINUOUS
10
5.4719415354330705
20
-2.9685881889763781
11
5.471126889763779
21
-2.9694028346456691
0
LINE
8
BLACK
6
CONTINUOUS
10
5.471126889763779
20
-2.9694028346456691
11
5.4700624803149607
21
-2.9698437401574802
0
LINE
8
BLACK
6
CONTINUOUS
10
5.4700624803149607
20
-2.9698437401574802
11
5.4694864173228348
21
-2.969900472440945
0
LINE
8
BLACK
6
CONTINUOUS
10
5.4694864173228348
20
-2.969900472440945
11
5.4626844094488192
21
-2.969900472440945
0
LINE
8
BLACK
6
CONTINUOUS
10
5.4626844094488192
20
-2.969900472440945
11
5.4599869291338585
21
-2.9712492125984253
0
LINE
8
BLACK
6
CONTINUOUS
10
5.4599869291338585
20
-2.9712492125984253
11
5.4586577165354333
21
-2.9725783858267718
0
LINE
8
BLACK
6
CONTINUOUS
10
5.4586577165354333
20
-2.9725783858267718
11
5.4553540944881886
21
-2.9775338582677167
0
LINE
8
BLACK
6
CONTINUOUS
10
5.4553540944881886
20
-2.9775338582677167
11
5.4546248031496063
21
-2.9804510629921257
0
LINE
8
BLACK
6
CONTINUOUS
10
5.4546248031496063
20
-2.9804510629921257
11
5.4569173228346459
21
-2.9793048031496063
0
LINE
8
BLACK
6
CONTINUOUS
10
5.4569173228346459
20
-2.9793048031496063
11
5.4574579133858263
21
-2.9790979133858269
0
LINE
8
BLACK
6
CONTINUOUS
10
5.4574579133858263
20
-2.9790979133858269
11
5.4575637795275593
21
-2.9790903543307086
0
LINE
8
BLACK
6
CONTINUOUS
10
5.4575637795275593
20
-2.9790903543307086
11
5.4576617716535436
21
-2.9790498031496062
0
LINE
8
BLACK
6
CONTINUOUS
10
5.4576617716535436
20
-2.9790498031496062
11
5.4582378346456695
21
-2.9789930708661418
0
LINE
8
BLACK
6
CONTINUOUS
10
5.4582378346456695
20
-2.9789930708661418
11
5.4657368897637797
21
-2.9789930708661418
0
LINE
8
BLACK
6
CONTINUOUS
10
5.4657368897637797
20
-2.9789930708661418
11
5.4663129527559056
21
-2.9790498031496062
0
LINE
8
BLACK
6
CONTINUOUS
10
5.4663129527559056
20
-2.9790498031496062
11
5.4664109448818898
21
-2.9790903937007873
0
LINE
8
BLACK
6
CONTINUOUS
10
5.4664109448818898
20
-2.9790903937007873
11
5.4665167716535432
21
-2.9790979133858269
0
LINE
8
BLACK
6
CONTINUOUS
10
5.4665167716535432
20
-2.9790979133858269
11
5.4670574015748032
21
-2.9793048031496063
0
LINE
8
BLACK
6
CONTINUOUS
10
5.4670574015748032
20
-2.9793048031496063
11
5.4708069291338584
21
-2.9811795669291339
0
LINE
8
BLACK
6
CONTINUOUS
10
5.4708069291338584
20
-2.9811795669291339
11
5.4710549212598423
21
-2.9813356299212597
0
LINE
8
BLACK
6
CONTINUOUS
10
5.4710549212598423
20
-2.9813356299212597
11
5.471126889763779
21
-2.9813654724409449
0
LINE
8
BLACK
6
CONTINUOUS
10
5.471126889763779
20
-2.9813654724409449
11
5.4712078346456687
21
-2.981431929133858
0
LINE
8
BLACK
6
CONTINUOUS
10
5.4712078346456687
20
-2.981431929133858
11
5.4712968110236222
21
-2.9814879133858265
0
LINE
8
BLACK
6
CONTINUOUS
10
5.4712968110236222
20
-2.9814879133858265
11
5.471347952755905
21
-2.9815468897637794
0
LINE
8
BLACK
6
CONTINUOUS
10
5.471347952755905
20
-2.9815468897637794
11
5.4715743307086617
21
-2.9817326771653541
0
LINE
8
BLACK
6
CONTINUOUS
10
5.4715743307086617
20
-2.9817326771653541
11
5.4734490944881893
21
-2.9836074409448816
0
LINE
8
BLACK
6
CONTINUOUS
10
5.4734490944881893
20
-2.9836074409448816
11
5.4736348425196848
21
-2.9838337795275591
0
LINE
8
BLACK
6
CONTINUOUS
10
5.4736348425196848
20
-2.9838337795275591
11
5.4736938582677164
21
-2.9838849606299211
0
LINE
8
BLACK
6
CONTINUOUS
10
5.4736938582677164
20
-2.9838849606299211
11
5.4737498031496061
21
-2.9839738976377954
0
LINE
8
BLACK
6
CONTINUOUS
10
5.4737498031496061
20
-2.9839738976377954
11
5.473816299212598
21
-2.9840548818897639
0
LINE
8
BLACK
6
CONTINUOUS
10
5.473816299212598
20
-2.9840548818897639
11
5.4738461023622049
21
-2.9841268110236219
0
LINE
8
BLACK
6
CONTINUOUS
10
5.4738461023622049
20
-2.9841268110236219
11
5.4740022047244095
21
-2.984374842519685
0
LINE
8
BLACK
6
CONTINUOUS
10
5.4740022047244095
20
-2.984374842519685
11
5.475876968503937
21
-2.9881243700787401
0
LINE
8
BLACK
6
CONTINUOUS
10
5.475876968503937
20
-2.9881243700787401
11
5.4760838582677165
21
-2.9886649606299214
0
LINE
8
BLACK
6
CONTINUOUS
10
5.4760838582677165
20
-2.9886649606299214
11
5.4760913779527556
21
-2.9887708267716535
0
LINE
8
BLACK
6
CONTINUOUS
10
5.4760913779527556
20
-2.9887708267716535
11
5.4761319685039371
21
-2.9888688188976378
0
LINE
8
BLACK
6
CONTINUOUS
10
5.4761319685039371
20
-2.9888688188976378
11
5.4761887007874011
21
-2.9894448818897636
0
LINE
8
BLACK
6
CONTINUOUS
10
5.4761887007874011
20
-2.9894448818897636
11
5.4761887007874011
21
-2.9988187007874014
0
LINE
8
BLACK
6
CONTINUOUS
10
5.4761887007874011
20
-2.9988187007874014
11
5.4761319685039371
21
-2.9993947637795273
0
LINE
8
BLACK
6
CONTINUOUS
10
5.4761319685039371
20
-2.9993947637795273
11
5.4760913779527556
21
-2.9994927165354328
0
LINE
8
BLACK
6
CONTINUOUS
10
5.4760913779527556
20
-2.9994927165354328
11
5.4760838582677165
21
-2.9995986220472441
0
LINE
8
BLACK
6
CONTINUOUS
10
5.4760838582677165
20
-2.9995986220472441
11
5.475876968503937
21
-3.000139212598425
0
LINE
8
BLACK
6
CONTINUOUS
10
5.475876968503937
20
-3.000139212598425
11
5.4740022047244095
21
-3.0038887401574801
0
LINE
8
BLACK
6
CONTINUOUS
10
5.4740022047244095
20
-3.0038887401574801
11
5.4738461417322837
21
-3.0041366141732282
0
LINE
8
BLACK
6
CONTINUOUS
10
5.4738461417322837
20
-3.0041366141732282
11
5.4738163385826768
21
-3.0042086614173229
0
LINE
8
BLACK
6
CONTINUOUS
10
5.4738163385826768
20
-3.0042086614173229
11
5.4737498031496061
21
-3.0042896850393701
0
LINE
8
BLACK
6
CONTINUOUS
10
5.4737498031496061
20
-3.0042896850393701
11
5.4736938582677164
21
-3.0043786220472439
0
LINE
8
BLACK
6
CONTINUOUS
10
5.4736938582677164
20
-3.0043786220472439
11
5.4736348425196848
21
-3.0044297637795276
0
LINE
8
BLACK
6
CONTINUOUS
10
5.4736348425196848
20
-3.0044297637795276
11
5.4734490944881893
21
-3.0046561417322835
0
LINE
8
BLACK
6
CONTINUOUS
10
5.4734490944881893
20
-3.0046561417322835
11
5.4715743700787396
21
-3.006530905511811
0
LINE
8
BLACK
6
CONTINUOUS
10
5.4715743700787396
20
-3.006530905511811
11
5.4713479921259838
21
-3.006716653543307
0
LINE
8
BLACK
6
CONTINUOUS
10
5.4713479921259838
20
-3.006716653543307
11
5.4712968110236222
21
-3.0067757086614173
0
LINE
8
BLACK
6
CONTINUOUS
10
5.4712968110236222
20
-3.0067757086614173
11
5.4712078346456687
21
-3.0068316929133858
0
LINE
8
BLACK
6
CONTINUOUS
10
5.4712078346456687
20
-3.0068316929133858
11
5.471126889763779
21
-3.006898149606299
0
LINE
8
BLACK
6
CONTINUOUS
10
5.471126889763779
20
-3.006898149606299
11
5.4710549212598423
21
-3.0069279527559054
0
LINE
8
BLACK
6
CONTINUOUS
10
5.4710549212598423
20
-3.0069279527559054
11
5.4708069291338584
21
-3.0070840551181104
0
LINE
8
BLACK
6
CONTINUOUS
10
5.4708069291338584
20
-3.0070840551181104
11
5.4670574015748032
21
-3.0089588188976379
0
LINE
8
BLACK
6
CONTINUOUS
10
5.4670574015748032
20
-3.0089588188976379
11
5.4665167716535432
21
-3.0091657086614174
0
LINE
8
BLACK
6
CONTINUOUS
10
5.4665167716535432
20
-3.0091657086614174
11
5.4664109448818898
21
-3.0091731889763778
0
LINE
8
BLACK
6
CONTINUOUS
10
5.4664109448818898
20
-3.0091731889763778
11
5.4663129527559056
21
-3.0092138188976376
0
LINE
8
BLACK
6
CONTINUOUS
10
5.4663129527559056
20
-3.0092138188976376
11
5.4657368897637797
21
-3.0092705511811024
0
LINE
8
BLACK
6
CONTINUOUS
10
5.4657368897637797
20
-3.0092705511811024
11
5.4582378346456695
21
-3.0092705511811024
0
LINE
8
BLACK
6
CONTINUOUS
10
5.4582378346456695
20
-3.0092705511811024
11
5.4576617716535436
21
-3.0092138188976376
0
LINE
8
BLACK
6
CONTINUOUS
10
5.4576617716535436
20
-3.0092138188976376
11
5.4575637795275593
21
-3.0091732283464565
0
LINE
8
BLACK
6
CONTINUOUS
10
5.4575637795275593
20
-3.0091732283464565
11
5.4574579133858263
21
-3.0091657086614174
0
LINE
8
BLACK
6
CONTINUOUS
10
5.4574579133858263
20
-3.0091657086614174
11
5.4569173228346459
21
-3.0089588188976379
0
LINE
8
BLACK
6
CONTINUOUS
10
5.4569173228346459
20
-3.0089588188976379
11
5.4531677952755908
21
-3.0070840551181104
0
LINE
8
BLACK
6
CONTINUOUS
10
5.4531677952755908
20
-3.0070840551181104
11
5.4529197637795273
21
-3.0069279527559054
0
LINE
8
BLACK
6
CONTINUOUS
10
5.4529197637795273
20
-3.0069279527559054
11
5.4528478346456692
21
-3.006898149606299
0
LINE
8
BLACK
6
CONTINUOUS
10
5.4528478346456692
20
-3.006898149606299
11
5.4527668503937008
21
-3.0068316929133858
0
LINE
8
BLACK
6
CONTINUOUS
10
5.4527668503937008
20
-3.0068316929133858
11
5.452677913385827
21
-3.0067757086614173
0
LINE
8
BLACK
6
CONTINUOUS
10
5.452677913385827
20
-3.0067757086614173
11
5.4526266929133858
21
-3.006716653543307
0
LINE
8
BLACK
6
CONTINUOUS
10
5.4526266929133858
20
-3.006716653543307
11
5.4524003543307087
21
-3.006530905511811
0
LINE
8
BLACK
6
CONTINUOUS
10
5.4524003543307087
20
-3.006530905511811
11
5.4505255905511811
21
-3.0046561023622047
0
LINE
8
BLACK
6
CONTINUOUS
10
5.4505255905511811
20
-3.0046561023622047
11
5.4503398425196847
21
-3.0044297637795276
0
LINE
8
BLACK
6
CONTINUOUS
10
5.4503398425196847
20
-3.0044297637795276
11
5.4502808661417319
21
-3.0043786220472439
0
LINE
8
BLACK
6
CONTINUOUS
10
5.4502808661417319
20
-3.0043786220472439
11
5.4502248818897634
21
-3.0042896850393701
0
LINE
8
BLACK
6
CONTINUOUS
10
5.4502248818897634
20
-3.0042896850393701
11
5.4501583858267715
21
-3.0042086614173229
0
LINE
8
BLACK
6
CONTINUOUS
10
5.4501583858267715
20
-3.0042086614173229
11
5.4501285433070867
21
-3.0041366141732282
0
LINE
8
BLACK
6
CONTINUOUS
10
5.4501285433070867
20
-3.0041366141732282
11
5.4499725196850388
21
-3.0038887401574801
0
LINE
8
BLACK
6
CONTINUOUS
10
5.4499725196850388
20
-3.0038887401574801
11
5.4480977559055113
21
-3.000139212598425
0
LINE
8
BLACK
6
CONTINUOUS
10
5.4480977559055113
20
-3.000139212598425
11
5.4478908661417318
21
-2.9995985826771654
0
LINE
8
BLACK
6
CONTINUOUS
10
5.4478908661417318
20
-2.9995985826771654
11
5.4478833464566927
21
-2.9994927559055116
0
LINE
8
BLACK
6
CONTINUOUS
10
5.4478833464566927
20
-2.9994927559055116
11
5.447842755905512
21
-2.9993947637795273
0
LINE
8
BLACK
6
CONTINUOUS
10
5.447842755905512
20
-2.9993947637795273
11
5.4477860236220472
21
-2.9988187007874014
0
LINE
8
BLACK
6
CONTINUOUS
10
5.4477860236220472
20
-2.9988187007874014
11
5.4477860236220472
21
-2.983820590551181
0
LINE
8
BLACK
6
CONTINUOUS
10
5.4477860236220472
20
-2.983820590551181
11
5.4477959055118106
21
-2.9837200393700787
0
LINE
8
BLACK
6
CONTINUOUS
10
5.4477959055118106
20
-2.9837200393700787
11
5.4477895275590553
21
-2.9836770472440945
0
LINE
8
BLACK
6
CONTINUOUS
10
5.4477895275590553
20
-2.9836770472440945
11
5.4478213779527556
21
-2.9834615354330709
0
LINE
8
BLACK
6
CONTINUOUS
10
5.4478213779527556
20
-2.9834615354330709
11
5.447842755905512
21
-2.9832445275590551
0
LINE
8
BLACK
6
CONTINUOUS
10
5.447842755905512
20
-2.9832445275590551
11
5.4478593700787403
21
-2.9832042913385828
0
LINE
8
BLACK
6
CONTINUOUS
10
5.4478593700787403
20
-2.9832042913385828
11
5.447874173228346
21
-2.9831044488188976
0
LINE
8
BLACK
6
CONTINUOUS
10
5.447874173228346
20
-2.9831044488188976
11
5.4497489370078736
21
-2.9756053937007874
0
LINE
8
BLACK
6
CONTINUOUS
10
5.4497489370078736
20
-2.9756053937007874
11
5.4498701968503935
21
-2.9752659055118111
0
LINE
8
BLACK
6
CONTINUOUS
10
5.4498701968503935
20
-2.9752659055118111
11
5.44988437007874
21
-2.975194409448819
0
LINE
8
BLACK
6
CONTINUOUS
10
5.44988437007874
20
-2.975194409448819
11
5.4499189370078742
21
-2.975129527559055
0
LINE
8
BLACK
6
CONTINUOUS
10
5.4499189370078742
20
-2.975129527559055
11
5.4499437007874016
21
-2.9750602755905513
0
LINE
8
BLACK
6
CONTINUOUS
10
5.4499437007874016
20
-2.9750602755905513
11
5.4499871259842516
21
-2.9750016535433068
0
LINE
8
BLACK
6
CONTINUOUS
10
5.4499871259842516
20
-2.9750016535433068
11
5.450156692913386
21
-2.9746836220472441
0
LINE
8
BLACK
6
CONTINUOUS
10
5.450156692913386
20
-2.9746836220472441
11
5.4539062204724411
21
-2.9690593307086615
0
LINE
8
BLACK
6
CONTINUOUS
10
5.4539062204724411
20
-2.9690593307086615
11
5.4539075590551178
21
-2.9690576377952755
0
LINE
8
BLACK
6
CONTINUOUS
10
5.4539075590551178
20
-2.9690576377952755
11
5.4539079527559053
21
-2.9690567716535434
0
LINE
8
BLACK
6
CONTINUOUS
10
5.4539079527559053
20
-2.9690567716535434
11
5.4540846456692913
21
-2.9688414566929131
0
LINE
8
BLACK
6
CONTINUOUS
10
5.4540846456692913
20
-2.9688414566929131
11
5.4542729921259845
21
-2.9686114960629921
0
LINE
8
BLACK
6
CONTINUOUS
10
5.4542729921259845
20
-2.9686114960629921
11
5.4542738188976374
21
-2.9686109055118108
0
LINE
8
BLACK
6
CONTINUOUS
10
5.4542738188976374
20
-2.9686109055118108
11
5.454275157480315
21
-2.9686093307086612
0
LINE
8
BLACK
6
CONTINUOUS
10
5.454275157480315
20
-2.9686093307086612
11
5.4561499212598426
21
-2.9667345669291336
0
LINE
8
BLACK
6
CONTINUOUS
10
5.4561499212598426
20
-2.9667345669291336
11
5.4563762598425196
21
-2.9665487795275589
0
LINE
8
BLACK
6
CONTINUOUS
10
5.4563762598425196
20
-2.9665487795275589
11
5.4564274409448821
21
-2.9664898031496061
0
LINE
8
BLACK
6
CONTINUOUS
10
5.4564274409448821
20
-2.9664898031496061
11
5.4565163779527559
21
-2.9664338188976376
0
LINE
8
BLACK
6
CONTINUOUS
10
5.4565163779527559
20
-2.9664338188976376
11
5.4565973622047244
21
-2.9663673622047244
0
LINE
8
BLACK
6
CONTINUOUS
10
5.4565973622047244
20
-2.9663673622047244
11
5.4566692913385824
21
-2.9663375196850392
0
LINE
8
BLACK
6
CONTINUOUS
10
5.4566692913385824
20
-2.9663375196850392
11
5.4569173228346459
21
-2.9661814566929134
0
LINE
8
BLACK
6
CONTINUOUS
10
5.4569173228346459
20
-2.9661814566929134
11
5.460666850393701
21
-2.9643066929133859
0
LINE
8
BLACK
6
CONTINUOUS
10
5.460666850393701
20
-2.9643066929133859
11
5.4612074409448814
21
-2.9640998031496064
0
LINE
8
BLACK
6
CONTINUOUS
10
5.4612074409448814
20
-2.9640998031496064
11
5.4613133070866144
21
-2.9640922440944881
0
LINE
8
BLACK
6
CONTINUOUS
10
5.4613133070866144
20
-2.9640922440944881
11
5.4614112992125987
21
-2.9640516929133858
0
LINE
8
BLACK
6
CONTINUOUS
10
5.4614112992125987
20
-2.9640516929133858
11
5.4619873622047246
21
-2.9639949606299214
0
LINE
8
BLACK
6
CONTINUOUS
10
5.4619873622047246
20
-2.9639949606299214
11
5.4694864173228348
21
-2.9639949606299214
0
LINE
8
BLACK
6
CONTINUOUS
10
5.4694864173228348
20
-2.9639949606299214
11
5.4700624803149607
21
-2.9640516929133858
0
LINE
8
BLACK
6
CONTINUOUS
10
5.4562374015748034
20
-2.9862473228346458
11
5.4550402755905507
21
-2.9874444488188976
0
LINE
8
BLACK
6
CONTINUOUS
10
5.4550402755905507
20
-2.9874444488188976
11
5.4536915354330704
21
-2.9901419291338582
0
LINE
8
BLACK
6
CONTINUOUS
10
5.4536915354330704
20
-2.9901419291338582
11
5.4536915354330704
21
-2.9981216535433068
0
LINE
8
BLACK
6
CONTINUOUS
10
5.4536915354330704
20
-2.9981216535433068
11
5.4550402755905507
21
-3.0008191338582675
0
LINE
8
BLACK
6
CONTINUOUS
10
5.4550402755905507
20
-3.0008191338582675
11
5.4562374015748034
21
-3.0020162992125985
0
LINE
8
BLACK
6
CONTINUOUS
10
5.4562374015748034
20
-3.0020162992125985
11
5.4589348818897641
21
-3.0033650393700788
0
LINE
8
BLACK
6
CONTINUOUS
10
5.4589348818897641
20
-3.0033650393700788
11
5.4650398425196851
21
-3.0033650393700788
0
LINE
8
BLACK
6
CONTINUOUS
10
5.4650398425196851
20
-3.0033650393700788
11
5.467737283464567
21
-3.0020162992125985
0
LINE
8
BLACK
6
CONTINUOUS
10
5.467737283464567
20
-3.0020162992125985
11
5.4689344094488188
21
-3.0008191338582675
0
LINE
8
BLACK
6
CONTINUOUS
10
5.4689344094488188
20
-3.0008191338582675
11
5.4702831889763779
21
-2.9981216535433068
0
LINE
8
BLACK
6
CONTINUOUS
10
5.4702831889763779
20
-2.9981216535433068
11
5.4702831889763779
21
-2.9901419291338582
0
LINE
8
BLACK
6
CONTINUOUS
10
5.4702831889763779
20
-2.9901419291338582
11
5.4689344488188976
21
-2.9874444488188976
0
LINE
8
BLACK
6
CONTINUOUS
10
5.4689344488188976
20
-2.9874444488188976
11
5.4677373228346458
21
-2.9862473228346458
0
LINE
8
BLACK
6
CONTINUOUS
10
5.4677373228346458
20
-2.9862473228346458
11
5.4650398425196851
21
-2.9848985826771655
0
LINE
8
BLACK
6
CONTINUOUS
10
5.4650398425196851
20
-2.9848985826771655
11
5.4589348818897641
21
-2.9848985826771655
0
LINE
8
BLACK
6
CONTINUOUS
10
5.4589348818897641
20
-2.9848985826771655
11
5.4562374015748034
21
-2.9862473228346458
0
LINE
8
BLACK
6
CONTINUOUS
10
5.5506774409448818
20
-3.0034217716535432
11
5.551741850393701
21
-3.0038626771653543
0
LINE
8
BLACK
6
CONTINUOUS
10
5.551741850393701
20
-3.0038626771653543
11
5.5525564960629916
21
-3.0046773228346457
0
LINE
8
BLACK
6
CONTINUOUS
10
5.5525564960629916
20
-3.0046773228346457
11
5.5529974015748031
21
-3.0057417322834645
0
LINE
8
BLACK
6
CONTINUOUS
10
5.5529974015748031
20
-3.0057417322834645
11
5.5529974015748031
21
-3.0068938582677163
0
LINE
8
BLACK
6
CONTINUOUS
10
5.5529974015748031
20
-3.0068938582677163
11
5.5525564960629916
21
-3.0079582677165355
0
LINE
8
BLACK
6
CONTINUOUS
10
5.5525564960629916
20
-3.0079582677165355
11
5.551741850393701
21
-3.0087729133858265
0
LINE
8
BLACK
6
CONTINUOUS
10
5.551741850393701
20
-3.0087729133858265
11
5.5506774409448818
21
-3.0092138188976376
0
LINE
8
BLACK
6
CONTINUOUS
10
5.5506774409448818
20
-3.0092138188976376
11
5.5501013779527559
21
-3.0092705511811024
0
LINE
8
BLACK
6
CONTINUOUS
10
5.5501013779527559
20
-3.0092705511811024
11
5.5201051181102363
21
-3.0092705511811024
0
LINE
8
BLACK
6
CONTINUOUS
10
5.5201051181102363
20
-3.0092705511811024
11
5.5195290551181104
21
-3.0092138188976376
0
LINE
8
BLACK
6
CONTINUOUS
10
5.5195290551181104
20
-3.0092138188976376
11
5.5184646456692912
21
-3.0087729133858265
0
LINE
8
BLACK
6
CONTINUOUS
10
5.5184646456692912
20
-3.0087729133858265
11
5.5176499999999997
21
-3.0079582677165355
0
LINE
8
BLACK
6
CONTINUOUS
10
5.5176499999999997
20
-3.0079582677165355
11
5.5172090944881891
21
-3.0068938582677163
0
LINE
8
BLACK
6
CONTINUOUS
10
5.5172090944881891
20
-3.0068938582677163
11
5.5172090944881891
21
-3.0057417322834645
0
LINE
8
BLACK
6
CONTINUOUS
10
5.5172090944881891
20
-3.0057417322834645
11
5.5176499999999997
21
-3.0046773228346457
0
LINE
8
BLACK
6
CONTINUOUS
10
5.5176499999999997
20
-3.0046773228346457
11
5.5184646456692912
21
-3.0038626771653543
0
LINE
8
BLACK
6
CONTINUOUS
10
5.5184646456692912
20
-3.0038626771653543
11
5.5195290551181104
21
-3.0034217716535432
0
LINE
8
BLACK
6
CONTINUOUS
10
5.5195290551181104
20
-3.0034217716535432
11
5.5201051181102363
21
-3.0033650393700788
0
LINE
8
BLACK
6
CONTINUOUS
10
5.5201051181102363
20
-3.0033650393700788
11
5.5501013779527559
21
-3.0033650393700788
0
LINE
8
BLACK
6
CONTINUOUS
10
5.5501013779527559
20
-3.0033650393700788
11
5.5506774409448818
21
-3.0034217716535432
0
LINE
8
BLACK
6
CONTINUOUS
10
5.6106699212598423
20
-2.9640516929133858
11
5.6107679133858266
21
-2.9640922834645669
0
LINE
8
BLACK
6
CONTINUOUS
10
5.6107679133858266
20
-2.9640922834645669
11
5.61087374015748
21
-2.9640998031496064
0
LINE
8
BLACK
6
CONTINUOUS
10
5.61087374015748
20
-2.9640998031496064
11
5.61141437007874
21
-2.9643066929133859
0
LINE
8
BLACK
6
CONTINUOUS
10
5.61141437007874
20
-2.9643066929133859
11
5.6151638976377951
21
-2.9661814566929134
0
LINE
8
BLACK
6
CONTINUOUS
10
5.6151638976377951
20
-2.9661814566929134
11
5.615411889763779
21
-2.9663375196850392
0
LINE
8
BLACK
6
CONTINUOUS
10
5.615411889763779
20
-2.9663375196850392
11
5.6154838582677167
21
-2.9663673622047244
0
LINE
8
BLACK
6
CONTINUOUS
10
5.6154838582677167
20
-2.9663673622047244
11
5.6155648031496064
21
-2.9664338188976376
0
LINE
8
BLACK
6
CONTINUOUS
10
5.6155648031496064
20
-2.9664338188976376
11
5.615653779527559
21
-2.9664898031496061
0
LINE
8
BLACK
6
CONTINUOUS
10
5.615653779527559
20
-2.9664898031496061
11
5.6157049212598427
21
-2.9665487795275589
0
LINE
8
BLACK
6
CONTINUOUS
10
5.6157049212598427
20
-2.9665487795275589
11
5.6159312992125985
21
-2.9667345669291336
0
LINE
8
BLACK
6
CONTINUOUS
10
5.6159312992125985
20
-2.9667345669291336
11
5.617806062992126
21
-2.9686093307086612
0
LINE
8
BLACK
6
CONTINUOUS
10
5.617806062992126
20
-2.9686093307086612
11
5.6179918110236216
21
-2.9688356692913387
0
LINE
8
BLACK
6
CONTINUOUS
10
5.6179918110236216
20
-2.9688356692913387
11
5.6180508267716531
21
-2.9688868503937007
0
LINE
8
BLACK
6
CONTINUOUS
10
5.6180508267716531
20
-2.9688868503937007
11
5.6181067716535429
21
-2.9689757874015745
0
LINE
8
BLACK
6
CONTINUOUS
10
5.6181067716535429
20
-2.9689757874015745
11
5.6181732677165357
21
-2.9690567716535434
0
LINE
8
BLACK
6
CONTINUOUS
10
5.6181732677165357
20
-2.9690567716535434
11
5.6182030708661417
21
-2.9691287007874014
0
LINE
8
BLACK
6
CONTINUOUS
10
5.6182030708661417
20
-2.9691287007874014
11
5.6183591732283462
21
-2.9693767322834645
0
LINE
8
BLACK
6
CONTINUOUS
10
5.6183591732283462
20
-2.9693767322834645
11
5.6202339370078738
21
-2.9731262598425197
0
LINE
8
BLACK
6
CONTINUOUS
10
5.6202339370078738
20
-2.9731262598425197
11
5.6202500393700783
21
-2.9731683464566929
0
LINE
8
BLACK
6
CONTINUOUS
10
5.6202500393700783
20
-2.9731683464566929
11
5.6202627559055118
21
-2.9731855118110238
0
LINE
8
BLACK
6
CONTINUOUS
10
5.6202627559055118
20
-2.9731855118110238
11
5.6203490551181101
21
-2.9734270866141732
0
LINE
8
BLACK
6
CONTINUOUS
10
5.6203490551181101
20
-2.9734270866141732
11
5.6204408267716532
21
-2.9736668503937009
0
LINE
8
BLACK
6
CONTINUOUS
10
5.6204408267716532
20
-2.9736668503937009
11
5.6204423228346458
21
-2.9736881102362203
0
LINE
8
BLACK
6
CONTINUOUS
10
5.6204423228346458
20
-2.9736881102362203
11
5.620457519685039
21
-2.9737306299212598
0
LINE
8
BLACK
6
CONTINUOUS
10
5.620457519685039
20
-2.9737306299212598
11
5.6223322834645666
21
-2.98122968503937
0
LINE
8
BLACK
6
CONTINUOUS
10
5.6223322834645666
20
-2.98122968503937
11
5.6223470472440944
21
-2.9813295275590552
0
LINE
8
BLACK
6
CONTINUOUS
10
5.6223470472440944
20
-2.9813295275590552
11
5.6223637007874014
21
-2.9813697637795276
0
LINE
8
BLACK
6
CONTINUOUS
10
5.6223637007874014
20
-2.9813697637795276
11
5.6223850393700783
21
-2.9815867716535434
0
LINE
8
BLACK
6
CONTINUOUS
10
5.6223850393700783
20
-2.9815867716535434
11
5.6224169291338582
21
-2.981802283464567
0
LINE
8
BLACK
6
CONTINUOUS
10
5.6224169291338582
20
-2.981802283464567
11
5.6224105118110232
21
-2.9818452755905511
0
LINE
8
BLACK
6
CONTINUOUS
10
5.6224105118110232
20
-2.9818452755905511
11
5.6224204330708663
21
-2.9819458267716534
0
LINE
8
BLACK
6
CONTINUOUS
10
5.6224204330708663
20
-2.9819458267716534
11
5.6224204330708663
21
-2.9913196456692912
0
LINE
8
BLACK
6
CONTINUOUS
10
5.6224204330708663
20
-2.9913196456692912
11
5.6224105118110232
21
-2.9914201574803148
0
LINE
8
BLACK
6
CONTINUOUS
10
5.6224105118110232
20
-2.9914201574803148
11
5.6224169291338582
21
-2.9914631889763781
0
LINE
8
BLACK
6
CONTINUOUS
10
5.6224169291338582
20
-2.9914631889763781
11
5.6223850393700783
21
-2.991678661417323
0
LINE
8
BLACK
6
CONTINUOUS
10
5.6223850393700783
20
-2.991678661417323
11
5.6223637007874014
21
-2.9918957086614171
0
LINE
8
BLACK
6
CONTINUOUS
10
5.6223637007874014
20
-2.9918957086614171
11
5.6223470472440944
21
-2.9919359055118111
0
LINE
8
BLACK
6
CONTINUOUS
10
5.6223470472440944
20
-2.9919359055118111
11
5.6223322834645666
21
-2.9920357874015746
0
LINE
8
BLACK
6
CONTINUOUS
10
5.6223322834645666
20
-2.9920357874015746
11
5.620457519685039
21
-2.9995348425196848
0
LINE
8
BLACK
6
CONTINUOUS
10
5.620457519685039
20
-2.9995348425196848
11
5.6204423228346458
21
-2.9995773228346456
0
LINE
8
BLACK
6
CONTINUOUS
10
5.6204423228346458
20
-2.9995773228346456
11
5.6204408267716532
21
-2.9995986220472441
0
LINE
8
BLACK
6
CONTINUOUS
10
5.6204408267716532
20
-2.9995986220472441
11
5.6203490551181101
21
-2.9998383464566927
0
LINE
8
BLACK
6
CONTINUOUS
10
5.6203490551181101
20
-2.9998383464566927
11
5.6202627559055118
21
-3.0000799606299213
0
LINE
8
BLACK
6
CONTINUOUS
10
5.6202627559055118
20
-3.0000799606299213
11
5.6202500393700783
21
-3.000097086614173
0
LINE
8
BLACK
6
CONTINUOUS
10
5.6202500393700783
20
-3.000097086614173
11
5.6202339370078738
21
-3.000139212598425
0
LINE
8
BLACK
6
CONTINUOUS
10
5.6202339370078738
20
-3.000139212598425
11
5.6183591732283462
21
-3.0038887401574801
0
LINE
8
BLACK
6
CONTINUOUS
10
5.6183591732283462
20
-3.0038887401574801
11
5.6182031102362204
21
-3.0041366141732282
0
LINE
8
BLACK
6
CONTINUOUS
10
5.6182031102362204
20
-3.0041366141732282
11
5.6181733070866144
21
-3.0042086614173229
0
LINE
8
BLACK
6
CONTINUOUS
10
5.6181733070866144
20
-3.0042086614173229
11
5.6181067716535429
21
-3.0042896850393701
0
LINE
8
BLACK
6
CONTINUOUS
10
5.6181067716535429
20
-3.0042896850393701
11
5.6180508267716531
21
-3.0043786220472439
0
LINE
8
BLACK
6
CONTINUOUS
10
5.6180508267716531
20
-3.0043786220472439
11
5.6179918110236216
21
-3.0044297637795276
0
LINE
8
BLACK
6
CONTINUOUS
10
5.6179918110236216
20
-3.0044297637795276
11
5.617806062992126
21
-3.0046561417322835
0
LINE
8
BLACK
6
CONTINUOUS
10
5.617806062992126
20
-3.0046561417322835
11
5.6159313385826772
21
-3.006530905511811
0
LINE
8
BLACK
6
CONTINUOUS
10
5.6159313385826772
20
-3.006530905511811
11
5.6157049606299214
21
-3.006716653543307
0
LINE
8
BLACK
6
CONTINUOUS
10
5.6157049606299214
20
-3.006716653543307
11
5.615653779527559
21
-3.0067757086614173
0
LINE
8
BLACK
6
CONTINUOUS
10
5.615653779527559
20
-3.0067757086614173
11
5.6155648031496064
21
-3.0068316929133858
0
LINE
8
BLACK
6
CONTINUOUS
10
5.6155648031496064
20
-3.0068316929133858
11
5.6154838582677167
21
-3.006898149606299
0
LINE
8
BLACK
6
CONTINUOUS
10
5.6154838582677167
20
-3.006898149606299
11
5.615411889763779
21
-3.0069279527559054
0
LINE
8
BLACK
6
CONTINUOUS
10
5.615411889763779
20
-3.0069279527559054
11
5.6151638976377951
21
-3.0070840551181104
0
LINE
8
BLACK
6
CONTINUOUS
10
5.6151638976377951
20
-3.0070840551181104
11
5.61141437007874
21
-3.0089588188976379
0
LINE
8
BLACK
6
CONTINUOUS
10
5.61141437007874
20
-3.0089588188976379
11
5.61087374015748
21
-3.0091657086614174
0
LINE
8
BLACK
6
CONTINUOUS
10
5.61087374015748
20
-3.0091657086614174
11
5.6107679133858266
21
-3.0091731889763778
0
LINE
8
BLACK
6
CONTINUOUS
10
5.6107679133858266
20
-3.0091731889763778
11
5.6106699212598423
21
-3.0092138188976376
0
LINE
8
BLACK
6
CONTINUOUS
10
5.6106699212598423
20
-3.0092138188976376
11
5.6100938582677164
21
-3.0092705511811024
0
LINE
8
BLACK
6
CONTINUOUS
10
5.6100938582677164
20
-3.0092705511811024
11
5.6063443307086613
21
-3.0092705511811024
0
LINE
8
BLACK
6
CONTINUOUS
10
5.6063443307086613
20
-3.0092705511811024
11
5.6057682677165355
21
-3.0092138188976376
0
LINE
8
BLACK
6
CONTINUOUS
10
5.6057682677165355
20
-3.0092138188976376
11
5.6056702755905512
21
-3.0091732283464565
0
LINE
8
BLACK
6
CONTINUOUS
10
5.6056702755905512
20
-3.0091732283464565
11
5.6055644094488191
21
-3.0091657086614174
0
LINE
8
BLACK
6
CONTINUOUS
10
5.6055644094488191
20
-3.0091657086614174
11
5.6050238188976378
21
-3.0089588188976379
0
LINE
8
BLACK
6
CONTINUOUS
10
5.6050238188976378
20
-3.0089588188976379
11
5.6012742913385827
21
-3.0070840551181104
0
LINE
8
BLACK
6
CONTINUOUS
10
5.6012742913385827
20
-3.0070840551181104
11
5.6010262598425191
21
-3.0069279527559054
0
LINE
8
BLACK
6
CONTINUOUS
10
5.6010262598425191
20
-3.0069279527559054
11
5.6009543307086611
21
-3.006898149606299
0
LINE
8
BLACK
6
CONTINUOUS
10
5.6009543307086611
20
-3.006898149606299
11
5.6008733464566927
21
-3.0068316929133858
0
LINE
8
BLACK
6
CONTINUOUS
10
5.6008733464566927
20
-3.0068316929133858
11
5.6007844094488188
21
-3.0067757086614173
0
LINE
8
BLACK
6
CONTINUOUS
10
5.6007844094488188
20
-3.0067757086614173
11
5.6007331889763776
21
-3.006716653543307
0
LINE
8
BLACK
6
CONTINUOUS
10
5.6007331889763776
20
-3.006716653543307
11
5.6005068503937006
21
-3.006530905511811
0
LINE
8
BLACK
6
CONTINUOUS
10
5.6005068503937006
20
-3.006530905511811
11
5.598632086614173
21
-3.0046561023622047
0
LINE
8
BLACK
6
CONTINUOUS
10
5.598632086614173
20
-3.0046561023622047
11
5.5984463385826766
21
-3.0044297637795276
0
LINE
8
BLACK
6
CONTINUOUS
10
5.5984463385826766
20
-3.0044297637795276
11
5.5983873622047247
21
-3.0043786220472439
0
LINE
8
BLACK
6
CONTINUOUS
10
5.5983873622047247
20
-3.0043786220472439
11
5.5983313779527561
21
-3.0042896850393701
0
LINE
8
BLACK
6
CONTINUOUS
10
5.5983313779527561
20
-3.0042896850393701
11
5.5982648818897633
21
-3.0042086614173229
0
LINE
8
BLACK
6
CONTINUOUS
10
5.5982648818897633
20
-3.0042086614173229
11
5.5982350393700786
21
-3.0041366141732282
0
LINE
8
BLACK
6
CONTINUOUS
10
5.5982350393700786
20
-3.0041366141732282
11
5.5980790157480316
21
-3.0038887401574801
0
LINE
8
BLACK
6
CONTINUOUS
10
5.5980790157480316
20
-3.0038887401574801
11
5.596204251968504
21
-3.000139212598425
0
LINE
8
BLACK
6
CONTINUOUS
10
5.596204251968504
20
-3.000139212598425
11
5.5961881102362208
21
-3.000097086614173
0
LINE
8
BLACK
6
CONTINUOUS
10
5.5961881102362208
20
-3.000097086614173
11
5.596175433070866
21
-3.0000799606299213
0
LINE
8
BLACK
6
CONTINUOUS
10
5.596175433070866
20
-3.0000799606299213
11
5.5960889763779527
21
-2.9998379921259843
0
LINE
8
BLACK
6
CONTINUOUS
10
5.5960889763779527
20
-2.9998379921259843
11
5.5959973622047245
21
-2.9995985826771654
0
LINE
8
BLACK
6
CONTINUOUS
10
5.5959973622047245
20
-2.9995985826771654
11
5.5959958267716532
21
-2.9995773228346456
0
LINE
8
BLACK
6
CONTINUOUS
10
5.5959958267716532
20
-2.9995773228346456
11
5.5959806692913387
21
-2.9995348425196848
0
LINE
8
BLACK
6
CONTINUOUS
10
5.5959806692913387
20
-2.9995348425196848
11
5.5941059055118112
21
-2.9920357874015746
0
LINE
8
BLACK
6
CONTINUOUS
10
5.5941059055118112
20
-2.9920357874015746
11
5.5940911023622046
21
-2.9919359055118111
0
LINE
8
BLACK
6
CONTINUOUS
10
5.5940911023622046
20
-2.9919359055118111
11
5.5940744881889763
21
-2.9918957086614171
0
LINE
8
BLACK
6
CONTINUOUS
10
5.5940744881889763
20
-2.9918957086614171
11
5.5940531102362208
21
-2.991678661417323
0
LINE
8
BLACK
6
CONTINUOUS
10
5.5940531102362208
20
-2.991678661417323
11
5.5940212598425196
21
-2.9914631889763781
0
LINE
8
BLACK
6
CONTINUOUS
10
5.5940212598425196
20
-2.9914631889763781
11
5.5940276377952758
21
-2.9914201574803148
0
LINE
8
BLACK
6
CONTINUOUS
10
5.5940276377952758
20
-2.9914201574803148
11
5.5940177559055115
21
-2.9913196456692912
0
LINE
8
BLACK
6
CONTINUOUS
10
5.5940177559055115
20
-2.9913196456692912
11
5.5940177559055115
21
-2.9819458267716534
0
LINE
8
BLACK
6
CONTINUOUS
10
5.5940177559055115
20
-2.9819458267716534
11
5.5940276377952758
21
-2.9818452755905511
0
LINE
8
BLACK
6
CONTINUOUS
10
5.5940276377952758
20
-2.9818452755905511
11
5.5940212598425196
21
-2.981802283464567
0
LINE
8
BLACK
6
CONTINUOUS
10
5.5940212598425196
20
-2.981802283464567
11
5.5940531102362208
21
-2.9815867716535434
0
LINE
8
BLACK
6
CONTINUOUS
10
5.5940531102362208
20
-2.9815867716535434
11
5.5940744881889763
21
-2.9813697637795276
0
LINE
8
BLACK
6
CONTINUOUS
10
5.5940744881889763
20
-2.9813697637795276
11
5.5940911023622046
21
-2.9813295275590552
0
LINE
8
BLACK
6
CONTINUOUS
10
5.5940911023622046
20
-2.9813295275590552
11
5.5941059055118112
21
-2.98122968503937
0
LINE
8
BLACK
6
CONTINUOUS
10
5.5941059055118112
20
-2.98122968503937
11
5.5959806692913387
21
-2.9737306299212598
0
LINE
8
BLACK
6
CONTINUOUS
10
5.5959806692913387
20
-2.9737306299212598
11
5.5959958267716532
21
-2.9736881102362203
0
LINE
8
BLACK
6
CONTINUOUS
10
5.5959958267716532
20
-2.9736881102362203
11
5.5959973622047245
21
-2.9736668897637792
0
LINE
8
BLACK
6
CONTINUOUS
10
5.5959973622047245
20
-2.9736668897637792
11
5.5960889763779527
21
-2.973427440944882
0
LINE
8
BLACK
6
CONTINUOUS
10
5.5960889763779527
20
-2.973427440944882
11
5.596175433070866
21
-2.9731855118110238
0
LINE
8
BLACK
6
CONTINUOUS
10
5.596175433070866
20
-2.9731855118110238
11
5.5961881102362208
21
-2.9731683464566929
0
LINE
8
BLACK
6
CONTINUOUS
10
5.5961881102362208
20
-2.9731683464566929
11
5.596204251968504
21
-2.9731262598425197
0
LINE
8
BLACK
6
CONTINUOUS
10
5.596204251968504
20
-2.9731262598425197
11
5.5980790157480316
21
-2.9693767322834645
0
LINE
8
BLACK
6
CONTINUOUS
10
5.5980790157480316
20
-2.9693767322834645
11
5.5982350787401574
21
-2.9691287007874014
0
LINE
8
BLACK
6
CONTINUOUS
10
5.5982350787401574
20
-2.9691287007874014
11
5.5982649212598421
21
-2.9690567716535434
0
LINE
8
BLACK
6
CONTINUOUS
10
5.5982649212598421
20
-2.9690567716535434
11
5.5983313779527561
21
-2.9689757874015745
0
LINE
8
BLACK
6
CONTINUOUS
10
5.5983313779527561
20
-2.9689757874015745
11
5.5983873622047247
21
-2.9688868503937007
0
LINE
8
BLACK
6
CONTINUOUS
10
5.5983873622047247
20
-2.9688868503937007
11
5.5984463385826766
21
-2.9688356692913387
0
LINE
8
BLACK
6
CONTINUOUS
10
5.5984463385826766
20
-2.9688356692913387
11
5.5986321259842518
21
-2.9686093307086612
0
LINE
8
BLACK
6
CONTINUOUS
10
5.5986321259842518
20
-2.9686093307086612
11
5.6005068897637793
21
-2.9667345669291336
0
LINE
8
BLACK
6
CONTINUOUS
10
5.6005068897637793
20
-2.9667345669291336
11
5.6007332283464564
21
-2.9665487795275589
0
LINE
8
BLACK
6
CONTINUOUS
10
5.6007332283464564
20
-2.9665487795275589
11
5.6007844094488188
21
-2.9664898031496061
0
LINE
8
BLACK
6
CONTINUOUS
10
5.6007844094488188
20
-2.9664898031496061
11
5.6008733464566927
21
-2.9664338188976376
0
LINE
8
BLACK
6
CONTINUOUS
10
5.6008733464566927
20
-2.9664338188976376
11
5.6009543307086611
21
-2.9663673622047244
0
LINE
8
BLACK
6
CONTINUOUS
10
5.6009543307086611
20
-2.9663673622047244
11
5.6010262598425191
21
-2.9663375196850392
0
LINE
8
BLACK
6
CONTINUOUS
10
5.6010262598425191
20
-2.9663375196850392
11
5.6012742913385827
21
-2.9661814566929134
0
LINE
8
BLACK
6
CONTINUOUS
10
5.6012742913385827
20
-2.9661814566929134
11
5.6050238188976378
21
-2.9643066929133859
0
LINE
8
BLACK
6
CONTINUOUS
10
5.6050238188976378
20
-2.9643066929133859
11
5.6055644094488191
21
-2.9640998031496064
0
LINE
8
BLACK
6
CONTINUOUS
10
5.6055644094488191
20
-2.9640998031496064
11
5.6056702755905512
21
-2.9640922440944881
0
LINE
8
BLACK
6
CONTINUOUS
10
5.6056702755905512
20
-2.9640922440944881
11
5.6057682677165355
21
-2.9640516929133858
0
LINE
8
BLACK
6
CONTINUOUS
10
5.6057682677165355
20
-2.9640516929133858
11
5.6063443307086613
21
-2.9639949606299214
0
LINE
8
BLACK
6
CONTINUOUS
10
5.6063443307086613
20
-2.9639949606299214
11
5.6100938582677164
21
-2.9639949606299214
0
LINE
8
BLACK
6
CONTINUOUS
10
5.6100938582677164
20
-2.9639949606299214
11
5.6106699212598423
21
-2.9640516929133858
0
LINE
8
BLACK
6
CONTINUOUS
10
5.6043438976377953
20
-2.9712492125984253
11
5.6031467716535435
21
-2.9724463385826771
0
LINE
8
BLACK
6
CONTINUOUS
10
5.6031467716535435
20
-2.9724463385826771
11
5.6016312598425193
21
-2.9754773228346454
0
LINE
8
BLACK
6
CONTINUOUS
10
5.6016312598425193
20
-2.9754773228346454
11
5.5999232677165356
21
-2.98230937007874
0
LINE
8
BLACK
6
CONTINUOUS
10
5.5999232677165356
20
-2.98230937007874
11
5.5999232677165356
21
-2.9909561023622047
0
LINE
8
BLACK
6
CONTINUOUS
10
5.5999232677165356
20
-2.9909561023622047
11
5.6016312598425193
21
-2.9977881496062992
0
LINE
8
BLACK
6
CONTINUOUS
10
5.6016312598425193
20
-2.9977881496062992
11
5.6031467716535435
21
-3.0008191338582675
0
LINE
8
BLACK
6
CONTINUOUS
10
5.6031467716535435
20
-3.0008191338582675
11
5.6043438976377953
21
-3.0020162992125985
0
LINE
8
BLACK
6
CONTINUOUS
10
5.6043438976377953
20
-3.0020162992125985
11
5.6070413779527559
21
-3.0033650393700788
0
LINE
8
BLACK
6
CONTINUOUS
10
5.6070413779527559
20
-3.0033650393700788
11
5.6093968110236219
21
-3.0033650393700788
0
LINE
8
BLACK
6
CONTINUOUS
10
5.6093968110236219
20
-3.0033650393700788
11
5.6120942519685038
21
-3.0020162992125985
0
LINE
8
BLACK
6
CONTINUOUS
10
5.6120942519685038
20
-3.0020162992125985
11
5.6132913779527556
21
-3.0008191338582675
0
LINE
8
BLACK
6
CONTINUOUS
10
5.6132913779527556
20
-3.0008191338582675
11
5.6148068897637797
21
-2.9977881496062992
0
LINE
8
BLACK
6
CONTINUOUS
10
5.6148068897637797
20
-2.9977881496062992
11
5.6165149212598422
21
-2.9909561023622047
0
LINE
8
BLACK
6
CONTINUOUS
10
5.6165149212598422
20
-2.9909561023622047
11
5.6165149212598422
21
-2.98230937007874
0
LINE
8
BLACK
6
CONTINUOUS
10
5.6165149212598422
20
-2.98230937007874
11
5.6148068897637797
21
-2.9754773228346454
0
LINE
8
BLACK
6
CONTINUOUS
10
5.6148068897637797
20
-2.9754773228346454
11
5.6132914173228343
21
-2.9724463385826771
0
LINE
8
BLACK
6
CONTINUOUS
10
5.6132914173228343
20
-2.9724463385826771
11
5.6120942913385825
21
-2.9712492125984253
0
LINE
8
BLACK
6
CONTINUOUS
10
5.6120942913385825
20
-2.9712492125984253
11
5.6093968110236219
21
-2.969900472440945
0
LINE
8
BLACK
6
CONTINUOUS
10
5.6093968110236219
20
-2.969900472440945
11
5.6070413779527559
21
-2.969900472440945
0
LINE
8
BLACK
6
CONTINUOUS
10
5.6070413779527559
20
-2.969900472440945
11
5.6043438976377953
21
-2.9712492125984253
0
LINE
8
BLACK
6
CONTINUOUS
10
5.6647457086614175
20
-2.9640516929133858
11
5.6650381102362202
21
-2.9640516929133858
0
LINE
8
BLACK
6
CONTINUOUS
10
5.6650381102362202
20
-2.9640516929133858
11
5.6653053543307088
21
-2.9641624015748032
0
LINE
8
BLACK
6
CONTINUOUS
10
5.6653053543307088
20
-2.9641624015748032
11
5.6655891732283461
21
-2.9642185433070867
0
LINE
8
BLACK
6
CONTINUOUS
10
5.6655891732283461
20
-2.9642185433070867
11
5.6658324409448815
21
-2.9643807086614173
0
LINE
8
BLACK
6
CONTINUOUS
10
5.6658324409448815
20
-2.9643807086614173
11
5.6661025196850394
21
-2.9644925984251969
0
LINE
8
BLACK
6
CONTINUOUS
10
5.6661025196850394
20
-2.9644925984251969
11
5.6663069685039371
21
-2.9646970472440946
0
LINE
8
BLACK
6
CONTINUOUS
10
5.6663069685039371
20
-2.9646970472440946
11
5.6665477952755907
21
-2.9648575984251968
0
LINE
8
BLACK
6
CONTINUOUS
10
5.6665477952755907
20
-2.9648575984251968
11
5.6667105118110239
21
-2.9651005905511809
0
LINE
8
BLACK
6
CONTINUOUS
10
5.6667105118110239
20
-2.9651005905511809
11
5.6669171653543309
21
-2.9653072440944883
0
LINE
8
BLACK
6
CONTINUOUS
10
5.6669171653543309
20
-2.9653072440944883
11
5.6670278346456691
21
-2.9655744488188978
0
LINE
8
BLACK
6
CONTINUOUS
10
5.6670278346456691
20
-2.9655744488188978
11
5.6671888582677168
21
-2.9658148818897638
0
LINE
8
BLACK
6
CONTINUOUS
10
5.6671888582677168
20
-2.9658148818897638
11
5.667246181102362
21
-2.9661015354330709
0
LINE
8
BLACK
6
CONTINUOUS
10
5.667246181102362
20
-2.9661015354330709
11
5.6673580708661415
21
-2.9663716535433071
0
LINE
8
BLACK
6
CONTINUOUS
10
5.6673580708661415
20
-2.9663716535433071
11
5.6674141732283463
21
-2.9669415748031494
0
LINE
8
BLACK
6
CONTINUOUS
10
5.6674141732283463
20
-2.9669415748031494
11
5.6674148031496063
21
-2.9669446062992124
0
LINE
8
BLACK
6
CONTINUOUS
10
5.6674148031496063
20
-2.9669446062992124
11
5.6674145669291338
21
-2.96694562992126
0
LINE
8
BLACK
6
CONTINUOUS
10
5.6674145669291338
20
-2.96694562992126
11
5.6674148031496063
21
-2.966947716535433
0
LINE
8
BLACK
6
CONTINUOUS
10
5.6674148031496063
20
-2.966947716535433
11
5.6674148031496063
21
-3.0033650393700788
0
LINE
8
BLACK
6
CONTINUOUS
10
5.6674148031496063
20
-3.0033650393700788
11
5.6757106299212596
21
-3.0033650393700788
0
LINE
8
BLACK
6
CONTINUOUS
10
5.6757106299212596
20
-3.0033650393700788
11
5.6762866929133855
21
-3.0034217716535432
0
LINE
8
BLACK
6
CONTINUOUS
10
5.6762866929133855
20
-3.0034217716535432
11
5.6773511023622047
21
-3.0038626771653543
0
LINE
8
BLACK
6
CONTINUOUS
10
5.6773511023622047
20
-3.0038626771653543
11
5.6781657480314962
21
-3.0046773228346457
0
LINE
8
BLACK
6
CONTINUOUS
10
5.6781657480314962
20
-3.0046773228346457
11
5.6786066535433068
21
-3.0057417322834645
0
LINE
8
BLACK
6
CONTINUOUS
10
5.6786066535433068
20
-3.0057417322834645
11
5.6786066535433068
21
-3.0068938582677163
0
LINE
8
BLACK
6
CONTINUOUS
10
5.6786066535433068
20
-3.0068938582677163
11
5.6781657480314962
21
-3.0079582677165355
0
LINE
8
BLACK
6
CONTINUOUS
10
5.6781657480314962
20
-3.0079582677165355
11
5.6773511023622047
21
-3.0087729133858265
0
LINE
8
BLACK
6
CONTINUOUS
10
5.6773511023622047
20
-3.0087729133858265
11
5.6762866929133855
21
-3.0092138188976376
0
LINE
8
BLACK
6
CONTINUOUS
10
5.6762866929133855
20
-3.0092138188976376
11
5.6757106299212596
21
-3.0092705511811024
0
LINE
8
BLACK
6
CONTINUOUS
10
5.6757106299212596
20
-3.0092705511811024
11
5.653213464566929
21
-3.0092705511811024
0
LINE
8
BLACK
6
CONTINUOUS
10
5.653213464566929
20
-3.0092705511811024
11
5.6526374015748031
21
-3.0092138188976376
0
LINE
8
BLACK
6
CONTINUOUS
10
5.6526374015748031
20
-3.0092138188976376
11
5.6515729921259839
21
-3.0087729133858265
0
LINE
8
BLACK
6
CONTINUOUS
10
5.6515729921259839
20
-3.0087729133858265
11
5.6507583464566924
21
-3.0079582677165355
0
LINE
8
BLACK
6
CONTINUOUS
10
5.6507583464566924
20
-3.0079582677165355
11
5.6503174409448818
21
-3.0068938582677163
0
LINE
8
BLACK
6
CONTINUOUS
10
5.6503174409448818
20
-3.0068938582677163
11
5.6503174409448818
21
-3.0057417322834645
0
LINE
8
BLACK
6
CONTINUOUS
10
5.6503174409448818
20
-3.0057417322834645
11
5.6507583464566924
21
-3.0046773228346457
0
LINE
8
BLACK
6
CONTINUOUS
10
5.6507583464566924
20
-3.0046773228346457
11
5.6515729921259839
21
-3.0038626771653543
0
LINE
8
BLACK
6
CONTINUOUS
10
5.6515729921259839
20
-3.0038626771653543
11
5.6526374015748031
21
-3.0034217716535432
0
LINE
8
BLACK
6
CONTINUOUS
10
5.6526374015748031
20
-3.0034217716535432
11
5.653213464566929
21
-3.0033650393700788
0
LINE
8
BLACK
6
CONTINUOUS
10
5.653213464566929
20
-3.0033650393700788
11
5.6615092913385823
21
-3.0033650393700788
0
LINE
8
BLACK
6
CONTINUOUS
10
5.6615092913385823
20
-3.0033650393700788
11
5.6615092913385823
21
-2.975951062992126
0
LINE
8
BLACK
6
CONTINUOUS
10
5.6615092913385823
20
-2.975951062992126
11
5.659050905511811
21
-2.9784094488188977
0
LINE
8
BLACK
6
CONTINUOUS
10
5.659050905511811
20
-2.9784094488188977
11
5.6588245275590552
21
-2.9785951968503936
0
LINE
8
BLACK
6
CONTINUOUS
10
5.6588245275590552
20
-2.9785951968503936
11
5.6587733858267715
21
-2.9786542125984252
0
LINE
8
BLACK
6
CONTINUOUS
10
5.6587733858267715
20
-2.9786542125984252
11
5.6586844094488189
21
-2.978710157480315
0
LINE
8
BLACK
6
CONTINUOUS
10
5.6586844094488189
20
-2.978710157480315
11
5.6586034645669292
21
-2.9787766535433069
0
LINE
8
BLACK
6
CONTINUOUS
10
5.6586034645669292
20
-2.9787766535433069
11
5.6585314960629924
21
-2.9788064566929133
0
LINE
8
BLACK
6
CONTINUOUS
10
5.6585314960629924
20
-2.9788064566929133
11
5.6582835039370076
21
-2.9789625590551179
0
LINE
8
BLACK
6
CONTINUOUS
10
5.6582835039370076
20
-2.9789625590551179
11
5.6545339763779525
21
-2.9808373228346454
0
LINE
8
BLACK
6
CONTINUOUS
10
5.6545339763779525
20
-2.9808373228346454
11
5.6539933464566925
21
-2.9810442125984253
0
LINE
8
BLACK
6
CONTINUOUS
10
5.6539933464566925
20
-2.9810442125984253
11
5.6528441338582676
21
-2.9811258661417321
0
LINE
8
BLACK
6
CONTINUOUS
10
5.6528441338582676
20
-2.9811258661417321
11
5.6517511811023624
21
-2.980761535433071
0
LINE
8
BLACK
6
CONTINUOUS
10
5.6517511811023624
20
-2.980761535433071
11
5.650880787401575
21
-2.9800066929133857
0
LINE
8
BLACK
6
CONTINUOUS
10
5.650880787401575
20
-2.9800066929133857
11
5.6503655511811024
21
-2.9789761811023623
0
LINE
8
BLACK
6
CONTINUOUS
10
5.6503655511811024
20
-2.9789761811023623
11
5.6502838976377951
21
-2.9778269685039369
0
LINE
8
BLACK
6
CONTINUOUS
10
5.6502838976377951
20
-2.9778269685039369
11
5.6506482283464567
21
-2.9767340157480313
0
LINE
8
BLACK
6
CONTINUOUS
10
5.6506482283464567
20
-2.9767340157480313
11
5.6514030708661416
21
-2.9758636220472439
0
LINE
8
BLACK
6
CONTINUOUS
10
5.6514030708661416
20
-2.9758636220472439
11
5.6518929527559054
21
-2.9755552755905512
0
LINE
8
BLACK
6
CONTINUOUS
10
5.6518929527559054
20
-2.9755552755905512
11
5.655213897637795
21
-2.9738948031496064
0
LINE
8
BLACK
6
CONTINUOUS
10
5.655213897637795
20
-2.9738948031496064
11
5.6584177952755903
21
-2.9706909055118111
0
LINE
8
BLACK
6
CONTINUOUS
10
5.6584177952755903
20
-2.9706909055118111
11
5.6620051968503935
21
-2.9653098031496063
0
LINE
8
BLACK
6
CONTINUOUS
10
5.6620051968503935
20
-2.9653098031496063
11
5.6620065354330711
21
-2.9653081102362204
0
LINE
8
BLACK
6
CONTINUOUS
10
5.6620065354330711
20
-2.9653081102362204
11
5.6620069291338577
21
-2.9653072440944883
0
LINE
8
BLACK
6
CONTINUOUS
10
5.6620069291338577
20
-2.9653072440944883
11
5.6620089370078741
21
-2.9653051968503936
0
LINE
8
BLACK
6
CONTINUOUS
10
5.6620089370078741
20
-2.9653051968503936
11
5.6623719685039369
21
-2.964861968503937
0
LINE
8
BLACK
6
CONTINUOUS
10
5.6623719685039369
20
-2.964861968503937
11
5.6626148425196847
21
-2.9646992913385826
0
LINE
8
BLACK
6
CONTINUOUS
10
5.6626148425196847
20
-2.9646992913385826
11
5.6628215748031492
21
-2.9644925984251969
0
LINE
8
BLACK
6
CONTINUOUS
10
5.6628215748031492
20
-2.9644925984251969
11
5.6630888582677166
21
-2.9643818503937007
0
LINE
8
BLACK
6
CONTINUOUS
10
5.6630888582677166
20
-2.9643818503937007
11
5.6633292519685039
21
-2.9642209055118109
0
LINE
8
BLACK
6
CONTINUOUS
10
5.6633292519685039
20
-2.9642209055118109
11
5.6636158661417317
21
-2.9641635433070865
0
LINE
8
BLACK
6
CONTINUOUS
10
5.6636158661417317
20
-2.9641635433070865
11
5.6638859842519684
21
-2.9640516929133858
0
LINE
8
BLACK
6
CONTINUOUS
10
5.6638859842519684
20
-2.9640516929133858
11
5.6641752755905515
21
-2.9640516929133858
0
LINE
8
BLACK
6
CONTINUOUS
10
5.6641752755905515
20
-2.9640516929133858
11
5.6644589370078737
21
-2.9639949606299214
0
LINE
8
BLACK
6
CONTINUOUS
10
5.6644589370078737
20
-2.9639949606299214
11
5.6647457086614175
21
-2.9640516929133858
0
LINE
8
BLACK
6
CONTINUOUS
10
5.3678366141732283
20
-2.9625077165354332
11
5.3687070078740158
21
-2.9632625984251968
0
LINE
8
BLACK
6
CONTINUOUS
10
5.3687070078740158
20
-2.9632625984251968
11
5.3692222047244096
21
-2.9642930708661415
0
LINE
8
BLACK
6
CONTINUOUS
10
5.3692222047244096
20
-2.9642930708661415
11
5.3693038976377956
21
-2.9654422834645668
0
LINE
8
BLACK
6
CONTINUOUS
10
5.3693038976377956
20
-2.9654422834645668
11
5.3691755511811019
21
-2.9660067322834647
0
LINE
8
BLACK
6
CONTINUOUS
10
5.3691755511811019
20
-2.9660067322834647
11
5.3610972440944877
21
-2.9902416535433072
0
LINE
8
BLACK
6
CONTINUOUS
10
5.3610972440944877
20
-2.9902416535433072
11
5.3727953937007875
21
-2.9902416535433072
0
LINE
8
BLACK
6
CONTINUOUS
10
5.3727953937007875
20
-2.9902416535433072
11
5.3727953937007875
21
-2.9800710629921259
0
LINE
8
BLACK
6
CONTINUOUS
10
5.3727953937007875
20
-2.9800710629921259
11
5.3728521259842514
21
-2.979495
0
LINE
8
BLACK
6
CONTINUOUS
10
5.3728521259842514
20
-2.979495
11
5.373293031496063
21
-2.9784305905511812
0
LINE
8
BLACK
6
CONTINUOUS
10
5.373293031496063
20
-2.9784305905511812
11
5.3741076771653544
21
-2.9776159448818897
0
LINE
8
BLACK
6
CONTINUOUS
10
5.3741076771653544
20
-2.9776159448818897
11
5.3751720866141728
21
-2.9771750393700787
0
LINE
8
BLACK
6
CONTINUOUS
10
5.3751720866141728
20
-2.9771750393700787
11
5.3763242125984254
21
-2.9771750393700787
0
LINE
8
BLACK
6
CONTINUOUS
10
5.3763242125984254
20
-2.9771750393700787
11
5.3773886220472438
21
-2.9776159448818897
0
LINE
8
BLACK
6
CONTINUOUS
10
5.3773886220472438
20
-2.9776159448818897
11
5.3782032677165352
21
-2.9784305905511812
0
LINE
8
BLACK
6
CONTINUOUS
10
5.3782032677165352
20
-2.9784305905511812
11
5.3786441732283468
21
-2.979495
0
LINE
8
BLACK
6
CONTINUOUS
10
5.3786441732283468
20
-2.979495
11
5.3787009055118107
21
-2.9800710629921259
0
LINE
8
BLACK
6
CONTINUOUS
10
5.3787009055118107
20
-2.9800710629921259
11
5.3787009055118107
21
-2.9902416535433072
0
LINE
8
BLACK
6
CONTINUOUS
10
5.3787009055118107
20
-2.9902416535433072
11
5.3813724409448822
21
-2.9902416535433072
0
LINE
8
BLACK
6
CONTINUOUS
10
5.3813724409448822
20
-2.9902416535433072
11
5.3819485039370081
21
-2.9902983858267715
0
LINE
8
BLACK
6
CONTINUOUS
10
5.3819485039370081
20
-2.9902983858267715
11
5.3830129133858264
21
-2.9907392913385826
0
LINE
8
BLACK
6
CONTINUOUS
10
5.3830129133858264
20
-2.9907392913385826
11
5.3838275590551179
21
-2.9915539370078741
0
LINE
8
BLACK
6
CONTINUOUS
10
5.3838275590551179
20
-2.9915539370078741
11
5.3842684645669294
21
-2.9926183464566929
0
LINE
8
BLACK
6
CONTINUOUS
10
5.3842684645669294
20
-2.9926183464566929
11
5.3842684645669294
21
-2.9937704724409446
0
LINE
8
BLACK
6
CONTINUOUS
10
5.3842684645669294
20
-2.9937704724409446
11
5.3838275590551179
21
-2.9948348818897639
0
LINE
8
BLACK
6
CONTINUOUS
10
5.3838275590551179
20
-2.9948348818897639
11
5.3830129133858264
21
-2.9956495275590549
0
LINE
8
BLACK
6
CONTINUOUS
10
5.3830129133858264
20
-2.9956495275590549
11
5.3819485039370081
21
-2.996090433070866
0
LINE
8
BLACK
6
CONTINUOUS
10
5.3819485039370081
20
-2.996090433070866
11
5.3813724409448822
21
-2.9961471653543308
0
LINE
8
BLACK
6
CONTINUOUS
10
5.3813724409448822
20
-2.9961471653543308
11
5.3787009055118107
21
-2.9961471653543308
0
LINE
8
BLACK
6
CONTINUOUS
10
5.3787009055118107
20
-2.9961471653543308
11
5.3787009055118107
21
-3.0063177952755904
0
LINE
8
BLACK
6
CONTINUOUS
10
5.3787009055118107
20
-3.0063177952755904
11
5.3786441732283468
21
-3.0068938582677163
0
LINE
8
BLACK
6
CONTINUOUS
10
5.3786441732283468
20
-3.0068938582677163
11
5.3782032677165352
21
-3.0079582677165355
0
LINE
8
BLACK
6
CONTINUOUS
10
5.3782032677165352
20
-3.0079582677165355
11
5.3773886220472438
21
-3.0087729133858265
0
LINE
8
BLACK
6
CONTINUOUS
10
5.3773886220472438
20
-3.0087729133858265
11
5.3763242125984254
21
-3.0092138188976376
0
LINE
8
BLACK
6
CONTINUOUS
10
5.3763242125984254
20
-3.0092138188976376
11
5.3751720866141728
21
-3.0092138188976376
0
LINE
8
BLACK
6
CONTINUOUS
10
5.3751720866141728
20
-3.0092138188976376
11
5.3741076771653544
21
-3.0087729133858265
0
LINE
8
BLACK
6
CONTINUOUS
10
5.3741076771653544
20
-3.0087729133858265
11
5.373293031496063
21
-3.0079582677165355
0
LINE
8
BLACK
6
CONTINUOUS
10
5.373293031496063
20
-3.0079582677165355
11
5.3728521259842514
21
-3.0068938582677163
0
LINE
8
BLACK
6
CONTINUOUS
10
5.3728521259842514
20
-3.0068938582677163
11
5.3727953937007875
21
-3.0063177952755904
0
LINE
8
BLACK
6
CONTINUOUS
10
5.3727953937007875
20
-3.0063177952755904
11
5.3727953937007875
21
-2.9961471653543308
0
LINE
8
BLACK
6
CONTINUOUS
10
5.3727953937007875
20
-2.9961471653543308
11
5.3570005118110231
21
-2.9961471653543308
0
LINE
8
BLACK
6
CONTINUOUS
10
5.3570005118110231
20
-2.9961471653543308
11
5.3567089370078742
21
-2.9961184251968502
0
LINE
8
BLACK
6
CONTINUOUS
10
5.3567089370078742
20
-2.9961184251968502
11
5.3566312204724404
21
-2.9961239763779526
0
LINE
8
BLACK
6
CONTINUOUS
10
5.3566312204724404
20
-2.9961239763779526
11
5.3565750787401569
21
-2.9961052362204725
0
LINE
8
BLACK
6
CONTINUOUS
10
5.3565750787401569
20
-2.9961052362204725
11
5.3564244488188972
21
-2.996090433070866
0
LINE
8
BLACK
6
CONTINUOUS
10
5.3564244488188972
20
-2.996090433070866
11
5.3559871259842522
21
-2.9959092913385827
0
LINE
8
BLACK
6
CONTINUOUS
10
5.3559871259842522
20
-2.9959092913385827
11
5.3555381889763778
21
-2.9957596456692914
0
LINE
8
BLACK
6
CONTINUOUS
10
5.3555381889763778
20
-2.9957596456692914
11
5.3554579921259844
21
-2.9956900787401572
0
LINE
8
BLACK
6
CONTINUOUS
10
5.3554579921259844
20
-2.9956900787401572
11
5.3553600393700789
21
-2.9956495275590549
0
LINE
8
BLACK
6
CONTINUOUS
10
5.3553600393700789
20
-2.9956495275590549
11
5.355025393700787
21
-2.9953148818897639
0
LINE
8
BLACK
6
CONTINUOUS
10
5.355025393700787
20
-2.9953148818897639
11
5.3546678346456691
21
-2.9950047637795274
0
LINE
8
BLACK
6
CONTINUOUS
10
5.3546678346456691
20
-2.9950047637795274
11
5.3546203937007872
21
-2.9949098818897637
0
LINE
8
BLACK
6
CONTINUOUS
10
5.3546203937007872
20
-2.9949098818897637
11
5.3545453937007874
21
-2.9948348818897639
0
LINE
8
BLACK
6
CONTINUOUS
10
5.3545453937007874
20
-2.9948348818897639
11
5.3543642125984254
21
-2.9943975196850392
0
LINE
8
BLACK
6
CONTINUOUS
10
5.3543642125984254
20
-2.9943975196850392
11
5.3541526377952753
21
-2.9939743307086615
0
LINE
8
BLACK
6
CONTINUOUS
10
5.3541526377952753
20
-2.9939743307086615
11
5.3541451181102362
21
-2.9938685433070864
0
LINE
8
BLACK
6
CONTINUOUS
10
5.3541451181102362
20
-2.9938685433070864
11
5.3541044881889759
21
-2.9937704724409446
0
LINE
8
BLACK
6
CONTINUOUS
10
5.3541044881889759
20
-2.9937704724409446
11
5.3541044881889759
21
-2.993296968503937
0
LINE
8
BLACK
6
CONTINUOUS
10
5.3541044881889759
20
-2.993296968503937
11
5.3540709448818893
21
-2.9928251181102361
0
LINE
8
BLACK
6
CONTINUOUS
10
5.3540709448818893
20
-2.9928251181102361
11
5.3541044881889759
21
-2.992677598425197
0
LINE
8
BLACK
6
CONTINUOUS
10
5.3541044881889759
20
-2.992677598425197
11
5.3541044881889759
21
-2.9926183464566929
0
LINE
8
BLACK
6
CONTINUOUS
10
5.3541044881889759
20
-2.9926183464566929
11
5.3541343307086615
21
-2.9925462204724407
0
LINE
8
BLACK
6
CONTINUOUS
10
5.3541343307086615
20
-2.9925462204724407
11
5.354199291338583
21
-2.9922606692913387
0
LINE
8
BLACK
6
CONTINUOUS
10
5.354199291338583
20
-2.9922606692913387
11
5.3635731102362207
21
-2.9641392125984249
0
LINE
8
BLACK
6
CONTINUOUS
10
5.3635731102362207
20
-2.9641392125984249
11
5.3638090944881887
21
-2.9636106692913384
0
LINE
8
BLACK
6
CONTINUOUS
10
5.3638090944881887
20
-2.9636106692913384
11
5.3645639763779522
21
-2.9627403149606297
0
LINE
8
BLACK
6
CONTINUOUS
10
5.3645639763779522
20
-2.9627403149606297
11
5.3655944094488186
21
-2.9622250787401576
0
LINE
8
BLACK
6
CONTINUOUS
10
5.3655944094488186
20
-2.9622250787401576
11
5.3667436220472435
21
-2.9621433858267716
0
LINE
8
BLACK
6
CONTINUOUS
10
5.3667436220472435
20
-2.9621433858267716
11
5.3678366141732283
21
-2.9625077165354332
0
LINE
8
BLACK
6
CONTINUOUS
10
5.3972907086614175
20
-2.9998147244094486
11
5.3980110236220469
21
-3.0001130708661417
0
LINE
8
BLACK
6
CONTINUOUS
10
5.3980110236220469
20
-3.0001130708661417
11
5.3980110629921256
21
-3.0001131102362204
0
LINE
8
BLACK
6
CONTINUOUS
10
5.3980110629921256
20
-3.0001131102362204
11
5.3984585433070862
21
-3.0004803543307088
0
LINE
8
BLACK
6
CONTINUOUS
10
5.3984585433070862
20
-3.0004803543307088
11
5.400333267716535
21
-3.0023551181102364
0
LINE
8
BLACK
6
CONTINUOUS
10
5.400333267716535
20
-3.0023551181102364
11
5.4007005118110234
21
-3.0028025984251969
0
LINE
8
BLACK
6
CONTINUOUS
10
5.4007005118110234
20
-3.0028025984251969
11
5.4011395669291336
21
-3.0038626771653543
0
LINE
8
BLACK
6
CONTINUOUS
10
5.4011395669291336
20
-3.0038626771653543
11
5.4011413779527562
21
-3.0038670078740157
0
LINE
8
BLACK
6
CONTINUOUS
10
5.4011413779527562
20
-3.0038670078740157
11
5.4011413779527562
21
-3.0050190944881887
0
LINE
8
BLACK
6
CONTINUOUS
10
5.4011413779527562
20
-3.0050190944881887
11
5.4007004724409446
21
-3.006083503937008
0
LINE
8
BLACK
6
CONTINUOUS
10
5.4007004724409446
20
-3.006083503937008
11
5.400333267716535
21
-3.0065309448818898
0
LINE
8
BLACK
6
CONTINUOUS
10
5.400333267716535
20
-3.0065309448818898
11
5.3984585039370074
21
-3.0084057086614173
0
LINE
8
BLACK
6
CONTINUOUS
10
5.3984585039370074
20
-3.0084057086614173
11
5.3980110629921256
21
-3.0087729133858265
0
LINE
8
BLACK
6
CONTINUOUS
10
5.3980110629921256
20
-3.0087729133858265
11
5.3969466535433073
21
-3.0092138188976376
0
LINE
8
BLACK
6
CONTINUOUS
10
5.3969466535433073
20
-3.0092138188976376
11
5.3969466141732285
21
-3.0092138188976376
0
LINE
8
BLACK
6
CONTINUOUS
10
5.3969466141732285
20
-3.0092138188976376
11
5.3957945669291334
21
-3.0092138188976376
0
LINE
8
BLACK
6
CONTINUOUS
10
5.3957945669291334
20
-3.0092138188976376
11
5.3957945275590546
21
-3.0092138188976376
0
LINE
8
BLACK
6
CONTINUOUS
10
5.3957945275590546
20
-3.0092138188976376
11
5.3947301181102363
21
-3.0087729133858265
0
LINE
8
BLACK
6
CONTINUOUS
10
5.3947301181102363
20
-3.0087729133858265
11
5.3942826771653545
21
-3.0084057086614173
0
LINE
8
BLACK
6
CONTINUOUS
10
5.3942826771653545
20
-3.0084057086614173
11
5.3924079133858269
21
-3.0065309448818898
0
LINE
8
BLACK
6
CONTINUOUS
10
5.3924079133858269
20
-3.0065309448818898
11
5.3920407086614173
21
-3.006083503937008
0
LINE
8
BLACK
6
CONTINUOUS
10
5.3920407086614173
20
-3.006083503937008
11
5.3917981102362207
21
-3.0054977952755904
0
LINE
8
BLACK
6
CONTINUOUS
10
5.3917981102362207
20
-3.0054977952755904
11
5.3915998031496057
21
-3.0050190944881887
0
LINE
8
BLACK
6
CONTINUOUS
10
5.3915998031496057
20
-3.0050190944881887
11
5.3915998031496057
21
-3.0038670078740157
0
LINE
8
BLACK
6
CONTINUOUS
10
5.3915998031496057
20
-3.0038670078740157
11
5.3920406692913385
21
-3.0028025984251969
0
LINE
8
BLACK
6
CONTINUOUS
10
5.3920406692913385
20
-3.0028025984251969
11
5.3924078740157482
21
-3.0023551574803147
0
LINE
8
BLACK
6
CONTINUOUS
10
5.3924078740157482
20
-3.0023551574803147
11
5.3942826377952757
21
-3.0004803543307088
0
LINE
8
BLACK
6
CONTINUOUS
10
5.3942826377952757
20
-3.0004803543307088
11
5.3947301181102363
21
-3.0001131102362204
0
LINE
8
BLACK
6
CONTINUOUS
10
5.3947301181102363
20
-3.0001131102362204
11
5.394730157480315
21
-3.0001130708661417
0
LINE
8
BLACK
6
CONTINUOUS
10
5.394730157480315
20
-3.0001130708661417
11
5.3954504724409444
21
-2.9998147244094486
0
LINE
8
BLACK
6
CONTINUOUS
10
5.3954504724409444
20
-2.9998147244094486
11
5.3957945275590546
21
-2.9996722047244093
0
LINE
8
BLACK
6
CONTINUOUS
10
5.3957945275590546
20
-2.9996722047244093
11
5.3969466141732285
21
-2.9996722047244093
0
LINE
8
BLACK
6
CONTINUOUS
10
5.3969466141732285
20
-2.9996722047244093
11
5.3969466535433073
21
-2.9996722047244093
0
LINE
8
BLACK
6
CONTINUOUS
10
5.3969466535433073
20
-2.9996722047244093
11
5.3972907086614175
21
-2.9998147244094486
0
LINE
8
BLACK
6
CONTINUOUS
10
5.637260708661417
20
-2.9998147244094486
11
5.6379810236220473
21
-3.0001130708661417
0
LINE
8
BLACK
6
CONTINUOUS
10
5.6379810236220473
20
-3.0001130708661417
11
5.6379810629921261
21
-3.0001131102362204
0
LINE
8
BLACK
6
CONTINUOUS
10
5.6379810629921261
20
-3.0001131102362204
11
5.6384285433070866
21
-3.0004803543307088
0
LINE
8
BLACK
6
CONTINUOUS
10
5.6384285433070866
20
-3.0004803543307088
11
5.6403032677165355
21
-3.0023551181102364
0
LINE
8
BLACK
6
CONTINUOUS
10
5.6403032677165355
20
-3.0023551181102364
11
5.6406705118110239
21
-3.0028025984251969
0
LINE
8
BLACK
6
CONTINUOUS
10
5.6406705118110239
20
-3.0028025984251969
11
5.641109566929134
21
-3.0038626771653543
0
LINE
8
BLACK
6
CONTINUOUS
10
5.641109566929134
20
-3.0038626771653543
11
5.6411113779527557
21
-3.0038670078740157
0
LINE
8
BLACK
6
CONTINUOUS
10
5.6411113779527557
20
-3.0038670078740157
11
5.6411113779527557
21
-3.0050190944881887
0
LINE
8
BLACK
6
CONTINUOUS
10
5.6411113779527557
20
-3.0050190944881887
11
5.6406704724409451
21
-3.006083503937008
0
LINE
8
BLACK
6
CONTINUOUS
10
5.6406704724409451
20
-3.006083503937008
11
5.6403032677165355
21
-3.0065309448818898
0
LINE
8
BLACK
6
CONTINUOUS
10
5.6403032677165355
20
-3.0065309448818898
11
5.6384285039370079
21
-3.0084057086614173
0
LINE
8
BLACK
6
CONTINUOUS
10
5.6384285039370079
20
-3.0084057086614173
11
5.6379810629921261
21
-3.0087729133858265
0
LINE
8
BLACK
6
CONTINUOUS
10
5.6379810629921261
20
-3.0087729133858265
11
5.6369166535433068
21
-3.0092138188976376
0
LINE
8
BLACK
6
CONTINUOUS
10
5.6369166535433068
20
-3.0092138188976376
11
5.6369166141732281
21
-3.0092138188976376
0
LINE
8
BLACK
6
CONTINUOUS
10
5.6369166141732281
20
-3.0092138188976376
11
5.6357645669291339
21
-3.0092138188976376
0
LINE
8
BLACK
6
CONTINUOUS
10
5.6357645669291339
20
-3.0092138188976376
11
5.6357645275590551
21
-3.0092138188976376
0
LINE
8
BLACK
6
CONTINUOUS
10
5.6357645275590551
20
-3.0092138188976376
11
5.6347001181102359
21
-3.0087729133858265
0
LINE
8
BLACK
6
CONTINUOUS
10
5.6347001181102359
20
-3.0087729133858265
11
5.6342526771653541
21
-3.0084057086614173
0
LINE
8
BLACK
6
CONTINUOUS
10
5.6342526771653541
20
-3.0084057086614173
11
5.6323779133858265
21
-3.0065309448818898
0
LINE
8
BLACK
6
CONTINUOUS
10
5.6323779133858265
20
-3.0065309448818898
11
5.6320107086614168
21
-3.006083503937008
0
LINE
8
BLACK
6
CONTINUOUS
10
5.6320107086614168
20
-3.006083503937008
11
5.6317681102362203
21
-3.0054977952755904
0
LINE
8
BLACK
6
CONTINUOUS
10
5.6317681102362203
20
-3.0054977952755904
11
5.6315698031496062
21
-3.0050190944881887
0
LINE
8
BLACK
6
CONTINUOUS
10
5.6315698031496062
20
-3.0050190944881887
11
5.6315698031496062
21
-3.0038670078740157
0
LINE
8
BLACK
6
CONTINUOUS
10
5.6315698031496062
20
-3.0038670078740157
11
5.6320106692913381
21
-3.0028025984251969
0
LINE
8
BLACK
6
CONTINUOUS
10
5.6320106692913381
20
-3.0028025984251969
11
5.6323778740157477
21
-3.0023551574803147
0
LINE
8
BLACK
6
CONTINUOUS
10
5.6323778740157477
20
-3.0023551574803147
11
5.6342526377952753
21
-3.0004803543307088
0
LINE
8
BLACK
6
CONTINUOUS
10
5.6342526377952753
20
-3.0004803543307088
11
5.6347001181102359
21
-3.0001131102362204
0
LINE
8
BLACK
6
CONTINUOUS
10
5.6347001181102359
20
-3.0001131102362204
11
5.6347001574803146
21
-3.0001130708661417
0
LINE
8
BLACK
6
CONTINUOUS
10
5.6347001574803146
20
-3.0001130708661417
11
5.6354204724409449
21
-2.9998147244094486
0
LINE
8
BLACK
6
CONTINUOUS
10
5.6354204724409449
20
-2.9998147244094486
11
5.6357645275590551
21
-2.9996722047244093
0
LINE
8
BLACK
6
CONTINUOUS
10
5.6357645275590551
20
-2.9996722047244093
11
5.6369166141732281
21
-2.9996722047244093
0
LINE
8
BLACK
6
CONTINUOUS
10
5.6369166141732281
20
-2.9996722047244093
11
5.6369166535433068
21
-2.9996722047244093
0
LINE
8
BLACK
6
CONTINUOUS
10
5.6369166535433068
20
-2.9996722047244093
11
5.637260708661417
21
-2.9998147244094486
0
LINE
8
BLACK
6
CONTINUOUS
10
5.7344044488188972
20
-2.9771750393700787
11
5.7345024409448815
21
-2.9772156299212598
0
LINE
8
BLACK
6
CONTINUOUS
10
5.7345024409448815
20
-2.9772156299212598
11
5.7346082677165349
21
-2.9772231496062993
0
LINE
8
BLACK
6
CONTINUOUS
10
5.7346082677165349
20
-2.9772231496062993
11
5.7351488976377949
21
-2.9774300393700788
0
LINE
8
BLACK
6
CONTINUOUS
10
5.7351488976377949
20
-2.9774300393700788
11
5.73889842519685
21
-2.9793048031496063
0
LINE
8
BLACK
6
CONTINUOUS
10
5.73889842519685
20
-2.9793048031496063
11
5.7389947637795276
21
-2.9793654330708659
0
LINE
8
BLACK
6
CONTINUOUS
10
5.7389947637795276
20
-2.9793654330708659
11
5.7390401968503939
21
-2.9793805905511812
0
LINE
8
BLACK
6
CONTINUOUS
10
5.7390401968503939
20
-2.9793805905511812
11
5.7390967322834641
21
-2.9794296062992127
0
LINE
8
BLACK
6
CONTINUOUS
10
5.7390967322834641
20
-2.9794296062992127
11
5.7393883070866138
21
-2.979613149606299
0
LINE
8
BLACK
6
CONTINUOUS
10
5.7393883070866138
20
-2.979613149606299
11
5.739452677165354
21
-2.9796873622047242
0
LINE
8
BLACK
6
CONTINUOUS
10
5.739452677165354
20
-2.9796873622047242
11
5.7395170472440942
21
-2.979613149606299
0
LINE
8
BLACK
6
CONTINUOUS
10
5.7395170472440942
20
-2.979613149606299
11
5.7398085826771652
21
-2.9794296062992127
0
LINE
8
BLACK
6
CONTINUOUS
10
5.7398085826771652
20
-2.9794296062992127
11
5.739865157480315
21
-2.9793805905511812
0
LINE
8
BLACK
6
CONTINUOUS
10
5.739865157480315
20
-2.9793805905511812
11
5.7399105511811026
21
-2.9793654330708659
0
LINE
8
BLACK
6
CONTINUOUS
10
5.7399105511811026
20
-2.9793654330708659
11
5.740006929133858
21
-2.9793048031496063
0
LINE
8
BLACK
6
CONTINUOUS
10
5.740006929133858
20
-2.9793048031496063
11
5.7437564566929131
21
-2.9774300393700788
0
LINE
8
BLACK
6
CONTINUOUS
10
5.7437564566929131
20
-2.9774300393700788
11
5.7442970472440944
21
-2.9772231496062993
0
LINE
8
BLACK
6
CONTINUOUS
10
5.7442970472440944
20
-2.9772231496062993
11
5.7444029133858265
21
-2.977215590551181
0
LINE
8
BLACK
6
CONTINUOUS
10
5.7444029133858265
20
-2.977215590551181
11
5.7445009055118108
21
-2.9771750393700787
0
LINE
8
BLACK
6
CONTINUOUS
10
5.7445009055118108
20
-2.9771750393700787
11
5.7450769685039367
21
-2.9771183070866143
0
LINE
8
BLACK
6
CONTINUOUS
10
5.7450769685039367
20
-2.9771183070866143
11
5.7507012598425193
21
-2.9771183070866143
0
LINE
8
BLACK
6
CONTINUOUS
10
5.7507012598425193
20
-2.9771183070866143
11
5.7512773228346452
21
-2.9771750393700787
0
LINE
8
BLACK
6
CONTINUOUS
10
5.7512773228346452
20
-2.9771750393700787
11
5.7513753149606295
21
-2.9772156299212598
0
LINE
8
BLACK
6
CONTINUOUS
10
5.7513753149606295
20
-2.9772156299212598
11
5.7514811417322838
21
-2.9772231496062993
0
LINE
8
BLACK
6
CONTINUOUS
10
5.7514811417322838
20
-2.9772231496062993
11
5.7520217716535429
21
-2.9774300393700788
0
LINE
8
BLACK
6
CONTINUOUS
10
5.7520217716535429
20
-2.9774300393700788
11
5.7557713385826768
21
-2.9793048031496063
0
LINE
8
BLACK
6
CONTINUOUS
10
5.7557713385826768
20
-2.9793048031496063
11
5.7558676377952755
21
-2.9793654330708659
0
LINE
8
BLACK
6
CONTINUOUS
10
5.7558676377952755
20
-2.9793654330708659
11
5.7559131102362207
21
-2.9793805905511812
0
LINE
8
BLACK
6
CONTINUOUS
10
5.7559131102362207
20
-2.9793805905511812
11
5.7559696850393696
21
-2.9794296456692915
0
LINE
8
BLACK
6
CONTINUOUS
10
5.7559696850393696
20
-2.9794296456692915
11
5.7562611811023618
21
-2.979613149606299
0
LINE
8
BLACK
6
CONTINUOUS
10
5.7562611811023618
20
-2.979613149606299
11
5.7565036614173231
21
-2.9798927559055119
0
LINE
8
BLACK
6
CONTINUOUS
10
5.7565036614173231
20
-2.9798927559055119
11
5.7567835039370081
21
-2.980135433070866
0
LINE
8
BLACK
6
CONTINUOUS
10
5.7567835039370081
20
-2.980135433070866
11
5.7569670078740156
21
-2.9804269685039371
0
LINE
8
BLACK
6
CONTINUOUS
10
5.7569670078740156
20
-2.9804269685039371
11
5.7570160629921254
21
-2.9804835433070864
0
LINE
8
BLACK
6
CONTINUOUS
10
5.7570160629921254
20
-2.9804835433070864
11
5.757031181102362
21
-2.980528937007874
0
LINE
8
BLACK
6
CONTINUOUS
10
5.757031181102362
20
-2.980528937007874
11
5.7570918503937003
21
-2.9806253149606299
0
LINE
8
BLACK
6
CONTINUOUS
10
5.7570918503937003
20
-2.9806253149606299
11
5.7589666141732279
21
-2.984374842519685
0
LINE
8
BLACK
6
CONTINUOUS
10
5.7589666141732279
20
-2.984374842519685
11
5.7591735039370073
21
-2.9849154330708663
0
LINE
8
BLACK
6
CONTINUOUS
10
5.7591735039370073
20
-2.9849154330708663
11
5.7591810236220473
21
-2.9850212992125984
0
LINE
8
BLACK
6
CONTINUOUS
10
5.7591810236220473
20
-2.9850212992125984
11
5.759221614173228
21
-2.9851192913385827
0
LINE
8
BLACK
6
CONTINUOUS
10
5.759221614173228
20
-2.9851192913385827
11
5.7592783464566928
21
-2.9856953543307085
0
LINE
8
BLACK
6
CONTINUOUS
10
5.7592783464566928
20
-2.9856953543307085
11
5.7592783464566928
21
-3.0063177952755904
0
LINE
8
BLACK
6
CONTINUOUS
10
5.7592783464566928
20
-3.0063177952755904
11
5.759221614173228
21
-3.0068938582677163
0
LINE
8
BLACK
6
CONTINUOUS
10
5.759221614173228
20
-3.0068938582677163
11
5.7587807086614173
21
-3.0079582677165355
0
LINE
8
BLACK
6
CONTINUOUS
10
5.7587807086614173
20
-3.0079582677165355
11
5.7579660629921259
21
-3.0087729133858265
0
LINE
8
BLACK
6
CONTINUOUS
10
5.7579660629921259
20
-3.0087729133858265
11
5.7569016535433066
21
-3.0092138188976376
0
LINE
8
BLACK
6
CONTINUOUS
10
5.7569016535433066
20
-3.0092138188976376
11
5.7557495275590549
21
-3.0092138188976376
0
LINE
8
BLACK
6
CONTINUOUS
10
5.7557495275590549
20
-3.0092138188976376
11
5.7546851181102365
21
-3.0087729133858265
0
LINE
8
BLACK
6
CONTINUOUS
10
5.7546851181102365
20
-3.0087729133858265
11
5.7538704724409451
21
-3.0079582677165355
0
LINE
8
BLACK
6
CONTINUOUS
10
5.7538704724409451
20
-3.0079582677165355
11
5.7534295669291335
21
-3.0068938582677163
0
LINE
8
BLACK
6
CONTINUOUS
10
5.7534295669291335
20
-3.0068938582677163
11
5.7533728346456687
21
-3.0063177952755904
0
LINE
8
BLACK
6
CONTINUOUS
10
5.7533728346456687
20
-3.0063177952755904
11
5.7533728346456687
21
-2.9863924015748031
0
LINE
8
BLACK
6
CONTINUOUS
10
5.7533728346456687
20
-2.9863924015748031
11
5.7522499606299213
21
-2.984146653543307
0
LINE
8
BLACK
6
CONTINUOUS
10
5.7522499606299213
20
-2.984146653543307
11
5.7500042125984248
21
-2.9830238188976379
0
LINE
8
BLACK
6
CONTINUOUS
10
5.7500042125984248
20
-2.9830238188976379
11
5.7457740157480313
21
-2.9830238188976379
0
LINE
8
BLACK
6
CONTINUOUS
10
5.7457740157480313
20
-2.9830238188976379
11
5.7435282677165356
21
-2.984146653543307
0
LINE
8
BLACK
6
CONTINUOUS
10
5.7435282677165356
20
-2.984146653543307
11
5.742405433070866
21
-2.9863924015748031
0
LINE
8
BLACK
6
CONTINUOUS
10
5.742405433070866
20
-2.9863924015748031
11
5.742405433070866
21
-3.0063177952755904
0
LINE
8
BLACK
6
CONTINUOUS
10
5.742405433070866
20
-3.0063177952755904
11
5.7423487007874012
21
-3.0068938582677163
0
LINE
8
BLACK
6
CONTINUOUS
10
5.7423487007874012
20
-3.0068938582677163
11
5.7419077952755906
21
-3.0079582677165355
0
LINE
8
BLACK
6
CONTINUOUS
10
5.7419077952755906
20
-3.0079582677165355
11
5.7410931496062991
21
-3.0087729133858265
0
LINE
8
BLACK
6
CONTINUOUS
10
5.7410931496062991
20
-3.0087729133858265
11
5.7400287401574799
21
-3.0092138188976376
0
LINE
8
BLACK
6
CONTINUOUS
10
5.7400287401574799
20
-3.0092138188976376
11
5.7388766141732281
21
-3.0092138188976376
0
LINE
8
BLACK
6
CONTINUOUS
10
5.7388766141732281
20
-3.0092138188976376
11
5.7378122047244089
21
-3.0087729133858265
0
LINE
8
BLACK
6
CONTINUOUS
10
5.7378122047244089
20
-3.0087729133858265
11
5.7369975590551183
21
-3.0079582677165355
0
LINE
8
BLACK
6
CONTINUOUS
10
5.7369975590551183
20
-3.0079582677165355
11
5.7365566535433068
21
-3.0068938582677163
0
LINE
8
BLACK
6
CONTINUOUS
10
5.7365566535433068
20
-3.0068938582677163
11
5.736499921259842
21
-3.0063177952755904
0
LINE
8
BLACK
6
CONTINUOUS
10
5.736499921259842
20
-3.0063177952755904
11
5.736499921259842
21
-2.9863924015748031
0
LINE
8
BLACK
6
CONTINUOUS
10
5.736499921259842
20
-2.9863924015748031
11
5.7353770472440946
21
-2.984146653543307
0
LINE
8
BLACK
6
CONTINUOUS
10
5.7353770472440946
20
-2.984146653543307
11
5.7331313385826768
21
-2.9830238188976379
0
LINE
8
BLACK
6
CONTINUOUS
10
5.7331313385826768
20
-2.9830238188976379
11
5.7289011417322833
21
-2.9830238188976379
0
LINE
8
BLACK
6
CONTINUOUS
10
5.7289011417322833
20
-2.9830238188976379
11
5.7262036614173226
21
-2.9843725590551182
0
LINE
8
BLACK
6
CONTINUOUS
10
5.7262036614173226
20
-2.9843725590551182
11
5.725532559055118
21
-2.9850436614173228
0
LINE
8
BLACK
6
CONTINUOUS
10
5.725532559055118
20
-2.9850436614173228
11
5.725532559055118
21
-3.0063177952755904
0
LINE
8
BLACK
6
CONTINUOUS
10
5.725532559055118
20
-3.0063177952755904
11
5.7254758267716532
21
-3.0068938582677163
0
LINE
8
BLACK
6
CONTINUOUS
10
5.7254758267716532
20
-3.0068938582677163
11
5.7250349212598426
21
-3.0079582677165355
0
LINE
8
BLACK
6
CONTINUOUS
10
5.7250349212598426
20
-3.0079582677165355
11
5.7242202755905511
21
-3.0087729133858265
0
LINE
8
BLACK
6
CONTINUOUS
10
5.7242202755905511
20
-3.0087729133858265
11
5.7231558661417319
21
-3.0092138188976376
0
LINE
8
BLACK
6
CONTINUOUS
10
5.7231558661417319
20
-3.0092138188976376
11
5.7220037401574801
21
-3.0092138188976376
0
LINE
8
BLACK
6
CONTINUOUS
10
5.7220037401574801
20
-3.0092138188976376
11
5.7209393307086609
21
-3.0087729133858265
0
LINE
8
BLACK
6
CONTINUOUS
10
5.7209393307086609
20
-3.0087729133858265
11
5.7201246850393703
21
-3.0079582677165355
0
LINE
8
BLACK
6
CONTINUOUS
10
5.7201246850393703
20
-3.0079582677165355
11
5.7196837795275588
21
-3.0068938582677163
0
LINE
8
BLACK
6
CONTINUOUS
10
5.7196837795275588
20
-3.0068938582677163
11
5.719627047244094
21
-3.0063177952755904
0
LINE
8
BLACK
6
CONTINUOUS
10
5.719627047244094
20
-3.0063177952755904
11
5.719627047244094
21
-2.9800710629921259
0
LINE
8
BLACK
6
CONTINUOUS
10
5.719627047244094
20
-2.9800710629921259
11
5.7196837795275588
21
-2.979495
0
LINE
8
BLACK
6
CONTINUOUS
10
5.7196837795275588
20
-2.979495
11
5.7201246850393703
21
-2.9784305905511812
0
LINE
8
BLACK
6
CONTINUOUS
10
5.7201246850393703
20
-2.9784305905511812
11
5.7209393307086609
21
-2.9776159448818897
0
LINE
8
BLACK
6
CONTINUOUS
10
5.7209393307086609
20
-2.9776159448818897
11
5.7220037401574801
21
-2.9771750393700787
0
LINE
8
BLACK
6
CONTINUOUS
10
5.7220037401574801
20
-2.9771750393700787
11
5.7231558661417319
21
-2.9771750393700787
0
LINE
8
BLACK
6
CONTINUOUS
10
5.7231558661417319
20
-2.9771750393700787
11
5.7242202755905511
21
-2.9776159448818897
0
LINE
8
BLACK
6
CONTINUOUS
10
5.7242202755905511
20
-2.9776159448818897
11
5.7249840944881889
21
-2.9783797637795275
0
LINE
8
BLACK
6
CONTINUOUS
10
5.7249840944881889
20
-2.9783797637795275
11
5.7268835826771651
21
-2.9774300393700788
0
LINE
8
BLACK
6
CONTINUOUS
10
5.7268835826771651
20
-2.9774300393700788
11
5.7274241732283464
21
-2.9772231496062993
0
LINE
8
BLACK
6
CONTINUOUS
10
5.7274241732283464
20
-2.9772231496062993
11
5.7275300393700785
21
-2.977215590551181
0
LINE
8
BLACK
6
CONTINUOUS
10
5.7275300393700785
20
-2.977215590551181
11
5.7276280314960628
21
-2.9771750393700787
0
LINE
8
BLACK
6
CONTINUOUS
10
5.7276280314960628
20
-2.9771750393700787
11
5.7282040944881887
21
-2.9771183070866143
0
LINE
8
BLACK
6
CONTINUOUS
10
5.7282040944881887
20
-2.9771183070866143
11
5.7338283858267713
21
-2.9771183070866143
0
LINE
8
BLACK
6
CONTINUOUS
10
5.7338283858267713
20
-2.9771183070866143
11
5.7344044488188972
21
-2.9771750393700787
0
LINE
8
BLACK
6
CONTINUOUS
10
5.7868978740157475
20
-2.9771750393700787
11
5.7869958661417318
21
-2.9772156299212598
0
LINE
8
BLACK
6
CONTINUOUS
10
5.7869958661417318
20
-2.9772156299212598
11
5.7871016929133861
21
-2.9772231496062993
0
LINE
8
BLACK
6
CONTINUOUS
10
5.7871016929133861
20
-2.9772231496062993
11
5.7876423228346452
21
-2.9774300393700788
0
LINE
8
BLACK
6
CONTINUOUS
10
5.7876423228346452
20
-2.9774300393700788
11
5.7913918503937003
21
-2.9793048031496063
0
LINE
8
BLACK
6
CONTINUOUS
10
5.7913918503937003
20
-2.9793048031496063
11
5.7914881889763778
21
-2.9793654330708659
0
LINE
8
BLACK
6
CONTINUOUS
10
5.7914881889763778
20
-2.9793654330708659
11
5.7915336220472442
21
-2.9793805905511812
0
LINE
8
BLACK
6
CONTINUOUS
10
5.7915336220472442
20
-2.9793805905511812
11
5.7915901574803152
21
-2.9794296062992127
0
LINE
8
BLACK
6
CONTINUOUS
10
5.7915901574803152
20
-2.9794296062992127
11
5.7918817322834641
21
-2.979613149606299
0
LINE
8
BLACK
6
CONTINUOUS
10
5.7918817322834641
20
-2.979613149606299
11
5.7919461023622043
21
-2.9796873622047242
0
LINE
8
BLACK
6
CONTINUOUS
10
5.7919461023622043
20
-2.9796873622047242
11
5.7920104724409445
21
-2.979613149606299
0
LINE
8
BLACK
6
CONTINUOUS
10
5.7920104724409445
20
-2.979613149606299
11
5.7923020078740155
21
-2.9794296062992127
0
LINE
8
BLACK
6
CONTINUOUS
10
5.7923020078740155
20
-2.9794296062992127
11
5.7923585826771653
21
-2.9793805905511812
0
LINE
8
BLACK
6
CONTINUOUS
10
5.7923585826771653
20
-2.9793805905511812
11
5.7924039763779529
21
-2.9793654330708659
0
LINE
8
BLACK
6
CONTINUOUS
10
5.7924039763779529
20
-2.9793654330708659
11
5.7925003543307083
21
-2.9793048031496063
0
LINE
8
BLACK
6
CONTINUOUS
10
5.7925003543307083
20
-2.9793048031496063
11
5.7962498818897634
21
-2.9774300393700788
0
LINE
8
BLACK
6
CONTINUOUS
10
5.7962498818897634
20
-2.9774300393700788
11
5.7967904724409447
21
-2.9772231496062993
0
LINE
8
BLACK
6
CONTINUOUS
10
5.7967904724409447
20
-2.9772231496062993
11
5.7968963385826768
21
-2.977215590551181
0
LINE
8
BLACK
6
CONTINUOUS
10
5.7968963385826768
20
-2.977215590551181
11
5.7969943307086611
21
-2.9771750393700787
0
LINE
8
BLACK
6
CONTINUOUS
10
5.7969943307086611
20
-2.9771750393700787
11
5.797570393700787
21
-2.9771183070866143
0
LINE
8
BLACK
6
CONTINUOUS
10
5.797570393700787
20
-2.9771183070866143
11
5.8031946850393696
21
-2.9771183070866143
0
LINE
8
BLACK
6
CONTINUOUS
10
5.8031946850393696
20
-2.9771183070866143
11
5.8037707480314955
21
-2.9771750393700787
0
LINE
8
BLACK
6
CONTINUOUS
10
5.8037707480314955
20
-2.9771750393700787
11
5.8038687401574798
21
-2.9772156299212598
0
LINE
8
BLACK
6
CONTINUOUS
10
5.8038687401574798
20
-2.9772156299212598
11
5.803974566929134
21
-2.9772231496062993
0
LINE
8
BLACK
6
CONTINUOUS
10
5.803974566929134
20
-2.9772231496062993
11
5.8045151968503932
21
-2.9774300393700788
0
LINE
8
BLACK
6
CONTINUOUS
10
5.8045151968503932
20
-2.9774300393700788
11
5.8082647637795271
21
-2.9793048031496063
0
LINE
8
BLACK
6
CONTINUOUS
10
5.8082647637795271
20
-2.9793048031496063
11
5.8083610629921258
21
-2.9793654330708659
0
LINE
8
BLACK
6
CONTINUOUS
10
5.8083610629921258
20
-2.9793654330708659
11
5.8084065354330709
21
-2.9793805905511812
0
LINE
8
BLACK
6
CONTINUOUS
10
5.8084065354330709
20
-2.9793805905511812
11
5.8084631102362207
21
-2.9794296456692915
0
LINE
8
BLACK
6
CONTINUOUS
10
5.8084631102362207
20
-2.9794296456692915
11
5.8087546062992121
21
-2.979613149606299
0
LINE
8
BLACK
6
CONTINUOUS
10
5.8087546062992121
20
-2.979613149606299
11
5.8089970866141734
21
-2.9798927559055119
0
LINE
8
BLACK
6
CONTINUOUS
10
5.8089970866141734
20
-2.9798927559055119
11
5.8092769291338584
21
-2.980135433070866
0
LINE
8
BLACK
6
CONTINUOUS
10
5.8092769291338584
20
-2.980135433070866
11
5.8094604330708659
21
-2.9804269685039371
0
LINE
8
BLACK
6
CONTINUOUS
10
5.8094604330708659
20
-2.9804269685039371
11
5.8095094881889766
21
-2.9804835433070864
0
LINE
8
BLACK
6
CONTINUOUS
10
5.8095094881889766
20
-2.9804835433070864
11
5.8095246062992123
21
-2.980528937007874
0
LINE
8
BLACK
6
CONTINUOUS
10
5.8095246062992123
20
-2.980528937007874
11
5.8095852755905515
21
-2.9806253149606299
0
LINE
8
BLACK
6
CONTINUOUS
10
5.8095852755905515
20
-2.9806253149606299
11
5.811460039370079
21
-2.984374842519685
0
LINE
8
BLACK
6
CONTINUOUS
10
5.811460039370079
20
-2.984374842519685
11
5.8116669291338585
21
-2.9849154330708663
0
LINE
8
BLACK
6
CONTINUOUS
10
5.8116669291338585
20
-2.9849154330708663
11
5.8116744488188976
21
-2.9850212992125984
0
LINE
8
BLACK
6
CONTINUOUS
10
5.8116744488188976
20
-2.9850212992125984
11
5.8117150393700783
21
-2.9851192913385827
0
LINE
8
BLACK
6
CONTINUOUS
10
5.8117150393700783
20
-2.9851192913385827
11
5.8117717716535431
21
-2.9856953543307085
0
LINE
8
BLACK
6
CONTINUOUS
10
5.8117717716535431
20
-2.9856953543307085
11
5.8117717716535431
21
-3.0063177952755904
0
LINE
8
BLACK
6
CONTINUOUS
10
5.8117717716535431
20
-3.0063177952755904
11
5.8117150393700783
21
-3.0068938582677163
0
LINE
8
BLACK
6
CONTINUOUS
10
5.8117150393700783
20
-3.0068938582677163
11
5.8112741338582676
21
-3.0079582677165355
0
LINE
8
BLACK
6
CONTINUOUS
10
5.8112741338582676
20
-3.0079582677165355
11
5.8104594881889762
21
-3.0087729133858265
0
LINE
8
BLACK
6
CONTINUOUS
10
5.8104594881889762
20
-3.0087729133858265
11
5.8093950787401569
21
-3.0092138188976376
0
LINE
8
BLACK
6
CONTINUOUS
10
5.8093950787401569
20
-3.0092138188976376
11
5.8082429527559052
21
-3.0092138188976376
0
LINE
8
BLACK
6
CONTINUOUS
10
5.8082429527559052
20
-3.0092138188976376
11
5.8071785433070868
21
-3.0087729133858265
0
LINE
8
BLACK
6
CONTINUOUS
10
5.8071785433070868
20
-3.0087729133858265
11
5.8063638976377954
21
-3.0079582677165355
0
LINE
8
BLACK
6
CONTINUOUS
10
5.8063638976377954
20
-3.0079582677165355
11
5.8059229921259838
21
-3.0068938582677163
0
LINE
8
BLACK
6
CONTINUOUS
10
5.8059229921259838
20
-3.0068938582677163
11
5.8058662598425199
21
-3.0063177952755904
0
LINE
8
BLACK
6
CONTINUOUS
10
5.8058662598425199
20
-3.0063177952755904
11
5.8058662598425199
21
-2.9863924015748031
0
LINE
8
BLACK
6
CONTINUOUS
10
5.8058662598425199
20
-2.9863924015748031
11
5.8047433858267716
21
-2.984146653543307
0
LINE
8
BLACK
6
CONTINUOUS
10
5.8047433858267716
20
-2.984146653543307
11
5.8024976377952751
21
-2.9830238188976379
0
LINE
8
BLACK
6
CONTINUOUS
10
5.8024976377952751
20
-2.9830238188976379
11
5.7982674409448816
21
-2.9830238188976379
0
LINE
8
BLACK
6
CONTINUOUS
10
5.7982674409448816
20
-2.9830238188976379
11
5.7960216929133859
21
-2.984146653543307
0
LINE
8
BLACK
6
CONTINUOUS
10
5.7960216929133859
20
-2.984146653543307
11
5.7948988582677163
21
-2.9863924015748031
0
LINE
8
BLACK
6
CONTINUOUS
10
5.7948988582677163
20
-2.9863924015748031
11
5.7948988582677163
21
-3.0063177952755904
0
LINE
8
BLACK
6
CONTINUOUS
10
5.7948988582677163
20
-3.0063177952755904
11
5.7948421259842515
21
-3.0068938582677163
0
LINE
8
BLACK
6
CONTINUOUS
10
5.7948421259842515
20
-3.0068938582677163
11
5.7944012204724409
21
-3.0079582677165355
0
LINE
8
BLACK
6
CONTINUOUS
10
5.7944012204724409
20
-3.0079582677165355
11
5.7935865748031494
21
-3.0087729133858265
0
LINE
8
BLACK
6
CONTINUOUS
10
5.7935865748031494
20
-3.0087729133858265
11
5.7925221653543302
21
-3.0092138188976376
0
LINE
8
BLACK
6
CONTINUOUS
10
5.7925221653543302
20
-3.0092138188976376
11
5.7913700393700784
21
-3.0092138188976376
0
LINE
8
BLACK
6
CONTINUOUS
10
5.7913700393700784
20
-3.0092138188976376
11
5.7903056299212601
21
-3.0087729133858265
0
LINE
8
BLACK
6
CONTINUOUS
10
5.7903056299212601
20
-3.0087729133858265
11
5.7894909842519686
21
-3.0079582677165355
0
LINE
8
BLACK
6
CONTINUOUS
10
5.7894909842519686
20
-3.0079582677165355
11
5.7890500787401571
21
-3.0068938582677163
0
LINE
8
BLACK
6
CONTINUOUS
10
5.7890500787401571
20
-3.0068938582677163
11
5.7889933464566932
21
-3.0063177952755904
0
LINE
8
BLACK
6
CONTINUOUS
10
5.7889933464566932
20
-3.0063177952755904
11
5.7889933464566932
21
-2.9863924015748031
0
LINE
8
BLACK
6
CONTINUOUS
10
5.7889933464566932
20
-2.9863924015748031
11
5.7878704724409449
21
-2.984146653543307
0
LINE
8
BLACK
6
CONTINUOUS
10
5.7878704724409449
20
-2.984146653543307
11
5.7856247637795271
21
-2.9830238188976379
0
LINE
8
BLACK
6
CONTINUOUS
10
5.7856247637795271
20
-2.9830238188976379
11
5.7813945669291336
21
-2.9830238188976379
0
LINE
8
BLACK
6
CONTINUOUS
10
5.7813945669291336
20
-2.9830238188976379
11
5.7786970866141729
21
-2.9843725590551182
0
LINE
8
BLACK
6
CONTINUOUS
10
5.7786970866141729
20
-2.9843725590551182
11
5.7780259842519683
21
-2.9850436614173228
0
LINE
8
BLACK
6
CONTINUOUS
10
5.7780259842519683
20
-2.9850436614173228
11
5.7780259842519683
21
-3.0063177952755904
0
LINE
8
BLACK
6
CONTINUOUS
10
5.7780259842519683
20
-3.0063177952755904
11
5.7779692519685035
21
-3.0068938582677163
0
LINE
8
BLACK
6
CONTINUOUS
10
5.7779692519685035
20
-3.0068938582677163
11
5.7775283464566929
21
-3.0079582677165355
0
LINE
8
BLACK
6
CONTINUOUS
10
5.7775283464566929
20
-3.0079582677165355
11
5.7767137007874014
21
-3.0087729133858265
0
LINE
8
BLACK
6
CONTINUOUS
10
5.7767137007874014
20
-3.0087729133858265
11
5.7756492913385822
21
-3.0092138188976376
0
LINE
8
BLACK
6
CONTINUOUS
10
5.7756492913385822
20
-3.0092138188976376
11
5.7744971653543304
21
-3.0092138188976376
0
LINE
8
BLACK
6
CONTINUOUS
10
5.7744971653543304
20
-3.0092138188976376
11
5.7734327559055121
21
-3.0087729133858265
0
LINE
8
BLACK
6
CONTINUOUS
10
5.7734327559055121
20
-3.0087729133858265
11
5.7726181102362206
21
-3.0079582677165355
0
LINE
8
BLACK
6
CONTINUOUS
10
5.7726181102362206
20
-3.0079582677165355
11
5.7721772047244091
21
-3.0068938582677163
0
LINE
8
BLACK
6
CONTINUOUS
10
5.7721772047244091
20
-3.0068938582677163
11
5.7721204724409452
21
-3.0063177952755904
0
LINE
8
BLACK
6
CONTINUOUS
10
5.7721204724409452
20
-3.0063177952755904
11
5.7721204724409452
21
-2.9800710629921259
0
LINE
8
BLACK
6
CONTINUOUS
10
5.7721204724409452
20
-2.9800710629921259
11
5.7721772047244091
21
-2.979495
0
LINE
8
BLACK
6
CONTINUOUS
10
5.7721772047244091
20
-2.979495
11
5.7726181102362206
21
-2.9784305905511812
0
LINE
8
BLACK
6
CONTINUOUS
10
5.7726181102362206
20
-2.9784305905511812
11
5.7734327559055121
21
-2.9776159448818897
0
LINE
8
BLACK
6
CONTINUOUS
10
5.7734327559055121
20
-2.9776159448818897
11
5.7744971653543304
21
-2.9771750393700787
0
LINE
8
BLACK
6
CONTINUOUS
10
5.7744971653543304
20
-2.9771750393700787
11
5.7756492913385822
21
-2.9771750393700787
0
LINE
8
BLACK
6
CONTINUOUS
10
5.7756492913385822
20
-2.9771750393700787
11
5.7767137007874014
21
-2.9776159448818897
0
LINE
8
BLACK
6
CONTINUOUS
10
5.7767137007874014
20
-2.9776159448818897
11
5.7774775196850392
21
-2.9783797637795275
0
LINE
8
BLACK
6
CONTINUOUS
10
5.7774775196850392
20
-2.9783797637795275
11
5.7793770078740154
21
-2.9774300393700788
0
LINE
8
BLACK
6
CONTINUOUS
10
5.7793770078740154
20
-2.9774300393700788
11
5.7799175984251967
21
-2.9772231496062993
0
LINE
8
BLACK
6
CONTINUOUS
10
5.7799175984251967
20
-2.9772231496062993
11
5.7800234645669288
21
-2.977215590551181
0
LINE
8
BLACK
6
CONTINUOUS
10
5.7800234645669288
20
-2.977215590551181
11
5.7801214566929131
21
-2.9771750393700787
0
LINE
8
BLACK
6
CONTINUOUS
10
5.7801214566929131
20
-2.9771750393700787
11
5.780697519685039
21
-2.9771183070866143
0
LINE
8
BLACK
6
CONTINUOUS
10
5.780697519685039
20
-2.9771183070866143
11
5.7863218110236216
21
-2.9771183070866143
0
LINE
8
BLACK
6
CONTINUOUS
10
5.7863218110236216
20
-2.9771183070866143
11
5.7868978740157475
21
-2.9771750393700787
0
LINE
8
BLACK
6
CONTINUOUS
10
4.1042437007874017
20
-2.9713673622047243
11
4.1050583464566932
21
-2.9721820078740158
0
LINE
8
BLACK
6
CONTINUOUS
10
4.1050583464566932
20
-2.9721820078740158
11
4.1054992519685038
21
-2.9732464173228346
0
LINE
8
BLACK
6
CONTINUOUS
10
4.1054992519685038
20
-2.9732464173228346
11
4.1055559842519687
21
-2.9738224803149604
0
LINE
8
BLACK
6
CONTINUOUS
10
4.1055559842519687
20
-2.9738224803149604
11
4.1055559842519687
21
-2.9858678346456693
0
LINE
8
BLACK
6
CONTINUOUS
10
4.1055559842519687
20
-2.9858678346456693
11
4.1176013779527558
21
-2.9858678346456693
0
LINE
8
BLACK
6
CONTINUOUS
10
4.1176013779527558
20
-2.9858678346456693
11
4.1181774409448817
21
-2.9859245669291337
0
LINE
8
BLACK
6
CONTINUOUS
10
4.1181774409448817
20
-2.9859245669291337
11
4.1192418503937009
21
-2.9863654724409447
0
LINE
8
BLACK
6
CONTINUOUS
10
4.1192418503937009
20
-2.9863654724409447
11
4.1200564960629924
21
-2.9871801181102362
0
LINE
8
BLACK
6
CONTINUOUS
10
4.1200564960629924
20
-2.9871801181102362
11
4.120497401574803
21
-2.988244527559055
0
LINE
8
BLACK
6
CONTINUOUS
10
4.120497401574803
20
-2.988244527559055
11
4.120497401574803
21
-2.9893966535433072
0
LINE
8
BLACK
6
CONTINUOUS
10
4.120497401574803
20
-2.9893966535433072
11
4.1200564960629924
21
-2.990461062992126
0
LINE
8
BLACK
6
CONTINUOUS
10
4.1200564960629924
20
-2.990461062992126
11
4.1192418503937009
21
-2.9912757086614175
0
LINE
8
BLACK
6
CONTINUOUS
10
4.1192418503937009
20
-2.9912757086614175
11
4.1181774409448817
21
-2.9917166141732281
0
LINE
8
BLACK
6
CONTINUOUS
10
4.1181774409448817
20
-2.9917166141732281
11
4.1176013779527558
21
-2.9917733464566929
0
LINE
8
BLACK
6
CONTINUOUS
10
4.1176013779527558
20
-2.9917733464566929
11
4.1055559842519687
21
-2.9917733464566929
0
LINE
8
BLACK
6
CONTINUOUS
10
4.1055559842519687
20
-2.9917733464566929
11
4.1055559842519687
21
-3.0038187007874013
0
LINE
8
BLACK
6
CONTINUOUS
10
4.1055559842519687
20
-3.0038187007874013
11
4.1054992519685038
21
-3.0043947637795276
0
LINE
8
BLACK
6
CONTINUOUS
10
4.1054992519685038
20
-3.0043947637795276
11
4.1050583464566932
21
-3.0054591732283464
0
LINE
8
BLACK
6
CONTINUOUS
10
4.1050583464566932
20
-3.0054591732283464
11
4.1042437007874017
21
-3.0062738188976379
0
LINE
8
BLACK
6
CONTINUOUS
10
4.1042437007874017
20
-3.0062738188976379
11
4.1031792913385825
21
-3.0067147244094485
0
LINE
8
BLACK
6
CONTINUOUS
10
4.1031792913385825
20
-3.0067147244094485
11
4.1020271653543308
21
-3.0067147244094485
0
LINE
8
BLACK
6
CONTINUOUS
10
4.1020271653543308
20
-3.0067147244094485
11
4.1009627559055115
21
-3.0062738188976379
0
LINE
8
BLACK
6
CONTINUOUS
10
4.1009627559055115
20
-3.0062738188976379
11
4.1001481102362201
21
-3.0054591732283464
0
LINE
8
BLACK
6
CONTINUOUS
10
4.1001481102362201
20
-3.0054591732283464
11
4.0997072047244094
21
-3.0043947637795276
0
LINE
8
BLACK
6
CONTINUOUS
10
4.0997072047244094
20
-3.0043947637795276
11
4.0996504724409446
21
-3.0038187007874013
0
LINE
8
BLACK
6
CONTINUOUS
10
4.0996504724409446
20
-3.0038187007874013
11
4.0996504724409446
21
-2.9917733464566929
0
LINE
8
BLACK
6
CONTINUOUS
10
4.0996504724409446
20
-2.9917733464566929
11
4.0876051181102362
21
-2.9917733464566929
0
LINE
8
BLACK
6
CONTINUOUS
10
4.0876051181102362
20
-2.9917733464566929
11
4.0870290551181103
21
-2.9917166141732281
0
LINE
8
BLACK
6
CONTINUOUS
10
4.0870290551181103
20
-2.9917166141732281
11
4.0859646456692911
21
-2.9912757086614175
0
LINE
8
BLACK
6
CONTINUOUS
10
4.0859646456692911
20
-2.9912757086614175
11
4.0851499999999996
21
-2.990461062992126
0
LINE
8
BLACK
6
CONTINUOUS
10
4.0851499999999996
20
-2.990461062992126
11
4.084709094488189
21
-2.9893966535433072
0
LINE
8
BLACK
6
CONTINUOUS
10
4.084709094488189
20
-2.9893966535433072
11
4.084709094488189
21
-2.988244527559055
0
LINE
8
BLACK
6
CONTINUOUS
10
4.084709094488189
20
-2.988244527559055
11
4.0851499999999996
21
-2.9871801181102362
0
LINE
8
BLACK
6
CONTINUOUS
10
4.0851499999999996
20
-2.9871801181102362
11
4.0859646456692911
21
-2.9863654724409447
0
LINE
8
BLACK
6
CONTINUOUS
10
4.0859646456692911
20
-2.9863654724409447
11
4.0870290551181103
21
-2.9859245669291337
0
LINE
8
BLACK
6
CONTINUOUS
10
4.0870290551181103
20
-2.9859245669291337
11
4.0876051181102362
21
-2.9858678346456693
0
LINE
8
BLACK
6
CONTINUOUS
10
4.0876051181102362
20
-2.9858678346456693
11
4.0996504724409446
21
-2.9858678346456693
0
LINE
8
BLACK
6
CONTINUOUS
10
4.0996504724409446
20
-2.9858678346456693
11
4.0996504724409446
21
-2.9738224803149604
0
LINE
8
BLACK
6
CONTINUOUS
10
4.0996504724409446
20
-2.9738224803149604
11
4.0997072047244094
21
-2.9732464173228346
0
LINE
8
BLACK
6
CONTINUOUS
10
4.0997072047244094
20
-2.9732464173228346
11
4.1001481102362201
21
-2.9721820078740158
0
LINE
8
BLACK
6
CONTINUOUS
10
4.1001481102362201
20
-2.9721820078740158
11
4.1009627559055115
21
-2.9713673622047243
0
LINE
8
BLACK
6
CONTINUOUS
10
4.1009627559055115
20
-2.9713673622047243
11
4.1020271653543308
21
-2.9709264566929132
0
LINE
8
BLACK
6
CONTINUOUS
10
4.1020271653543308
20
-2.9709264566929132
11
4.1031792913385825
21
-2.9709264566929132
0
LINE
8
BLACK
6
CONTINUOUS
10
4.1031792913385825
20
-2.9709264566929132
11
4.1042437007874017
21
-2.9713673622047243
0
LINE
8
BLACK
6
CONTINUOUS
10
5.5367437007874019
20
-2.9663673622047244
11
5.5375583464566924
21
-2.9671820078740159
0
LINE
8
BLACK
6
CONTINUOUS
10
5.5375583464566924
20
-2.9671820078740159
11
5.537999251968504
21
-2.9682464173228347
0
LINE
8
BLACK
6
CONTINUOUS
10
5.537999251968504
20
-2.9682464173228347
11
5.5380559842519688
21
-2.9688224803149605
0
LINE
8
BLACK
6
CONTINUOUS
10
5.5380559842519688
20
-2.9688224803149605
11
5.5380559842519688
21
-2.9808678346456694
0
LINE
8
BLACK
6
CONTINUOUS
10
5.5380559842519688
20
-2.9808678346456694
11
5.5501013779527559
21
-2.9808678346456694
0
LINE
8
BLACK
6
CONTINUOUS
10
5.5501013779527559
20
-2.9808678346456694
11
5.5506774409448818
21
-2.9809245669291338
0
LINE
8
BLACK
6
CONTINUOUS
10
5.5506774409448818
20
-2.9809245669291338
11
5.551741850393701
21
-2.9813654724409449
0
LINE
8
BLACK
6
CONTINUOUS
10
5.551741850393701
20
-2.9813654724409449
11
5.5525564960629916
21
-2.9821801181102363
0
LINE
8
BLACK
6
CONTINUOUS
10
5.5525564960629916
20
-2.9821801181102363
11
5.5529974015748031
21
-2.9832445275590551
0
LINE
8
BLACK
6
CONTINUOUS
10
5.5529974015748031
20
-2.9832445275590551
11
5.5529974015748031
21
-2.9843966535433069
0
LINE
8
BLACK
6
CONTINUOUS
10
5.5529974015748031
20
-2.9843966535433069
11
5.5525564960629916
21
-2.9854610629921261
0
LINE
8
BLACK
6
CONTINUOUS
10
5.5525564960629916
20
-2.9854610629921261
11
5.551741850393701
21
-2.9862757086614171
0
LINE
8
BLACK
6
CONTINUOUS
10
5.551741850393701
20
-2.9862757086614171
11
5.5506774409448818
21
-2.9867166141732282
0
LINE
8
BLACK
6
CONTINUOUS
10
5.5506774409448818
20
-2.9867166141732282
11
5.5501013779527559
21
-2.986773346456693
0
LINE
8
BLACK
6
CONTINUOUS
10
5.5501013779527559
20
-2.986773346456693
11
5.5380559842519688
21
-2.986773346456693
0
LINE
8
BLACK
6
CONTINUOUS
10
5.5380559842519688
20
-2.986773346456693
11
5.5380559842519688
21
-2.9988187007874014
0
LINE
8
BLACK
6
CONTINUOUS
10
5.5380559842519688
20
-2.9988187007874014
11
5.537999251968504
21
-2.9993947637795273
0
LINE
8
BLACK
6
CONTINUOUS
10
5.537999251968504
20
-2.9993947637795273
11
5.5375583464566924
21
-3.0004591732283465
0
LINE
8
BLACK
6
CONTINUOUS
10
5.5375583464566924
20
-3.0004591732283465
11
5.5367437007874019
21
-3.0012738188976376
0
LINE
8
BLACK
6
CONTINUOUS
10
5.5367437007874019
20
-3.0012738188976376
11
5.5356792913385826
21
-3.0017147244094486
0
LINE
8
BLACK
6
CONTINUOUS
10
5.5356792913385826
20
-3.0017147244094486
11
5.5345271653543309
21
-3.0017147244094486
0
LINE
8
BLACK
6
CONTINUOUS
10
5.5345271653543309
20
-3.0017147244094486
11
5.5334627559055116
21
-3.0012738188976376
0
LINE
8
BLACK
6
CONTINUOUS
10
5.5334627559055116
20
-3.0012738188976376
11
5.5326481102362202
21
-3.0004591732283465
0
LINE
8
BLACK
6
CONTINUOUS
10
5.5326481102362202
20
-3.0004591732283465
11
5.5322072047244095
21
-2.9993947637795273
0
LINE
8
BLACK
6
CONTINUOUS
10
5.5322072047244095
20
-2.9993947637795273
11
5.5321504724409447
21
-2.9988187007874014
0
LINE
8
BLACK
6
CONTINUOUS
10
5.5321504724409447
20
-2.9988187007874014
11
5.5321504724409447
21
-2.986773346456693
0
LINE
8
BLACK
6
CONTINUOUS
10
5.5321504724409447
20
-2.986773346456693
11
5.5201051181102363
21
-2.986773346456693
0
LINE
8
BLACK
6
CONTINUOUS
10
5.5201051181102363
20
-2.986773346456693
11
5.5195290551181104
21
-2.9867166141732282
0
LINE
8
BLACK
6
CONTINUOUS
10
5.5195290551181104
20
-2.9867166141732282
11
5.5184646456692912
21
-2.9862757086614171
0
LINE
8
BLACK
6
CONTINUOUS
10
5.5184646456692912
20
-2.9862757086614171
11
5.5176499999999997
21
-2.9854610629921261
0
LINE
8
BLACK
6
CONTINUOUS
10
5.5176499999999997
20
-2.9854610629921261
11
5.5172090944881891
21
-2.9843966535433069
0
LINE
8
BLACK
6
CONTINUOUS
10
5.5172090944881891
20
-2.9843966535433069
11
5.5172090944881891
21
-2.9832445275590551
0
LINE
8
BLACK
6
CONTINUOUS
10
5.5172090944881891
20
-2.9832445275590551
11
5.5176499999999997
21
-2.9821801181102363
0
LINE
8
BLACK
6
CONTINUOUS
10
5.5176499999999997
20
-2.9821801181102363
11
5.5184646456692912
21
-2.9813654724409449
0
LINE
8
BLACK
6
CONTINUOUS
10
5.5184646456692912
20
-2.9813654724409449
11
5.5195290551181104
21
-2.9809245669291338
0
LINE
8
BLACK
6
CONTINUOUS
10
5.5195290551181104
20
-2.9809245669291338
11
5.5201051181102363
21
-2.9808678346456694
0
LINE
8
BLACK
6
CONTINUOUS
10
5.5201051181102363
20
-2.9808678346456694
11
5.5321504724409447
21
-2.9808678346456694
0
LINE
8
BLACK
6
CONTINUOUS
10
5.5321504724409447
20
-2.9808678346456694
11
5.5321504724409447
21
-2.9688224803149605
0
LINE
8
BLACK
6
CONTINUOUS
10
5.5321504724409447
20
-2.9688224803149605
11
5.5322072047244095
21
-2.9682464173228347
0
LINE
8
BLACK
6
CONTINUOUS
10
5.5322072047244095
20
-2.9682464173228347
11
5.5326481102362202
21
-2.9671820078740159
0
LINE
8
BLACK
6
CONTINUOUS
10
5.5326481102362202
20
-2.9671820078740159
11
5.5334627559055116
21
-2.9663673622047244
0
LINE
8
BLACK
6
CONTINUOUS
10
5.5334627559055116
20
-2.9663673622047244
11
5.5345271653543309
21
-2.9659264566929133
0
LINE
8
BLACK
6
CONTINUOUS
10
5.5345271653543309
20
-2.9659264566929133
11
5.5356792913385826
21
-2.9659264566929133
0
LINE
8
BLACK
6
CONTINUOUS
10
5.5356792913385826
20
-2.9659264566929133
11
5.5367437007874019
21
-2.9663673622047244
0
CIRCLE
8
BLACK
10
4.485611338582677
20
-3.323687125984252
40
0.0068897637795276
0
CIRCLE
8
BLACK
10
6.6466349212598423
20
-3.323687125984252
40
0.0068897637795276
0
CIRCLE
8
BLACK
10
7.1552963385826773
20
-4.823687125984252
40
0.0068897637795276
0
CIRCLE
8
BLACK
10
3.7800994881889762
20
-4.9236871653543304
40
0.0068897637795276
0
CIRCLE
8
BLACK
10
4.4300994881889766
20
-4.4969154724409446
40
0.0068897637795276
0
CIRCLE
8
BLACK
10
4.2332490944881886
20
-4.4969154724409446
40
0.0068897637795276
0
CIRCLE
8
BLACK
10
6.1000994881889765
20
-4.7036871259842519
40
0.0068897637795276
0
CIRCLE
8
BLACK
10
6.1000994881889765
20
-4.6036871259842522
40
0.0068897637795276
0
CIRCLE
8
BLACK
10
6.000099488188976
20
-4.6036871259842522
40
0.0068897637795276
0
CIRCLE
8
BLACK
10
5.9000994881889763
20
-4.6036871259842522
40
0.0068897637795276
0
CIRCLE
8
BLACK
10
6.000099488188976
20
-4.7036871259842519
40
0.0068897637795276
0
CIRCLE
8
BLACK
10
6.4000994881889763
20
-4.6036871259842522
40
0.0068897637795276
0
CIRCLE
8
BLACK
10
6.4000994881889763
20
-4.7036871259842519
40
0.0068897637795276
0
CIRCLE
8
BLACK
10
6.2000994881889762
20
-4.6036871259842522
40
0.0068897637795276
0
CIRCLE
8
BLACK
10
6.2000994881889762
20
-4.7036871259842519
40
0.0068897637795276
0
CIRCLE
8
BLACK
10
5.9000994881889763
20
-4.7036871259842519
40
0.0068897637795276
0
CIRCLE
8
BLACK
10
6.3000994881889758
20
-4.7036871259842519
40
0.0068897637795276
0
CIRCLE
8
BLACK
10
6.3000994881889758
20
-4.6036871259842522
40
0.0068897637795276
0
CIRCLE
8
BLACK
10
4.485611338582677
20
-3.323687125984252
40
0.0068897637795276
0
CIRCLE
8
BLACK
10
6.6466349212598423
20
-3.323687125984252
40
0.0068897637795276
0
CIRCLE
8
BLACK
10
7.1552963385826773
20
-4.823687125984252
40
0.0068897637795276
0
CIRCLE
8
BLACK
10
3.7800994881889762
20
-4.9236871653543304
40
0.0068897637795276
0
CIRCLE
8
BLACK
10
4.4300994881889766
20
-4.4969154724409446
40
0.0068897637795276
0
CIRCLE
8
BLACK
10
4.2332490944881886
20
-4.4969154724409446
40
0.0068897637795276
0
CIRCLE
8
BLACK
10
6.1000994881889765
20
-4.7036871259842519
40
0.0068897637795276
0
CIRCLE
8
BLACK
10
6.1000994881889765
20
-4.6036871259842522
40
0.0068897637795276
0
CIRCLE
8
BLACK
10
6.000099488188976
20
-4.6036871259842522
40
0.0068897637795276
0
CIRCLE
8
BLACK
10
5.9000994881889763
20
-4.6036871259842522
40
0.0068897637795276
0
CIRCLE
8
BLACK
10
6.000099488188976
20
-4.7036871259842519
40
0.0068897637795276
0
CIRCLE
8
BLACK
10
6.4000994881889763
20
-4.6036871259842522
40
0.0068897637795276
0
CIRCLE
8
BLACK
10
6.4000994881889763
20
-4.7036871259842519
40
0.0068897637795276
0
CIRCLE
8
BLACK
10
6.2000994881889762
20
-4.6036871259842522
40
0.0068897637795276
0
CIRCLE
8
BLACK
10
6.2000994881889762
20
-4.7036871259842519
40
0.0068897637795276
0
CIRCLE
8
BLACK
10
5.9000994881889763
20
-4.7036871259842519
40
0.0068897637795276
0
CIRCLE
8
BLACK
10
6.3000994881889758
20
-4.7036871259842519
40
0.0068897637795276
0
CIRCLE
8
BLACK
10
6.3000994881889758
20
-4.6036871259842522
40
0.0068897637795276
  0
ENDSEC
  0
EOF
