  0
SECTION
  2
HEADER
  9
$ANGBASE
  50
0.0
  9
$ANGDIR
  70
1
  9
$MEASUREMENT
  70
0
  0
ENDSEC
  0
SECTION
  2
TABLES
  0
TABLE
  2
LTYPE
  70
4
  0
LTYPE
  5
40F
  2
CONTINUOUS
  70
0
  3
Solid line
  72
65
  73
0
  40
0.0
  0
LTYPE
  5
410
  2
DASHDOT
 70
0
  3
Dash Dot ____ _ ____ _
 72
65
 73
4
 40
2.0
 49
1.25
 49
-0.25
 49
0.25
 49
-0.25
  0
LTYPE
  5
411
  2
DASHED
 70
0
  3
Dashed __ __ __ __ __
 72
65
 73
2
 40
0.75
 49
0.5
 49
-0.25
  0
LTYPE
  5
43B
  2
DOTTED
 70
0
  3
Dotted .  .  .  .
 72
65
 73
2
 40
0.2
 49
0.0
 49
-0.2
  0
ENDTAB
  0
TABLE
  2
STYLE
  70
4
  0
STYLE
  2
KICAD
  70
0
  40
0
  41
1
  42
1
  50
0
  71
0
  3
isocp.shx
  0
STYLE
  2
KICADB
  70
0
  40
0
  41
1
  42
1
  50
0
  71
0
  3
isocp.shx
  0
STYLE
  2
KICADI
  70
0
  40
0
  41
1
  42
1
  50
15
  71
0
  3
isocp.shx
  0
STYLE
  2
KICADBI
  70
0
  40
0
  41
1
  42
1
  50
15
  71
0
  3
isocp.shx
  0
ENDTAB
  0
TABLE
  2
LAYER
  70
1
  0
LAYER
  2
BLACK
  70
0
  62
7
  6
CONTINUOUS
  0
ENDTAB
  0
ENDSEC
  0
SECTION
  2
ENTITIES
0
LINE
8
BLACK
6
CONTINUOUS
10
6.1193057874015748
20
-4.9133107480314964
11
6.1195017716535434
21
-4.9133919291338586
0
LINE
8
BLACK
6
CONTINUOUS
10
6.1195017716535434
20
-4.9133919291338586
11
6.1197134251968501
21
-4.9134069685039368
0
LINE
8
BLACK
6
CONTINUOUS
10
6.1197134251968501
20
-4.9134069685039368
11
6.1207946850393702
21
-4.9138207480314957
0
LINE
8
BLACK
6
CONTINUOUS
10
6.1207946850393702
20
-4.9138207480314957
11
6.1256690157480316
21
-4.9162579133858264
0
LINE
8
BLACK
6
CONTINUOUS
10
6.1256690157480316
20
-4.9162579133858264
11
6.1261648031496065
21
-4.9165699606299214
0
LINE
8
BLACK
6
CONTINUOUS
10
6.1261648031496065
20
-4.9165699606299214
11
6.1263089370078738
21
-4.9166296850393696
0
LINE
8
BLACK
6
CONTINUOUS
10
6.1263089370078738
20
-4.9166296850393696
11
6.1264710629921257
21
-4.9167627559055118
0
LINE
8
BLACK
6
CONTINUOUS
10
6.1264710629921257
20
-4.9167627559055118
11
6.1266487795275593
21
-4.9168746062992126
0
LINE
8
BLACK
6
CONTINUOUS
10
6.1266487795275593
20
-4.9168746062992126
11
6.126751023622047
21
-4.9169924803149607
0
LINE
8
BLACK
6
CONTINUOUS
10
6.126751023622047
20
-4.9169924803149607
11
6.1272038582677162
21
-4.9173641338582676
0
LINE
8
BLACK
6
CONTINUOUS
10
6.1272038582677162
20
-4.9173641338582676
11
6.1296410629921256
21
-4.9198013385826771
0
LINE
8
BLACK
6
CONTINUOUS
10
6.1296410629921256
20
-4.9198013385826771
11
6.1300126771653538
21
-4.9202541338582675
0
LINE
8
BLACK
6
CONTINUOUS
10
6.1300126771653538
20
-4.9202541338582675
11
6.1301305511811019
21
-4.9203563779527562
0
LINE
8
BLACK
6
CONTINUOUS
10
6.1301305511811019
20
-4.9203563779527562
11
6.130242362204724
21
-4.92053405511811
0
LINE
8
BLACK
6
CONTINUOUS
10
6.130242362204724
20
-4.92053405511811
11
6.1303755118110237
21
-4.9206962598425195
0
LINE
8
BLACK
6
CONTINUOUS
10
6.1303755118110237
20
-4.9206962598425195
11
6.1304351574803144
21
-4.9208403149606301
0
LINE
8
BLACK
6
CONTINUOUS
10
6.1304351574803144
20
-4.9208403149606301
11
6.1307472834645669
21
-4.921336141732283
0
LINE
8
BLACK
6
CONTINUOUS
10
6.1307472834645669
20
-4.921336141732283
11
6.1331844881889763
21
-4.9262105511811018
0
LINE
8
BLACK
6
CONTINUOUS
10
6.1331844881889763
20
-4.9262105511811018
11
6.1335982677165353
21
-4.9272918110236219
0
LINE
8
BLACK
6
CONTINUOUS
10
6.1335982677165353
20
-4.9272918110236219
11
6.1336132677165356
21
-4.9275034251968499
0
LINE
8
BLACK
6
CONTINUOUS
10
6.1336132677165356
20
-4.9275034251968499
11
6.1336944881889766
21
-4.9276994488188972
0
LINE
8
BLACK
6
CONTINUOUS
10
6.1336944881889766
20
-4.9276994488188972
11
6.1338079527559053
21
-4.9288515748031498
0
LINE
8
BLACK
6
CONTINUOUS
10
6.1338079527559053
20
-4.9288515748031498
11
6.1338079527559053
21
-4.9483491338582679
0
LINE
8
BLACK
6
CONTINUOUS
10
6.1338079527559053
20
-4.9483491338582679
11
6.1336944881889766
21
-4.9495012598425197
0
LINE
8
BLACK
6
CONTINUOUS
10
6.1336944881889766
20
-4.9495012598425197
11
6.1328126771653544
21
-4.9516300787401573
0
LINE
8
BLACK
6
CONTINUOUS
10
6.1328126771653544
20
-4.9516300787401573
11
6.1311833858267715
21
-4.9532593700787402
0
LINE
8
BLACK
6
CONTINUOUS
10
6.1311833858267715
20
-4.9532593700787402
11
6.1290545669291339
21
-4.9541411811023623
0
LINE
8
BLACK
6
CONTINUOUS
10
6.1290545669291339
20
-4.9541411811023623
11
6.1279024409448821
21
-4.9542546456692911
0
LINE
8
BLACK
6
CONTINUOUS
10
6.1279024409448821
20
-4.9542546456692911
11
6.0767213385826766
21
-4.9542546456692911
0
LINE
8
BLACK
6
CONTINUOUS
10
6.0767213385826766
20
-4.9542546456692911
11
6.0755692125984249
21
-4.9541411811023623
0
LINE
8
BLACK
6
CONTINUOUS
10
6.0755692125984249
20
-4.9541411811023623
11
6.0734403937007873
21
-4.9532593700787402
0
LINE
8
BLACK
6
CONTINUOUS
10
6.0734403937007873
20
-4.9532593700787402
11
6.0718111023622043
21
-4.9516300787401573
0
LINE
8
BLACK
6
CONTINUOUS
10
6.0718111023622043
20
-4.9516300787401573
11
6.0709292913385822
21
-4.9495012598425197
0
LINE
8
BLACK
6
CONTINUOUS
10
6.0709292913385822
20
-4.9495012598425197
11
6.0709292913385822
21
-4.9471970078740153
0
LINE
8
BLACK
6
CONTINUOUS
10
6.0709292913385822
20
-4.9471970078740153
11
6.0718111023622043
21
-4.9450681889763777
0
LINE
8
BLACK
6
CONTINUOUS
10
6.0718111023622043
20
-4.9450681889763777
11
6.0734403937007873
21
-4.9434388976377948
0
LINE
8
BLACK
6
CONTINUOUS
10
6.0734403937007873
20
-4.9434388976377948
11
6.0755692125984249
21
-4.9425570866141735
0
LINE
8
BLACK
6
CONTINUOUS
10
6.0755692125984249
20
-4.9425570866141735
11
6.0767213385826766
21
-4.9424436220472439
0
LINE
8
BLACK
6
CONTINUOUS
10
6.0767213385826766
20
-4.9424436220472439
11
6.0951877559055117
21
-4.9424436220472439
0
LINE
8
BLACK
6
CONTINUOUS
10
6.0951877559055117
20
-4.9424436220472439
11
6.0951877559055117
21
-4.9392378740157481
0
LINE
8
BLACK
6
CONTINUOUS
10
6.0951877559055117
20
-4.9392378740157481
11
6.0733347637795276
21
-4.923940787401575
0
LINE
8
BLACK
6
CONTINUOUS
10
6.0733347637795276
20
-4.923940787401575
11
6.0724559448818898
21
-4.9231871259842519
0
LINE
8
BLACK
6
CONTINUOUS
10
6.0724559448818898
20
-4.9231871259842519
11
6.0712176377952751
21
-4.9212439370078735
0
LINE
8
BLACK
6
CONTINUOUS
10
6.0712176377952751
20
-4.9212439370078735
11
6.0708172047244089
21
-4.9189748031496059
0
LINE
8
BLACK
6
CONTINUOUS
10
6.0708172047244089
20
-4.9189748031496059
11
6.0713155905511806
21
-4.9167251181102358
0
LINE
8
BLACK
6
CONTINUOUS
10
6.0713155905511806
20
-4.9167251181102358
11
6.0726370078740155
21
-4.9148374015748031
0
LINE
8
BLACK
6
CONTINUOUS
10
6.0726370078740155
20
-4.9148374015748031
11
6.0745801968503939
21
-4.9135990944881884
0
LINE
8
BLACK
6
CONTINUOUS
10
6.0745801968503939
20
-4.9135990944881884
11
6.0768493307086615
21
-4.9131986614173231
0
LINE
8
BLACK
6
CONTINUOUS
10
6.0768493307086615
20
-4.9131986614173231
11
6.0790990157480316
21
-4.913697047244094
0
LINE
8
BLACK
6
CONTINUOUS
10
6.0790990157480316
20
-4.913697047244094
11
6.0801079133858265
21
-4.9142648031496066
0
LINE
8
BLACK
6
CONTINUOUS
10
6.0801079133858265
20
-4.9142648031496066
11
6.0961643307086613
21
-4.9255042913385827
0
LINE
8
BLACK
6
CONTINUOUS
10
6.0961643307086613
20
-4.9255042913385827
11
6.0982484251968501
21
-4.921336141732283
0
LINE
8
BLACK
6
CONTINUOUS
10
6.0982484251968501
20
-4.921336141732283
11
6.0985605118110238
21
-4.9208403149606301
0
LINE
8
BLACK
6
CONTINUOUS
10
6.0985605118110238
20
-4.9208403149606301
11
6.0986201968503932
21
-4.9206962598425195
0
LINE
8
BLACK
6
CONTINUOUS
10
6.0986201968503932
20
-4.9206962598425195
11
6.0987533070866142
21
-4.92053405511811
0
LINE
8
BLACK
6
CONTINUOUS
10
6.0987533070866142
20
-4.92053405511811
11
6.098865157480315
21
-4.9203563779527562
0
LINE
8
BLACK
6
CONTINUOUS
10
6.098865157480315
20
-4.9203563779527562
11
6.0989830314960631
21
-4.9202541338582675
0
LINE
8
BLACK
6
CONTINUOUS
10
6.0989830314960631
20
-4.9202541338582675
11
6.0993546456692913
21
-4.9198013385826771
0
LINE
8
BLACK
6
CONTINUOUS
10
6.0993546456692913
20
-4.9198013385826771
11
6.1017918503937008
21
-4.9173641338582676
0
LINE
8
BLACK
6
CONTINUOUS
10
6.1017918503937008
20
-4.9173641338582676
11
6.1022447637795274
21
-4.9169924015748032
0
LINE
8
BLACK
6
CONTINUOUS
10
6.1022447637795274
20
-4.9169924015748032
11
6.1023469291338586
21
-4.9168746456692913
0
LINE
8
BLACK
6
CONTINUOUS
10
6.1023469291338586
20
-4.9168746456692913
11
6.1025244488188974
21
-4.9167628740157481
0
LINE
8
BLACK
6
CONTINUOUS
10
6.1025244488188974
20
-4.9167628740157481
11
6.1026867716535431
21
-4.9166296850393696
0
LINE
8
BLACK
6
CONTINUOUS
10
6.1026867716535431
20
-4.9166296850393696
11
6.1028309055118113
21
-4.9165699606299214
0
LINE
8
BLACK
6
CONTINUOUS
10
6.1028309055118113
20
-4.9165699606299214
11
6.1033266535433066
21
-4.9162579133858264
0
LINE
8
BLACK
6
CONTINUOUS
10
6.1033266535433066
20
-4.9162579133858264
11
6.1082010236220468
21
-4.9138207480314957
0
LINE
8
BLACK
6
CONTINUOUS
10
6.1082010236220468
20
-4.9138207480314957
11
6.1092822440944881
21
-4.9134069685039368
0
LINE
8
BLACK
6
CONTINUOUS
10
6.1092822440944881
20
-4.9134069685039368
11
6.1094939370078736
21
-4.9133918897637798
0
LINE
8
BLACK
6
CONTINUOUS
10
6.1094939370078736
20
-4.9133918897637798
11
6.1096899212598421
21
-4.9133107480314964
0
LINE
8
BLACK
6
CONTINUOUS
10
6.1096899212598421
20
-4.9133107480314964
11
6.1108420472440947
21
-4.9131972834645667
0
LINE
8
BLACK
6
CONTINUOUS
10
6.1108420472440947
20
-4.9131972834645667
11
6.1181536614173231
21
-4.9131972834645667
0
LINE
8
BLACK
6
CONTINUOUS
10
6.1181536614173231
20
-4.9131972834645667
11
6.1193057874015748
21
-4.9133107480314964
0
LINE
8
BLACK
6
CONTINUOUS
10
6.1094658661417318
20
-4.9263934251968502
11
6.1083839370078739
21
-4.9274753543307082
0
LINE
8
BLACK
6
CONTINUOUS
10
6.1083839370078739
20
-4.9274753543307082
11
6.1069987795275589
21
-4.9302456692913381
0
LINE
8
BLACK
6
CONTINUOUS
10
6.1069987795275589
20
-4.9302456692913381
11
6.1069987795275589
21
-4.9424436220472439
0
LINE
8
BLACK
6
CONTINUOUS
10
6.1069987795275589
20
-4.9424436220472439
11
6.1219969291338581
21
-4.9424436220472439
0
LINE
8
BLACK
6
CONTINUOUS
10
6.1219969291338581
20
-4.9424436220472439
11
6.1219969291338581
21
-4.9302456692913381
0
LINE
8
BLACK
6
CONTINUOUS
10
6.1219969291338581
20
-4.9302456692913381
11
6.1206117716535431
21
-4.9274753543307082
0
LINE
8
BLACK
6
CONTINUOUS
10
6.1206117716535431
20
-4.9274753543307082
11
6.1195298425196851
21
-4.9263934251968502
0
LINE
8
BLACK
6
CONTINUOUS
10
6.1195298425196851
20
-4.9263934251968502
11
6.1167595669291339
21
-4.925008307086614
0
LINE
8
BLACK
6
CONTINUOUS
10
6.1167595669291339
20
-4.925008307086614
11
6.1122361023622043
21
-4.925008307086614
0
LINE
8
BLACK
6
CONTINUOUS
10
6.1122361023622043
20
-4.925008307086614
11
6.1094658661417318
21
-4.9263934251968502
0
LINE
8
BLACK
6
CONTINUOUS
10
5.9224553937007869
20
-4.8841581496062991
11
5.9226513779527554
21
-4.8842393307086613
0
LINE
8
BLACK
6
CONTINUOUS
10
5.9226513779527554
20
-4.8842393307086613
11
5.9228630314960631
21
-4.8842543700787404
0
LINE
8
BLACK
6
CONTINUOUS
10
5.9228630314960631
20
-4.8842543700787404
11
5.9239442913385822
21
-4.8846681496062994
0
LINE
8
BLACK
6
CONTINUOUS
10
5.9239442913385822
20
-4.8846681496062994
11
5.9288186220472436
21
-4.8871053149606301
0
LINE
8
BLACK
6
CONTINUOUS
10
5.9288186220472436
20
-4.8871053149606301
11
5.9293144094488186
21
-4.8874173622047241
0
LINE
8
BLACK
6
CONTINUOUS
10
5.9293144094488186
20
-4.8874173622047241
11
5.9294585433070868
21
-4.8874770866141732
0
LINE
8
BLACK
6
CONTINUOUS
10
5.9294585433070868
20
-4.8874770866141732
11
5.9296206692913387
21
-4.8876101574803146
0
LINE
8
BLACK
6
CONTINUOUS
10
5.9296206692913387
20
-4.8876101574803146
11
5.9297983858267713
21
-4.8877220078740153
0
LINE
8
BLACK
6
CONTINUOUS
10
5.9297983858267713
20
-4.8877220078740153
11
5.92990062992126
21
-4.8878398818897635
0
LINE
8
BLACK
6
CONTINUOUS
10
5.92990062992126
20
-4.8878398818897635
11
5.9303534645669291
21
-4.8882115354330704
0
LINE
8
BLACK
6
CONTINUOUS
10
5.9303534645669291
20
-4.8882115354330704
11
5.9327906692913386
21
-4.8906487401574799
0
LINE
8
BLACK
6
CONTINUOUS
10
5.9327906692913386
20
-4.8906487401574799
11
5.9331622834645668
21
-4.8911015354330711
0
LINE
8
BLACK
6
CONTINUOUS
10
5.9331622834645668
20
-4.8911015354330711
11
5.9332801574803149
21
-4.8912037795275589
0
LINE
8
BLACK
6
CONTINUOUS
10
5.9332801574803149
20
-4.8912037795275589
11
5.9333919685039369
21
-4.8913814566929137
0
LINE
8
BLACK
6
CONTINUOUS
10
5.9333919685039369
20
-4.8913814566929137
11
5.9335251181102358
21
-4.8915436614173231
0
LINE
8
BLACK
6
CONTINUOUS
10
5.9335251181102358
20
-4.8915436614173231
11
5.9335847637795274
21
-4.8916877165354329
0
LINE
8
BLACK
6
CONTINUOUS
10
5.9335847637795274
20
-4.8916877165354329
11
5.9338968897637798
21
-4.8921835433070866
0
LINE
8
BLACK
6
CONTINUOUS
10
5.9338968897637798
20
-4.8921835433070866
11
5.9363340944881893
21
-4.8970579527559055
0
LINE
8
BLACK
6
CONTINUOUS
10
5.9363340944881893
20
-4.8970579527559055
11
5.9367478740157482
21
-4.8981392125984247
0
LINE
8
BLACK
6
CONTINUOUS
10
5.9367478740157482
20
-4.8981392125984247
11
5.9367628740157476
21
-4.8983508267716536
0
LINE
8
BLACK
6
CONTINUOUS
10
5.9367628740157476
20
-4.8983508267716536
11
5.9368440944881886
21
-4.8985468503937009
0
LINE
8
BLACK
6
CONTINUOUS
10
5.9368440944881886
20
-4.8985468503937009
11
5.9369575590551182
21
-4.8996989763779526
0
LINE
8
BLACK
6
CONTINUOUS
10
5.9369575590551182
20
-4.8996989763779526
11
5.9369575590551182
21
-4.9191965354330707
0
LINE
8
BLACK
6
CONTINUOUS
10
5.9369575590551182
20
-4.9191965354330707
11
5.9368440944881886
21
-4.9203486614173224
0
LINE
8
BLACK
6
CONTINUOUS
10
5.9368440944881886
20
-4.9203486614173224
11
5.9359622834645664
21
-4.9224774803149609
0
LINE
8
BLACK
6
CONTINUOUS
10
5.9359622834645664
20
-4.9224774803149609
11
5.9343329921259844
21
-4.9241067716535429
0
LINE
8
BLACK
6
CONTINUOUS
10
5.9343329921259844
20
-4.9241067716535429
11
5.9322041732283459
21
-4.9249885826771651
0
LINE
8
BLACK
6
CONTINUOUS
10
5.9322041732283459
20
-4.9249885826771651
11
5.9310520472440942
21
-4.9251020472440947
0
LINE
8
BLACK
6
CONTINUOUS
10
5.9310520472440942
20
-4.9251020472440947
11
5.8798709448818895
21
-4.9251020472440947
0
LINE
8
BLACK
6
CONTINUOUS
10
5.8798709448818895
20
-4.9251020472440947
11
5.8787188188976378
21
-4.9249885826771651
0
LINE
8
BLACK
6
CONTINUOUS
10
5.8787188188976378
20
-4.9249885826771651
11
5.8765900000000002
21
-4.9241067716535429
0
LINE
8
BLACK
6
CONTINUOUS
10
5.8765900000000002
20
-4.9241067716535429
11
5.8749607086614173
21
-4.9224774803149609
0
LINE
8
BLACK
6
CONTINUOUS
10
5.8749607086614173
20
-4.9224774803149609
11
5.8740788976377951
21
-4.9203486614173224
0
LINE
8
BLACK
6
CONTINUOUS
10
5.8740788976377951
20
-4.9203486614173224
11
5.8740788976377951
21
-4.9180444094488189
0
LINE
8
BLACK
6
CONTINUOUS
10
5.8740788976377951
20
-4.9180444094488189
11
5.8749607086614173
21
-4.9159155905511813
0
LINE
8
BLACK
6
CONTINUOUS
10
5.8749607086614173
20
-4.9159155905511813
11
5.8765900000000002
21
-4.9142862992125984
0
LINE
8
BLACK
6
CONTINUOUS
10
5.8765900000000002
20
-4.9142862992125984
11
5.8787188188976378
21
-4.9134044881889762
0
LINE
8
BLACK
6
CONTINUOUS
10
5.8787188188976378
20
-4.9134044881889762
11
5.8798709448818895
21
-4.9132910236220475
0
LINE
8
BLACK
6
CONTINUOUS
10
5.8798709448818895
20
-4.9132910236220475
11
5.8983373622047246
21
-4.9132910236220475
0
LINE
8
BLACK
6
CONTINUOUS
10
5.8983373622047246
20
-4.9132910236220475
11
5.8983373622047246
21
-4.8996989763779526
0
LINE
8
BLACK
6
CONTINUOUS
10
5.8983373622047246
20
-4.8996989763779526
11
5.8984508267716533
21
-4.8985468503937009
0
LINE
8
BLACK
6
CONTINUOUS
10
5.8984508267716533
20
-4.8985468503937009
11
5.8985319685039368
21
-4.8983508661417323
0
LINE
8
BLACK
6
CONTINUOUS
10
5.8985319685039368
20
-4.8983508661417323
11
5.8985470472440946
21
-4.8981391732283459
0
LINE
8
BLACK
6
CONTINUOUS
10
5.8985470472440946
20
-4.8981391732283459
11
5.8989608267716536
21
-4.8970579527559055
0
LINE
8
BLACK
6
CONTINUOUS
10
5.8989608267716536
20
-4.8970579527559055
11
5.901398031496063
21
-4.8921835433070866
0
LINE
8
BLACK
6
CONTINUOUS
10
5.901398031496063
20
-4.8921835433070866
11
5.9017101181102358
21
-4.8916877165354329
0
LINE
8
BLACK
6
CONTINUOUS
10
5.9017101181102358
20
-4.8916877165354329
11
5.9017698031496062
21
-4.8915436614173231
0
LINE
8
BLACK
6
CONTINUOUS
10
5.9017698031496062
20
-4.8915436614173231
11
5.9019029133858263
21
-4.8913814566929137
0
LINE
8
BLACK
6
CONTINUOUS
10
5.9019029133858263
20
-4.8913814566929137
11
5.9020147637795271
21
-4.8912037795275589
0
LINE
8
BLACK
6
CONTINUOUS
10
5.9020147637795271
20
-4.8912037795275589
11
5.9021326377952752
21
-4.8911015354330711
0
LINE
8
BLACK
6
CONTINUOUS
10
5.9021326377952752
20
-4.8911015354330711
11
5.9025042519685034
21
-4.8906487401574799
0
LINE
8
BLACK
6
CONTINUOUS
10
5.9025042519685034
20
-4.8906487401574799
11
5.9049414566929128
21
-4.8882115354330704
0
LINE
8
BLACK
6
CONTINUOUS
10
5.9049414566929128
20
-4.8882115354330704
11
5.9053943700787404
21
-4.887839803149606
0
LINE
8
BLACK
6
CONTINUOUS
10
5.9053943700787404
20
-4.887839803149606
11
5.9054965354330706
21
-4.8877220472440941
0
LINE
8
BLACK
6
CONTINUOUS
10
5.9054965354330706
20
-4.8877220472440941
11
5.9056740551181104
21
-4.8876102755905508
0
LINE
8
BLACK
6
CONTINUOUS
10
5.9056740551181104
20
-4.8876102755905508
11
5.9058363779527561
21
-4.8874770866141732
0
LINE
8
BLACK
6
CONTINUOUS
10
5.9058363779527561
20
-4.8874770866141732
11
5.9059805118110233
21
-4.8874173622047241
0
LINE
8
BLACK
6
CONTINUOUS
10
5.9059805118110233
20
-4.8874173622047241
11
5.9064762598425196
21
-4.8871053149606301
0
LINE
8
BLACK
6
CONTINUOUS
10
5.9064762598425196
20
-4.8871053149606301
11
5.9113506299212597
21
-4.8846681496062994
0
LINE
8
BLACK
6
CONTINUOUS
10
5.9113506299212597
20
-4.8846681496062994
11
5.912431850393701
21
-4.8842543700787404
0
LINE
8
BLACK
6
CONTINUOUS
10
5.912431850393701
20
-4.8842543700787404
11
5.9126435433070865
21
-4.8842392913385826
0
LINE
8
BLACK
6
CONTINUOUS
10
5.9126435433070865
20
-4.8842392913385826
11
5.9128395275590551
21
-4.8841581496062991
0
LINE
8
BLACK
6
CONTINUOUS
10
5.9128395275590551
20
-4.8841581496062991
11
5.9139916535433068
21
-4.8840446850393704
0
LINE
8
BLACK
6
CONTINUOUS
10
5.9139916535433068
20
-4.8840446850393704
11
5.9213032677165351
21
-4.8840446850393704
0
LINE
8
BLACK
6
CONTINUOUS
10
5.9213032677165351
20
-4.8840446850393704
11
5.9224553937007869
21
-4.8841581496062991
0
LINE
8
BLACK
6
CONTINUOUS
10
5.9126154724409448
20
-4.8972408267716538
11
5.9115335433070868
21
-4.8983227559055118
0
LINE
8
BLACK
6
CONTINUOUS
10
5.9115335433070868
20
-4.8983227559055118
11
5.9101483858267718
21
-4.9010930708661418
0
LINE
8
BLACK
6
CONTINUOUS
10
5.9101483858267718
20
-4.9010930708661418
11
5.9101483858267718
21
-4.9132910236220475
0
LINE
8
BLACK
6
CONTINUOUS
10
5.9101483858267718
20
-4.9132910236220475
11
5.925146535433071
21
-4.9132910236220475
0
LINE
8
BLACK
6
CONTINUOUS
10
5.925146535433071
20
-4.9132910236220475
11
5.925146535433071
21
-4.9010930708661418
0
LINE
8
BLACK
6
CONTINUOUS
10
5.925146535433071
20
-4.9010930708661418
11
5.923761377952756
21
-4.8983227559055118
0
LINE
8
BLACK
6
CONTINUOUS
10
5.923761377952756
20
-4.8983227559055118
11
5.9226794488188972
21
-4.8972408267716538
0
LINE
8
BLACK
6
CONTINUOUS
10
5.9226794488188972
20
-4.8972408267716538
11
5.919909173228346
21
-4.8958557086614176
0
LINE
8
BLACK
6
CONTINUOUS
10
5.919909173228346
20
-4.8958557086614176
11
5.9153857086614172
21
-4.8958557086614176
0
LINE
8
BLACK
6
CONTINUOUS
10
5.9153857086614172
20
-4.8958557086614176
11
5.9126154724409448
21
-4.8972408267716538
0
LINE
8
BLACK
6
CONTINUOUS
10
6.1883909055118105
20
-4.8791900393700782
11
6.190519724409449
21
-4.8800718503937004
0
LINE
8
BLACK
6
CONTINUOUS
10
6.190519724409449
20
-4.8800718503937004
11
6.192149015748031
21
-4.8817011417322833
0
LINE
8
BLACK
6
CONTINUOUS
10
6.192149015748031
20
-4.8817011417322833
11
6.1930308267716532
21
-4.8838299606299209
0
LINE
8
BLACK
6
CONTINUOUS
10
6.1930308267716532
20
-4.8838299606299209
11
6.1931442913385828
21
-4.8849820866141735
0
LINE
8
BLACK
6
CONTINUOUS
10
6.1931442913385828
20
-4.8849820866141735
11
6.1931442913385828
21
-4.8947308661417326
0
LINE
8
BLACK
6
CONTINUOUS
10
6.1931442913385828
20
-4.8947308661417326
11
6.1930308267716532
21
-4.8958829921259843
0
LINE
8
BLACK
6
CONTINUOUS
10
6.1930308267716532
20
-4.8958829921259843
11
6.192149015748031
21
-4.8980118110236219
0
LINE
8
BLACK
6
CONTINUOUS
10
6.192149015748031
20
-4.8980118110236219
11
6.190519724409449
21
-4.8996411023622048
0
LINE
8
BLACK
6
CONTINUOUS
10
6.190519724409449
20
-4.8996411023622048
11
6.1883909055118105
21
-4.900522913385827
0
LINE
8
BLACK
6
CONTINUOUS
10
6.1883909055118105
20
-4.900522913385827
11
6.186086653543307
21
-4.900522913385827
0
LINE
8
BLACK
6
CONTINUOUS
10
6.186086653543307
20
-4.900522913385827
11
6.1839578346456694
21
-4.8996411023622048
0
LINE
8
BLACK
6
CONTINUOUS
10
6.1839578346456694
20
-4.8996411023622048
11
6.1823285433070865
21
-4.8980118110236219
0
LINE
8
BLACK
6
CONTINUOUS
10
6.1823285433070865
20
-4.8980118110236219
11
6.1814467322834643
21
-4.8958829921259843
0
LINE
8
BLACK
6
CONTINUOUS
10
6.1814467322834643
20
-4.8958829921259843
11
6.1813332677165356
21
-4.8947308661417326
0
LINE
8
BLACK
6
CONTINUOUS
10
6.1813332677165356
20
-4.8947308661417326
11
6.1813332677165356
21
-4.8908875984251967
0
LINE
8
BLACK
6
CONTINUOUS
10
6.1813332677165356
20
-4.8908875984251967
11
6.1728100787401576
21
-4.8908875984251967
0
LINE
8
BLACK
6
CONTINUOUS
10
6.1728100787401576
20
-4.8908875984251967
11
6.1712095275590553
21
-4.8956891338582675
0
LINE
8
BLACK
6
CONTINUOUS
10
6.1712095275590553
20
-4.8956891338582675
11
6.1712095275590553
21
-4.8986469291338581
0
LINE
8
BLACK
6
CONTINUOUS
10
6.1712095275590553
20
-4.8986469291338581
11
6.1729027952755908
21
-4.9037267322834648
0
LINE
8
BLACK
6
CONTINUOUS
10
6.1729027952755908
20
-4.9037267322834648
11
6.1761137795275589
21
-4.9069377559055116
0
LINE
8
BLACK
6
CONTINUOUS
10
6.1761137795275589
20
-4.9069377559055116
11
6.1795512204724412
21
-4.9086564566929134
0
LINE
8
BLACK
6
CONTINUOUS
10
6.1795512204724412
20
-4.9086564566929134
11
6.1879657086614168
21
-4.9107600787401573
0
LINE
8
BLACK
6
CONTINUOUS
10
6.1879657086614168
20
-4.9107600787401573
11
6.1938234251968503
21
-4.9107600787401573
0
LINE
8
BLACK
6
CONTINUOUS
10
6.1938234251968503
20
-4.9107600787401573
11
6.2022379921259843
21
-4.9086564173228346
0
LINE
8
BLACK
6
CONTINUOUS
10
6.2022379921259843
20
-4.9086564173228346
11
6.2056752755905507
21
-4.9069377559055116
0
LINE
8
BLACK
6
CONTINUOUS
10
6.2056752755905507
20
-4.9069377559055116
11
6.2088863385826771
21
-4.9037267322834648
0
LINE
8
BLACK
6
CONTINUOUS
10
6.2088863385826771
20
-4.9037267322834648
11
6.2105796062992127
21
-4.8986469291338581
0
LINE
8
BLACK
6
CONTINUOUS
10
6.2105796062992127
20
-4.8986469291338581
11
6.2105796062992127
21
-4.8936877559055114
0
LINE
8
BLACK
6
CONTINUOUS
10
6.2105796062992127
20
-4.8936877559055114
11
6.2087658661417322
21
-4.8900602755905513
0
LINE
8
BLACK
6
CONTINUOUS
10
6.2087658661417322
20
-4.8900602755905513
11
6.2083520866141733
21
-4.88897905511811
0
LINE
8
BLACK
6
CONTINUOUS
10
6.2083520866141733
20
-4.88897905511811
11
6.2081887795275588
21
-4.8866805905511814
0
LINE
8
BLACK
6
CONTINUOUS
10
6.2081887795275588
20
-4.8866805905511814
11
6.208917440944882
21
-4.8844946850393702
0
LINE
8
BLACK
6
CONTINUOUS
10
6.208917440944882
20
-4.8844946850393702
11
6.2104271259842516
21
-4.8827539370078741
0
LINE
8
BLACK
6
CONTINUOUS
10
6.2104271259842516
20
-4.8827539370078741
11
6.2124881102362206
21
-4.8817234251968502
0
LINE
8
BLACK
6
CONTINUOUS
10
6.2124881102362206
20
-4.8817234251968502
11
6.2147865748031492
21
-4.8815601181102357
0
LINE
8
BLACK
6
CONTINUOUS
10
6.2147865748031492
20
-4.8815601181102357
11
6.2169724803149604
21
-4.8822887795275589
0
LINE
8
BLACK
6
CONTINUOUS
10
6.2169724803149604
20
-4.8822887795275589
11
6.2187132283464566
21
-4.8837984645669295
0
LINE
8
BLACK
6
CONTINUOUS
10
6.2187132283464566
20
-4.8837984645669295
11
6.2193299606299215
21
-4.8847782283464563
0
LINE
8
BLACK
6
CONTINUOUS
10
6.2193299606299215
20
-4.8847782283464563
11
6.2217671653543309
21
-4.8896526377952751
0
LINE
8
BLACK
6
CONTINUOUS
10
6.2217671653543309
20
-4.8896526377952751
11
6.2221809448818899
21
-4.8907338976377952
0
LINE
8
BLACK
6
CONTINUOUS
10
6.2221809448818899
20
-4.8907338976377952
11
6.2221959448818893
21
-4.8909455118110232
0
LINE
8
BLACK
6
CONTINUOUS
10
6.2221959448818893
20
-4.8909455118110232
11
6.2222771653543303
21
-4.8911415354330705
0
LINE
8
BLACK
6
CONTINUOUS
10
6.2222771653543303
20
-4.8911415354330705
11
6.2223906299212599
21
-4.8922936614173231
0
LINE
8
BLACK
6
CONTINUOUS
10
6.2223906299212599
20
-4.8922936614173231
11
6.2223906299212599
21
-4.8996052362204727
0
LINE
8
BLACK
6
CONTINUOUS
10
6.2223906299212599
20
-4.8996052362204727
11
6.2223331889763775
21
-4.9001883464566927
0
LINE
8
BLACK
6
CONTINUOUS
10
6.2223331889763775
20
-4.9001883464566927
11
6.2223442519685035
21
-4.9003438582677168
0
LINE
8
BLACK
6
CONTINUOUS
10
6.2223442519685035
20
-4.9003438582677168
11
6.222297716535433
21
-4.9005483464566932
0
LINE
8
BLACK
6
CONTINUOUS
10
6.222297716535433
20
-4.9005483464566932
11
6.2222771653543303
21
-4.9007573622047245
0
LINE
8
BLACK
6
CONTINUOUS
10
6.2222771653543303
20
-4.9007573622047245
11
6.2222174015748033
21
-4.9009015354330705
0
LINE
8
BLACK
6
CONTINUOUS
10
6.2222174015748033
20
-4.9009015354330705
11
6.2220875590551179
21
-4.9014727165354328
0
LINE
8
BLACK
6
CONTINUOUS
10
6.2220875590551179
20
-4.9014727165354328
11
6.2196503543307085
21
-4.9087842913385824
0
LINE
8
BLACK
6
CONTINUOUS
10
6.2196503543307085
20
-4.9087842913385824
11
6.2191783858267717
21
-4.9098414173228342
0
LINE
8
BLACK
6
CONTINUOUS
10
6.2191783858267717
20
-4.9098414173228342
11
6.2190393700787396
21
-4.9100016535433069
0
LINE
8
BLACK
6
CONTINUOUS
10
6.2190393700787396
20
-4.9100016535433069
11
6.2189581889763774
21
-4.9101977165354329
0
LINE
8
BLACK
6
CONTINUOUS
10
6.2189581889763774
20
-4.9101977165354329
11
6.2182237401574803
21
-4.9110926377952753
0
LINE
8
BLACK
6
CONTINUOUS
10
6.2182237401574803
20
-4.9110926377952753
11
6.2133493307086614
21
-4.9159670472440942
0
LINE
8
BLACK
6
CONTINUOUS
10
6.2133493307086614
20
-4.9159670472440942
11
6.2128964960629922
21
-4.9163386614173223
0
LINE
8
BLACK
6
CONTINUOUS
10
6.2128964960629922
20
-4.9163386614173223
11
6.2127942913385823
21
-4.9164565354330705
0
LINE
8
BLACK
6
CONTINUOUS
10
6.2127942913385823
20
-4.9164565354330705
11
6.2126165748031497
21
-4.9165683858267712
0
LINE
8
BLACK
6
CONTINUOUS
10
6.2126165748031497
20
-4.9165683858267712
11
6.212454409448819
21
-4.9167014960629922
0
LINE
8
BLACK
6
CONTINUOUS
10
6.212454409448819
20
-4.9167014960629922
11
6.2123103543307083
21
-4.916761141732283
0
LINE
8
BLACK
6
CONTINUOUS
10
6.2123103543307083
20
-4.916761141732283
11
6.2118145669291334
21
-4.9170732677165354
0
LINE
8
BLACK
6
CONTINUOUS
10
6.2118145669291334
20
-4.9170732677165354
11
6.2069401574803145
21
-4.9195104724409449
0
LINE
8
BLACK
6
CONTINUOUS
10
6.2069401574803145
20
-4.9195104724409449
11
6.2068559448818892
21
-4.9195426771653539
0
LINE
8
BLACK
6
CONTINUOUS
10
6.2068559448818892
20
-4.9195426771653539
11
6.2068216535433072
21
-4.9195681102362201
0
LINE
8
BLACK
6
CONTINUOUS
10
6.2068216535433072
20
-4.9195681102362201
11
6.206337913385827
21
-4.9197409055118113
0
LINE
8
BLACK
6
CONTINUOUS
10
6.206337913385827
20
-4.9197409055118113
11
6.2058589370078741
21
-4.9199242125984251
0
LINE
8
BLACK
6
CONTINUOUS
10
6.2058589370078741
20
-4.9199242125984251
11
6.2058163779527558
21
-4.9199272047244094
0
LINE
8
BLACK
6
CONTINUOUS
10
6.2058163779527558
20
-4.9199272047244094
11
6.2057314173228342
21
-4.9199575984251966
0
LINE
8
BLACK
6
CONTINUOUS
10
6.2057314173228342
20
-4.9199575984251966
11
6.1959826377952751
21
-4.9223947637795273
0
LINE
8
BLACK
6
CONTINUOUS
10
6.1959826377952751
20
-4.9223947637795273
11
6.1957829527559056
21
-4.9224242519685042
0
LINE
8
BLACK
6
CONTINUOUS
10
6.1957829527559056
20
-4.9224242519685042
11
6.1957024803149601
21
-4.9224576377952758
0
LINE
8
BLACK
6
CONTINUOUS
10
6.1957024803149601
20
-4.9224576377952758
11
6.1952685039370081
21
-4.9225003543307082
0
LINE
8
BLACK
6
CONTINUOUS
10
6.1952685039370081
20
-4.9225003543307082
11
6.1948374015748033
21
-4.922564133858268
0
LINE
8
BLACK
6
CONTINUOUS
10
6.1948374015748033
20
-4.922564133858268
11
6.1947512598425192
21
-4.9225512992125982
0
LINE
8
BLACK
6
CONTINUOUS
10
6.1947512598425192
20
-4.9225512992125982
11
6.1945503543307083
21
-4.9225711023622045
0
LINE
8
BLACK
6
CONTINUOUS
10
6.1945503543307083
20
-4.9225711023622045
11
6.1872387795275587
21
-4.9225711023622045
0
LINE
8
BLACK
6
CONTINUOUS
10
6.1872387795275587
20
-4.9225711023622045
11
6.1870378740157479
21
-4.9225512992125982
0
LINE
8
BLACK
6
CONTINUOUS
10
6.1870378740157479
20
-4.9225512992125982
11
6.1869517716535434
21
-4.922564133858268
0
LINE
8
BLACK
6
CONTINUOUS
10
6.1869517716535434
20
-4.922564133858268
11
6.1865203543307086
21
-4.9225003149606295
0
LINE
8
BLACK
6
CONTINUOUS
10
6.1865203543307086
20
-4.9225003149606295
11
6.186086653543307
21
-4.9224576377952758
0
LINE
8
BLACK
6
CONTINUOUS
10
6.186086653543307
20
-4.9224576377952758
11
6.1860062598425198
21
-4.9224243307086617
0
LINE
8
BLACK
6
CONTINUOUS
10
6.1860062598425198
20
-4.9224243307086617
11
6.1858064960629919
21
-4.9223948031496061
0
LINE
8
BLACK
6
CONTINUOUS
10
6.1858064960629919
20
-4.9223948031496061
11
6.1760577165354329
21
-4.9199575984251966
0
LINE
8
BLACK
6
CONTINUOUS
10
6.1760577165354329
20
-4.9199575984251966
11
6.1759728346456688
21
-4.9199272440944881
0
LINE
8
BLACK
6
CONTINUOUS
10
6.1759728346456688
20
-4.9199272440944881
11
6.1759302362204727
21
-4.9199242519685038
0
LINE
8
BLACK
6
CONTINUOUS
10
6.1759302362204727
20
-4.9199242519685038
11
6.1754503543307084
21
-4.9197405905511813
0
LINE
8
BLACK
6
CONTINUOUS
10
6.1754503543307084
20
-4.9197405905511813
11
6.1749675196850395
21
-4.9195681102362201
0
LINE
8
BLACK
6
CONTINUOUS
10
6.1749675196850395
20
-4.9195681102362201
11
6.1749332283464566
21
-4.9195427165354326
0
LINE
8
BLACK
6
CONTINUOUS
10
6.1749332283464566
20
-4.9195427165354326
11
6.1748489763779526
21
-4.9195104724409449
0
LINE
8
BLACK
6
CONTINUOUS
10
6.1748489763779526
20
-4.9195104724409449
11
6.1699745669291337
21
-4.9170732677165354
0
LINE
8
BLACK
6
CONTINUOUS
10
6.1699745669291337
20
-4.9170732677165354
11
6.1694788188976375
21
-4.9167612204724405
0
LINE
8
BLACK
6
CONTINUOUS
10
6.1694788188976375
20
-4.9167612204724405
11
6.1693346456692915
21
-4.9167014960629922
0
LINE
8
BLACK
6
CONTINUOUS
10
6.1693346456692915
20
-4.9167014960629922
11
6.1691723228346458
21
-4.916568267716535
0
LINE
8
BLACK
6
CONTINUOUS
10
6.1691723228346458
20
-4.916568267716535
11
6.168994803149606
21
-4.9164565354330705
0
LINE
8
BLACK
6
CONTINUOUS
10
6.168994803149606
20
-4.9164565354330705
11
6.168892598425197
21
-4.9163387007874011
0
LINE
8
BLACK
6
CONTINUOUS
10
6.168892598425197
20
-4.9163387007874011
11
6.1684397637795279
21
-4.9159670472440942
0
LINE
8
BLACK
6
CONTINUOUS
10
6.1684397637795279
20
-4.9159670472440942
11
6.1635653937007868
21
-4.9110926377952753
0
LINE
8
BLACK
6
CONTINUOUS
10
6.1635653937007868
20
-4.9110926377952753
11
6.1628309448818896
21
-4.9101977165354329
0
LINE
8
BLACK
6
CONTINUOUS
10
6.1628309448818896
20
-4.9101977165354329
11
6.1627497244094487
21
-4.9100016535433069
0
LINE
8
BLACK
6
CONTINUOUS
10
6.1627497244094487
20
-4.9100016535433069
11
6.1626107480314962
21
-4.9098414173228342
0
LINE
8
BLACK
6
CONTINUOUS
10
6.1626107480314962
20
-4.9098414173228342
11
6.1621387795275586
21
-4.9087843307086612
0
LINE
8
BLACK
6
CONTINUOUS
10
6.1621387795275586
20
-4.9087843307086612
11
6.1597015748031492
21
-4.9014727165354328
0
LINE
8
BLACK
6
CONTINUOUS
10
6.1597015748031492
20
-4.9014727165354328
11
6.1595716929133859
21
-4.9009015354330705
0
LINE
8
BLACK
6
CONTINUOUS
10
6.1595716929133859
20
-4.9009015354330705
11
6.1595119685039368
21
-4.9007573622047245
0
LINE
8
BLACK
6
CONTINUOUS
10
6.1595119685039368
20
-4.9007573622047245
11
6.1594913779527554
21
-4.9005483464566932
0
LINE
8
BLACK
6
CONTINUOUS
10
6.1594913779527554
20
-4.9005483464566932
11
6.1594448818897636
21
-4.9003438582677168
0
LINE
8
BLACK
6
CONTINUOUS
10
6.1594448818897636
20
-4.9003438582677168
11
6.1594559055118108
21
-4.9001883464566927
0
LINE
8
BLACK
6
CONTINUOUS
10
6.1594559055118108
20
-4.9001883464566927
11
6.1593985039370081
21
-4.8996052362204727
0
LINE
8
BLACK
6
CONTINUOUS
10
6.1593985039370081
20
-4.8996052362204727
11
6.1593985039370081
21
-4.8947308661417326
0
LINE
8
BLACK
6
CONTINUOUS
10
6.1593985039370081
20
-4.8947308661417326
11
6.1594559055118108
21
-4.894147716535433
0
LINE
8
BLACK
6
CONTINUOUS
10
6.1594559055118108
20
-4.894147716535433
11
6.1594448818897636
21
-4.8939922440944885
0
LINE
8
BLACK
6
CONTINUOUS
10
6.1594448818897636
20
-4.8939922440944885
11
6.1594913779527554
21
-4.8937877165354333
0
LINE
8
BLACK
6
CONTINUOUS
10
6.1594913779527554
20
-4.8937877165354333
11
6.1595119685039368
21
-4.89357874015748
0
LINE
8
BLACK
6
CONTINUOUS
10
6.1595119685039368
20
-4.89357874015748
11
6.1595716929133859
21
-4.8934345275590552
0
LINE
8
BLACK
6
CONTINUOUS
10
6.1595716929133859
20
-4.8934345275590552
11
6.1597015748031492
21
-4.8928633858267716
0
LINE
8
BLACK
6
CONTINUOUS
10
6.1597015748031492
20
-4.8928633858267716
11
6.1621387795275586
21
-4.8855517716535433
0
LINE
8
BLACK
6
CONTINUOUS
10
6.1621387795275586
20
-4.8855517716535433
11
6.1626107480314962
21
-4.8844946456692915
0
LINE
8
BLACK
6
CONTINUOUS
10
6.1626107480314962
20
-4.8844946456692915
11
6.1627497244094487
21
-4.8843343700787401
0
LINE
8
BLACK
6
CONTINUOUS
10
6.1627497244094487
20
-4.8843343700787401
11
6.1628309448818896
21
-4.8841383464566928
0
LINE
8
BLACK
6
CONTINUOUS
10
6.1628309448818896
20
-4.8841383464566928
11
6.1635653937007868
21
-4.8832434251968504
0
LINE
8
BLACK
6
CONTINUOUS
10
6.1635653937007868
20
-4.8832434251968504
11
6.1660025590551184
21
-4.8808062598425197
0
LINE
8
BLACK
6
CONTINUOUS
10
6.1660025590551184
20
-4.8808062598425197
11
6.166897440944882
21
-4.8800718110236216
0
LINE
8
BLACK
6
CONTINUOUS
10
6.166897440944882
20
-4.8800718110236216
11
6.1677792125984254
21
-4.8797065748031496
0
LINE
8
BLACK
6
CONTINUOUS
10
6.1677792125984254
20
-4.8797065748031496
11
6.1690262598425196
21
-4.8791900393700782
0
LINE
8
BLACK
6
CONTINUOUS
10
6.1690262598425196
20
-4.8791900393700782
11
6.1701783858267714
21
-4.8790765748031495
0
LINE
8
BLACK
6
CONTINUOUS
10
6.1701783858267714
20
-4.8790765748031495
11
6.1872387795275587
21
-4.8790765748031495
0
LINE
8
BLACK
6
CONTINUOUS
10
6.1872387795275587
20
-4.8790765748031495
11
6.1883909055118105
21
-4.8791900393700782
0
LINE
8
BLACK
6
CONTINUOUS
10
6.0327581889763779
20
-4.877728346456693
11
6.0343874803149609
21
-4.8793576377952759
0
LINE
8
BLACK
6
CONTINUOUS
10
6.0343874803149609
20
-4.8793576377952759
11
6.0352692913385821
21
-4.8814864566929135
0
LINE
8
BLACK
6
CONTINUOUS
10
6.0352692913385821
20
-4.8814864566929135
11
6.0353827559055118
21
-4.8826385826771652
0
LINE
8
BLACK
6
CONTINUOUS
10
6.0353827559055118
20
-4.8826385826771652
11
6.0353827559055118
21
-4.9118849212598423
0
LINE
8
BLACK
6
CONTINUOUS
10
6.0353827559055118
20
-4.9118849212598423
11
6.0352692913385821
21
-4.9130370472440941
0
LINE
8
BLACK
6
CONTINUOUS
10
6.0352692913385821
20
-4.9130370472440941
11
6.0343874803149609
21
-4.9151658661417326
0
LINE
8
BLACK
6
CONTINUOUS
10
6.0343874803149609
20
-4.9151658661417326
11
6.0327581889763779
21
-4.9167951574803146
0
LINE
8
BLACK
6
CONTINUOUS
10
6.0327581889763779
20
-4.9167951574803146
11
6.0306293700787403
21
-4.9176769685039368
0
LINE
8
BLACK
6
CONTINUOUS
10
6.0306293700787403
20
-4.9176769685039368
11
6.028325118110236
21
-4.9176769685039368
0
LINE
8
BLACK
6
CONTINUOUS
10
6.028325118110236
20
-4.9176769685039368
11
6.0261962992125984
21
-4.9167951574803146
0
LINE
8
BLACK
6
CONTINUOUS
10
6.0261962992125984
20
-4.9167951574803146
11
6.0245670078740154
21
-4.9151658661417326
0
LINE
8
BLACK
6
CONTINUOUS
10
6.0245670078740154
20
-4.9151658661417326
11
6.0236851968503933
21
-4.9130370472440941
0
LINE
8
BLACK
6
CONTINUOUS
10
6.0236851968503933
20
-4.9130370472440941
11
6.0235717322834645
21
-4.9118849212598423
0
LINE
8
BLACK
6
CONTINUOUS
10
6.0235717322834645
20
-4.9118849212598423
11
6.0235717322834645
21
-4.9031672440944885
0
LINE
8
BLACK
6
CONTINUOUS
10
6.0235717322834645
20
-4.9031672440944885
11
5.9782961417322831
21
-4.9031672440944885
0
LINE
8
BLACK
6
CONTINUOUS
10
5.9782961417322831
20
-4.9031672440944885
11
5.9771440157480313
21
-4.9030537795275588
0
LINE
8
BLACK
6
CONTINUOUS
10
5.9771440157480313
20
-4.9030537795275588
11
5.9750151968503937
21
-4.9021719685039367
0
LINE
8
BLACK
6
CONTINUOUS
10
5.9750151968503937
20
-4.9021719685039367
11
5.9733859055118108
21
-4.9005426771653546
0
LINE
8
BLACK
6
CONTINUOUS
10
5.9733859055118108
20
-4.9005426771653546
11
5.9725040944881886
21
-4.8984138582677161
0
LINE
8
BLACK
6
CONTINUOUS
10
5.9725040944881886
20
-4.8984138582677161
11
5.9725040944881886
21
-4.8961096062992127
0
LINE
8
BLACK
6
CONTINUOUS
10
5.9725040944881886
20
-4.8961096062992127
11
5.9733859055118108
21
-4.893980787401575
0
LINE
8
BLACK
6
CONTINUOUS
10
5.9733859055118108
20
-4.893980787401575
11
5.9750151968503937
21
-4.8923514960629921
0
LINE
8
BLACK
6
CONTINUOUS
10
5.9750151968503937
20
-4.8923514960629921
11
5.9771440157480313
21
-4.89146968503937
0
LINE
8
BLACK
6
CONTINUOUS
10
5.9771440157480313
20
-4.89146968503937
11
5.9782961417322831
21
-4.8913562204724412
0
LINE
8
BLACK
6
CONTINUOUS
10
5.9782961417322831
20
-4.8913562204724412
11
6.0235717322834645
21
-4.8913562204724412
0
LINE
8
BLACK
6
CONTINUOUS
10
6.0235717322834645
20
-4.8913562204724412
11
6.0235717322834645
21
-4.8826385826771652
0
LINE
8
BLACK
6
CONTINUOUS
10
6.0235717322834645
20
-4.8826385826771652
11
6.0236851968503933
21
-4.8814864566929135
0
LINE
8
BLACK
6
CONTINUOUS
10
6.0236851968503933
20
-4.8814864566929135
11
6.0245670078740154
21
-4.8793576377952759
0
LINE
8
BLACK
6
CONTINUOUS
10
6.0245670078740154
20
-4.8793576377952759
11
6.0261962992125984
21
-4.877728346456693
0
LINE
8
BLACK
6
CONTINUOUS
10
6.0261962992125984
20
-4.877728346456693
11
6.028325118110236
21
-4.8768465354330708
0
LINE
8
BLACK
6
CONTINUOUS
10
6.028325118110236
20
-4.8768465354330708
11
6.0306293700787403
21
-4.8768465354330708
0
LINE
8
BLACK
6
CONTINUOUS
10
6.0306293700787403
20
-4.8768465354330708
11
6.0327581889763779
21
-4.877728346456693
0
LINE
8
BLACK
6
CONTINUOUS
10
6.3950838188976373
20
-4.867004015748031
11
6.3952798818897634
21
-4.867085236220472
0
LINE
8
BLACK
6
CONTINUOUS
10
6.3952798818897634
20
-4.867085236220472
11
6.3954914960629923
21
-4.867100275590551
0
LINE
8
BLACK
6
CONTINUOUS
10
6.3954914960629923
20
-4.867100275590551
11
6.3965727165354327
21
-4.8675140157480312
0
LINE
8
BLACK
6
CONTINUOUS
10
6.3965727165354327
20
-4.8675140157480312
11
6.4014471259842516
21
-4.8699512204724407
0
LINE
8
BLACK
6
CONTINUOUS
10
6.4014471259842516
20
-4.8699512204724407
11
6.4019429133858266
21
-4.8702633070866144
0
LINE
8
BLACK
6
CONTINUOUS
10
6.4019429133858266
20
-4.8702633070866144
11
6.4020869685039372
21
-4.8703229921259839
0
LINE
8
BLACK
6
CONTINUOUS
10
6.4020869685039372
20
-4.8703229921259839
11
6.4022491338582679
21
-4.8704560629921261
0
LINE
8
BLACK
6
CONTINUOUS
10
6.4022491338582679
20
-4.8704560629921261
11
6.4024268503937005
21
-4.8705679527559056
0
LINE
8
BLACK
6
CONTINUOUS
10
6.4024268503937005
20
-4.8705679527559056
11
6.4025290551181104
21
-4.870685787401575
0
LINE
8
BLACK
6
CONTINUOUS
10
6.4025290551181104
20
-4.870685787401575
11
6.4029818897637796
21
-4.8710574409448819
0
LINE
8
BLACK
6
CONTINUOUS
10
6.4029818897637796
20
-4.8710574409448819
11
6.405419094488189
21
-4.8734946456692914
0
LINE
8
BLACK
6
CONTINUOUS
10
6.405419094488189
20
-4.8734946456692914
11
6.4057906692913384
21
-4.8739474409448817
0
LINE
8
BLACK
6
CONTINUOUS
10
6.4057906692913384
20
-4.8739474409448817
11
6.4059085826771653
21
-4.8740496850393695
0
LINE
8
BLACK
6
CONTINUOUS
10
6.4059085826771653
20
-4.8740496850393695
11
6.4060203937007874
21
-4.8742273622047243
0
LINE
8
BLACK
6
CONTINUOUS
10
6.4060203937007874
20
-4.8742273622047243
11
6.4061535433070862
21
-4.8743895669291337
0
LINE
8
BLACK
6
CONTINUOUS
10
6.4061535433070862
20
-4.8743895669291337
11
6.4062131889763778
21
-4.8745336220472444
0
LINE
8
BLACK
6
CONTINUOUS
10
6.4062131889763778
20
-4.8745336220472444
11
6.4065253149606294
21
-4.8750294488188972
0
LINE
8
BLACK
6
CONTINUOUS
10
6.4065253149606294
20
-4.8750294488188972
11
6.4080872834645666
21
-4.8781533858267716
0
LINE
8
BLACK
6
CONTINUOUS
10
6.4080872834645666
20
-4.8781533858267716
11
6.4192892125984251
21
-4.8683517322834646
0
LINE
8
BLACK
6
CONTINUOUS
10
6.4192892125984251
20
-4.8683517322834646
11
6.4197872047244093
21
-4.8679956692913384
0
LINE
8
BLACK
6
CONTINUOUS
10
6.4197872047244093
20
-4.8679956692913384
11
6.4198970866141734
21
-4.8678858267716532
0
LINE
8
BLACK
6
CONTINUOUS
10
6.4198970866141734
20
-4.8678858267716532
11
6.4200011811023616
21
-4.8678426771653545
0
LINE
8
BLACK
6
CONTINUOUS
10
6.4200011811023616
20
-4.8678426771653545
11
6.420230984251968
21
-4.8676784251968499
0
LINE
8
BLACK
6
CONTINUOUS
10
6.420230984251968
20
-4.8676784251968499
11
6.4211396062992128
21
-4.8673711023622044
0
LINE
8
BLACK
6
CONTINUOUS
10
6.4211396062992128
20
-4.8673711023622044
11
6.422025905511811
21
-4.867004015748031
0
LINE
8
BLACK
6
CONTINUOUS
10
6.422025905511811
20
-4.867004015748031
11
6.4222251968503938
21
-4.867004015748031
0
LINE
8
BLACK
6
CONTINUOUS
10
6.4222251968503938
20
-4.867004015748031
11
6.4224137795275587
21
-4.8669402362204721
0
LINE
8
BLACK
6
CONTINUOUS
10
6.4224137795275587
20
-4.8669402362204721
11
6.4233704724409444
21
-4.867004015748031
0
LINE
8
BLACK
6
CONTINUOUS
10
6.4233704724409444
20
-4.867004015748031
11
6.4243301574803144
21
-4.867004015748031
0
LINE
8
BLACK
6
CONTINUOUS
10
6.4243301574803144
20
-4.867004015748031
11
6.4245142125984254
21
-4.8670802362204721
0
LINE
8
BLACK
6
CONTINUOUS
10
6.4245142125984254
20
-4.8670802362204721
11
6.4247128346456694
21
-4.8670935039370073
0
LINE
8
BLACK
6
CONTINUOUS
10
6.4247128346456694
20
-4.8670935039370073
11
6.4255724803149601
21
-4.8675186220472444
0
LINE
8
BLACK
6
CONTINUOUS
10
6.4255724803149601
20
-4.8675186220472444
11
6.4264589763779529
21
-4.8678858267716532
0
LINE
8
BLACK
6
CONTINUOUS
10
6.4264589763779529
20
-4.8678858267716532
11
6.4265997637795271
21
-4.8680266141732282
0
LINE
8
BLACK
6
CONTINUOUS
10
6.4265997637795271
20
-4.8680266141732282
11
6.4267783070866145
21
-4.868114921259842
0
LINE
8
BLACK
6
CONTINUOUS
10
6.4267783070866145
20
-4.868114921259842
11
6.4274100393700788
21
-4.868836889763779
0
LINE
8
BLACK
6
CONTINUOUS
10
6.4274100393700788
20
-4.868836889763779
11
6.428088267716535
21
-4.8695151181102361
0
LINE
8
BLACK
6
CONTINUOUS
10
6.428088267716535
20
-4.8695151181102361
11
6.4281644488188974
21
-4.8696990551181099
0
LINE
8
BLACK
6
CONTINUOUS
10
6.4281644488188974
20
-4.8696990551181099
11
6.4282956692913382
21
-4.8698490157480316
0
LINE
8
BLACK
6
CONTINUOUS
10
6.4282956692913382
20
-4.8698490157480316
11
6.428602952755905
21
-4.8707576377952755
0
LINE
8
BLACK
6
CONTINUOUS
10
6.428602952755905
20
-4.8707576377952755
11
6.4289700787401571
21
-4.8716439370078737
0
LINE
8
BLACK
6
CONTINUOUS
10
6.4289700787401571
20
-4.8716439370078737
11
6.4289977559055114
21
-4.8719250787401576
0
LINE
8
BLACK
6
CONTINUOUS
10
6.4289977559055114
20
-4.8719250787401576
11
6.429033858267716
21
-4.8720318110236223
0
LINE
8
BLACK
6
CONTINUOUS
10
6.429033858267716
20
-4.8720318110236223
11
6.4290235039370076
21
-4.8721866929133855
0
LINE
8
BLACK
6
CONTINUOUS
10
6.4290235039370076
20
-4.8721866929133855
11
6.4290835433070868
21
-4.8727960629921263
0
LINE
8
BLACK
6
CONTINUOUS
10
6.4290835433070868
20
-4.8727960629921263
11
6.4290835433070868
21
-4.9044796062992129
0
LINE
8
BLACK
6
CONTINUOUS
10
6.4290835433070868
20
-4.9044796062992129
11
6.4289700787401571
21
-4.9056317322834646
0
LINE
8
BLACK
6
CONTINUOUS
10
6.4289700787401571
20
-4.9056317322834646
11
6.428088267716535
21
-4.9077605511811022
0
LINE
8
BLACK
6
CONTINUOUS
10
6.428088267716535
20
-4.9077605511811022
11
6.4264589763779529
21
-4.9093898425196851
0
LINE
8
BLACK
6
CONTINUOUS
10
6.4264589763779529
20
-4.9093898425196851
11
6.4243301574803144
21
-4.9102716535433073
0
LINE
8
BLACK
6
CONTINUOUS
10
6.4243301574803144
20
-4.9102716535433073
11
6.422025905511811
21
-4.9102716535433073
0
LINE
8
BLACK
6
CONTINUOUS
10
6.422025905511811
20
-4.9102716535433073
11
6.4198970866141734
21
-4.9093898425196851
0
LINE
8
BLACK
6
CONTINUOUS
10
6.4198970866141734
20
-4.9093898425196851
11
6.4182677952755904
21
-4.9077605511811022
0
LINE
8
BLACK
6
CONTINUOUS
10
6.4182677952755904
20
-4.9077605511811022
11
6.4173859842519683
21
-4.9056317322834646
0
LINE
8
BLACK
6
CONTINUOUS
10
6.4173859842519683
20
-4.9056317322834646
11
6.4172725196850395
21
-4.9044796062992129
0
LINE
8
BLACK
6
CONTINUOUS
10
6.4172725196850395
20
-4.9044796062992129
11
6.4172725196850395
21
-4.8858104330708656
0
LINE
8
BLACK
6
CONTINUOUS
10
6.4172725196850395
20
-4.8858104330708656
11
6.4075692913385822
21
-4.8943007874015745
0
LINE
8
BLACK
6
CONTINUOUS
10
6.4075692913385822
20
-4.8943007874015745
11
6.4070712598425192
21
-4.8946568110236219
0
LINE
8
BLACK
6
CONTINUOUS
10
6.4070712598425192
20
-4.8946568110236219
11
6.4069614173228349
21
-4.894766692913386
0
LINE
8
BLACK
6
CONTINUOUS
10
6.4069614173228349
20
-4.894766692913386
11
6.406857283464567
21
-4.8948098031496059
0
LINE
8
BLACK
6
CONTINUOUS
10
6.406857283464567
20
-4.8948098031496059
11
6.4066275196850393
21
-4.8949740944881892
0
LINE
8
BLACK
6
CONTINUOUS
10
6.4066275196850393
20
-4.8949740944881892
11
6.4057188582677167
21
-4.895281377952756
0
LINE
8
BLACK
6
CONTINUOUS
10
6.4057188582677167
20
-4.895281377952756
11
6.4048325984251964
21
-4.8956485039370081
0
LINE
8
BLACK
6
CONTINUOUS
10
6.4048325984251964
20
-4.8956485039370081
11
6.4046333070866144
21
-4.8956485039370081
0
LINE
8
BLACK
6
CONTINUOUS
10
6.4046333070866144
20
-4.8956485039370081
11
6.4044447244094487
21
-4.895712283464567
0
LINE
8
BLACK
6
CONTINUOUS
10
6.4044447244094487
20
-4.895712283464567
11
6.4034880314960629
21
-4.8956485039370081
0
LINE
8
BLACK
6
CONTINUOUS
10
6.4034880314960629
20
-4.8956485039370081
11
6.4025283464566929
21
-4.8956485039370081
0
LINE
8
BLACK
6
CONTINUOUS
10
6.4025283464566929
20
-4.8956485039370081
11
6.4023442519685041
21
-4.8955722440944882
0
LINE
8
BLACK
6
CONTINUOUS
10
6.4023442519685041
20
-4.8955722440944882
11
6.4021456692913388
21
-4.8955590157480318
0
LINE
8
BLACK
6
CONTINUOUS
10
6.4021456692913388
20
-4.8955590157480318
11
6.4012859842519685
21
-4.8951338582677169
0
LINE
8
BLACK
6
CONTINUOUS
10
6.4012859842519685
20
-4.8951338582677169
11
6.4003995275590553
21
-4.894766692913386
0
LINE
8
BLACK
6
CONTINUOUS
10
6.4003995275590553
20
-4.894766692913386
11
6.4002587007874014
21
-4.8946258661417321
0
LINE
8
BLACK
6
CONTINUOUS
10
6.4002587007874014
20
-4.8946258661417321
11
6.4000801968503938
21
-4.8945375984251971
0
LINE
8
BLACK
6
CONTINUOUS
10
6.4000801968503938
20
-4.8945375984251971
11
6.3994484251968506
21
-4.8938155905511813
0
LINE
8
BLACK
6
CONTINUOUS
10
6.3994484251968506
20
-4.8938155905511813
11
6.3987702362204724
21
-4.893137401574803
0
LINE
8
BLACK
6
CONTINUOUS
10
6.3987702362204724
20
-4.893137401574803
11
6.3986940157480312
21
-4.8929534251968505
0
LINE
8
BLACK
6
CONTINUOUS
10
6.3986940157480312
20
-4.8929534251968505
11
6.3985628346456691
21
-4.8928035039370075
0
LINE
8
BLACK
6
CONTINUOUS
10
6.3985628346456691
20
-4.8928035039370075
11
6.3982555118110236
21
-4.8918948425196849
0
LINE
8
BLACK
6
CONTINUOUS
10
6.3982555118110236
20
-4.8918948425196849
11
6.3978884251968502
21
-4.8910085826771654
0
LINE
8
BLACK
6
CONTINUOUS
10
6.3978884251968502
20
-4.8910085826771654
11
6.3978607086614172
21
-4.8907274015748028
0
LINE
8
BLACK
6
CONTINUOUS
10
6.3978607086614172
20
-4.8907274015748028
11
6.3978246456692913
21
-4.8906207086614168
0
LINE
8
BLACK
6
CONTINUOUS
10
6.3978246456692913
20
-4.8906207086614168
11
6.397834960629921
21
-4.8904657874015749
0
LINE
8
BLACK
6
CONTINUOUS
10
6.397834960629921
20
-4.8904657874015749
11
6.3977749606299215
21
-4.8898564566929137
0
LINE
8
BLACK
6
CONTINUOUS
10
6.3977749606299215
20
-4.8898564566929137
11
6.3977749606299215
21
-4.8839389763779524
0
LINE
8
BLACK
6
CONTINUOUS
10
6.3977749606299215
20
-4.8839389763779524
11
6.3963898031496065
21
-4.8811686614173224
0
LINE
8
BLACK
6
CONTINUOUS
10
6.3963898031496065
20
-4.8811686614173224
11
6.3953078346456689
21
-4.8800866929133857
0
LINE
8
BLACK
6
CONTINUOUS
10
6.3953078346456689
20
-4.8800866929133857
11
6.3925375984251964
21
-4.8787015748031495
0
LINE
8
BLACK
6
CONTINUOUS
10
6.3925375984251964
20
-4.8787015748031495
11
6.3831398031496063
21
-4.8787015748031495
0
LINE
8
BLACK
6
CONTINUOUS
10
6.3831398031496063
20
-4.8787015748031495
11
6.3803694881889763
21
-4.8800866929133857
0
LINE
8
BLACK
6
CONTINUOUS
10
6.3803694881889763
20
-4.8800866929133857
11
6.3792875984251971
21
-4.8811686220472437
0
LINE
8
BLACK
6
CONTINUOUS
10
6.3792875984251971
20
-4.8811686220472437
11
6.3779024409448821
21
-4.8839389370078736
0
LINE
8
BLACK
6
CONTINUOUS
10
6.3779024409448821
20
-4.8839389370078736
11
6.3779024409448821
21
-4.8957738976377954
0
LINE
8
BLACK
6
CONTINUOUS
10
6.3779024409448821
20
-4.8957738976377954
11
6.3792875984251971
21
-4.8985442125984253
0
LINE
8
BLACK
6
CONTINUOUS
10
6.3792875984251971
20
-4.8985442125984253
11
6.3810471653543308
21
-4.9003038188976378
0
LINE
8
BLACK
6
CONTINUOUS
10
6.3810471653543308
20
-4.9003038188976378
11
6.3817815748031492
21
-4.9011987401574801
0
LINE
8
BLACK
6
CONTINUOUS
10
6.3817815748031492
20
-4.9011987401574801
11
6.3826633464566926
21
-4.9033275590551177
0
LINE
8
BLACK
6
CONTINUOUS
10
6.3826633464566926
20
-4.9033275590551177
11
6.3826633070866139
21
-4.9056317322834646
0
LINE
8
BLACK
6
CONTINUOUS
10
6.3826633070866139
20
-4.9056317322834646
11
6.3817815354330705
21
-4.9077605511811022
0
LINE
8
BLACK
6
CONTINUOUS
10
6.3817815354330705
20
-4.9077605511811022
11
6.3801521653543309
21
-4.9093898818897639
0
LINE
8
BLACK
6
CONTINUOUS
10
6.3801521653543309
20
-4.9093898818897639
11
6.3780233464566924
21
-4.9102716535433073
0
LINE
8
BLACK
6
CONTINUOUS
10
6.3780233464566924
20
-4.9102716535433073
11
6.3757191732283465
21
-4.9102716141732285
0
LINE
8
BLACK
6
CONTINUOUS
10
6.3757191732283465
20
-4.9102716141732285
11
6.3735903543307089
21
-4.9093898425196851
0
LINE
8
BLACK
6
CONTINUOUS
10
6.3735903543307089
20
-4.9093898425196851
11
6.3726954330708656
21
-4.9086553937007871
0
LINE
8
BLACK
6
CONTINUOUS
10
6.3726954330708656
20
-4.9086553937007871
11
6.3702582677165349
21
-4.9062181889763776
0
LINE
8
BLACK
6
CONTINUOUS
10
6.3702582677165349
20
-4.9062181889763776
11
6.3698866535433067
21
-4.9057653543307085
0
LINE
8
BLACK
6
CONTINUOUS
10
6.3698866535433067
20
-4.9057653543307085
11
6.3697688188976374
21
-4.9056631889763782
0
LINE
8
BLACK
6
CONTINUOUS
10
6.3697688188976374
20
-4.9056631889763782
11
6.3696569685039366
21
-4.9054855118110234
0
LINE
8
BLACK
6
CONTINUOUS
10
6.3696569685039366
20
-4.9054855118110234
11
6.3695238188976377
21
-4.9053232677165353
0
LINE
8
BLACK
6
CONTINUOUS
10
6.3695238188976377
20
-4.9053232677165353
11
6.3694641338582674
21
-4.9051791732283467
0
LINE
8
BLACK
6
CONTINUOUS
10
6.3694641338582674
20
-4.9051791732283467
11
6.3691520866141733
21
-4.9046834645669293
0
LINE
8
BLACK
6
CONTINUOUS
10
6.3691520866141733
20
-4.9046834645669293
11
6.3667148818897639
21
-4.8998090551181104
0
LINE
8
BLACK
6
CONTINUOUS
10
6.3667148818897639
20
-4.8998090551181104
11
6.3663011417322837
21
-4.8987278346456691
0
LINE
8
BLACK
6
CONTINUOUS
10
6.3663011417322837
20
-4.8987278346456691
11
6.3662861023622046
21
-4.8985162204724411
0
LINE
8
BLACK
6
CONTINUOUS
10
6.3662861023622046
20
-4.8985162204724411
11
6.3662048818897636
21
-4.898320157480315
0
LINE
8
BLACK
6
CONTINUOUS
10
6.3662048818897636
20
-4.898320157480315
11
6.3660914173228349
21
-4.8971680314960633
0
LINE
8
BLACK
6
CONTINUOUS
10
6.3660914173228349
20
-4.8971680314960633
11
6.3660914173228349
21
-4.8825448425196853
0
LINE
8
BLACK
6
CONTINUOUS
10
6.3660914173228349
20
-4.8825448425196853
11
6.3662048818897636
21
-4.8813927165354327
0
LINE
8
BLACK
6
CONTINUOUS
10
6.3662048818897636
20
-4.8813927165354327
11
6.3662861023622046
21
-4.8811966141732279
0
LINE
8
BLACK
6
CONTINUOUS
10
6.3662861023622046
20
-4.8811966141732279
11
6.3663011417322837
21
-4.8809850393700787
0
LINE
8
BLACK
6
CONTINUOUS
10
6.3663011417322837
20
-4.8809850393700787
11
6.3667148818897639
21
-4.8799038188976374
0
LINE
8
BLACK
6
CONTINUOUS
10
6.3667148818897639
20
-4.8799038188976374
11
6.3691520866141733
21
-4.8750294094488185
0
LINE
8
BLACK
6
CONTINUOUS
10
6.3691520866141733
20
-4.8750294094488185
11
6.3694641338582674
21
-4.8745336614173231
0
LINE
8
BLACK
6
CONTINUOUS
10
6.3694641338582674
20
-4.8745336614173231
11
6.3695238188976377
21
-4.8743896062992125
0
LINE
8
BLACK
6
CONTINUOUS
10
6.3695238188976377
20
-4.8743896062992125
11
6.3696569685039366
21
-4.8742273228346455
0
LINE
8
BLACK
6
CONTINUOUS
10
6.3696569685039366
20
-4.8742273228346455
11
6.3697688188976374
21
-4.8740496850393695
0
LINE
8
BLACK
6
CONTINUOUS
10
6.3697688188976374
20
-4.8740496850393695
11
6.3698866535433067
21
-4.8739474803149605
0
LINE
8
BLACK
6
CONTINUOUS
10
6.3698866535433067
20
-4.8739474803149605
11
6.3702582677165349
21
-4.8734946850393701
0
LINE
8
BLACK
6
CONTINUOUS
10
6.3702582677165349
20
-4.8734946850393701
11
6.3726954330708656
21
-4.8710574803149607
0
LINE
8
BLACK
6
CONTINUOUS
10
6.3726954330708656
20
-4.8710574803149607
11
6.3731482677165356
21
-4.8706858267716537
0
LINE
8
BLACK
6
CONTINUOUS
10
6.3731482677165356
20
-4.8706858267716537
11
6.3732505118110234
21
-4.8705679527559056
0
LINE
8
BLACK
6
CONTINUOUS
10
6.3732505118110234
20
-4.8705679527559056
11
6.3734282283464569
21
-4.8704560629921261
0
LINE
8
BLACK
6
CONTINUOUS
10
6.3734282283464569
20
-4.8704560629921261
11
6.3735903543307089
21
-4.8703230314960626
0
LINE
8
BLACK
6
CONTINUOUS
10
6.3735903543307089
20
-4.8703230314960626
11
6.3737343307086611
21
-4.8702633464566931
0
LINE
8
BLACK
6
CONTINUOUS
10
6.3737343307086611
20
-4.8702633464566931
11
6.3742302755905511
21
-4.8699512204724407
0
LINE
8
BLACK
6
CONTINUOUS
10
6.3742302755905511
20
-4.8699512204724407
11
6.37910468503937
21
-4.8675140157480312
0
LINE
8
BLACK
6
CONTINUOUS
10
6.37910468503937
20
-4.8675140157480312
11
6.3801859448818901
21
-4.8671002362204723
0
LINE
8
BLACK
6
CONTINUOUS
10
6.3801859448818901
20
-4.8671002362204723
11
6.3803975590551181
21
-4.8670851968503932
0
LINE
8
BLACK
6
CONTINUOUS
10
6.3803975590551181
20
-4.8670851968503932
11
6.3805935826771654
21
-4.867004015748031
0
LINE
8
BLACK
6
CONTINUOUS
10
6.3805935826771654
20
-4.867004015748031
11
6.3817457086614171
21
-4.8668905511811023
0
LINE
8
BLACK
6
CONTINUOUS
10
6.3817457086614171
20
-4.8668905511811023
11
6.3939316929133856
21
-4.8668905511811023
0
LINE
8
BLACK
6
CONTINUOUS
10
6.3939316929133856
20
-4.8668905511811023
11
6.3950838188976373
21
-4.867004015748031
0
LINE
8
BLACK
6
CONTINUOUS
10
6.0924966141732284
20
-4.8645668110236215
11
6.0926925590551182
21
-4.864647952755905
0
LINE
8
BLACK
6
CONTINUOUS
10
6.0926925590551182
20
-4.864647952755905
11
6.0929042913385825
21
-4.8646630314960628
0
LINE
8
BLACK
6
CONTINUOUS
10
6.0929042913385825
20
-4.8646630314960628
11
6.0939855118110238
21
-4.8650768110236218
0
LINE
8
BLACK
6
CONTINUOUS
10
6.0939855118110238
20
-4.8650768110236218
11
6.0988599212598427
21
-4.8675140157480312
0
LINE
8
BLACK
6
CONTINUOUS
10
6.0988599212598427
20
-4.8675140157480312
11
6.0993557086614167
21
-4.8678261023622049
0
LINE
8
BLACK
6
CONTINUOUS
10
6.0993557086614167
20
-4.8678261023622049
11
6.0994998031496062
21
-4.8678857874015744
0
LINE
8
BLACK
6
CONTINUOUS
10
6.0994998031496062
20
-4.8678857874015744
11
6.0996619685039368
21
-4.8680188976377954
0
LINE
8
BLACK
6
CONTINUOUS
10
6.0996619685039368
20
-4.8680188976377954
11
6.0998396850393704
21
-4.8681307480314961
0
LINE
8
BLACK
6
CONTINUOUS
10
6.0998396850393704
20
-4.8681307480314961
11
6.0999418897637794
21
-4.8682486220472443
0
LINE
8
BLACK
6
CONTINUOUS
10
6.0999418897637794
20
-4.8682486220472443
11
6.1003947244094485
21
-4.8686202362204725
0
LINE
8
BLACK
6
CONTINUOUS
10
6.1003947244094485
20
-4.8686202362204725
11
6.102831929133858
21
-4.8710574409448819
0
LINE
8
BLACK
6
CONTINUOUS
10
6.102831929133858
20
-4.8710574409448819
11
6.1032036220472436
21
-4.8715103543307086
0
LINE
8
BLACK
6
CONTINUOUS
10
6.1032036220472436
20
-4.8715103543307086
11
6.1033214173228343
21
-4.8716125196850388
0
LINE
8
BLACK
6
CONTINUOUS
10
6.1033214173228343
20
-4.8716125196850388
11
6.1034331496062988
21
-4.8717900393700786
0
LINE
8
BLACK
6
CONTINUOUS
10
6.1034331496062988
20
-4.8717900393700786
11
6.103566377952756
21
-4.8719523622047243
0
LINE
8
BLACK
6
CONTINUOUS
10
6.103566377952756
20
-4.8719523622047243
11
6.1036260629921255
21
-4.8720964960629924
0
LINE
8
BLACK
6
CONTINUOUS
10
6.1036260629921255
20
-4.8720964960629924
11
6.1039381496062992
21
-4.8725922440944878
0
LINE
8
BLACK
6
CONTINUOUS
10
6.1039381496062992
20
-4.8725922440944878
11
6.1063753149606299
21
-4.8774666141732279
0
LINE
8
BLACK
6
CONTINUOUS
10
6.1063753149606299
20
-4.8774666141732279
11
6.1064075196850389
21
-4.8775507874015744
0
LINE
8
BLACK
6
CONTINUOUS
10
6.1064075196850389
20
-4.8775507874015744
11
6.1064329527559051
21
-4.8775851181102361
0
LINE
8
BLACK
6
CONTINUOUS
10
6.1064329527559051
20
-4.8775851181102361
11
6.1066054330708663
21
-4.878067952755905
0
LINE
8
BLACK
6
CONTINUOUS
10
6.1066054330708663
20
-4.878067952755905
11
6.1067890944881889
21
-4.8785478346456692
0
LINE
8
BLACK
6
CONTINUOUS
10
6.1067890944881889
20
-4.8785478346456692
11
6.1067920866141732
21
-4.878590472440945
0
LINE
8
BLACK
6
CONTINUOUS
10
6.1067920866141732
20
-4.878590472440945
11
6.1068224409448817
21
-4.8786753543307082
0
LINE
8
BLACK
6
CONTINUOUS
10
6.1068224409448817
20
-4.8786753543307082
11
6.109102362204724
21
-4.8877951181102359
0
LINE
8
BLACK
6
CONTINUOUS
10
6.109102362204724
20
-4.8877951181102359
11
6.1108211417322833
21
-4.8912326377952757
0
LINE
8
BLACK
6
CONTINUOUS
10
6.1108211417322833
20
-4.8912326377952757
11
6.1119030708661413
21
-4.8923145669291337
0
LINE
8
BLACK
6
CONTINUOUS
10
6.1119030708661413
20
-4.8923145669291337
11
6.1146733070866137
21
-4.8936996850393699
0
LINE
8
BLACK
6
CONTINUOUS
10
6.1146733070866137
20
-4.8936996850393699
11
6.1167595669291339
21
-4.8936996850393699
0
LINE
8
BLACK
6
CONTINUOUS
10
6.1167595669291339
20
-4.8936996850393699
11
6.1195298425196851
21
-4.8923145275590549
0
LINE
8
BLACK
6
CONTINUOUS
10
6.1195298425196851
20
-4.8923145275590549
11
6.1206117716535431
21
-4.8912326377952757
0
LINE
8
BLACK
6
CONTINUOUS
10
6.1206117716535431
20
-4.8912326377952757
11
6.1219969291338581
21
-4.8884623228346458
0
LINE
8
BLACK
6
CONTINUOUS
10
6.1219969291338581
20
-4.8884623228346458
11
6.1219969291338581
21
-4.8786287401574802
0
LINE
8
BLACK
6
CONTINUOUS
10
6.1219969291338581
20
-4.8786287401574802
11
6.1198627952755906
21
-4.872226338582677
0
LINE
8
BLACK
6
CONTINUOUS
10
6.1198627952755906
20
-4.872226338582677
11
6.1196061023622041
21
-4.8710974803149609
0
LINE
8
BLACK
6
CONTINUOUS
10
6.1196061023622041
20
-4.8710974803149609
11
6.1197694488188974
21
-4.8687990157480314
0
LINE
8
BLACK
6
CONTINUOUS
10
6.1197694488188974
20
-4.8687990157480314
11
6.1207999212598425
21
-4.8667381102362199
0
LINE
8
BLACK
6
CONTINUOUS
10
6.1207999212598425
20
-4.8667381102362199
11
6.1225406299212599
21
-4.8652283858267715
0
LINE
8
BLACK
6
CONTINUOUS
10
6.1225406299212599
20
-4.8652283858267715
11
6.1247266141732286
21
-4.8644997244094483
0
LINE
8
BLACK
6
CONTINUOUS
10
6.1247266141732286
20
-4.8644997244094483
11
6.1270250787401572
21
-4.8646630708661416
0
LINE
8
BLACK
6
CONTINUOUS
10
6.1270250787401572
20
-4.8646630708661416
11
6.1290859842519687
21
-4.8656935433070867
0
LINE
8
BLACK
6
CONTINUOUS
10
6.1290859842519687
20
-4.8656935433070867
11
6.1305957086614171
21
-4.8674342519685041
0
LINE
8
BLACK
6
CONTINUOUS
10
6.1305957086614171
20
-4.8674342519685041
11
6.1310676771653538
21
-4.8684913779527559
0
LINE
8
BLACK
6
CONTINUOUS
10
6.1310676771653538
20
-4.8684913779527559
11
6.133504921259842
21
-4.8758029921259842
0
LINE
8
BLACK
6
CONTINUOUS
10
6.133504921259842
20
-4.8758029921259842
11
6.1336348031496062
21
-4.8763743307086616
0
LINE
8
BLACK
6
CONTINUOUS
10
6.1336348031496062
20
-4.8763743307086616
11
6.1336944881889766
21
-4.8765183464566926
0
LINE
8
BLACK
6
CONTINUOUS
10
6.1336944881889766
20
-4.8765183464566926
11
6.1337150393700783
21
-4.8767270866141734
0
LINE
8
BLACK
6
CONTINUOUS
10
6.1337150393700783
20
-4.8767270866141734
11
6.1337616141732285
21
-4.876931889763779
0
LINE
8
BLACK
6
CONTINUOUS
10
6.1337616141732285
20
-4.876931889763779
11
6.1337505118110238
21
-4.8770875590551181
0
LINE
8
BLACK
6
CONTINUOUS
10
6.1337505118110238
20
-4.8770875590551181
11
6.1338079527559053
21
-4.8776704724409452
0
LINE
8
BLACK
6
CONTINUOUS
10
6.1338079527559053
20
-4.8776704724409452
11
6.1338079527559053
21
-4.8898564173228349
0
LINE
8
BLACK
6
CONTINUOUS
10
6.1338079527559053
20
-4.8898564173228349
11
6.1336944881889766
21
-4.8910085433070867
0
LINE
8
BLACK
6
CONTINUOUS
10
6.1336944881889766
20
-4.8910085433070867
11
6.1336132677165356
21
-4.8912045275590552
0
LINE
8
BLACK
6
CONTINUOUS
10
6.1336132677165356
20
-4.8912045275590552
11
6.1335982677165353
21
-4.891416181102362
0
LINE
8
BLACK
6
CONTINUOUS
10
6.1335982677165353
20
-4.891416181102362
11
6.1331844881889763
21
-4.892497440944882
0
LINE
8
BLACK
6
CONTINUOUS
10
6.1331844881889763
20
-4.892497440944882
11
6.1307472834645669
21
-4.8973718503937009
0
LINE
8
BLACK
6
CONTINUOUS
10
6.1307472834645669
20
-4.8973718503937009
11
6.1304351574803144
21
-4.8978676377952759
0
LINE
8
BLACK
6
CONTINUOUS
10
6.1304351574803144
20
-4.8978676377952759
11
6.1303755118110237
21
-4.8980117322834644
0
LINE
8
BLACK
6
CONTINUOUS
10
6.1303755118110237
20
-4.8980117322834644
11
6.130242362204724
21
-4.8981738976377951
0
LINE
8
BLACK
6
CONTINUOUS
10
6.130242362204724
20
-4.8981738976377951
11
6.1301305511811019
21
-4.8983516141732286
0
LINE
8
BLACK
6
CONTINUOUS
10
6.1301305511811019
20
-4.8983516141732286
11
6.1300126771653538
21
-4.8984538188976376
0
LINE
8
BLACK
6
CONTINUOUS
10
6.1300126771653538
20
-4.8984538188976376
11
6.1296410629921256
21
-4.8989066535433068
0
LINE
8
BLACK
6
CONTINUOUS
10
6.1296410629921256
20
-4.8989066535433068
11
6.1272038582677162
21
-4.9013438582677162
0
LINE
8
BLACK
6
CONTINUOUS
10
6.1272038582677162
20
-4.9013438582677162
11
6.126751023622047
21
-4.9017154724409444
0
LINE
8
BLACK
6
CONTINUOUS
10
6.126751023622047
20
-4.9017154724409444
11
6.1266487795275593
21
-4.9018333858267713
0
LINE
8
BLACK
6
CONTINUOUS
10
6.1266487795275593
20
-4.9018333858267713
11
6.1264710629921257
21
-4.9019451968503933
0
LINE
8
BLACK
6
CONTINUOUS
10
6.1264710629921257
20
-4.9019451968503933
11
6.1263089370078738
21
-4.9020783070866143
0
LINE
8
BLACK
6
CONTINUOUS
10
6.1263089370078738
20
-4.9020783070866143
11
6.1261648031496065
21
-4.9021379921259838
0
LINE
8
BLACK
6
CONTINUOUS
10
6.1261648031496065
20
-4.9021379921259838
11
6.1256690157480316
21
-4.9024500787401575
0
LINE
8
BLACK
6
CONTINUOUS
10
6.1256690157480316
20
-4.9024500787401575
11
6.1207946850393702
21
-4.9048872440944882
0
LINE
8
BLACK
6
CONTINUOUS
10
6.1207946850393702
20
-4.9048872440944882
11
6.1197134251968501
21
-4.9053010236220471
0
LINE
8
BLACK
6
CONTINUOUS
10
6.1197134251968501
20
-4.9053010236220471
11
6.1195017716535434
21
-4.9053160236220474
0
LINE
8
BLACK
6
CONTINUOUS
10
6.1195017716535434
20
-4.9053160236220474
11
6.1193057874015748
21
-4.9053972440944884
0
LINE
8
BLACK
6
CONTINUOUS
10
6.1193057874015748
20
-4.9053972440944884
11
6.1181536614173231
21
-4.9055107086614171
0
LINE
8
BLACK
6
CONTINUOUS
10
6.1181536614173231
20
-4.9055107086614171
11
6.1132792519685042
21
-4.9055107086614171
0
LINE
8
BLACK
6
CONTINUOUS
10
6.1132792519685042
20
-4.9055107086614171
11
6.1121271259842516
21
-4.9053972440944884
0
LINE
8
BLACK
6
CONTINUOUS
10
6.1121271259842516
20
-4.9053972440944884
11
6.111931141732283
21
-4.9053160629921262
0
LINE
8
BLACK
6
CONTINUOUS
10
6.111931141732283
20
-4.9053160629921262
11
6.1117194488188975
21
-4.9053010236220471
0
LINE
8
BLACK
6
CONTINUOUS
10
6.1117194488188975
20
-4.9053010236220471
11
6.1106382283464562
21
-4.9048872440944882
0
LINE
8
BLACK
6
CONTINUOUS
10
6.1106382283464562
20
-4.9048872440944882
11
6.1057638582677161
21
-4.9024500787401575
0
LINE
8
BLACK
6
CONTINUOUS
10
6.1057638582677161
20
-4.9024500787401575
11
6.1052681102362207
21
-4.9021379921259838
0
LINE
8
BLACK
6
CONTINUOUS
10
6.1052681102362207
20
-4.9021379921259838
11
6.1051239763779526
21
-4.9020783070866143
0
LINE
8
BLACK
6
CONTINUOUS
10
6.1051239763779526
20
-4.9020783070866143
11
6.1049616535433069
21
-4.9019450787401571
0
LINE
8
BLACK
6
CONTINUOUS
10
6.1049616535433069
20
-4.9019450787401571
11
6.104784133858268
21
-4.9018333464566926
0
LINE
8
BLACK
6
CONTINUOUS
10
6.104784133858268
20
-4.9018333464566926
11
6.1046819685039369
21
-4.9017155511811019
0
LINE
8
BLACK
6
CONTINUOUS
10
6.1046819685039369
20
-4.9017155511811019
11
6.1042290551181102
21
-4.9013438582677162
0
LINE
8
BLACK
6
CONTINUOUS
10
6.1042290551181102
20
-4.9013438582677162
11
6.1017918503937008
21
-4.8989066535433068
0
LINE
8
BLACK
6
CONTINUOUS
10
6.1017918503937008
20
-4.8989066535433068
11
6.1014202362204726
21
-4.8984538188976376
0
LINE
8
BLACK
6
CONTINUOUS
10
6.1014202362204726
20
-4.8984538188976376
11
6.1013023622047244
21
-4.8983516141732286
0
LINE
8
BLACK
6
CONTINUOUS
10
6.1013023622047244
20
-4.8983516141732286
11
6.1011905118110237
21
-4.8981738976377951
0
LINE
8
BLACK
6
CONTINUOUS
10
6.1011905118110237
20
-4.8981738976377951
11
6.1010574015748027
21
-4.8980117322834644
0
LINE
8
BLACK
6
CONTINUOUS
10
6.1010574015748027
20
-4.8980117322834644
11
6.1009977165354332
21
-4.8978676377952759
0
LINE
8
BLACK
6
CONTINUOUS
10
6.1009977165354332
20
-4.8978676377952759
11
6.1006856299212595
21
-4.8973718503937009
0
LINE
8
BLACK
6
CONTINUOUS
10
6.1006856299212595
20
-4.8973718503937009
11
6.0982484251968501
21
-4.892497440944882
0
LINE
8
BLACK
6
CONTINUOUS
10
6.0982484251968501
20
-4.892497440944882
11
6.0982161811023623
21
-4.8924132283464568
0
LINE
8
BLACK
6
CONTINUOUS
10
6.0982161811023623
20
-4.8924132283464568
11
6.0981907874015748
21
-4.8923789370078739
0
LINE
8
BLACK
6
CONTINUOUS
10
6.0981907874015748
20
-4.8923789370078739
11
6.0980181889763774
21
-4.8918958267716537
0
LINE
8
BLACK
6
CONTINUOUS
10
6.0980181889763774
20
-4.8918958267716537
11
6.0978346456692911
21
-4.8914162204724407
0
LINE
8
BLACK
6
CONTINUOUS
10
6.0978346456692911
20
-4.8914162204724407
11
6.0978316141732281
21
-4.8913735826771649
0
LINE
8
BLACK
6
CONTINUOUS
10
6.0978316141732281
20
-4.8913735826771649
11
6.0978012992125983
21
-4.8912887401574805
0
LINE
8
BLACK
6
CONTINUOUS
10
6.0978012992125983
20
-4.8912887401574805
11
6.0955212992125984
21
-4.8821688188976378
0
LINE
8
BLACK
6
CONTINUOUS
10
6.0955212992125984
20
-4.8821688188976378
11
6.0938026377952754
21
-4.878731456692913
0
LINE
8
BLACK
6
CONTINUOUS
10
6.0938026377952754
20
-4.878731456692913
11
6.0927207086614175
21
-4.877649527559055
0
LINE
8
BLACK
6
CONTINUOUS
10
6.0927207086614175
20
-4.877649527559055
11
6.0899503937007875
21
-4.87626437007874
0
LINE
8
BLACK
6
CONTINUOUS
10
6.0899503937007875
20
-4.87626437007874
11
6.0878642125984248
21
-4.87626437007874
0
LINE
8
BLACK
6
CONTINUOUS
10
6.0878642125984248
20
-4.87626437007874
11
6.0850938976377948
21
-4.8776494881889763
0
LINE
8
BLACK
6
CONTINUOUS
10
6.0850938976377948
20
-4.8776494881889763
11
6.0840120078740156
21
-4.8787314173228342
0
LINE
8
BLACK
6
CONTINUOUS
10
6.0840120078740156
20
-4.8787314173228342
11
6.0826268503937007
21
-4.8815017322834642
0
LINE
8
BLACK
6
CONTINUOUS
10
6.0826268503937007
20
-4.8815017322834642
11
6.0826268503937007
21
-4.8913353149606298
0
LINE
8
BLACK
6
CONTINUOUS
10
6.0826268503937007
20
-4.8913353149606298
11
6.0847609842519681
21
-4.897737716535433
0
LINE
8
BLACK
6
CONTINUOUS
10
6.0847609842519681
20
-4.897737716535433
11
6.0850176771653546
21
-4.8988665748031499
0
LINE
8
BLACK
6
CONTINUOUS
10
6.0850176771653546
20
-4.8988665748031499
11
6.0848543307086613
21
-4.9011649999999998
0
LINE
8
BLACK
6
CONTINUOUS
10
6.0848543307086613
20
-4.9011649999999998
11
6.083823897637795
21
-4.90322594488189
0
LINE
8
BLACK
6
CONTINUOUS
10
6.083823897637795
20
-4.90322594488189
11
6.0820831496062988
21
-4.9047356692913384
0
LINE
8
BLACK
6
CONTINUOUS
10
6.0820831496062988
20
-4.9047356692913384
11
6.079897165354331
21
-4.9054643700787404
0
LINE
8
BLACK
6
CONTINUOUS
10
6.079897165354331
20
-4.9054643700787404
11
6.0775987401574803
21
-4.9053009842519684
0
LINE
8
BLACK
6
CONTINUOUS
10
6.0775987401574803
20
-4.9053009842519684
11
6.0755378346456688
21
-4.904270551181102
0
LINE
8
BLACK
6
CONTINUOUS
10
6.0755378346456688
20
-4.904270551181102
11
6.0740280708661416
21
-4.9025298031496058
0
LINE
8
BLACK
6
CONTINUOUS
10
6.0740280708661416
20
-4.9025298031496058
11
6.0735561023622049
21
-4.9014727165354328
0
LINE
8
BLACK
6
CONTINUOUS
10
6.0735561023622049
20
-4.9014727165354328
11
6.0711188976377954
21
-4.8941611023622045
0
LINE
8
BLACK
6
CONTINUOUS
10
6.0711188976377954
20
-4.8941611023622045
11
6.0709890157480313
21
-4.8935899212598422
0
LINE
8
BLACK
6
CONTINUOUS
10
6.0709890157480313
20
-4.8935899212598422
11
6.0709292913385822
21
-4.8934457480314961
0
LINE
8
BLACK
6
CONTINUOUS
10
6.0709292913385822
20
-4.8934457480314961
11
6.0709087007874016
21
-4.8932367322834649
0
LINE
8
BLACK
6
CONTINUOUS
10
6.0709087007874016
20
-4.8932367322834649
11
6.070862204724409
21
-4.8930322440944884
0
LINE
8
BLACK
6
CONTINUOUS
10
6.070862204724409
20
-4.8930322440944884
11
6.0708732283464562
21
-4.8928767322834643
0
LINE
8
BLACK
6
CONTINUOUS
10
6.0708732283464562
20
-4.8928767322834643
11
6.0708158267716534
21
-4.8922936220472444
0
LINE
8
BLACK
6
CONTINUOUS
10
6.0708158267716534
20
-4.8922936220472444
11
6.0708158267716534
21
-4.8801076377952759
0
LINE
8
BLACK
6
CONTINUOUS
10
6.0708158267716534
20
-4.8801076377952759
11
6.0709292913385822
21
-4.8789555118110233
0
LINE
8
BLACK
6
CONTINUOUS
10
6.0709292913385822
20
-4.8789555118110233
11
6.0710105118110231
21
-4.8787594094488185
0
LINE
8
BLACK
6
CONTINUOUS
10
6.0710105118110231
20
-4.8787594094488185
11
6.0710255511811022
21
-4.8785478346456692
0
LINE
8
BLACK
6
CONTINUOUS
10
6.0710255511811022
20
-4.8785478346456692
11
6.0714392913385824
21
-4.8774666141732279
0
LINE
8
BLACK
6
CONTINUOUS
10
6.0714392913385824
20
-4.8774666141732279
11
6.0738764960629918
21
-4.872592204724409
0
LINE
8
BLACK
6
CONTINUOUS
10
6.0738764960629918
20
-4.872592204724409
11
6.0741885433070868
21
-4.8720964566929137
0
LINE
8
BLACK
6
CONTINUOUS
10
6.0741885433070868
20
-4.8720964566929137
11
6.0742482283464563
21
-4.871952401574803
0
LINE
8
BLACK
6
CONTINUOUS
10
6.0742482283464563
20
-4.871952401574803
11
6.074381377952756
21
-4.8717901181102361
0
LINE
8
BLACK
6
CONTINUOUS
10
6.074381377952756
20
-4.8717901181102361
11
6.0744932283464568
21
-4.8716124803149601
0
LINE
8
BLACK
6
CONTINUOUS
10
6.0744932283464568
20
-4.8716124803149601
11
6.0746110629921262
21
-4.8715102755905511
0
LINE
8
BLACK
6
CONTINUOUS
10
6.0746110629921262
20
-4.8715102755905511
11
6.0749826771653543
21
-4.8710574803149607
0
LINE
8
BLACK
6
CONTINUOUS
10
6.0749826771653543
20
-4.8710574803149607
11
6.077419842519685
21
-4.8686202755905512
0
LINE
8
BLACK
6
CONTINUOUS
10
6.077419842519685
20
-4.8686202755905512
11
6.0778726771653542
21
-4.8682486220472443
0
LINE
8
BLACK
6
CONTINUOUS
10
6.0778726771653542
20
-4.8682486220472443
11
6.077974921259842
21
-4.8681307480314961
0
LINE
8
BLACK
6
CONTINUOUS
10
6.077974921259842
20
-4.8681307480314961
11
6.0781526377952755
21
-4.8680188582677166
0
LINE
8
BLACK
6
CONTINUOUS
10
6.0781526377952755
20
-4.8680188582677166
11
6.0783147637795274
21
-4.8678858267716532
0
LINE
8
BLACK
6
CONTINUOUS
10
6.0783147637795274
20
-4.8678858267716532
11
6.0784587401574806
21
-4.8678261417322837
0
LINE
8
BLACK
6
CONTINUOUS
10
6.0784587401574806
20
-4.8678261417322837
11
6.0789546850393696
21
-4.8675140157480312
0
LINE
8
BLACK
6
CONTINUOUS
10
6.0789546850393696
20
-4.8675140157480312
11
6.0838290944881885
21
-4.8650768110236218
0
LINE
8
BLACK
6
CONTINUOUS
10
6.0838290944881885
20
-4.8650768110236218
11
6.0849103543307086
21
-4.8646630314960628
0
LINE
8
BLACK
6
CONTINUOUS
10
6.0849103543307086
20
-4.8646630314960628
11
6.0851219685039366
21
-4.8646479921259838
0
LINE
8
BLACK
6
CONTINUOUS
10
6.0851219685039366
20
-4.8646479921259838
11
6.0853179921259839
21
-4.8645668110236215
0
LINE
8
BLACK
6
CONTINUOUS
10
6.0853179921259839
20
-4.8645668110236215
11
6.0864701181102356
21
-4.8644533464566928
0
LINE
8
BLACK
6
CONTINUOUS
10
6.0864701181102356
20
-4.8644533464566928
11
6.0913444881889767
21
-4.8644533464566928
0
LINE
8
BLACK
6
CONTINUOUS
10
6.0913444881889767
20
-4.8644533464566928
11
6.0924966141732284
21
-4.8645668110236215
0
LINE
8
BLACK
6
CONTINUOUS
10
6.0317428740157482
20
-4.8308782677165354
11
6.0336574409448813
21
-4.8321604330708663
0
LINE
8
BLACK
6
CONTINUOUS
10
6.0336574409448813
20
-4.8321604330708663
11
6.0349355905511812
21
-4.8340776771653546
0
LINE
8
BLACK
6
CONTINUOUS
10
6.0349355905511812
20
-4.8340776771653546
11
6.0353827559055118
21
-4.8363381102362206
0
LINE
8
BLACK
6
CONTINUOUS
10
6.0353827559055118
20
-4.8363381102362206
11
6.0349308661417318
21
-4.838597519685039
0
LINE
8
BLACK
6
CONTINUOUS
10
6.0349308661417318
20
-4.838597519685039
11
6.0336487007874018
21
-4.8405120866141731
0
LINE
8
BLACK
6
CONTINUOUS
10
6.0336487007874018
20
-4.8405120866141731
11
6.0327530314960631
21
-4.8412455905511811
0
LINE
8
BLACK
6
CONTINUOUS
10
6.0327530314960631
20
-4.8412455905511811
11
6.0145330314960628
21
-4.8533922440944881
0
LINE
8
BLACK
6
CONTINUOUS
10
6.0145330314960628
20
-4.8533922440944881
11
6.0327530314960631
21
-4.8655388976377951
0
LINE
8
BLACK
6
CONTINUOUS
10
6.0327530314960631
20
-4.8655388976377951
11
6.0336487007874018
21
-4.8662724015748031
0
LINE
8
BLACK
6
CONTINUOUS
10
6.0336487007874018
20
-4.8662724015748031
11
6.0349308661417318
21
-4.8681869685039372
0
LINE
8
BLACK
6
CONTINUOUS
10
6.0349308661417318
20
-4.8681869685039372
11
6.0353827559055118
21
-4.8704463779527556
0
LINE
8
BLACK
6
CONTINUOUS
10
6.0353827559055118
20
-4.8704463779527556
11
6.0349355905511812
21
-4.8727068110236216
0
LINE
8
BLACK
6
CONTINUOUS
10
6.0349355905511812
20
-4.8727068110236216
11
6.0336574409448813
21
-4.8746240551181099
0
LINE
8
BLACK
6
CONTINUOUS
10
6.0336574409448813
20
-4.8746240551181099
11
6.0317428740157482
21
-4.8759062204724408
0
LINE
8
BLACK
6
CONTINUOUS
10
6.0317428740157482
20
-4.8759062204724408
11
6.0294834251968501
21
-4.8763581102362208
0
LINE
8
BLACK
6
CONTINUOUS
10
6.0294834251968501
20
-4.8763581102362208
11
6.0272230314960629
21
-4.8759109448818894
0
LINE
8
BLACK
6
CONTINUOUS
10
6.0272230314960629
20
-4.8759109448818894
11
6.0262014566929132
21
-4.8753662598425196
0
LINE
8
BLACK
6
CONTINUOUS
10
6.0262014566929132
20
-4.8753662598425196
11
6.0038866929133858
21
-4.860489763779527
0
LINE
8
BLACK
6
CONTINUOUS
10
6.0038866929133858
20
-4.860489763779527
11
5.9815719291338585
21
-4.8753662992125983
0
LINE
8
BLACK
6
CONTINUOUS
10
5.9815719291338585
20
-4.8753662992125983
11
5.9805503543307088
21
-4.8759109448818894
0
LINE
8
BLACK
6
CONTINUOUS
10
5.9805503543307088
20
-4.8759109448818894
11
5.9782899212598428
21
-4.8763581102362208
0
LINE
8
BLACK
6
CONTINUOUS
10
5.9782899212598428
20
-4.8763581102362208
11
5.9760305118110235
21
-4.8759062204724408
0
LINE
8
BLACK
6
CONTINUOUS
10
5.9760305118110235
20
-4.8759062204724408
11
5.9741159448818895
21
-4.8746240551181099
0
LINE
8
BLACK
6
CONTINUOUS
10
5.9741159448818895
20
-4.8746240551181099
11
5.9728377952755904
21
-4.8727068110236216
0
LINE
8
BLACK
6
CONTINUOUS
10
5.9728377952755904
20
-4.8727068110236216
11
5.9723906299212599
21
-4.8704463779527556
0
LINE
8
BLACK
6
CONTINUOUS
10
5.9723906299212599
20
-4.8704463779527556
11
5.972842519685039
21
-4.8681869685039372
0
LINE
8
BLACK
6
CONTINUOUS
10
5.972842519685039
20
-4.8681869685039372
11
5.9741246850393699
21
-4.8662724015748031
0
LINE
8
BLACK
6
CONTINUOUS
10
5.9741246850393699
20
-4.8662724015748031
11
5.9750203543307085
21
-4.8655388976377951
0
LINE
8
BLACK
6
CONTINUOUS
10
5.9750203543307085
20
-4.8655388976377951
11
5.9932403543307089
21
-4.8533922440944881
0
LINE
8
BLACK
6
CONTINUOUS
10
5.9932403543307089
20
-4.8533922440944881
11
5.9750203543307085
21
-4.8412455905511811
0
LINE
8
BLACK
6
CONTINUOUS
10
5.9750203543307085
20
-4.8412455905511811
11
5.9741246850393699
21
-4.8405120866141731
0
LINE
8
BLACK
6
CONTINUOUS
10
5.9741246850393699
20
-4.8405120866141731
11
5.972842519685039
21
-4.838597519685039
0
LINE
8
BLACK
6
CONTINUOUS
10
5.972842519685039
20
-4.838597519685039
11
5.9723906299212599
21
-4.8363381102362206
0
LINE
8
BLACK
6
CONTINUOUS
10
5.9723906299212599
20
-4.8363381102362206
11
5.9728377952755904
21
-4.8340776771653546
0
LINE
8
BLACK
6
CONTINUOUS
10
5.9728377952755904
20
-4.8340776771653546
11
5.9741159448818895
21
-4.8321604330708663
0
LINE
8
BLACK
6
CONTINUOUS
10
5.9741159448818895
20
-4.8321604330708663
11
5.9760305118110235
21
-4.8308782677165354
0
LINE
8
BLACK
6
CONTINUOUS
10
5.9760305118110235
20
-4.8308782677165354
11
5.9782899212598428
21
-4.8304263779527554
0
LINE
8
BLACK
6
CONTINUOUS
10
5.9782899212598428
20
-4.8304263779527554
11
5.9805503543307088
21
-4.8308735433070868
0
LINE
8
BLACK
6
CONTINUOUS
10
5.9805503543307088
20
-4.8308735433070868
11
5.9815719291338585
21
-4.8314181889763779
0
LINE
8
BLACK
6
CONTINUOUS
10
5.9815719291338585
20
-4.8314181889763779
11
6.0038866929133858
21
-4.8462946850393696
0
LINE
8
BLACK
6
CONTINUOUS
10
6.0038866929133858
20
-4.8462946850393696
11
6.0262014566929132
21
-4.8314182283464566
0
LINE
8
BLACK
6
CONTINUOUS
10
6.0262014566929132
20
-4.8314182283464566
11
6.0272230314960629
21
-4.8308735433070868
0
LINE
8
BLACK
6
CONTINUOUS
10
6.0272230314960629
20
-4.8308735433070868
11
6.0294834251968501
21
-4.8304263779527554
0
LINE
8
BLACK
6
CONTINUOUS
10
6.0294834251968501
20
-4.8304263779527554
11
6.0317428740157482
21
-4.8308782677165354
0
LINE
8
BLACK
6
CONTINUOUS
10
5.9093181889763775
20
-4.8328833464566925
11
5.9094043307086617
21
-4.8328705511811023
0
LINE
8
BLACK
6
CONTINUOUS
10
5.9094043307086617
20
-4.8328705511811023
11
5.9098354330708665
21
-4.8329342913385824
0
LINE
8
BLACK
6
CONTINUOUS
10
5.9098354330708665
20
-4.8329342913385824
11
5.9102694094488184
21
-4.8329770472440945
0
LINE
8
BLACK
6
CONTINUOUS
10
5.9102694094488184
20
-4.8329770472440945
11
5.910349881889764
21
-4.8330103937007873
0
LINE
8
BLACK
6
CONTINUOUS
10
5.910349881889764
20
-4.8330103937007873
11
5.9105495669291335
21
-4.8330399212598421
0
LINE
8
BLACK
6
CONTINUOUS
10
5.9105495669291335
20
-4.8330399212598421
11
5.9202983464566925
21
-4.8354770866141727
0
LINE
8
BLACK
6
CONTINUOUS
10
5.9202983464566925
20
-4.8354770866141727
11
5.9203833070866141
21
-4.8355074409448822
0
LINE
8
BLACK
6
CONTINUOUS
10
5.9203833070866141
20
-4.8355074409448822
11
5.9204258661417324
21
-4.8355104724409443
0
LINE
8
BLACK
6
CONTINUOUS
10
5.9204258661417324
20
-4.8355104724409443
11
5.9209048425196853
21
-4.8356937401574802
0
LINE
8
BLACK
6
CONTINUOUS
10
5.9209048425196853
20
-4.8356937401574802
11
5.9213885826771655
21
-4.8358665748031493
0
LINE
8
BLACK
6
CONTINUOUS
10
5.9213885826771655
20
-4.8358665748031493
11
5.9214228740157475
21
-4.8358919685039368
0
LINE
8
BLACK
6
CONTINUOUS
10
5.9214228740157475
20
-4.8358919685039368
11
5.9215070866141728
21
-4.8359242125984254
0
LINE
8
BLACK
6
CONTINUOUS
10
5.9215070866141728
20
-4.8359242125984254
11
5.9263814960629917
21
-4.8383614173228349
0
LINE
8
BLACK
6
CONTINUOUS
10
5.9263814960629917
20
-4.8383614173228349
11
5.9268772834645667
21
-4.8386735039370077
0
LINE
8
BLACK
6
CONTINUOUS
10
5.9268772834645667
20
-4.8386735039370077
11
5.9270213385826773
21
-4.8387331889763781
0
LINE
8
BLACK
6
CONTINUOUS
10
5.9270213385826773
20
-4.8387331889763781
11
5.927183503937008
21
-4.8388662598425194
0
LINE
8
BLACK
6
CONTINUOUS
10
5.927183503937008
20
-4.8388662598425194
11
5.9273612204724406
21
-4.8389781496062989
0
LINE
8
BLACK
6
CONTINUOUS
10
5.9273612204724406
20
-4.8389781496062989
11
5.9274634251968505
21
-4.8390959842519683
0
LINE
8
BLACK
6
CONTINUOUS
10
5.9274634251968505
20
-4.8390959842519683
11
5.9279162598425197
21
-4.8394676377952752
0
LINE
8
BLACK
6
CONTINUOUS
10
5.9279162598425197
20
-4.8394676377952752
11
5.9327906692913386
21
-4.8443420472440941
0
LINE
8
BLACK
6
CONTINUOUS
10
5.9327906692913386
20
-4.8443420472440941
11
5.9335251181102358
21
-4.8452369685039365
0
LINE
8
BLACK
6
CONTINUOUS
10
5.9335251181102358
20
-4.8452369685039365
11
5.933606299212598
21
-4.8454329921259838
0
LINE
8
BLACK
6
CONTINUOUS
10
5.933606299212598
20
-4.8454329921259838
11
5.9337453149606301
21
-4.8455932677165352
0
LINE
8
BLACK
6
CONTINUOUS
10
5.9337453149606301
20
-4.8455932677165352
11
5.9342172834645668
21
-4.846650393700787
0
LINE
8
BLACK
6
CONTINUOUS
10
5.9342172834645668
20
-4.846650393700787
11
5.9366544881889762
21
-4.8539619685039366
0
LINE
8
BLACK
6
CONTINUOUS
10
5.9366544881889762
20
-4.8539619685039366
11
5.9367843307086616
21
-4.8545331102362201
0
LINE
8
BLACK
6
CONTINUOUS
10
5.9367843307086616
20
-4.8545331102362201
11
5.9368440944881886
21
-4.8546773228346458
0
LINE
8
BLACK
6
CONTINUOUS
10
5.9368440944881886
20
-4.8546773228346458
11
5.9368646456692913
21
-4.8548862992125983
0
LINE
8
BLACK
6
CONTINUOUS
10
5.9368646456692913
20
-4.8548862992125983
11
5.9369111811023618
21
-4.8550908267716535
0
LINE
8
BLACK
6
CONTINUOUS
10
5.9369111811023618
20
-4.8550908267716535
11
5.9369001181102359
21
-4.855246299212598
0
LINE
8
BLACK
6
CONTINUOUS
10
5.9369001181102359
20
-4.855246299212598
11
5.9369575590551182
21
-4.8558294488188976
0
LINE
8
BLACK
6
CONTINUOUS
10
5.9369575590551182
20
-4.8558294488188976
11
5.9369575590551182
21
-4.868015433070866
0
LINE
8
BLACK
6
CONTINUOUS
10
5.9369575590551182
20
-4.868015433070866
11
5.9368440944881886
21
-4.8691675590551178
0
LINE
8
BLACK
6
CONTINUOUS
10
5.9368440944881886
20
-4.8691675590551178
11
5.9359622834645664
21
-4.8712963779527554
0
LINE
8
BLACK
6
CONTINUOUS
10
5.9359622834645664
20
-4.8712963779527554
11
5.9343329921259844
21
-4.8729256692913383
0
LINE
8
BLACK
6
CONTINUOUS
10
5.9343329921259844
20
-4.8729256692913383
11
5.9322041732283459
21
-4.8738074803149605
0
LINE
8
BLACK
6
CONTINUOUS
10
5.9322041732283459
20
-4.8738074803149605
11
5.9310520472440942
21
-4.8739209448818901
0
LINE
8
BLACK
6
CONTINUOUS
10
5.9310520472440942
20
-4.8739209448818901
11
5.8798709448818895
21
-4.8739209448818901
0
LINE
8
BLACK
6
CONTINUOUS
10
5.8798709448818895
20
-4.8739209448818901
11
5.8787188188976378
21
-4.8738074803149605
0
LINE
8
BLACK
6
CONTINUOUS
10
5.8787188188976378
20
-4.8738074803149605
11
5.8765900000000002
21
-4.8729256692913383
0
LINE
8
BLACK
6
CONTINUOUS
10
5.8765900000000002
20
-4.8729256692913383
11
5.8749607086614173
21
-4.8712963779527554
0
LINE
8
BLACK
6
CONTINUOUS
10
5.8749607086614173
20
-4.8712963779527554
11
5.8740788976377951
21
-4.8691675590551178
0
LINE
8
BLACK
6
CONTINUOUS
10
5.8740788976377951
20
-4.8691675590551178
11
5.8739654330708664
21
-4.868015433070866
0
LINE
8
BLACK
6
CONTINUOUS
10
5.8739654330708664
20
-4.868015433070866
11
5.8739654330708664
21
-4.8558294488188976
0
LINE
8
BLACK
6
CONTINUOUS
10
5.8739654330708664
20
-4.8558294488188976
11
5.8740228346456691
21
-4.855246299212598
0
LINE
8
BLACK
6
CONTINUOUS
10
5.8740228346456691
20
-4.855246299212598
11
5.8740118110236219
21
-4.8550908267716535
0
LINE
8
BLACK
6
CONTINUOUS
10
5.8740118110236219
20
-4.8550908267716535
11
5.8740583070866137
21
-4.8548862992125983
0
LINE
8
BLACK
6
CONTINUOUS
10
5.8740583070866137
20
-4.8548862992125983
11
5.8740788976377951
21
-4.8546773228346458
0
LINE
8
BLACK
6
CONTINUOUS
10
5.8740788976377951
20
-4.8546773228346458
11
5.8741386220472442
21
-4.8545331102362201
0
LINE
8
BLACK
6
CONTINUOUS
10
5.8741386220472442
20
-4.8545331102362201
11
5.8742685039370075
21
-4.8539619685039366
0
LINE
8
BLACK
6
CONTINUOUS
10
5.8742685039370075
20
-4.8539619685039366
11
5.8767057086614169
21
-4.8466503543307082
0
LINE
8
BLACK
6
CONTINUOUS
10
5.8767057086614169
20
-4.8466503543307082
11
5.8771776771653546
21
-4.8455932677165352
0
LINE
8
BLACK
6
CONTINUOUS
10
5.8771776771653546
20
-4.8455932677165352
11
5.877316653543307
21
-4.8454329921259838
0
LINE
8
BLACK
6
CONTINUOUS
10
5.877316653543307
20
-4.8454329921259838
11
5.877397874015748
21
-4.8452369685039365
0
LINE
8
BLACK
6
CONTINUOUS
10
5.877397874015748
20
-4.8452369685039365
11
5.8781323228346452
21
-4.8443420472440941
0
LINE
8
BLACK
6
CONTINUOUS
10
5.8781323228346452
20
-4.8443420472440941
11
5.8830066929133853
21
-4.8394676377952752
0
LINE
8
BLACK
6
CONTINUOUS
10
5.8830066929133853
20
-4.8394676377952752
11
5.8834595275590553
21
-4.8390959448818895
0
LINE
8
BLACK
6
CONTINUOUS
10
5.8834595275590553
20
-4.8390959448818895
11
5.8835617322834644
21
-4.8389781496062989
0
LINE
8
BLACK
6
CONTINUOUS
10
5.8835617322834644
20
-4.8389781496062989
11
5.8837392519685041
21
-4.8388663779527556
0
LINE
8
BLACK
6
CONTINUOUS
10
5.8837392519685041
20
-4.8388663779527556
11
5.8839015748031498
21
-4.8387331889763781
0
LINE
8
BLACK
6
CONTINUOUS
10
5.8839015748031498
20
-4.8387331889763781
11
5.8840457480314958
21
-4.8386734251968502
0
LINE
8
BLACK
6
CONTINUOUS
10
5.8840457480314958
20
-4.8386734251968502
11
5.884541496062992
21
-4.8383614173228349
0
LINE
8
BLACK
6
CONTINUOUS
10
5.884541496062992
20
-4.8383614173228349
11
5.8894159055118109
21
-4.8359242125984254
0
LINE
8
BLACK
6
CONTINUOUS
10
5.8894159055118109
20
-4.8359242125984254
11
5.889500157480315
21
-4.835891929133858
0
LINE
8
BLACK
6
CONTINUOUS
10
5.889500157480315
20
-4.835891929133858
11
5.8895344488188979
21
-4.8358665748031493
0
LINE
8
BLACK
6
CONTINUOUS
10
5.8895344488188979
20
-4.8358665748031493
11
5.8900172834645668
21
-4.8356940551181102
0
LINE
8
BLACK
6
CONTINUOUS
10
5.8900172834645668
20
-4.8356940551181102
11
5.890497165354331
21
-4.8355104330708656
0
LINE
8
BLACK
6
CONTINUOUS
10
5.890497165354331
20
-4.8355104330708656
11
5.8905397637795271
21
-4.8355074015748034
0
LINE
8
BLACK
6
CONTINUOUS
10
5.8905397637795271
20
-4.8355074015748034
11
5.8906246456692912
21
-4.8354770866141727
0
LINE
8
BLACK
6
CONTINUOUS
10
5.8906246456692912
20
-4.8354770866141727
11
5.9003734251968503
21
-4.8330398818897633
0
LINE
8
BLACK
6
CONTINUOUS
10
5.9003734251968503
20
-4.8330398818897633
11
5.9005731889763782
21
-4.8330103149606298
0
LINE
8
BLACK
6
CONTINUOUS
10
5.9005731889763782
20
-4.8330103149606298
11
5.9006535826771653
21
-4.8329770472440945
0
LINE
8
BLACK
6
CONTINUOUS
10
5.9006535826771653
20
-4.8329770472440945
11
5.9010872834645669
21
-4.8329343307086612
0
LINE
8
BLACK
6
CONTINUOUS
10
5.9010872834645669
20
-4.8329343307086612
11
5.9015187007874017
21
-4.8328705511811023
0
LINE
8
BLACK
6
CONTINUOUS
10
5.9015187007874017
20
-4.8328705511811023
11
5.9016048031496062
21
-4.8328833464566925
0
LINE
8
BLACK
6
CONTINUOUS
10
5.9016048031496062
20
-4.8328833464566925
11
5.9018057086614171
21
-4.8328635826771649
0
LINE
8
BLACK
6
CONTINUOUS
10
5.9018057086614171
20
-4.8328635826771649
11
5.9091172834645667
21
-4.8328635826771649
0
LINE
8
BLACK
6
CONTINUOUS
10
5.9091172834645667
20
-4.8328635826771649
11
5.9093181889763775
21
-4.8328833464566925
0
LINE
8
BLACK
6
CONTINUOUS
10
5.8941181496062987
20
-4.8467781889763781
11
5.8906807086614172
21
-4.848496889763779
0
LINE
8
BLACK
6
CONTINUOUS
10
5.8906807086614172
20
-4.848496889763779
11
5.8874697244094483
21
-4.8517079133858267
0
LINE
8
BLACK
6
CONTINUOUS
10
5.8874697244094483
20
-4.8517079133858267
11
5.8857764566929136
21
-4.8567877165354334
0
LINE
8
BLACK
6
CONTINUOUS
10
5.8857764566929136
20
-4.8567877165354334
11
5.8857764566929136
21
-4.862109921259842
0
LINE
8
BLACK
6
CONTINUOUS
10
5.8857764566929136
20
-4.862109921259842
11
5.925146535433071
21
-4.862109921259842
0
LINE
8
BLACK
6
CONTINUOUS
10
5.925146535433071
20
-4.862109921259842
11
5.925146535433071
21
-4.8567877559055113
0
LINE
8
BLACK
6
CONTINUOUS
10
5.925146535433071
20
-4.8567877559055113
11
5.9234532677165355
21
-4.8517079527559055
0
LINE
8
BLACK
6
CONTINUOUS
10
5.9234532677165355
20
-4.8517079527559055
11
5.920242204724409
21
-4.848496889763779
0
LINE
8
BLACK
6
CONTINUOUS
10
5.920242204724409
20
-4.848496889763779
11
5.9168049212598426
21
-4.8467782283464569
0
LINE
8
BLACK
6
CONTINUOUS
10
5.9168049212598426
20
-4.8467782283464569
11
5.9083903543307086
21
-4.8446746062992121
0
LINE
8
BLACK
6
CONTINUOUS
10
5.9083903543307086
20
-4.8446746062992121
11
5.9025326377952751
21
-4.8446746062992121
0
LINE
8
BLACK
6
CONTINUOUS
10
5.9025326377952751
20
-4.8446746062992121
11
5.8941181496062987
21
-4.8467781889763781
0
LINE
8
BLACK
6
CONTINUOUS
10
6.2176372440944885
20
-4.8280089370078736
11
6.2197660629921261
21
-4.8288907480314958
0
LINE
8
BLACK
6
CONTINUOUS
10
6.2197660629921261
20
-4.8288907480314958
11
6.2213953543307081
21
-4.8305200393700787
0
LINE
8
BLACK
6
CONTINUOUS
10
6.2213953543307081
20
-4.8305200393700787
11
6.2222771653543303
21
-4.8326488582677163
0
LINE
8
BLACK
6
CONTINUOUS
10
6.2222771653543303
20
-4.8326488582677163
11
6.2222771653543303
21
-4.8349531102362207
0
LINE
8
BLACK
6
CONTINUOUS
10
6.2222771653543303
20
-4.8349531102362207
11
6.2213953543307081
21
-4.8370819291338583
0
LINE
8
BLACK
6
CONTINUOUS
10
6.2213953543307081
20
-4.8370819291338583
11
6.2197660629921261
21
-4.8387112204724412
0
LINE
8
BLACK
6
CONTINUOUS
10
6.2197660629921261
20
-4.8387112204724412
11
6.2176372440944885
21
-4.8395930314960625
0
LINE
8
BLACK
6
CONTINUOUS
10
6.2176372440944885
20
-4.8395930314960625
11
6.2164851181102359
21
-4.8397064960629921
0
LINE
8
BLACK
6
CONTINUOUS
10
6.2164851181102359
20
-4.8397064960629921
11
6.1875416141732282
21
-4.8397064960629921
0
LINE
8
BLACK
6
CONTINUOUS
10
6.1875416141732282
20
-4.8397064960629921
11
6.2194150787401572
21
-4.8579198818897638
0
LINE
8
BLACK
6
CONTINUOUS
10
6.2194150787401572
20
-4.8579198818897638
11
6.2196579527559051
21
-4.8580922834645666
0
LINE
8
BLACK
6
CONTINUOUS
10
6.2196579527559051
20
-4.8580922834645666
11
6.2197660629921261
21
-4.8581370866141729
0
LINE
8
BLACK
6
CONTINUOUS
10
6.2197660629921261
20
-4.8581370866141729
11
6.2198762204724405
21
-4.8582472440944882
0
LINE
8
BLACK
6
CONTINUOUS
10
6.2198762204724405
20
-4.8582472440944882
11
6.220359094488189
21
-4.8585900393700783
0
LINE
8
BLACK
6
CONTINUOUS
10
6.220359094488189
20
-4.8585900393700783
11
6.2208399212598424
21
-4.8592109448818901
0
LINE
8
BLACK
6
CONTINUOUS
10
6.2208399212598424
20
-4.8592109448818901
11
6.2213953543307081
21
-4.8597663779527558
0
LINE
8
BLACK
6
CONTINUOUS
10
6.2213953543307081
20
-4.8597663779527558
11
6.2215394094488188
21
-4.8601142125984254
0
LINE
8
BLACK
6
CONTINUOUS
10
6.2215394094488188
20
-4.8601142125984254
11
6.2217699212598427
21
-4.8604118503937004
0
LINE
8
BLACK
6
CONTINUOUS
10
6.2217699212598427
20
-4.8604118503937004
11
6.2219764960629922
21
-4.8611694094488191
0
LINE
8
BLACK
6
CONTINUOUS
10
6.2219764960629922
20
-4.8611694094488191
11
6.2222771653543303
21
-4.8618951968503934
0
LINE
8
BLACK
6
CONTINUOUS
10
6.2222771653543303
20
-4.8618951968503934
11
6.2222771653543303
21
-4.8622717322834648
0
LINE
8
BLACK
6
CONTINUOUS
10
6.2222771653543303
20
-4.8622717322834648
11
6.2223761811023621
21
-4.8626348031496063
0
LINE
8
BLACK
6
CONTINUOUS
10
6.2223761811023621
20
-4.8626348031496063
11
6.2222771653543303
21
-4.8634137795275594
0
LINE
8
BLACK
6
CONTINUOUS
10
6.2222771653543303
20
-4.8634137795275594
11
6.2222771653543303
21
-4.8641994488188978
0
LINE
8
BLACK
6
CONTINUOUS
10
6.2222771653543303
20
-4.8641994488188978
11
6.2221330708661418
21
-4.8645472440944877
0
LINE
8
BLACK
6
CONTINUOUS
10
6.2221330708661418
20
-4.8645472440944877
11
6.2220856299212599
21
-4.8649206692913385
0
LINE
8
BLACK
6
CONTINUOUS
10
6.2220856299212599
20
-4.8649206692913385
11
6.2216959055118108
21
-4.8656026377952752
0
LINE
8
BLACK
6
CONTINUOUS
10
6.2216959055118108
20
-4.8656026377952752
11
6.2213953543307081
21
-4.8663282677165354
0
LINE
8
BLACK
6
CONTINUOUS
10
6.2213953543307081
20
-4.8663282677165354
11
6.2211291732283467
21
-4.8665944094488189
0
LINE
8
BLACK
6
CONTINUOUS
10
6.2211291732283467
20
-4.8665944094488189
11
6.2209424015748027
21
-4.8669212992125983
0
LINE
8
BLACK
6
CONTINUOUS
10
6.2209424015748027
20
-4.8669212992125983
11
6.220321456692913
21
-4.8674021259842517
0
LINE
8
BLACK
6
CONTINUOUS
10
6.220321456692913
20
-4.8674021259842517
11
6.2197660629921261
21
-4.8679575590551183
0
LINE
8
BLACK
6
CONTINUOUS
10
6.2197660629921261
20
-4.8679575590551183
11
6.2194181889763778
21
-4.8681016141732281
0
LINE
8
BLACK
6
CONTINUOUS
10
6.2194181889763778
20
-4.8681016141732281
11
6.2191205905511806
21
-4.868332125984252
0
LINE
8
BLACK
6
CONTINUOUS
10
6.2191205905511806
20
-4.868332125984252
11
6.2183630314960627
21
-4.8685387007874015
0
LINE
8
BLACK
6
CONTINUOUS
10
6.2183630314960627
20
-4.8685387007874015
11
6.2176372440944885
21
-4.8688393700787405
0
LINE
8
BLACK
6
CONTINUOUS
10
6.2176372440944885
20
-4.8688393700787405
11
6.2170477952755903
21
-4.8688974015748032
0
LINE
8
BLACK
6
CONTINUOUS
10
6.2170477952755903
20
-4.8688974015748032
11
6.2168975984251968
21
-4.8689383858267714
0
LINE
8
BLACK
6
CONTINUOUS
10
6.2168975984251968
20
-4.8689383858267714
11
6.2167815748031492
21
-4.8689236220472436
0
LINE
8
BLACK
6
CONTINUOUS
10
6.2167815748031492
20
-4.8689236220472436
11
6.2164851181102359
21
-4.8689528346456692
0
LINE
8
BLACK
6
CONTINUOUS
10
6.2164851181102359
20
-4.8689528346456692
11
6.1653040157480312
21
-4.8689528346456692
0
LINE
8
BLACK
6
CONTINUOUS
10
6.1653040157480312
20
-4.8689528346456692
11
6.1641518897637795
21
-4.8688393700787405
0
LINE
8
BLACK
6
CONTINUOUS
10
6.1641518897637795
20
-4.8688393700787405
11
6.1620230708661419
21
-4.8679575590551183
0
LINE
8
BLACK
6
CONTINUOUS
10
6.1620230708661419
20
-4.8679575590551183
11
6.160393779527559
21
-4.8663282677165354
0
LINE
8
BLACK
6
CONTINUOUS
10
6.160393779527559
20
-4.8663282677165354
11
6.1595119685039368
21
-4.8641994488188978
0
LINE
8
BLACK
6
CONTINUOUS
10
6.1595119685039368
20
-4.8641994488188978
11
6.1595119685039368
21
-4.8618951968503934
0
LINE
8
BLACK
6
CONTINUOUS
10
6.1595119685039368
20
-4.8618951968503934
11
6.160393779527559
21
-4.8597663779527558
0
LINE
8
BLACK
6
CONTINUOUS
10
6.160393779527559
20
-4.8597663779527558
11
6.1620230708661419
21
-4.8581370866141729
0
LINE
8
BLACK
6
CONTINUOUS
10
6.1620230708661419
20
-4.8581370866141729
11
6.1641518897637795
21
-4.8572552755905507
0
LINE
8
BLACK
6
CONTINUOUS
10
6.1641518897637795
20
-4.8572552755905507
11
6.1653040157480312
21
-4.857141811023622
0
LINE
8
BLACK
6
CONTINUOUS
10
6.1653040157480312
20
-4.857141811023622
11
6.1942475590551176
21
-4.857141811023622
0
LINE
8
BLACK
6
CONTINUOUS
10
6.1942475590551176
20
-4.857141811023622
11
6.1623740551181099
21
-4.8389283858267715
0
LINE
8
BLACK
6
CONTINUOUS
10
6.1623740551181099
20
-4.8389283858267715
11
6.1621312204724408
21
-4.8387560236220475
0
LINE
8
BLACK
6
CONTINUOUS
10
6.1621312204724408
20
-4.8387560236220475
11
6.1620230708661419
21
-4.8387112204724412
0
LINE
8
BLACK
6
CONTINUOUS
10
6.1620230708661419
20
-4.8387112204724412
11
6.1619128346456691
21
-4.8386009842519684
0
LINE
8
BLACK
6
CONTINUOUS
10
6.1619128346456691
20
-4.8386009842519684
11
6.1614300393700789
21
-4.8382582677165349
0
LINE
8
BLACK
6
CONTINUOUS
10
6.1614300393700789
20
-4.8382582677165349
11
6.1609491732283459
21
-4.8376373228346452
0
LINE
8
BLACK
6
CONTINUOUS
10
6.1609491732283459
20
-4.8376373228346452
11
6.160393779527559
21
-4.8370819291338583
0
LINE
8
BLACK
6
CONTINUOUS
10
6.160393779527559
20
-4.8370819291338583
11
6.1602496850393695
21
-4.8367340551181099
0
LINE
8
BLACK
6
CONTINUOUS
10
6.1602496850393695
20
-4.8367340551181099
11
6.1600192125984252
21
-4.8364364566929137
0
LINE
8
BLACK
6
CONTINUOUS
10
6.1600192125984252
20
-4.8364364566929137
11
6.1598125590551183
21
-4.8356787795275586
0
LINE
8
BLACK
6
CONTINUOUS
10
6.1598125590551183
20
-4.8356787795275586
11
6.1595119685039368
21
-4.8349531102362207
0
LINE
8
BLACK
6
CONTINUOUS
10
6.1595119685039368
20
-4.8349531102362207
11
6.1595119685039368
21
-4.834576614173228
0
LINE
8
BLACK
6
CONTINUOUS
10
6.1595119685039368
20
-4.834576614173228
11
6.1594129133858262
21
-4.834213464566929
0
LINE
8
BLACK
6
CONTINUOUS
10
6.1594129133858262
20
-4.834213464566929
11
6.1595119685039368
21
-4.8334342519685034
0
LINE
8
BLACK
6
CONTINUOUS
10
6.1595119685039368
20
-4.8334342519685034
11
6.1595119685039368
21
-4.8326488582677163
0
LINE
8
BLACK
6
CONTINUOUS
10
6.1595119685039368
20
-4.8326488582677163
11
6.1596560236220474
21
-4.8323010629921255
0
LINE
8
BLACK
6
CONTINUOUS
10
6.1596560236220474
20
-4.8323010629921255
11
6.1597035039370081
21
-4.8319276377952756
0
LINE
8
BLACK
6
CONTINUOUS
10
6.1597035039370081
20
-4.8319276377952756
11
6.1600931889763775
21
-4.8312456299212601
0
LINE
8
BLACK
6
CONTINUOUS
10
6.1600931889763775
20
-4.8312456299212601
11
6.160393779527559
21
-4.8305200393700787
0
LINE
8
BLACK
6
CONTINUOUS
10
6.160393779527559
20
-4.8305200393700787
11
6.1606599212598425
21
-4.8302538582677164
0
LINE
8
BLACK
6
CONTINUOUS
10
6.1606599212598425
20
-4.8302538582677164
11
6.1608467322834644
21
-4.8299270078740157
0
LINE
8
BLACK
6
CONTINUOUS
10
6.1608467322834644
20
-4.8299270078740157
11
6.1614676377952753
21
-4.8294461417322836
0
LINE
8
BLACK
6
CONTINUOUS
10
6.1614676377952753
20
-4.8294461417322836
11
6.1620230708661419
21
-4.8288907480314958
0
LINE
8
BLACK
6
CONTINUOUS
10
6.1620230708661419
20
-4.8288907480314958
11
6.1623709055118105
21
-4.8287466535433072
0
LINE
8
BLACK
6
CONTINUOUS
10
6.1623709055118105
20
-4.8287466535433072
11
6.1626685433070865
21
-4.828516181102362
0
LINE
8
BLACK
6
CONTINUOUS
10
6.1626685433070865
20
-4.828516181102362
11
6.1634261811023618
21
-4.8283095275590551
0
LINE
8
BLACK
6
CONTINUOUS
10
6.1634261811023618
20
-4.8283095275590551
11
6.1641518897637795
21
-4.8280089370078736
0
LINE
8
BLACK
6
CONTINUOUS
10
6.1641518897637795
20
-4.8280089370078736
11
6.1647411023622043
21
-4.8279509055118108
0
LINE
8
BLACK
6
CONTINUOUS
10
6.1647411023622043
20
-4.8279509055118108
11
6.1648915354330711
21
-4.8279098818897639
0
LINE
8
BLACK
6
CONTINUOUS
10
6.1648915354330711
20
-4.8279098818897639
11
6.1650077165354329
21
-4.8279246456692908
0
LINE
8
BLACK
6
CONTINUOUS
10
6.1650077165354329
20
-4.8279246456692908
11
6.1653040157480312
21
-4.8278954724409449
0
LINE
8
BLACK
6
CONTINUOUS
10
6.1653040157480312
20
-4.8278954724409449
11
6.2164851181102359
21
-4.8278954724409449
0
LINE
8
BLACK
6
CONTINUOUS
10
6.2164851181102359
20
-4.8278954724409449
11
6.2176372440944885
21
-4.8280089370078736
0
LINE
8
BLACK
6
CONTINUOUS
10
6.4247378740157481
20
-4.8183563779527558
11
6.4267987795275587
21
-4.8193868110236222
0
LINE
8
BLACK
6
CONTINUOUS
10
6.4267987795275587
20
-4.8193868110236222
11
6.4283085433070868
21
-4.8211275590551184
0
LINE
8
BLACK
6
CONTINUOUS
10
6.4283085433070868
20
-4.8211275590551184
11
6.4290372047244091
21
-4.8233135433070862
0
LINE
8
BLACK
6
CONTINUOUS
10
6.4290372047244091
20
-4.8233135433070862
11
6.428873818897638
21
-4.8256119685039369
0
LINE
8
BLACK
6
CONTINUOUS
10
6.428873818897638
20
-4.8256119685039369
11
6.4278433858267716
21
-4.8276728740157475
0
LINE
8
BLACK
6
CONTINUOUS
10
6.4278433858267716
20
-4.8276728740157475
11
6.4261026771653542
21
-4.8291826377952756
0
LINE
8
BLACK
6
CONTINUOUS
10
6.4261026771653542
20
-4.8291826377952756
11
6.4250455511811024
21
-4.8296546062992123
0
LINE
8
BLACK
6
CONTINUOUS
10
6.4250455511811024
20
-4.8296546062992123
11
6.3906717716535431
21
-4.8411125196850389
0
LINE
8
BLACK
6
CONTINUOUS
10
6.3906717716535431
20
-4.8411125196850389
11
6.4250455118110237
21
-4.8525704330708663
0
LINE
8
BLACK
6
CONTINUOUS
10
6.4250455118110237
20
-4.8525704330708663
11
6.4261026377952755
21
-4.8530424409448818
0
LINE
8
BLACK
6
CONTINUOUS
10
6.4261026377952755
20
-4.8530424409448818
11
6.4278433464566929
21
-4.8545521653543302
0
LINE
8
BLACK
6
CONTINUOUS
10
6.4278433464566929
20
-4.8545521653543302
11
6.428873818897638
21
-4.8566130708661417
0
LINE
8
BLACK
6
CONTINUOUS
10
6.428873818897638
20
-4.8566130708661417
11
6.4290371653543303
21
-4.8589114960629924
0
LINE
8
BLACK
6
CONTINUOUS
10
6.4290371653543303
20
-4.8589114960629924
11
6.428308503937008
21
-4.861097519685039
0
LINE
8
BLACK
6
CONTINUOUS
10
6.428308503937008
20
-4.861097519685039
11
6.42679874015748
21
-4.8628382283464564
0
LINE
8
BLACK
6
CONTINUOUS
10
6.42679874015748
20
-4.8628382283464564
11
6.4247378346456694
21
-4.8638687007874015
0
LINE
8
BLACK
6
CONTINUOUS
10
6.4247378346456694
20
-4.8638687007874015
11
6.4224394094488186
21
-4.8640320472440948
0
LINE
8
BLACK
6
CONTINUOUS
10
6.4224394094488186
20
-4.8640320472440948
11
6.4213105511811026
21
-4.8637753543307083
0
LINE
8
BLACK
6
CONTINUOUS
10
6.4213105511811026
20
-4.8637753543307083
11
6.3701294488188971
21
-4.8467150393700784
0
LINE
8
BLACK
6
CONTINUOUS
10
6.3701294488188971
20
-4.8467150393700784
11
6.3690723228346453
21
-4.8462430314960629
0
LINE
8
BLACK
6
CONTINUOUS
10
6.3690723228346453
20
-4.8462430314960629
11
6.3687535433070863
21
-4.845966535433071
0
LINE
8
BLACK
6
CONTINUOUS
10
6.3687535433070863
20
-4.845966535433071
11
6.368376181102362
21
-4.8457778740157478
0
LINE
8
BLACK
6
CONTINUOUS
10
6.368376181102362
20
-4.8457778740157478
11
6.367890984251968
21
-4.845218464566929
0
LINE
8
BLACK
6
CONTINUOUS
10
6.367890984251968
20
-4.845218464566929
11
6.3673316141732279
21
-4.8447333070866136
0
LINE
8
BLACK
6
CONTINUOUS
10
6.3673316141732279
20
-4.8447333070866136
11
6.3671429133858268
21
-4.8443559055118106
0
LINE
8
BLACK
6
CONTINUOUS
10
6.3671429133858268
20
-4.8443559055118106
11
6.3668664566929136
21
-4.8440371653543304
0
LINE
8
BLACK
6
CONTINUOUS
10
6.3668664566929136
20
-4.8440371653543304
11
6.3666322834645666
21
-4.8433347244094485
0
LINE
8
BLACK
6
CONTINUOUS
10
6.3666322834645666
20
-4.8433347244094485
11
6.3663011417322837
21
-4.8426724015748031
0
LINE
8
BLACK
6
CONTINUOUS
10
6.3663011417322837
20
-4.8426724015748031
11
6.3662712204724405
21
-4.8422514566929129
0
LINE
8
BLACK
6
CONTINUOUS
10
6.3662712204724405
20
-4.8422514566929129
11
6.3661377952755904
21
-4.8418511811023617
0
LINE
8
BLACK
6
CONTINUOUS
10
6.3661377952755904
20
-4.8418511811023617
11
6.3661902755905508
21
-4.8411125590551176
0
LINE
8
BLACK
6
CONTINUOUS
10
6.3661902755905508
20
-4.8411125590551176
11
6.3661377952755904
21
-4.8403739763779523
0
LINE
8
BLACK
6
CONTINUOUS
10
6.3661377952755904
20
-4.8403739763779523
11
6.3662712204724405
21
-4.8399736614173223
0
LINE
8
BLACK
6
CONTINUOUS
10
6.3662712204724405
20
-4.8399736614173223
11
6.3663011417322837
21
-4.8395527559055118
0
LINE
8
BLACK
6
CONTINUOUS
10
6.3663011417322837
20
-4.8395527559055118
11
6.3666322834645666
21
-4.8388904330708664
0
LINE
8
BLACK
6
CONTINUOUS
10
6.3666322834645666
20
-4.8388904330708664
11
6.3668664566929136
21
-4.8381879527559057
0
LINE
8
BLACK
6
CONTINUOUS
10
6.3668664566929136
20
-4.8381879527559057
11
6.3671429133858268
21
-4.8378691732283468
0
LINE
8
BLACK
6
CONTINUOUS
10
6.3671429133858268
20
-4.8378691732283468
11
6.3673316141732279
21
-4.8374918110236216
0
LINE
8
BLACK
6
CONTINUOUS
10
6.3673316141732279
20
-4.8374918110236216
11
6.367890984251968
21
-4.8370066141732284
0
LINE
8
BLACK
6
CONTINUOUS
10
6.367890984251968
20
-4.8370066141732284
11
6.368376181102362
21
-4.8364472440944883
0
LINE
8
BLACK
6
CONTINUOUS
10
6.368376181102362
20
-4.8364472440944883
11
6.3687535433070863
21
-4.8362585433070864
0
LINE
8
BLACK
6
CONTINUOUS
10
6.3687535433070863
20
-4.8362585433070864
11
6.3690723228346453
21
-4.8359820866141732
0
LINE
8
BLACK
6
CONTINUOUS
10
6.3690723228346453
20
-4.8359820866141732
11
6.3701294488188971
21
-4.8355101181102365
0
LINE
8
BLACK
6
CONTINUOUS
10
6.3701294488188971
20
-4.8355101181102365
11
6.4213105511811026
21
-4.8184496850393703
0
LINE
8
BLACK
6
CONTINUOUS
10
6.4213105511811026
20
-4.8184496850393703
11
6.4224394488188974
21
-4.8181929921259838
0
LINE
8
BLACK
6
CONTINUOUS
10
6.4224394488188974
20
-4.8181929921259838
11
6.4247378740157481
21
-4.8183563779527558
0
LINE
8
BLACK
6
CONTINUOUS
10
6.1311833858267715
20
-4.8215791338582674
11
6.1328126771653544
21
-4.8232084251968503
0
LINE
8
BLACK
6
CONTINUOUS
10
6.1328126771653544
20
-4.8232084251968503
11
6.1336944881889766
21
-4.8253372440944879
0
LINE
8
BLACK
6
CONTINUOUS
10
6.1336944881889766
20
-4.8253372440944879
11
6.1338079527559053
21
-4.8264893700787397
0
LINE
8
BLACK
6
CONTINUOUS
10
6.1338079527559053
20
-4.8264893700787397
11
6.1338079527559053
21
-4.8557357086614168
0
LINE
8
BLACK
6
CONTINUOUS
10
6.1338079527559053
20
-4.8557357086614168
11
6.1336944881889766
21
-4.8568878346456694
0
LINE
8
BLACK
6
CONTINUOUS
10
6.1336944881889766
20
-4.8568878346456694
11
6.1328126771653544
21
-4.859016653543307
0
LINE
8
BLACK
6
CONTINUOUS
10
6.1328126771653544
20
-4.859016653543307
11
6.1311833858267715
21
-4.8606459448818899
0
LINE
8
BLACK
6
CONTINUOUS
10
6.1311833858267715
20
-4.8606459448818899
11
6.1290545669291339
21
-4.8615277559055121
0
LINE
8
BLACK
6
CONTINUOUS
10
6.1290545669291339
20
-4.8615277559055121
11
6.1267503149606295
21
-4.8615277559055121
0
LINE
8
BLACK
6
CONTINUOUS
10
6.1267503149606295
20
-4.8615277559055121
11
6.1246214960629919
21
-4.8606459448818899
0
LINE
8
BLACK
6
CONTINUOUS
10
6.1246214960629919
20
-4.8606459448818899
11
6.122992204724409
21
-4.859016653543307
0
LINE
8
BLACK
6
CONTINUOUS
10
6.122992204724409
20
-4.859016653543307
11
6.1221103937007877
21
-4.8568878346456694
0
LINE
8
BLACK
6
CONTINUOUS
10
6.1221103937007877
20
-4.8568878346456694
11
6.1219969291338581
21
-4.8557357086614168
0
LINE
8
BLACK
6
CONTINUOUS
10
6.1219969291338581
20
-4.8557357086614168
11
6.1219969291338581
21
-4.8470180314960629
0
LINE
8
BLACK
6
CONTINUOUS
10
6.1219969291338581
20
-4.8470180314960629
11
6.0767213385826766
21
-4.8470180314960629
0
LINE
8
BLACK
6
CONTINUOUS
10
6.0767213385826766
20
-4.8470180314960629
11
6.0755692125984249
21
-4.8469045669291342
0
LINE
8
BLACK
6
CONTINUOUS
10
6.0755692125984249
20
-4.8469045669291342
11
6.0734403937007873
21
-4.846022755905512
0
LINE
8
BLACK
6
CONTINUOUS
10
6.0734403937007873
20
-4.846022755905512
11
6.0718111023622043
21
-4.8443934645669291
0
LINE
8
BLACK
6
CONTINUOUS
10
6.0718111023622043
20
-4.8443934645669291
11
6.0709292913385822
21
-4.8422646456692915
0
LINE
8
BLACK
6
CONTINUOUS
10
6.0709292913385822
20
-4.8422646456692915
11
6.0709292913385822
21
-4.8399603937007871
0
LINE
8
BLACK
6
CONTINUOUS
10
6.0709292913385822
20
-4.8399603937007871
11
6.0718111023622043
21
-4.8378315748031495
0
LINE
8
BLACK
6
CONTINUOUS
10
6.0718111023622043
20
-4.8378315748031495
11
6.0734403937007873
21
-4.8362022834645666
0
LINE
8
BLACK
6
CONTINUOUS
10
6.0734403937007873
20
-4.8362022834645666
11
6.0755692125984249
21
-4.8353204724409444
0
LINE
8
BLACK
6
CONTINUOUS
10
6.0755692125984249
20
-4.8353204724409444
11
6.0767213385826766
21
-4.8352070078740157
0
LINE
8
BLACK
6
CONTINUOUS
10
6.0767213385826766
20
-4.8352070078740157
11
6.1219969291338581
21
-4.8352070078740157
0
LINE
8
BLACK
6
CONTINUOUS
10
6.1219969291338581
20
-4.8352070078740157
11
6.1219969291338581
21
-4.8264893700787397
0
LINE
8
BLACK
6
CONTINUOUS
10
6.1219969291338581
20
-4.8264893700787397
11
6.1221103937007877
21
-4.8253372440944879
0
LINE
8
BLACK
6
CONTINUOUS
10
6.1221103937007877
20
-4.8253372440944879
11
6.122992204724409
21
-4.8232084251968503
0
LINE
8
BLACK
6
CONTINUOUS
10
6.122992204724409
20
-4.8232084251968503
11
6.1246214960629919
21
-4.8215791338582674
0
LINE
8
BLACK
6
CONTINUOUS
10
6.1246214960629919
20
-4.8215791338582674
11
6.1267503149606295
21
-4.8206973228346452
0
LINE
8
BLACK
6
CONTINUOUS
10
6.1267503149606295
20
-4.8206973228346452
11
6.1290545669291339
21
-4.8206973228346452
0
LINE
8
BLACK
6
CONTINUOUS
10
6.1290545669291339
20
-4.8206973228346452
11
6.1311833858267715
21
-4.8215791338582674
0
LINE
8
BLACK
6
CONTINUOUS
10
5.9224553937007869
20
-4.7842331102362206
11
5.9226514566929129
21
-4.7843143307086615
0
LINE
8
BLACK
6
CONTINUOUS
10
5.9226514566929129
20
-4.7843143307086615
11
5.9228630708661418
21
-4.7843293700787397
0
LINE
8
BLACK
6
CONTINUOUS
10
5.9228630708661418
20
-4.7843293700787397
11
5.9239442913385822
21
-4.7847431102362208
0
LINE
8
BLACK
6
CONTINUOUS
10
5.9239442913385822
20
-4.7847431102362208
11
5.9288187007874011
21
-4.7871803149606302
0
LINE
8
BLACK
6
CONTINUOUS
10
5.9288187007874011
20
-4.7871803149606302
11
5.9293144881889761
21
-4.787492401574803
0
LINE
8
BLACK
6
CONTINUOUS
10
5.9293144881889761
20
-4.787492401574803
11
5.9294585433070868
21
-4.7875520866141734
0
LINE
8
BLACK
6
CONTINUOUS
10
5.9294585433070868
20
-4.7875520866141734
11
5.9296207086614174
21
-4.7876851574803148
0
LINE
8
BLACK
6
CONTINUOUS
10
5.9296207086614174
20
-4.7876851574803148
11
5.9297984251968501
21
-4.7877970472440943
0
LINE
8
BLACK
6
CONTINUOUS
10
5.9297984251968501
20
-4.7877970472440943
11
5.92990062992126
21
-4.7879148818897637
0
LINE
8
BLACK
6
CONTINUOUS
10
5.92990062992126
20
-4.7879148818897637
11
5.9303534645669291
21
-4.7882865354330706
0
LINE
8
BLACK
6
CONTINUOUS
10
5.9303534645669291
20
-4.7882865354330706
11
5.9327906692913386
21
-4.79072374015748
0
LINE
8
BLACK
6
CONTINUOUS
10
5.9327906692913386
20
-4.79072374015748
11
5.933162244094488
21
-4.7911765354330704
0
LINE
8
BLACK
6
CONTINUOUS
10
5.933162244094488
20
-4.7911765354330704
11
5.9332801574803149
21
-4.7912787795275591
0
LINE
8
BLACK
6
CONTINUOUS
10
5.9332801574803149
20
-4.7912787795275591
11
5.9333919685039369
21
-4.791456456692913
0
LINE
8
BLACK
6
CONTINUOUS
10
5.9333919685039369
20
-4.791456456692913
11
5.9335251181102358
21
-4.7916186614173224
0
LINE
8
BLACK
6
CONTINUOUS
10
5.9335251181102358
20
-4.7916186614173224
11
5.9335847637795274
21
-4.7917627165354331
0
LINE
8
BLACK
6
CONTINUOUS
10
5.9335847637795274
20
-4.7917627165354331
11
5.9338968897637798
21
-4.7922585433070868
0
LINE
8
BLACK
6
CONTINUOUS
10
5.9338968897637798
20
-4.7922585433070868
11
5.9363340944881893
21
-4.7971329133858269
0
LINE
8
BLACK
6
CONTINUOUS
10
5.9363340944881893
20
-4.7971329133858269
11
5.9367478740157482
21
-4.7982141338582673
0
LINE
8
BLACK
6
CONTINUOUS
10
5.9367478740157482
20
-4.7982141338582673
11
5.9367629133858264
21
-4.7984258267716537
0
LINE
8
BLACK
6
CONTINUOUS
10
5.9367629133858264
20
-4.7984258267716537
11
5.9368440944881886
21
-4.7986218110236223
0
LINE
8
BLACK
6
CONTINUOUS
10
5.9368440944881886
20
-4.7986218110236223
11
5.9369575590551182
21
-4.799773937007874
0
LINE
8
BLACK
6
CONTINUOUS
10
5.9369575590551182
20
-4.799773937007874
11
5.9369575590551182
21
-4.8119599212598425
0
LINE
8
BLACK
6
CONTINUOUS
10
5.9369575590551182
20
-4.8119599212598425
11
5.9368440944881886
21
-4.8131120472440942
0
LINE
8
BLACK
6
CONTINUOUS
10
5.9368440944881886
20
-4.8131120472440942
11
5.9367628740157476
21
-4.8133080314960628
0
LINE
8
BLACK
6
CONTINUOUS
10
5.9367628740157476
20
-4.8133080314960628
11
5.9367478740157482
21
-4.8135196850393696
0
LINE
8
BLACK
6
CONTINUOUS
10
5.9367478740157482
20
-4.8135196850393696
11
5.9363340944881893
21
-4.8146009448818896
0
LINE
8
BLACK
6
CONTINUOUS
10
5.9363340944881893
20
-4.8146009448818896
11
5.9338968897637798
21
-4.8194753543307085
0
LINE
8
BLACK
6
CONTINUOUS
10
5.9338968897637798
20
-4.8194753543307085
11
5.9335847244094486
21
-4.8199712598425197
0
LINE
8
BLACK
6
CONTINUOUS
10
5.9335847244094486
20
-4.8199712598425197
11
5.933525078740157
21
-4.8201152755905508
0
LINE
8
BLACK
6
CONTINUOUS
10
5.933525078740157
20
-4.8201152755905508
11
5.9333920078740157
21
-4.8202773622047239
0
LINE
8
BLACK
6
CONTINUOUS
10
5.9333920078740157
20
-4.8202773622047239
11
5.9332801574803149
21
-4.8204551181102362
0
LINE
8
BLACK
6
CONTINUOUS
10
5.9332801574803149
20
-4.8204551181102362
11
5.933162244094488
21
-4.8205573228346452
0
LINE
8
BLACK
6
CONTINUOUS
10
5.933162244094488
20
-4.8205573228346452
11
5.9327906299212598
21
-4.821010196850394
0
LINE
8
BLACK
6
CONTINUOUS
10
5.9327906299212598
20
-4.821010196850394
11
5.9303534251968504
21
-4.8234473622047247
0
LINE
8
BLACK
6
CONTINUOUS
10
5.9303534251968504
20
-4.8234473622047247
11
5.929458503937008
21
-4.8241818110236219
0
LINE
8
BLACK
6
CONTINUOUS
10
5.929458503937008
20
-4.8241818110236219
11
5.9273296850393695
21
-4.8250635433070865
0
LINE
8
BLACK
6
CONTINUOUS
10
5.9273296850393695
20
-4.8250635433070865
11
5.9250255118110235
21
-4.8250635433070865
0
LINE
8
BLACK
6
CONTINUOUS
10
5.9250255118110235
20
-4.8250635433070865
11
5.9228966929133859
21
-4.8241817322834644
0
LINE
8
BLACK
6
CONTINUOUS
10
5.9228966929133859
20
-4.8241817322834644
11
5.9212673228346455
21
-4.8225523622047239
0
LINE
8
BLACK
6
CONTINUOUS
10
5.9212673228346455
20
-4.8225523622047239
11
5.9203855905511809
21
-4.8204235433070863
0
LINE
8
BLACK
6
CONTINUOUS
10
5.9203855905511809
20
-4.8204235433070863
11
5.9203855905511809
21
-4.8181193700787404
0
LINE
8
BLACK
6
CONTINUOUS
10
5.9203855905511809
20
-4.8181193700787404
11
5.921267401574803
21
-4.8159905511811019
0
LINE
8
BLACK
6
CONTINUOUS
10
5.921267401574803
20
-4.8159905511811019
11
5.9220018503937011
21
-4.8150956299212595
0
LINE
8
BLACK
6
CONTINUOUS
10
5.9220018503937011
20
-4.8150956299212595
11
5.923761377952756
21
-4.8133361023622045
0
LINE
8
BLACK
6
CONTINUOUS
10
5.923761377952756
20
-4.8133361023622045
11
5.925146535433071
21
-4.8105658267716533
0
LINE
8
BLACK
6
CONTINUOUS
10
5.925146535433071
20
-4.8105658267716533
11
5.925146535433071
21
-4.8011680708661419
0
LINE
8
BLACK
6
CONTINUOUS
10
5.925146535433071
20
-4.8011680708661419
11
5.923761377952756
21
-4.798397755905512
0
LINE
8
BLACK
6
CONTINUOUS
10
5.923761377952756
20
-4.798397755905512
11
5.9226794094488184
21
-4.7973157874015744
0
LINE
8
BLACK
6
CONTINUOUS
10
5.9226794094488184
20
-4.7973157874015744
11
5.919909173228346
21
-4.7959306692913382
0
LINE
8
BLACK
6
CONTINUOUS
10
5.919909173228346
20
-4.7959306692913382
11
5.9173871653543308
21
-4.7959306692913382
0
LINE
8
BLACK
6
CONTINUOUS
10
5.9173871653543308
20
-4.7959306692913382
11
5.9123073622047242
21
-4.7976239370078737
0
LINE
8
BLACK
6
CONTINUOUS
10
5.9123073622047242
20
-4.7976239370078737
11
5.8840467716535434
21
-4.8258845275590554
0
LINE
8
BLACK
6
CONTINUOUS
10
5.8840467716535434
20
-4.8258845275590554
11
5.883151850393701
21
-4.8266189763779526
0
LINE
8
BLACK
6
CONTINUOUS
10
5.883151850393701
20
-4.8266189763779526
11
5.8819048425196847
21
-4.8271354724409452
0
LINE
8
BLACK
6
CONTINUOUS
10
5.8819048425196847
20
-4.8271354724409452
11
5.8810230708661413
21
-4.827500748031496
0
LINE
8
BLACK
6
CONTINUOUS
10
5.8810230708661413
20
-4.827500748031496
11
5.8810230314960625
21
-4.827500748031496
0
LINE
8
BLACK
6
CONTINUOUS
10
5.8810230314960625
20
-4.827500748031496
11
5.8787188582677166
21
-4.827500748031496
0
LINE
8
BLACK
6
CONTINUOUS
10
5.8787188582677166
20
-4.827500748031496
11
5.8787188188976378
21
-4.827500748031496
0
LINE
8
BLACK
6
CONTINUOUS
10
5.8787188188976378
20
-4.827500748031496
11
5.8778370472440944
21
-4.8271354724409452
0
LINE
8
BLACK
6
CONTINUOUS
10
5.8778370472440944
20
-4.8271354724409452
11
5.876590039370079
21
-4.8266189763779526
0
LINE
8
BLACK
6
CONTINUOUS
10
5.876590039370079
20
-4.8266189763779526
11
5.8749606692913385
21
-4.8249896062992121
0
LINE
8
BLACK
6
CONTINUOUS
10
5.8749606692913385
20
-4.8249896062992121
11
5.8740788976377951
21
-4.8228607874015745
0
LINE
8
BLACK
6
CONTINUOUS
10
5.8740788976377951
20
-4.8228607874015745
11
5.8739654330708664
21
-4.8217087007874015
0
LINE
8
BLACK
6
CONTINUOUS
10
5.8739654330708664
20
-4.8217087007874015
11
5.8739654330708664
21
-4.790025157480315
0
LINE
8
BLACK
6
CONTINUOUS
10
5.8739654330708664
20
-4.790025157480315
11
5.8740788976377951
21
-4.7888730314960632
0
LINE
8
BLACK
6
CONTINUOUS
10
5.8740788976377951
20
-4.7888730314960632
11
5.8749607086614173
21
-4.7867442125984248
0
LINE
8
BLACK
6
CONTINUOUS
10
5.8749607086614173
20
-4.7867442125984248
11
5.8765900000000002
21
-4.7851149212598427
0
LINE
8
BLACK
6
CONTINUOUS
10
5.8765900000000002
20
-4.7851149212598427
11
5.8787188188976378
21
-4.7842331102362206
0
LINE
8
BLACK
6
CONTINUOUS
10
5.8787188188976378
20
-4.7842331102362206
11
5.8810230708661413
21
-4.7842331102362206
0
LINE
8
BLACK
6
CONTINUOUS
10
5.8810230708661413
20
-4.7842331102362206
11
5.8831518897637798
21
-4.7851149212598427
0
LINE
8
BLACK
6
CONTINUOUS
10
5.8831518897637798
20
-4.7851149212598427
11
5.8847811811023618
21
-4.7867442125984248
0
LINE
8
BLACK
6
CONTINUOUS
10
5.8847811811023618
20
-4.7867442125984248
11
5.885662992125984
21
-4.7888730314960632
0
LINE
8
BLACK
6
CONTINUOUS
10
5.885662992125984
20
-4.7888730314960632
11
5.8857764566929136
21
-4.790025157480315
0
LINE
8
BLACK
6
CONTINUOUS
10
5.8857764566929136
20
-4.790025157480315
11
5.8857764566929136
21
-4.8074515354330707
0
LINE
8
BLACK
6
CONTINUOUS
10
5.8857764566929136
20
-4.8074515354330707
11
5.9049414566929128
21
-4.7882865354330706
0
LINE
8
BLACK
6
CONTINUOUS
10
5.9049414566929128
20
-4.7882865354330706
11
5.9058363385826773
21
-4.7875520866141734
0
LINE
8
BLACK
6
CONTINUOUS
10
5.9058363385826773
20
-4.7875520866141734
11
5.9060324015748034
21
-4.7874708267716537
0
LINE
8
BLACK
6
CONTINUOUS
10
5.9060324015748034
20
-4.7874708267716537
11
5.9061926771653539
21
-4.7873318897637791
0
LINE
8
BLACK
6
CONTINUOUS
10
5.9061926771653539
20
-4.7873318897637791
11
5.9072498031496066
21
-4.7868599212598424
0
LINE
8
BLACK
6
CONTINUOUS
10
5.9072498031496066
20
-4.7868599212598424
11
5.9145613779527562
21
-4.7844227165354329
0
LINE
8
BLACK
6
CONTINUOUS
10
5.9145613779527562
20
-4.7844227165354329
11
5.9151325196850388
21
-4.7842928346456688
0
LINE
8
BLACK
6
CONTINUOUS
10
5.9151325196850388
20
-4.7842928346456688
11
5.9152767322834645
21
-4.7842331102362206
0
LINE
8
BLACK
6
CONTINUOUS
10
5.9152767322834645
20
-4.7842331102362206
11
5.915485708661417
21
-4.7842125196850391
0
LINE
8
BLACK
6
CONTINUOUS
10
5.915485708661417
20
-4.7842125196850391
11
5.9156902362204722
21
-4.7841660236220473
0
LINE
8
BLACK
6
CONTINUOUS
10
5.9156902362204722
20
-4.7841660236220473
11
5.9158457086614176
21
-4.7841770472440945
0
LINE
8
BLACK
6
CONTINUOUS
10
5.9158457086614176
20
-4.7841770472440945
11
5.9164288582677163
21
-4.7841196456692909
0
LINE
8
BLACK
6
CONTINUOUS
10
5.9164288582677163
20
-4.7841196456692909
11
5.9213032677165351
21
-4.7841196456692909
0
LINE
8
BLACK
6
CONTINUOUS
10
5.9213032677165351
20
-4.7841196456692909
11
5.9224553937007869
21
-4.7842331102362206
0
LINE
8
BLACK
6
CONTINUOUS
10
6.0101805905511814
20
-4.7841394094488185
11
6.0102667322834646
21
-4.7841266141732284
0
LINE
8
BLACK
6
CONTINUOUS
10
6.0102667322834646
20
-4.7841266141732284
11
6.0106978346456694
21
-4.7841903543307085
0
LINE
8
BLACK
6
CONTINUOUS
10
6.0106978346456694
20
-4.7841903543307085
11
6.0111318110236223
21
-4.7842331102362206
0
LINE
8
BLACK
6
CONTINUOUS
10
6.0111318110236223
20
-4.7842331102362206
11
6.0112122834645669
21
-4.7842664566929134
0
LINE
8
BLACK
6
CONTINUOUS
10
6.0112122834645669
20
-4.7842664566929134
11
6.0114119685039364
21
-4.7842959842519681
0
LINE
8
BLACK
6
CONTINUOUS
10
6.0114119685039364
20
-4.7842959842519681
11
6.0211607874015742
21
-4.7867331889763776
0
LINE
8
BLACK
6
CONTINUOUS
10
6.0211607874015742
20
-4.7867331889763776
11
6.0212457480314958
21
-4.7867635433070861
0
LINE
8
BLACK
6
CONTINUOUS
10
6.0212457480314958
20
-4.7867635433070861
11
6.0212882677165354
21
-4.7867665748031492
0
LINE
8
BLACK
6
CONTINUOUS
10
6.0212882677165354
20
-4.7867665748031492
11
6.0217670078740158
21
-4.7869497637795275
0
LINE
8
BLACK
6
CONTINUOUS
10
6.0217670078740158
20
-4.7869497637795275
11
6.0222509842519685
21
-4.7871226771653541
0
LINE
8
BLACK
6
CONTINUOUS
10
6.0222509842519685
20
-4.7871226771653541
11
6.0222852755905514
21
-4.7871480708661416
0
LINE
8
BLACK
6
CONTINUOUS
10
6.0222852755905514
20
-4.7871480708661416
11
6.0223694881889767
21
-4.7871803149606302
0
LINE
8
BLACK
6
CONTINUOUS
10
6.0223694881889767
20
-4.7871803149606302
11
6.0272438976377956
21
-4.7896175196850397
0
LINE
8
BLACK
6
CONTINUOUS
10
6.0272438976377956
20
-4.7896175196850397
11
6.0277396850393696
21
-4.7899296062992125
0
LINE
8
BLACK
6
CONTINUOUS
10
6.0277396850393696
20
-4.7899296062992125
11
6.0278837401574803
21
-4.7899892913385829
0
LINE
8
BLACK
6
CONTINUOUS
10
6.0278837401574803
20
-4.7899892913385829
11
6.028045905511811
21
-4.7901223622047242
0
LINE
8
BLACK
6
CONTINUOUS
10
6.028045905511811
20
-4.7901223622047242
11
6.0282236220472436
21
-4.7902342519685037
0
LINE
8
BLACK
6
CONTINUOUS
10
6.0282236220472436
20
-4.7902342519685037
11
6.0283258267716535
21
-4.7903520866141731
0
LINE
8
BLACK
6
CONTINUOUS
10
6.0283258267716535
20
-4.7903520866141731
11
6.0287786614173227
21
-4.79072374015748
0
LINE
8
BLACK
6
CONTINUOUS
10
6.0287786614173227
20
-4.79072374015748
11
6.0312158661417321
21
-4.7931609448818895
0
LINE
8
BLACK
6
CONTINUOUS
10
6.0312158661417321
20
-4.7931609448818895
11
6.0315874409448815
21
-4.7936137401574799
0
LINE
8
BLACK
6
CONTINUOUS
10
6.0315874409448815
20
-4.7936137401574799
11
6.0317053543307084
21
-4.7937159842519685
0
LINE
8
BLACK
6
CONTINUOUS
10
6.0317053543307084
20
-4.7937159842519685
11
6.0318171653543304
21
-4.7938936614173224
0
LINE
8
BLACK
6
CONTINUOUS
10
6.0318171653543304
20
-4.7938936614173224
11
6.0319503149606302
21
-4.7940558661417318
0
LINE
8
BLACK
6
CONTINUOUS
10
6.0319503149606302
20
-4.7940558661417318
11
6.0320099606299209
21
-4.7941999212598425
0
LINE
8
BLACK
6
CONTINUOUS
10
6.0320099606299209
20
-4.7941999212598425
11
6.0323220866141734
21
-4.7946957480314962
0
LINE
8
BLACK
6
CONTINUOUS
10
6.0323220866141734
20
-4.7946957480314962
11
6.0347592913385828
21
-4.7995701181102364
0
LINE
8
BLACK
6
CONTINUOUS
10
6.0347592913385828
20
-4.7995701181102364
11
6.0351730708661417
21
-4.8006513385826768
0
LINE
8
BLACK
6
CONTINUOUS
10
6.0351730708661417
20
-4.8006513385826768
11
6.0351881102362199
21
-4.8008630314960632
0
LINE
8
BLACK
6
CONTINUOUS
10
6.0351881102362199
20
-4.8008630314960632
11
6.0352692913385821
21
-4.8010590157480317
0
LINE
8
BLACK
6
CONTINUOUS
10
6.0352692913385821
20
-4.8010590157480317
11
6.0353827559055118
21
-4.8022111417322835
0
LINE
8
BLACK
6
CONTINUOUS
10
6.0353827559055118
20
-4.8022111417322835
11
6.0353827559055118
21
-4.8070855511811024
0
LINE
8
BLACK
6
CONTINUOUS
10
6.0353827559055118
20
-4.8070855511811024
11
6.0352692913385821
21
-4.8082376771653541
0
LINE
8
BLACK
6
CONTINUOUS
10
6.0352692913385821
20
-4.8082376771653541
11
6.0351881102362199
21
-4.8084336220472439
0
LINE
8
BLACK
6
CONTINUOUS
10
6.0351881102362199
20
-4.8084336220472439
11
6.0351730708661417
21
-4.8086453543307082
0
LINE
8
BLACK
6
CONTINUOUS
10
6.0351730708661417
20
-4.8086453543307082
11
6.0347592913385828
21
-4.8097265748031495
0
LINE
8
BLACK
6
CONTINUOUS
10
6.0347592913385828
20
-4.8097265748031495
11
6.0323220866141734
21
-4.8146009448818896
0
LINE
8
BLACK
6
CONTINUOUS
10
6.0323220866141734
20
-4.8146009448818896
11
6.0320099606299209
21
-4.8150967322834646
0
LINE
8
BLACK
6
CONTINUOUS
10
6.0320099606299209
20
-4.8150967322834646
11
6.0319503149606302
21
-4.8152408267716531
0
LINE
8
BLACK
6
CONTINUOUS
10
6.0319503149606302
20
-4.8152408267716531
11
6.0318171653543304
21
-4.8154029921259838
0
LINE
8
BLACK
6
CONTINUOUS
10
6.0318171653543304
20
-4.8154029921259838
11
6.0317053543307084
21
-4.8155807086614173
0
LINE
8
BLACK
6
CONTINUOUS
10
6.0317053543307084
20
-4.8155807086614173
11
6.0315874409448815
21
-4.8156829133858263
0
LINE
8
BLACK
6
CONTINUOUS
10
6.0315874409448815
20
-4.8156829133858263
11
6.0312158661417321
21
-4.8161357480314964
0
LINE
8
BLACK
6
CONTINUOUS
10
6.0312158661417321
20
-4.8161357480314964
11
6.0287786614173227
21
-4.8185729527559058
0
LINE
8
BLACK
6
CONTINUOUS
10
6.0287786614173227
20
-4.8185729527559058
11
6.0283258267716535
21
-4.818944566929134
0
LINE
8
BLACK
6
CONTINUOUS
10
6.0283258267716535
20
-4.818944566929134
11
6.0282236220472436
21
-4.8190624409448821
0
LINE
8
BLACK
6
CONTINUOUS
10
6.0282236220472436
20
-4.8190624409448821
11
6.028045905511811
21
-4.8191742913385829
0
LINE
8
BLACK
6
CONTINUOUS
10
6.028045905511811
20
-4.8191742913385829
11
6.0278837401574803
21
-4.819307401574803
0
LINE
8
BLACK
6
CONTINUOUS
10
6.0278837401574803
20
-4.819307401574803
11
6.0277396850393696
21
-4.8193670472440946
0
LINE
8
BLACK
6
CONTINUOUS
10
6.0277396850393696
20
-4.8193670472440946
11
6.0272438976377956
21
-4.8196791732283462
0
LINE
8
BLACK
6
CONTINUOUS
10
6.0272438976377956
20
-4.8196791732283462
11
6.0223694881889767
21
-4.8221163779527556
0
LINE
8
BLACK
6
CONTINUOUS
10
6.0223694881889767
20
-4.8221163779527556
11
6.0222852755905514
21
-4.8221485826771655
0
LINE
8
BLACK
6
CONTINUOUS
10
6.0222852755905514
20
-4.8221485826771655
11
6.0222509842519685
21
-4.8221740157480317
0
LINE
8
BLACK
6
CONTINUOUS
10
6.0222509842519685
20
-4.8221740157480317
11
6.0217672440944883
21
-4.8223468110236221
0
LINE
8
BLACK
6
CONTINUOUS
10
6.0217672440944883
20
-4.8223468110236221
11
6.0212882677165354
21
-4.8225301181102358
0
LINE
8
BLACK
6
CONTINUOUS
10
6.0212882677165354
20
-4.8225301181102358
11
6.0212457086614171
21
-4.8225331102362201
0
LINE
8
BLACK
6
CONTINUOUS
10
6.0212457086614171
20
-4.8225331102362201
11
6.0211607480314964
21
-4.8225635039370074
0
LINE
8
BLACK
6
CONTINUOUS
10
6.0211607480314964
20
-4.8225635039370074
11
6.0114119685039364
21
-4.8250006692913381
0
LINE
8
BLACK
6
CONTINUOUS
10
6.0114119685039364
20
-4.8250006692913381
11
6.0112122834645669
21
-4.8250301574803149
0
LINE
8
BLACK
6
CONTINUOUS
10
6.0112122834645669
20
-4.8250301574803149
11
6.0111318110236223
21
-4.8250635433070865
0
LINE
8
BLACK
6
CONTINUOUS
10
6.0111318110236223
20
-4.8250635433070865
11
6.0106978346456694
21
-4.8251062598425198
0
LINE
8
BLACK
6
CONTINUOUS
10
6.0106978346456694
20
-4.8251062598425198
11
6.0102667322834646
21
-4.8251700393700787
0
LINE
8
BLACK
6
CONTINUOUS
10
6.0102667322834646
20
-4.8251700393700787
11
6.0101805905511814
21
-4.8251572047244089
0
LINE
8
BLACK
6
CONTINUOUS
10
6.0101805905511814
20
-4.8251572047244089
11
6.0099796850393696
21
-4.8251770078740153
0
LINE
8
BLACK
6
CONTINUOUS
10
6.0099796850393696
20
-4.8251770078740153
11
5.9977937007874011
21
-4.8251770078740153
0
LINE
8
BLACK
6
CONTINUOUS
10
5.9977937007874011
20
-4.8251770078740153
11
5.9975927952755903
21
-4.8251572047244089
0
LINE
8
BLACK
6
CONTINUOUS
10
5.9975927952755903
20
-4.8251572047244089
11
5.9975066929133858
21
-4.8251700393700787
0
LINE
8
BLACK
6
CONTINUOUS
10
5.9975066929133858
20
-4.8251700393700787
11
5.997075275590551
21
-4.8251062204724411
0
LINE
8
BLACK
6
CONTINUOUS
10
5.997075275590551
20
-4.8251062204724411
11
5.9966415748031494
21
-4.8250635433070865
0
LINE
8
BLACK
6
CONTINUOUS
10
5.9966415748031494
20
-4.8250635433070865
11
5.9965611811023622
21
-4.8250302362204724
0
LINE
8
BLACK
6
CONTINUOUS
10
5.9965611811023622
20
-4.8250302362204724
11
5.9963614173228343
21
-4.8250007086614168
0
LINE
8
BLACK
6
CONTINUOUS
10
5.9963614173228343
20
-4.8250007086614168
11
5.9866126377952753
21
-4.8225635039370074
0
LINE
8
BLACK
6
CONTINUOUS
10
5.9866126377952753
20
-4.8225635039370074
11
5.9865277559055121
21
-4.8225331496062989
0
LINE
8
BLACK
6
CONTINUOUS
10
5.9865277559055121
20
-4.8225331496062989
11
5.9864851574803151
21
-4.8225301574803145
0
LINE
8
BLACK
6
CONTINUOUS
10
5.9864851574803151
20
-4.8225301574803145
11
5.9860052755905508
21
-4.822346496062992
0
LINE
8
BLACK
6
CONTINUOUS
10
5.9860052755905508
20
-4.822346496062992
11
5.985522440944882
21
-4.8221740157480317
0
LINE
8
BLACK
6
CONTINUOUS
10
5.985522440944882
20
-4.8221740157480317
11
5.985488149606299
21
-4.8221486220472443
0
LINE
8
BLACK
6
CONTINUOUS
10
5.985488149606299
20
-4.8221486220472443
11
5.985403897637795
21
-4.8221163779527556
0
LINE
8
BLACK
6
CONTINUOUS
10
5.985403897637795
20
-4.8221163779527556
11
5.9805294881889761
21
-4.8196791732283462
0
LINE
8
BLACK
6
CONTINUOUS
10
5.9805294881889761
20
-4.8196791732283462
11
5.9800335433070861
21
-4.8193670078740158
0
LINE
8
BLACK
6
CONTINUOUS
10
5.9800335433070861
20
-4.8193670078740158
11
5.9798895669291339
21
-4.8193073622047242
0
LINE
8
BLACK
6
CONTINUOUS
10
5.9798895669291339
20
-4.8193073622047242
11
5.979727440944882
21
-4.8191742913385829
0
LINE
8
BLACK
6
CONTINUOUS
10
5.979727440944882
20
-4.8191742913385829
11
5.9795497244094484
21
-4.8190624409448821
0
LINE
8
BLACK
6
CONTINUOUS
10
5.9795497244094484
20
-4.8190624409448821
11
5.9794474803149607
21
-4.8189445275590552
0
LINE
8
BLACK
6
CONTINUOUS
10
5.9794474803149607
20
-4.8189445275590552
11
5.9789946456692915
21
-4.8185729133858271
0
LINE
8
BLACK
6
CONTINUOUS
10
5.9789946456692915
20
-4.8185729133858271
11
5.9765574803149608
21
-4.8161357086614176
0
LINE
8
BLACK
6
CONTINUOUS
10
5.9765574803149608
20
-4.8161357086614176
11
5.9761858661417318
21
-4.8156828740157476
0
LINE
8
BLACK
6
CONTINUOUS
10
5.9761858661417318
20
-4.8156828740157476
11
5.9760680314960632
21
-4.8155807086614173
0
LINE
8
BLACK
6
CONTINUOUS
10
5.9760680314960632
20
-4.8155807086614173
11
5.9759561811023625
21
-4.8154030314960625
0
LINE
8
BLACK
6
CONTINUOUS
10
5.9759561811023625
20
-4.8154030314960625
11
5.9758230314960628
21
-4.8152407874015744
0
LINE
8
BLACK
6
CONTINUOUS
10
5.9758230314960628
20
-4.8152407874015744
11
5.9757633464566924
21
-4.8150966929133858
0
LINE
8
BLACK
6
CONTINUOUS
10
5.9757633464566924
20
-4.8150966929133858
11
5.9754512992125983
21
-4.8146009842519684
0
LINE
8
BLACK
6
CONTINUOUS
10
5.9754512992125983
20
-4.8146009842519684
11
5.9730140944881889
21
-4.8097265748031495
0
LINE
8
BLACK
6
CONTINUOUS
10
5.9730140944881889
20
-4.8097265748031495
11
5.9726003543307087
21
-4.8086453543307082
0
LINE
8
BLACK
6
CONTINUOUS
10
5.9726003543307087
20
-4.8086453543307082
11
5.9725853149606296
21
-4.8084337401574802
0
LINE
8
BLACK
6
CONTINUOUS
10
5.9725853149606296
20
-4.8084337401574802
11
5.9725040944881886
21
-4.8082376771653541
0
LINE
8
BLACK
6
CONTINUOUS
10
5.9725040944881886
20
-4.8082376771653541
11
5.9723906299212599
21
-4.8070855511811024
0
LINE
8
BLACK
6
CONTINUOUS
10
5.9723906299212599
20
-4.8070855511811024
11
5.9723906299212599
21
-4.8022111417322835
0
LINE
8
BLACK
6
CONTINUOUS
10
5.9723906299212599
20
-4.8022111417322835
11
5.9725040944881886
21
-4.8010590157480317
0
LINE
8
BLACK
6
CONTINUOUS
10
5.9725040944881886
20
-4.8010590157480317
11
5.9725853149606296
21
-4.8008629133858269
0
LINE
8
BLACK
6
CONTINUOUS
10
5.9725853149606296
20
-4.8008629133858269
11
5.9726003543307087
21
-4.8006513385826768
0
LINE
8
BLACK
6
CONTINUOUS
10
5.9726003543307087
20
-4.8006513385826768
11
5.9730140944881889
21
-4.7995701181102364
0
LINE
8
BLACK
6
CONTINUOUS
10
5.9730140944881889
20
-4.7995701181102364
11
5.9754512992125983
21
-4.7946957086614175
0
LINE
8
BLACK
6
CONTINUOUS
10
5.9754512992125983
20
-4.7946957086614175
11
5.9757633464566924
21
-4.7941999606299213
0
LINE
8
BLACK
6
CONTINUOUS
10
5.9757633464566924
20
-4.7941999606299213
11
5.9758230314960628
21
-4.7940559055118106
0
LINE
8
BLACK
6
CONTINUOUS
10
5.9758230314960628
20
-4.7940559055118106
11
5.9759561811023625
21
-4.7938936220472437
0
LINE
8
BLACK
6
CONTINUOUS
10
5.9759561811023625
20
-4.7938936220472437
11
5.9760680314960632
21
-4.7937159842519685
0
LINE
8
BLACK
6
CONTINUOUS
10
5.9760680314960632
20
-4.7937159842519685
11
5.9761858661417318
21
-4.7936137795275586
0
LINE
8
BLACK
6
CONTINUOUS
10
5.9761858661417318
20
-4.7936137795275586
11
5.9765574803149608
21
-4.7931609842519682
0
LINE
8
BLACK
6
CONTINUOUS
10
5.9765574803149608
20
-4.7931609842519682
11
5.9789946456692915
21
-4.7907237795275588
0
LINE
8
BLACK
6
CONTINUOUS
10
5.9789946456692915
20
-4.7907237795275588
11
5.9794474803149607
21
-4.7903521259842519
0
LINE
8
BLACK
6
CONTINUOUS
10
5.9794474803149607
20
-4.7903521259842519
11
5.9795497244094484
21
-4.7902342519685037
0
LINE
8
BLACK
6
CONTINUOUS
10
5.9795497244094484
20
-4.7902342519685037
11
5.979727440944882
21
-4.7901223622047242
0
LINE
8
BLACK
6
CONTINUOUS
10
5.979727440944882
20
-4.7901223622047242
11
5.9798895669291339
21
-4.7899893307086616
0
LINE
8
BLACK
6
CONTINUOUS
10
5.9798895669291339
20
-4.7899893307086616
11
5.9800335433070861
21
-4.7899296456692912
0
LINE
8
BLACK
6
CONTINUOUS
10
5.9800335433070861
20
-4.7899296456692912
11
5.9805294881889761
21
-4.7896175196850397
0
LINE
8
BLACK
6
CONTINUOUS
10
5.9805294881889761
20
-4.7896175196850397
11
5.985403897637795
21
-4.7871803149606302
0
LINE
8
BLACK
6
CONTINUOUS
10
5.985403897637795
20
-4.7871803149606302
11
5.9854880708661415
21
-4.7871480708661416
0
LINE
8
BLACK
6
CONTINUOUS
10
5.9854880708661415
20
-4.7871480708661416
11
5.9855224015748032
21
-4.7871226771653541
0
LINE
8
BLACK
6
CONTINUOUS
10
5.9855224015748032
20
-4.7871226771653541
11
5.9860055905511809
21
-4.7869500393700788
0
LINE
8
BLACK
6
CONTINUOUS
10
5.9860055905511809
20
-4.7869500393700788
11
5.9864851574803151
21
-4.7867665354330704
0
LINE
8
BLACK
6
CONTINUOUS
10
5.9864851574803151
20
-4.7867665354330704
11
5.9865277559055121
21
-4.7867635039370073
0
LINE
8
BLACK
6
CONTINUOUS
10
5.9865277559055121
20
-4.7867635039370073
11
5.9866126377952753
21
-4.7867331889763776
0
LINE
8
BLACK
6
CONTINUOUS
10
5.9866126377952753
20
-4.7867331889763776
11
5.9963614173228343
21
-4.7842959842519681
0
LINE
8
BLACK
6
CONTINUOUS
10
5.9963614173228343
20
-4.7842959842519681
11
5.996561062992126
21
-4.7842664566929134
0
LINE
8
BLACK
6
CONTINUOUS
10
5.996561062992126
20
-4.7842664566929134
11
5.9966415748031494
21
-4.7842331102362206
0
LINE
8
BLACK
6
CONTINUOUS
10
5.9966415748031494
20
-4.7842331102362206
11
5.9970755118110235
21
-4.7841903543307085
0
LINE
8
BLACK
6
CONTINUOUS
10
5.9970755118110235
20
-4.7841903543307085
11
5.997506653543307
21
-4.7841266141732284
0
LINE
8
BLACK
6
CONTINUOUS
10
5.997506653543307
20
-4.7841266141732284
11
5.9975927559055116
21
-4.7841394094488185
0
LINE
8
BLACK
6
CONTINUOUS
10
5.9975927559055116
20
-4.7841394094488185
11
5.9977937007874011
21
-4.7841196456692909
0
LINE
8
BLACK
6
CONTINUOUS
10
5.9977937007874011
20
-4.7841196456692909
11
6.0099796850393696
21
-4.7841196456692909
0
LINE
8
BLACK
6
CONTINUOUS
10
6.0099796850393696
20
-4.7841196456692909
11
6.0101805905511814
21
-4.7841394094488185
0
LINE
8
BLACK
6
CONTINUOUS
10
5.9901061811023624
20
-4.7980342913385829
11
5.9866687007874013
21
-4.7997529921259838
0
LINE
8
BLACK
6
CONTINUOUS
10
5.9866687007874013
20
-4.7997529921259838
11
5.9855868110236221
21
-4.8008349212598427
0
LINE
8
BLACK
6
CONTINUOUS
10
5.9855868110236221
20
-4.8008349212598427
11
5.9842016535433071
21
-4.8036052362204726
0
LINE
8
BLACK
6
CONTINUOUS
10
5.9842016535433071
20
-4.8036052362204726
11
5.9842016535433071
21
-4.8056914173228344
0
LINE
8
BLACK
6
CONTINUOUS
10
5.9842016535433071
20
-4.8056914173228344
11
5.9855868110236221
21
-4.8084617322834644
0
LINE
8
BLACK
6
CONTINUOUS
10
5.9855868110236221
20
-4.8084617322834644
11
5.9866687007874013
21
-4.8095436614173224
0
LINE
8
BLACK
6
CONTINUOUS
10
5.9866687007874013
20
-4.8095436614173224
11
5.9901061417322836
21
-4.8112623622047241
0
LINE
8
BLACK
6
CONTINUOUS
10
5.9901061417322836
20
-4.8112623622047241
11
5.9985206299212601
21
-4.813365984251968
0
LINE
8
BLACK
6
CONTINUOUS
10
5.9985206299212601
20
-4.813365984251968
11
6.0092527559055116
21
-4.813365984251968
0
LINE
8
BLACK
6
CONTINUOUS
10
6.0092527559055116
20
-4.813365984251968
11
6.0176673228346456
21
-4.8112623228346454
0
LINE
8
BLACK
6
CONTINUOUS
10
6.0176673228346456
20
-4.8112623228346454
11
6.0211046062992128
21
-4.8095436614173224
0
LINE
8
BLACK
6
CONTINUOUS
10
6.0211046062992128
20
-4.8095436614173224
11
6.0221865748031496
21
-4.8084617322834644
0
LINE
8
BLACK
6
CONTINUOUS
10
6.0221865748031496
20
-4.8084617322834644
11
6.0235717322834645
21
-4.8056914173228344
0
LINE
8
BLACK
6
CONTINUOUS
10
6.0235717322834645
20
-4.8056914173228344
11
6.0235717322834645
21
-4.8036052755905514
0
LINE
8
BLACK
6
CONTINUOUS
10
6.0235717322834645
20
-4.8036052755905514
11
6.0221865748031496
21
-4.8008349606299214
0
LINE
8
BLACK
6
CONTINUOUS
10
6.0221865748031496
20
-4.8008349606299214
11
6.0211046062992128
21
-4.7997529921259838
0
LINE
8
BLACK
6
CONTINUOUS
10
6.0211046062992128
20
-4.7997529921259838
11
6.0176671653543305
21
-4.7980342519685042
0
LINE
8
BLACK
6
CONTINUOUS
10
6.0176671653543305
20
-4.7980342519685042
11
6.0092527559055116
21
-4.7959306692913382
0
LINE
8
BLACK
6
CONTINUOUS
10
6.0092527559055116
20
-4.7959306692913382
11
5.9985206692913389
21
-4.7959306692913382
0
LINE
8
BLACK
6
CONTINUOUS
10
5.9985206692913389
20
-4.7959306692913382
11
5.9901061811023624
21
-4.7980342913385829
0
LINE
8
BLACK
6
CONTINUOUS
10
6.1141229921259841
20
-4.7703980314960628
11
6.115752283464567
21
-4.7720273228346457
0
LINE
8
BLACK
6
CONTINUOUS
10
6.115752283464567
20
-4.7720273228346457
11
6.1166340944881892
21
-4.7741561417322833
0
LINE
8
BLACK
6
CONTINUOUS
10
6.1166340944881892
20
-4.7741561417322833
11
6.1167475590551179
21
-4.775308267716535
0
LINE
8
BLACK
6
CONTINUOUS
10
6.1167475590551179
20
-4.775308267716535
11
6.1167475590551179
21
-4.7776951574803146
0
LINE
8
BLACK
6
CONTINUOUS
10
6.1167475590551179
20
-4.7776951574803146
11
6.1314957086614168
21
-4.7744177952755908
0
LINE
8
BLACK
6
CONTINUOUS
10
6.1314957086614168
20
-4.7744177952755908
11
6.1326450000000001
21
-4.7742786220472437
0
LINE
8
BLACK
6
CONTINUOUS
10
6.1326450000000001
20
-4.7742786220472437
11
6.1349144488188978
21
-4.7746776377952758
0
LINE
8
BLACK
6
CONTINUOUS
10
6.1349144488188978
20
-4.7746776377952758
11
6.1368583858267716
21
-4.7759146850393703
0
LINE
8
BLACK
6
CONTINUOUS
10
6.1368583858267716
20
-4.7759146850393703
11
6.1381809842519681
21
-4.7778015354330705
0
LINE
8
BLACK
6
CONTINUOUS
10
6.1381809842519681
20
-4.7778015354330705
11
6.1386808661417325
21
-4.7800509055118106
0
LINE
8
BLACK
6
CONTINUOUS
10
6.1386808661417325
20
-4.7800509055118106
11
6.1382818503937004
21
-4.7823203149606295
0
LINE
8
BLACK
6
CONTINUOUS
10
6.1382818503937004
20
-4.7823203149606295
11
6.1370448031496059
21
-4.7842642519685041
0
LINE
8
BLACK
6
CONTINUOUS
10
6.1370448031496059
20
-4.7842642519685041
11
6.1351579527559057
21
-4.7855868897637794
0
LINE
8
BLACK
6
CONTINUOUS
10
6.1351579527559057
20
-4.7855868897637794
11
6.1340578740157481
21
-4.7859475590551179
0
LINE
8
BLACK
6
CONTINUOUS
10
6.1340578740157481
20
-4.7859475590551179
11
6.1167475590551179
21
-4.7897942913385823
0
LINE
8
BLACK
6
CONTINUOUS
10
6.1167475590551179
20
-4.7897942913385823
11
6.1167475590551179
21
-4.7947555118110232
0
LINE
8
BLACK
6
CONTINUOUS
10
6.1167475590551179
20
-4.7947555118110232
11
6.1314957086614168
21
-4.7914781496062995
0
LINE
8
BLACK
6
CONTINUOUS
10
6.1314957086614168
20
-4.7914781496062995
11
6.1326450000000001
21
-4.7913389763779524
0
LINE
8
BLACK
6
CONTINUOUS
10
6.1326450000000001
20
-4.7913389763779524
11
6.1349144488188978
21
-4.7917379921259844
0
LINE
8
BLACK
6
CONTINUOUS
10
6.1349144488188978
20
-4.7917379921259844
11
6.1368583858267716
21
-4.792975039370079
0
LINE
8
BLACK
6
CONTINUOUS
10
6.1368583858267716
20
-4.792975039370079
11
6.1381809842519681
21
-4.7948618897637791
0
LINE
8
BLACK
6
CONTINUOUS
10
6.1381809842519681
20
-4.7948618897637791
11
6.1386808661417325
21
-4.7971112598425192
0
LINE
8
BLACK
6
CONTINUOUS
10
6.1386808661417325
20
-4.7971112598425192
11
6.1382818503937004
21
-4.7993806692913381
0
LINE
8
BLACK
6
CONTINUOUS
10
6.1382818503937004
20
-4.7993806692913381
11
6.1370448031496059
21
-4.8013246062992128
0
LINE
8
BLACK
6
CONTINUOUS
10
6.1370448031496059
20
-4.8013246062992128
11
6.1351579527559057
21
-4.8026472440944881
0
LINE
8
BLACK
6
CONTINUOUS
10
6.1351579527559057
20
-4.8026472440944881
11
6.1340578740157481
21
-4.8030079133858266
0
LINE
8
BLACK
6
CONTINUOUS
10
6.1340578740157481
20
-4.8030079133858266
11
6.1167475590551179
21
-4.8068546456692909
0
LINE
8
BLACK
6
CONTINUOUS
10
6.1167475590551179
20
-4.8068546456692909
11
6.1167475590551179
21
-4.8118661811023618
0
LINE
8
BLACK
6
CONTINUOUS
10
6.1167475590551179
20
-4.8118661811023618
11
6.1166340944881892
21
-4.8130183070866144
0
LINE
8
BLACK
6
CONTINUOUS
10
6.1166340944881892
20
-4.8130183070866144
11
6.115752283464567
21
-4.815147125984252
0
LINE
8
BLACK
6
CONTINUOUS
10
6.115752283464567
20
-4.815147125984252
11
6.1141229921259841
21
-4.8167764173228349
0
LINE
8
BLACK
6
CONTINUOUS
10
6.1141229921259841
20
-4.8167764173228349
11
6.1119941732283465
21
-4.8176582283464562
0
LINE
8
BLACK
6
CONTINUOUS
10
6.1119941732283465
20
-4.8176582283464562
11
6.1096899212598421
21
-4.8176582283464562
0
LINE
8
BLACK
6
CONTINUOUS
10
6.1096899212598421
20
-4.8176582283464562
11
6.1075611023622045
21
-4.8167764173228349
0
LINE
8
BLACK
6
CONTINUOUS
10
6.1075611023622045
20
-4.8167764173228349
11
6.1059318110236216
21
-4.815147125984252
0
LINE
8
BLACK
6
CONTINUOUS
10
6.1059318110236216
20
-4.815147125984252
11
6.1050499999999994
21
-4.8130183070866144
0
LINE
8
BLACK
6
CONTINUOUS
10
6.1050499999999994
20
-4.8130183070866144
11
6.1049365354330707
21
-4.8118661811023618
0
LINE
8
BLACK
6
CONTINUOUS
10
6.1049365354330707
20
-4.8118661811023618
11
6.1049365354330707
21
-4.8094792913385822
0
LINE
8
BLACK
6
CONTINUOUS
10
6.1049365354330707
20
-4.8094792913385822
11
6.0948128346456691
21
-4.811729015748031
0
LINE
8
BLACK
6
CONTINUOUS
10
6.0948128346456691
20
-4.811729015748031
11
6.0948128346456691
21
-4.8167405905511806
0
LINE
8
BLACK
6
CONTINUOUS
10
6.0948128346456691
20
-4.8167405905511806
11
6.0946993700787404
21
-4.8178927165354333
0
LINE
8
BLACK
6
CONTINUOUS
10
6.0946993700787404
20
-4.8178927165354333
11
6.0938175590551182
21
-4.8200215354330709
0
LINE
8
BLACK
6
CONTINUOUS
10
6.0938175590551182
20
-4.8200215354330709
11
6.0921882677165353
21
-4.8216508267716538
0
LINE
8
BLACK
6
CONTINUOUS
10
6.0921882677165353
20
-4.8216508267716538
11
6.0900594488188977
21
-4.8225326377952751
0
LINE
8
BLACK
6
CONTINUOUS
10
6.0900594488188977
20
-4.8225326377952751
11
6.0877551968503933
21
-4.8225326377952751
0
LINE
8
BLACK
6
CONTINUOUS
10
6.0877551968503933
20
-4.8225326377952751
11
6.0856263779527557
21
-4.8216508267716538
0
LINE
8
BLACK
6
CONTINUOUS
10
6.0856263779527557
20
-4.8216508267716538
11
6.0839970866141728
21
-4.8200215354330709
0
LINE
8
BLACK
6
CONTINUOUS
10
6.0839970866141728
20
-4.8200215354330709
11
6.0831152755905507
21
-4.8178927165354333
0
LINE
8
BLACK
6
CONTINUOUS
10
6.0831152755905507
20
-4.8178927165354333
11
6.0830018110236219
21
-4.8167405905511806
0
LINE
8
BLACK
6
CONTINUOUS
10
6.0830018110236219
20
-4.8167405905511806
11
6.0830018110236219
21
-4.8143536614173223
0
LINE
8
BLACK
6
CONTINUOUS
10
6.0830018110236219
20
-4.8143536614173223
11
6.068253661417323
21
-4.8176310629921257
0
LINE
8
BLACK
6
CONTINUOUS
10
6.068253661417323
20
-4.8176310629921257
11
6.067104330708661
21
-4.817770236220472
0
LINE
8
BLACK
6
CONTINUOUS
10
6.067104330708661
20
-4.817770236220472
11
6.064834921259842
21
-4.8173712204724408
0
LINE
8
BLACK
6
CONTINUOUS
10
6.064834921259842
20
-4.8173712204724408
11
6.0628909842519683
21
-4.8161341732283462
0
LINE
8
BLACK
6
CONTINUOUS
10
6.0628909842519683
20
-4.8161341732283462
11
6.0615683858267717
21
-4.8142473228346452
0
LINE
8
BLACK
6
CONTINUOUS
10
6.0615683858267717
20
-4.8142473228346452
11
6.0610685039370074
21
-4.8119979527559051
0
LINE
8
BLACK
6
CONTINUOUS
10
6.0610685039370074
20
-4.8119979527559051
11
6.0614675196850394
21
-4.8097285433070862
0
LINE
8
BLACK
6
CONTINUOUS
10
6.0614675196850394
20
-4.8097285433070862
11
6.062704566929134
21
-4.8077846062992124
0
LINE
8
BLACK
6
CONTINUOUS
10
6.062704566929134
20
-4.8077846062992124
11
6.0645914173228341
21
-4.8064620078740159
0
LINE
8
BLACK
6
CONTINUOUS
10
6.0645914173228341
20
-4.8064620078740159
11
6.065691456692913
21
-4.8061012992125987
0
LINE
8
BLACK
6
CONTINUOUS
10
6.065691456692913
20
-4.8061012992125987
11
6.0830018110236219
21
-4.8022545275590547
0
LINE
8
BLACK
6
CONTINUOUS
10
6.0830018110236219
20
-4.8022545275590547
11
6.0830018110236219
21
-4.7972933070866137
0
LINE
8
BLACK
6
CONTINUOUS
10
6.0830018110236219
20
-4.7972933070866137
11
6.068253661417323
21
-4.8005707086614171
0
LINE
8
BLACK
6
CONTINUOUS
10
6.068253661417323
20
-4.8005707086614171
11
6.067104330708661
21
-4.8007098818897633
0
LINE
8
BLACK
6
CONTINUOUS
10
6.067104330708661
20
-4.8007098818897633
11
6.064834921259842
21
-4.8003108661417322
0
LINE
8
BLACK
6
CONTINUOUS
10
6.064834921259842
20
-4.8003108661417322
11
6.0628909842519683
21
-4.7990738188976376
0
LINE
8
BLACK
6
CONTINUOUS
10
6.0628909842519683
20
-4.7990738188976376
11
6.0615683858267717
21
-4.7971869685039366
0
LINE
8
BLACK
6
CONTINUOUS
10
6.0615683858267717
20
-4.7971869685039366
11
6.0610685039370074
21
-4.7949375984251965
0
LINE
8
BLACK
6
CONTINUOUS
10
6.0610685039370074
20
-4.7949375984251965
11
6.0614675196850394
21
-4.7926681889763776
0
LINE
8
BLACK
6
CONTINUOUS
10
6.0614675196850394
20
-4.7926681889763776
11
6.062704566929134
21
-4.7907242519685038
0
LINE
8
BLACK
6
CONTINUOUS
10
6.062704566929134
20
-4.7907242519685038
11
6.0645914173228341
21
-4.7894016535433073
0
LINE
8
BLACK
6
CONTINUOUS
10
6.0645914173228341
20
-4.7894016535433073
11
6.065691456692913
21
-4.78904094488189
0
LINE
8
BLACK
6
CONTINUOUS
10
6.065691456692913
20
-4.78904094488189
11
6.0830018110236219
21
-4.7851941732283461
0
LINE
8
BLACK
6
CONTINUOUS
10
6.0830018110236219
20
-4.7851941732283461
11
6.0830018110236219
21
-4.7801826771653539
0
LINE
8
BLACK
6
CONTINUOUS
10
6.0830018110236219
20
-4.7801826771653539
11
6.0831152755905507
21
-4.7790305511811022
0
LINE
8
BLACK
6
CONTINUOUS
10
6.0831152755905507
20
-4.7790305511811022
11
6.0839970866141728
21
-4.7769017322834646
0
LINE
8
BLACK
6
CONTINUOUS
10
6.0839970866141728
20
-4.7769017322834646
11
6.0856263779527557
21
-4.7752724409448817
0
LINE
8
BLACK
6
CONTINUOUS
10
6.0856263779527557
20
-4.7752724409448817
11
6.0877551968503933
21
-4.7743906299212595
0
LINE
8
BLACK
6
CONTINUOUS
10
6.0877551968503933
20
-4.7743906299212595
11
6.0900594488188977
21
-4.7743906299212595
0
LINE
8
BLACK
6
CONTINUOUS
10
6.0900594488188977
20
-4.7743906299212595
11
6.0921882677165353
21
-4.7752724409448817
0
LINE
8
BLACK
6
CONTINUOUS
10
6.0921882677165353
20
-4.7752724409448817
11
6.0938175590551182
21
-4.7769017322834646
0
LINE
8
BLACK
6
CONTINUOUS
10
6.0938175590551182
20
-4.7769017322834646
11
6.0946993700787404
21
-4.7790305511811022
0
LINE
8
BLACK
6
CONTINUOUS
10
6.0946993700787404
20
-4.7790305511811022
11
6.0948128346456691
21
-4.7801826771653539
0
LINE
8
BLACK
6
CONTINUOUS
10
6.0948128346456691
20
-4.7801826771653539
11
6.0948128346456691
21
-4.7825695275590547
0
LINE
8
BLACK
6
CONTINUOUS
10
6.0948128346456691
20
-4.7825695275590547
11
6.1049365354330707
21
-4.7803198031496059
0
LINE
8
BLACK
6
CONTINUOUS
10
6.1049365354330707
20
-4.7803198031496059
11
6.1049365354330707
21
-4.775308267716535
0
LINE
8
BLACK
6
CONTINUOUS
10
6.1049365354330707
20
-4.775308267716535
11
6.1050499999999994
21
-4.7741561417322833
0
LINE
8
BLACK
6
CONTINUOUS
10
6.1050499999999994
20
-4.7741561417322833
11
6.1059318110236216
21
-4.7720273228346457
0
LINE
8
BLACK
6
CONTINUOUS
10
6.1059318110236216
20
-4.7720273228346457
11
6.1075611023622045
21
-4.7703980314960628
0
LINE
8
BLACK
6
CONTINUOUS
10
6.1075611023622045
20
-4.7703980314960628
11
6.1096899212598421
21
-4.7695162204724406
0
LINE
8
BLACK
6
CONTINUOUS
10
6.1096899212598421
20
-4.7695162204724406
11
6.1119941732283465
21
-4.7695162204724406
0
LINE
8
BLACK
6
CONTINUOUS
10
6.1119941732283465
20
-4.7695162204724406
11
6.1141229921259841
21
-4.7703980314960628
0
LINE
8
BLACK
6
CONTINUOUS
10
6.0948128346456691
20
-4.7946686614173224
11
6.0948128346456691
21
-4.7996298818897634
0
LINE
8
BLACK
6
CONTINUOUS
10
6.0948128346456691
20
-4.7996298818897634
11
6.1049365354330707
21
-4.7973801574803145
0
LINE
8
BLACK
6
CONTINUOUS
10
6.1049365354330707
20
-4.7973801574803145
11
6.1049365354330707
21
-4.7924189370078736
0
LINE
8
BLACK
6
CONTINUOUS
10
6.1049365354330707
20
-4.7924189370078736
11
6.0948128346456691
21
-4.7946686614173224
0
LINE
8
BLACK
6
CONTINUOUS
10
6.3950838188976373
20
-4.7743905905511808
11
6.3952798818897634
21
-4.7744718110236217
0
LINE
8
BLACK
6
CONTINUOUS
10
6.3952798818897634
20
-4.7744718110236217
11
6.3954914960629923
21
-4.7744868503937008
0
LINE
8
BLACK
6
CONTINUOUS
10
6.3954914960629923
20
-4.7744868503937008
11
6.3965727165354327
21
-4.774900590551181
0
LINE
8
BLACK
6
CONTINUOUS
10
6.3965727165354327
20
-4.774900590551181
11
6.4014471259842516
21
-4.7773377952755904
0
LINE
8
BLACK
6
CONTINUOUS
10
6.4014471259842516
20
-4.7773377952755904
11
6.4019429133858266
21
-4.7776498818897633
0
LINE
8
BLACK
6
CONTINUOUS
10
6.4019429133858266
20
-4.7776498818897633
11
6.4020869685039372
21
-4.7777095669291336
0
LINE
8
BLACK
6
CONTINUOUS
10
6.4020869685039372
20
-4.7777095669291336
11
6.4022491338582679
21
-4.7778426377952758
0
LINE
8
BLACK
6
CONTINUOUS
10
6.4022491338582679
20
-4.7778426377952758
11
6.4024268503937005
21
-4.7779545275590554
0
LINE
8
BLACK
6
CONTINUOUS
10
6.4024268503937005
20
-4.7779545275590554
11
6.4025290551181104
21
-4.7780723622047239
0
LINE
8
BLACK
6
CONTINUOUS
10
6.4025290551181104
20
-4.7780723622047239
11
6.4029818897637796
21
-4.7784440157480317
0
LINE
8
BLACK
6
CONTINUOUS
10
6.4029818897637796
20
-4.7784440157480317
11
6.405419094488189
21
-4.7808812204724411
0
LINE
8
BLACK
6
CONTINUOUS
10
6.405419094488189
20
-4.7808812204724411
11
6.4057906692913384
21
-4.7813340157480315
0
LINE
8
BLACK
6
CONTINUOUS
10
6.4057906692913384
20
-4.7813340157480315
11
6.4059085826771653
21
-4.7814362598425193
0
LINE
8
BLACK
6
CONTINUOUS
10
6.4059085826771653
20
-4.7814362598425193
11
6.4060203937007874
21
-4.7816139370078741
0
LINE
8
BLACK
6
CONTINUOUS
10
6.4060203937007874
20
-4.7816139370078741
11
6.4061535433070862
21
-4.7817761417322835
0
LINE
8
BLACK
6
CONTINUOUS
10
6.4061535433070862
20
-4.7817761417322835
11
6.4062131889763778
21
-4.7819201968503933
0
LINE
8
BLACK
6
CONTINUOUS
10
6.4062131889763778
20
-4.7819201968503933
11
6.4065253149606294
21
-4.782416023622047
0
LINE
8
BLACK
6
CONTINUOUS
10
6.4065253149606294
20
-4.782416023622047
11
6.4080872834645666
21
-4.7855399606299214
0
LINE
8
BLACK
6
CONTINUOUS
10
6.4080872834645666
20
-4.7855399606299214
11
6.4192892125984251
21
-4.7757383070866144
0
LINE
8
BLACK
6
CONTINUOUS
10
6.4192892125984251
20
-4.7757383070866144
11
6.4197872047244093
21
-4.7753822440944882
0
LINE
8
BLACK
6
CONTINUOUS
10
6.4197872047244093
20
-4.7753822440944882
11
6.4198970866141734
21
-4.7752724015748029
0
LINE
8
BLACK
6
CONTINUOUS
10
6.4198970866141734
20
-4.7752724015748029
11
6.4200011811023616
21
-4.7752292519685042
0
LINE
8
BLACK
6
CONTINUOUS
10
6.4200011811023616
20
-4.7752292519685042
11
6.420230984251968
21
-4.7750649999999997
0
LINE
8
BLACK
6
CONTINUOUS
10
6.420230984251968
20
-4.7750649999999997
11
6.4211396062992128
21
-4.7747576771653542
0
LINE
8
BLACK
6
CONTINUOUS
10
6.4211396062992128
20
-4.7747576771653542
11
6.422025905511811
21
-4.7743905905511808
0
LINE
8
BLACK
6
CONTINUOUS
10
6.422025905511811
20
-4.7743905905511808
11
6.4222251968503938
21
-4.7743905905511808
0
LINE
8
BLACK
6
CONTINUOUS
10
6.4222251968503938
20
-4.7743905905511808
11
6.4224137795275587
21
-4.7743268110236219
0
LINE
8
BLACK
6
CONTINUOUS
10
6.4224137795275587
20
-4.7743268110236219
11
6.4233704724409444
21
-4.7743905905511808
0
LINE
8
BLACK
6
CONTINUOUS
10
6.4233704724409444
20
-4.7743905905511808
11
6.4243301574803144
21
-4.7743905905511808
0
LINE
8
BLACK
6
CONTINUOUS
10
6.4243301574803144
20
-4.7743905905511808
11
6.4245142125984254
21
-4.7744668110236219
0
LINE
8
BLACK
6
CONTINUOUS
10
6.4245142125984254
20
-4.7744668110236219
11
6.4247128346456694
21
-4.7744800787401571
0
LINE
8
BLACK
6
CONTINUOUS
10
6.4247128346456694
20
-4.7744800787401571
11
6.4255724803149601
21
-4.7749051968503933
0
LINE
8
BLACK
6
CONTINUOUS
10
6.4255724803149601
20
-4.7749051968503933
11
6.4264589763779529
21
-4.7752724015748029
0
LINE
8
BLACK
6
CONTINUOUS
10
6.4264589763779529
20
-4.7752724015748029
11
6.4265997637795271
21
-4.775413188976378
0
LINE
8
BLACK
6
CONTINUOUS
10
6.4265997637795271
20
-4.775413188976378
11
6.4267783070866145
21
-4.7755014960629918
0
LINE
8
BLACK
6
CONTINUOUS
10
6.4267783070866145
20
-4.7755014960629918
11
6.4274100393700788
21
-4.7762234645669288
0
LINE
8
BLACK
6
CONTINUOUS
10
6.4274100393700788
20
-4.7762234645669288
11
6.428088267716535
21
-4.7769016929133858
0
LINE
8
BLACK
6
CONTINUOUS
10
6.428088267716535
20
-4.7769016929133858
11
6.4281644488188974
21
-4.7770856299212596
0
LINE
8
BLACK
6
CONTINUOUS
10
6.4281644488188974
20
-4.7770856299212596
11
6.4282956692913382
21
-4.7772355905511814
0
LINE
8
BLACK
6
CONTINUOUS
10
6.4282956692913382
20
-4.7772355905511814
11
6.428602952755905
21
-4.7781442125984253
0
LINE
8
BLACK
6
CONTINUOUS
10
6.428602952755905
20
-4.7781442125984253
11
6.4289700787401571
21
-4.7790305118110235
0
LINE
8
BLACK
6
CONTINUOUS
10
6.4289700787401571
20
-4.7790305118110235
11
6.4289977559055114
21
-4.7793116535433073
0
LINE
8
BLACK
6
CONTINUOUS
10
6.4289977559055114
20
-4.7793116535433073
11
6.429033858267716
21
-4.7794183858267711
0
LINE
8
BLACK
6
CONTINUOUS
10
6.429033858267716
20
-4.7794183858267711
11
6.4290235039370076
21
-4.7795732677165352
0
LINE
8
BLACK
6
CONTINUOUS
10
6.4290235039370076
20
-4.7795732677165352
11
6.4290835433070868
21
-4.7801826377952752
0
LINE
8
BLACK
6
CONTINUOUS
10
6.4290835433070868
20
-4.7801826377952752
11
6.4290835433070868
21
-4.8118661811023618
0
LINE
8
BLACK
6
CONTINUOUS
10
6.4290835433070868
20
-4.8118661811023618
11
6.4289700787401571
21
-4.8130183070866144
0
LINE
8
BLACK
6
CONTINUOUS
10
6.4289700787401571
20
-4.8130183070866144
11
6.428088267716535
21
-4.815147125984252
0
LINE
8
BLACK
6
CONTINUOUS
10
6.428088267716535
20
-4.815147125984252
11
6.4264589763779529
21
-4.8167764173228349
0
LINE
8
BLACK
6
CONTINUOUS
10
6.4264589763779529
20
-4.8167764173228349
11
6.4243301574803144
21
-4.8176582283464562
0
LINE
8
BLACK
6
CONTINUOUS
10
6.4243301574803144
20
-4.8176582283464562
11
6.422025905511811
21
-4.8176582283464562
0
LINE
8
BLACK
6
CONTINUOUS
10
6.422025905511811
20
-4.8176582283464562
11
6.4198970866141734
21
-4.8167764173228349
0
LINE
8
BLACK
6
CONTINUOUS
10
6.4198970866141734
20
-4.8167764173228349
11
6.4182677952755904
21
-4.815147125984252
0
LINE
8
BLACK
6
CONTINUOUS
10
6.4182677952755904
20
-4.815147125984252
11
6.4173859842519683
21
-4.8130183070866144
0
LINE
8
BLACK
6
CONTINUOUS
10
6.4173859842519683
20
-4.8130183070866144
11
6.4172725196850395
21
-4.8118661811023618
0
LINE
8
BLACK
6
CONTINUOUS
10
6.4172725196850395
20
-4.8118661811023618
11
6.4172725196850395
21
-4.7931970078740154
0
LINE
8
BLACK
6
CONTINUOUS
10
6.4172725196850395
20
-4.7931970078740154
11
6.4075692913385822
21
-4.8016873622047243
0
LINE
8
BLACK
6
CONTINUOUS
10
6.4075692913385822
20
-4.8016873622047243
11
6.4070712598425192
21
-4.8020433858267717
0
LINE
8
BLACK
6
CONTINUOUS
10
6.4070712598425192
20
-4.8020433858267717
11
6.4069614173228349
21
-4.8021532677165357
0
LINE
8
BLACK
6
CONTINUOUS
10
6.4069614173228349
20
-4.8021532677165357
11
6.406857283464567
21
-4.8021963779527557
0
LINE
8
BLACK
6
CONTINUOUS
10
6.406857283464567
20
-4.8021963779527557
11
6.4066275196850393
21
-4.8023606692913381
0
LINE
8
BLACK
6
CONTINUOUS
10
6.4066275196850393
20
-4.8023606692913381
11
6.4057188582677167
21
-4.8026679527559057
0
LINE
8
BLACK
6
CONTINUOUS
10
6.4057188582677167
20
-4.8026679527559057
11
6.4048325984251964
21
-4.803035078740157
0
LINE
8
BLACK
6
CONTINUOUS
10
6.4048325984251964
20
-4.803035078740157
11
6.4046333070866144
21
-4.803035078740157
0
LINE
8
BLACK
6
CONTINUOUS
10
6.4046333070866144
20
-4.803035078740157
11
6.4044447244094487
21
-4.8030988582677168
0
LINE
8
BLACK
6
CONTINUOUS
10
6.4044447244094487
20
-4.8030988582677168
11
6.4034880314960629
21
-4.803035078740157
0
LINE
8
BLACK
6
CONTINUOUS
10
6.4034880314960629
20
-4.803035078740157
11
6.4025283464566929
21
-4.803035078740157
0
LINE
8
BLACK
6
CONTINUOUS
10
6.4025283464566929
20
-4.803035078740157
11
6.4023442519685041
21
-4.802958818897638
0
LINE
8
BLACK
6
CONTINUOUS
10
6.4023442519685041
20
-4.802958818897638
11
6.4021456692913388
21
-4.8029455905511806
0
LINE
8
BLACK
6
CONTINUOUS
10
6.4021456692913388
20
-4.8029455905511806
11
6.4012859842519685
21
-4.8025204330708657
0
LINE
8
BLACK
6
CONTINUOUS
10
6.4012859842519685
20
-4.8025204330708657
11
6.4003995275590553
21
-4.8021532677165357
0
LINE
8
BLACK
6
CONTINUOUS
10
6.4003995275590553
20
-4.8021532677165357
11
6.4002587007874014
21
-4.8020124409448819
0
LINE
8
BLACK
6
CONTINUOUS
10
6.4002587007874014
20
-4.8020124409448819
11
6.4000801968503938
21
-4.801924173228346
0
LINE
8
BLACK
6
CONTINUOUS
10
6.4000801968503938
20
-4.801924173228346
11
6.3994484251968506
21
-4.8012021653543302
0
LINE
8
BLACK
6
CONTINUOUS
10
6.3994484251968506
20
-4.8012021653543302
11
6.3987702362204724
21
-4.8005239763779528
0
LINE
8
BLACK
6
CONTINUOUS
10
6.3987702362204724
20
-4.8005239763779528
11
6.3986940157480312
21
-4.8003400000000003
0
LINE
8
BLACK
6
CONTINUOUS
10
6.3986940157480312
20
-4.8003400000000003
11
6.3985628346456691
21
-4.8001900787401572
0
LINE
8
BLACK
6
CONTINUOUS
10
6.3985628346456691
20
-4.8001900787401572
11
6.3982555118110236
21
-4.7992814173228346
0
LINE
8
BLACK
6
CONTINUOUS
10
6.3982555118110236
20
-4.7992814173228346
11
6.3978884251968502
21
-4.7983951574803152
0
LINE
8
BLACK
6
CONTINUOUS
10
6.3978884251968502
20
-4.7983951574803152
11
6.3978607086614172
21
-4.7981139763779526
0
LINE
8
BLACK
6
CONTINUOUS
10
6.3978607086614172
20
-4.7981139763779526
11
6.3978246456692913
21
-4.7980072834645666
0
LINE
8
BLACK
6
CONTINUOUS
10
6.3978246456692913
20
-4.7980072834645666
11
6.397834960629921
21
-4.7978523622047247
0
LINE
8
BLACK
6
CONTINUOUS
10
6.397834960629921
20
-4.7978523622047247
11
6.3977749606299215
21
-4.7972430314960626
0
LINE
8
BLACK
6
CONTINUOUS
10
6.3977749606299215
20
-4.7972430314960626
11
6.3977749606299215
21
-4.7913255511811021
0
LINE
8
BLACK
6
CONTINUOUS
10
6.3977749606299215
20
-4.7913255511811021
11
6.3963898031496065
21
-4.7885552362204722
0
LINE
8
BLACK
6
CONTINUOUS
10
6.3963898031496065
20
-4.7885552362204722
11
6.3953078346456689
21
-4.7874732677165355
0
LINE
8
BLACK
6
CONTINUOUS
10
6.3953078346456689
20
-4.7874732677165355
11
6.3925375984251964
21
-4.7860881496062992
0
LINE
8
BLACK
6
CONTINUOUS
10
6.3925375984251964
20
-4.7860881496062992
11
6.3831398031496063
21
-4.7860881496062992
0
LINE
8
BLACK
6
CONTINUOUS
10
6.3831398031496063
20
-4.7860881496062992
11
6.3803694881889763
21
-4.7874732677165355
0
LINE
8
BLACK
6
CONTINUOUS
10
6.3803694881889763
20
-4.7874732677165355
11
6.3792875984251971
21
-4.7885551968503934
0
LINE
8
BLACK
6
CONTINUOUS
10
6.3792875984251971
20
-4.7885551968503934
11
6.3779024409448821
21
-4.7913255118110234
0
LINE
8
BLACK
6
CONTINUOUS
10
6.3779024409448821
20
-4.7913255118110234
11
6.3779024409448821
21
-4.8031604724409451
0
LINE
8
BLACK
6
CONTINUOUS
10
6.3779024409448821
20
-4.8031604724409451
11
6.3792875984251971
21
-4.8059307874015751
0
LINE
8
BLACK
6
CONTINUOUS
10
6.3792875984251971
20
-4.8059307874015751
11
6.3810471653543308
21
-4.8076903937007875
0
LINE
8
BLACK
6
CONTINUOUS
10
6.3810471653543308
20
-4.8076903937007875
11
6.3817815748031492
21
-4.8085853149606299
0
LINE
8
BLACK
6
CONTINUOUS
10
6.3817815748031492
20
-4.8085853149606299
11
6.3826633464566926
21
-4.8107141338582675
0
LINE
8
BLACK
6
CONTINUOUS
10
6.3826633464566926
20
-4.8107141338582675
11
6.3826633070866139
21
-4.8130183070866144
0
LINE
8
BLACK
6
CONTINUOUS
10
6.3826633070866139
20
-4.8130183070866144
11
6.3817815354330705
21
-4.815147125984252
0
LINE
8
BLACK
6
CONTINUOUS
10
6.3817815354330705
20
-4.815147125984252
11
6.3801521653543309
21
-4.8167764566929137
0
LINE
8
BLACK
6
CONTINUOUS
10
6.3801521653543309
20
-4.8167764566929137
11
6.3780233464566924
21
-4.8176582283464562
0
LINE
8
BLACK
6
CONTINUOUS
10
6.3780233464566924
20
-4.8176582283464562
11
6.3757191732283465
21
-4.8176581889763774
0
LINE
8
BLACK
6
CONTINUOUS
10
6.3757191732283465
20
-4.8176581889763774
11
6.3735903543307089
21
-4.8167764173228349
0
LINE
8
BLACK
6
CONTINUOUS
10
6.3735903543307089
20
-4.8167764173228349
11
6.3726954330708656
21
-4.8160419685039368
0
LINE
8
BLACK
6
CONTINUOUS
10
6.3726954330708656
20
-4.8160419685039368
11
6.3702582677165349
21
-4.8136047637795274
0
LINE
8
BLACK
6
CONTINUOUS
10
6.3702582677165349
20
-4.8136047637795274
11
6.3698866535433067
21
-4.8131519291338583
0
LINE
8
BLACK
6
CONTINUOUS
10
6.3698866535433067
20
-4.8131519291338583
11
6.3697688188976374
21
-4.8130497637795271
0
LINE
8
BLACK
6
CONTINUOUS
10
6.3697688188976374
20
-4.8130497637795271
11
6.3696569685039366
21
-4.8128720866141732
0
LINE
8
BLACK
6
CONTINUOUS
10
6.3696569685039366
20
-4.8128720866141732
11
6.3695238188976377
21
-4.812709842519685
0
LINE
8
BLACK
6
CONTINUOUS
10
6.3695238188976377
20
-4.812709842519685
11
6.3694641338582674
21
-4.8125657480314956
0
LINE
8
BLACK
6
CONTINUOUS
10
6.3694641338582674
20
-4.8125657480314956
11
6.3691520866141733
21
-4.812070039370079
0
LINE
8
BLACK
6
CONTINUOUS
10
6.3691520866141733
20
-4.812070039370079
11
6.3667148818897639
21
-4.8071956299212601
0
LINE
8
BLACK
6
CONTINUOUS
10
6.3667148818897639
20
-4.8071956299212601
11
6.3663011417322837
21
-4.8061144094488188
0
LINE
8
BLACK
6
CONTINUOUS
10
6.3663011417322837
20
-4.8061144094488188
11
6.3662861023622046
21
-4.8059027952755908
0
LINE
8
BLACK
6
CONTINUOUS
10
6.3662861023622046
20
-4.8059027952755908
11
6.3662048818897636
21
-4.8057067322834648
0
LINE
8
BLACK
6
CONTINUOUS
10
6.3662048818897636
20
-4.8057067322834648
11
6.3660914173228349
21
-4.8045546062992122
0
LINE
8
BLACK
6
CONTINUOUS
10
6.3660914173228349
20
-4.8045546062992122
11
6.3660914173228349
21
-4.7899314173228342
0
LINE
8
BLACK
6
CONTINUOUS
10
6.3660914173228349
20
-4.7899314173228342
11
6.3662048818897636
21
-4.7887792913385825
0
LINE
8
BLACK
6
CONTINUOUS
10
6.3662048818897636
20
-4.7887792913385825
11
6.3662861023622046
21
-4.7885831889763777
0
LINE
8
BLACK
6
CONTINUOUS
10
6.3662861023622046
20
-4.7885831889763777
11
6.3663011417322837
21
-4.7883716141732284
0
LINE
8
BLACK
6
CONTINUOUS
10
6.3663011417322837
20
-4.7883716141732284
11
6.3667148818897639
21
-4.7872903937007871
0
LINE
8
BLACK
6
CONTINUOUS
10
6.3667148818897639
20
-4.7872903937007871
11
6.3691520866141733
21
-4.7824159842519682
0
LINE
8
BLACK
6
CONTINUOUS
10
6.3691520866141733
20
-4.7824159842519682
11
6.3694641338582674
21
-4.781920236220472
0
LINE
8
BLACK
6
CONTINUOUS
10
6.3694641338582674
20
-4.781920236220472
11
6.3695238188976377
21
-4.7817761811023622
0
LINE
8
BLACK
6
CONTINUOUS
10
6.3695238188976377
20
-4.7817761811023622
11
6.3696569685039366
21
-4.7816138976377953
0
LINE
8
BLACK
6
CONTINUOUS
10
6.3696569685039366
20
-4.7816138976377953
11
6.3697688188976374
21
-4.7814362598425193
0
LINE
8
BLACK
6
CONTINUOUS
10
6.3697688188976374
20
-4.7814362598425193
11
6.3698866535433067
21
-4.7813340551181103
0
LINE
8
BLACK
6
CONTINUOUS
10
6.3698866535433067
20
-4.7813340551181103
11
6.3702582677165349
21
-4.7808812598425199
0
LINE
8
BLACK
6
CONTINUOUS
10
6.3702582677165349
20
-4.7808812598425199
11
6.3726954330708656
21
-4.7784440551181104
0
LINE
8
BLACK
6
CONTINUOUS
10
6.3726954330708656
20
-4.7784440551181104
11
6.3731482677165356
21
-4.7780724015748026
0
LINE
8
BLACK
6
CONTINUOUS
10
6.3731482677165356
20
-4.7780724015748026
11
6.3732505118110234
21
-4.7779545275590554
0
LINE
8
BLACK
6
CONTINUOUS
10
6.3732505118110234
20
-4.7779545275590554
11
6.3734282283464569
21
-4.7778426377952758
0
LINE
8
BLACK
6
CONTINUOUS
10
6.3734282283464569
20
-4.7778426377952758
11
6.3735903543307089
21
-4.7777096062992124
0
LINE
8
BLACK
6
CONTINUOUS
10
6.3735903543307089
20
-4.7777096062992124
11
6.3737343307086611
21
-4.777649921259842
0
LINE
8
BLACK
6
CONTINUOUS
10
6.3737343307086611
20
-4.777649921259842
11
6.3742302755905511
21
-4.7773377952755904
0
LINE
8
BLACK
6
CONTINUOUS
10
6.3742302755905511
20
-4.7773377952755904
11
6.37910468503937
21
-4.774900590551181
0
LINE
8
BLACK
6
CONTINUOUS
10
6.37910468503937
20
-4.774900590551181
11
6.3801859448818901
21
-4.774486811023622
0
LINE
8
BLACK
6
CONTINUOUS
10
6.3801859448818901
20
-4.774486811023622
11
6.3803975590551181
21
-4.774471771653543
0
LINE
8
BLACK
6
CONTINUOUS
10
6.3803975590551181
20
-4.774471771653543
11
6.3805935826771654
21
-4.7743905905511808
0
LINE
8
BLACK
6
CONTINUOUS
10
6.3805935826771654
20
-4.7743905905511808
11
6.3817457086614171
21
-4.774277125984252
0
LINE
8
BLACK
6
CONTINUOUS
10
6.3817457086614171
20
-4.774277125984252
11
6.3939316929133856
21
-4.774277125984252
0
LINE
8
BLACK
6
CONTINUOUS
10
6.3939316929133856
20
-4.774277125984252
11
6.3950838188976373
21
-4.7743905905511808
0
LINE
8
BLACK
6
CONTINUOUS
10
6.1947512598425192
20
-4.7742969291338584
11
6.1948374015748033
21
-4.7742841338582673
0
LINE
8
BLACK
6
CONTINUOUS
10
6.1948374015748033
20
-4.7742841338582673
11
6.1952685039370081
21
-4.7743478740157483
0
LINE
8
BLACK
6
CONTINUOUS
10
6.1952685039370081
20
-4.7743478740157483
11
6.1957024803149601
21
-4.7743906299212595
0
LINE
8
BLACK
6
CONTINUOUS
10
6.1957024803149601
20
-4.7743906299212595
11
6.1957829527559056
21
-4.7744239763779523
0
LINE
8
BLACK
6
CONTINUOUS
10
6.1957829527559056
20
-4.7744239763779523
11
6.1959826377952751
21
-4.774453503937008
0
LINE
8
BLACK
6
CONTINUOUS
10
6.1959826377952751
20
-4.774453503937008
11
6.2057314173228342
21
-4.7768906692913387
0
LINE
8
BLACK
6
CONTINUOUS
10
6.2057314173228342
20
-4.7768906692913387
11
6.2058163779527558
21
-4.7769210236220472
0
LINE
8
BLACK
6
CONTINUOUS
10
6.2058163779527558
20
-4.7769210236220472
11
6.2058589370078741
21
-4.7769240551181102
0
LINE
8
BLACK
6
CONTINUOUS
10
6.2058589370078741
20
-4.7769240551181102
11
6.206337913385827
21
-4.7771073228346452
0
LINE
8
BLACK
6
CONTINUOUS
10
6.206337913385827
20
-4.7771073228346452
11
6.2068216535433072
21
-4.7772801574803152
0
LINE
8
BLACK
6
CONTINUOUS
10
6.2068216535433072
20
-4.7772801574803152
11
6.2068559448818892
21
-4.7773055511811027
0
LINE
8
BLACK
6
CONTINUOUS
10
6.2068559448818892
20
-4.7773055511811027
11
6.2069401574803145
21
-4.7773377952755904
0
LINE
8
BLACK
6
CONTINUOUS
10
6.2069401574803145
20
-4.7773377952755904
11
6.2118145669291334
21
-4.7797749999999999
0
LINE
8
BLACK
6
CONTINUOUS
10
6.2118145669291334
20
-4.7797749999999999
11
6.2123103543307083
21
-4.7800870866141727
0
LINE
8
BLACK
6
CONTINUOUS
10
6.2123103543307083
20
-4.7800870866141727
11
6.212454409448819
21
-4.7801467716535431
0
LINE
8
BLACK
6
CONTINUOUS
10
6.212454409448819
20
-4.7801467716535431
11
6.2126165748031497
21
-4.7802798425196853
0
LINE
8
BLACK
6
CONTINUOUS
10
6.2126165748031497
20
-4.7802798425196853
11
6.2127942913385823
21
-4.7803917322834648
0
LINE
8
BLACK
6
CONTINUOUS
10
6.2127942913385823
20
-4.7803917322834648
11
6.2128964960629922
21
-4.7805095669291333
0
LINE
8
BLACK
6
CONTINUOUS
10
6.2128964960629922
20
-4.7805095669291333
11
6.2133493307086614
21
-4.7808812204724411
0
LINE
8
BLACK
6
CONTINUOUS
10
6.2133493307086614
20
-4.7808812204724411
11
6.2182237401574803
21
-4.78575562992126
0
LINE
8
BLACK
6
CONTINUOUS
10
6.2182237401574803
20
-4.78575562992126
11
6.2189581889763774
21
-4.7866505511811024
0
LINE
8
BLACK
6
CONTINUOUS
10
6.2189581889763774
20
-4.7866505511811024
11
6.2190393700787396
21
-4.7868465748031497
0
LINE
8
BLACK
6
CONTINUOUS
10
6.2190393700787396
20
-4.7868465748031497
11
6.2191783858267717
21
-4.7870068503937011
0
LINE
8
BLACK
6
CONTINUOUS
10
6.2191783858267717
20
-4.7870068503937011
11
6.2196503543307085
21
-4.7880639763779529
0
LINE
8
BLACK
6
CONTINUOUS
10
6.2196503543307085
20
-4.7880639763779529
11
6.2220875590551179
21
-4.7953755511811025
0
LINE
8
BLACK
6
CONTINUOUS
10
6.2220875590551179
20
-4.7953755511811025
11
6.2222174015748033
21
-4.795946692913386
0
LINE
8
BLACK
6
CONTINUOUS
10
6.2222174015748033
20
-4.795946692913386
11
6.2222771653543303
21
-4.7960909055118108
0
LINE
8
BLACK
6
CONTINUOUS
10
6.2222771653543303
20
-4.7960909055118108
11
6.222297716535433
21
-4.7962998818897633
0
LINE
8
BLACK
6
CONTINUOUS
10
6.222297716535433
20
-4.7962998818897633
11
6.2223442519685035
21
-4.7965044094488185
0
LINE
8
BLACK
6
CONTINUOUS
10
6.2223442519685035
20
-4.7965044094488185
11
6.2223331889763775
21
-4.7966598818897639
0
LINE
8
BLACK
6
CONTINUOUS
10
6.2223331889763775
20
-4.7966598818897639
11
6.2223906299212599
21
-4.7972430314960626
0
LINE
8
BLACK
6
CONTINUOUS
10
6.2223906299212599
20
-4.7972430314960626
11
6.2223906299212599
21
-4.8094290157480311
0
LINE
8
BLACK
6
CONTINUOUS
10
6.2223906299212599
20
-4.8094290157480311
11
6.2222771653543303
21
-4.8105811417322837
0
LINE
8
BLACK
6
CONTINUOUS
10
6.2222771653543303
20
-4.8105811417322837
11
6.2213953543307081
21
-4.8127099606299213
0
LINE
8
BLACK
6
CONTINUOUS
10
6.2213953543307081
20
-4.8127099606299213
11
6.2197660629921261
21
-4.8143392519685042
0
LINE
8
BLACK
6
CONTINUOUS
10
6.2197660629921261
20
-4.8143392519685042
11
6.2176372440944885
21
-4.8152210629921255
0
LINE
8
BLACK
6
CONTINUOUS
10
6.2176372440944885
20
-4.8152210629921255
11
6.2164851181102359
21
-4.8153345275590551
0
LINE
8
BLACK
6
CONTINUOUS
10
6.2164851181102359
20
-4.8153345275590551
11
6.1653040157480312
21
-4.8153345275590551
0
LINE
8
BLACK
6
CONTINUOUS
10
6.1653040157480312
20
-4.8153345275590551
11
6.1641518897637795
21
-4.8152210629921255
0
LINE
8
BLACK
6
CONTINUOUS
10
6.1641518897637795
20
-4.8152210629921255
11
6.1620230708661419
21
-4.8143392519685042
0
LINE
8
BLACK
6
CONTINUOUS
10
6.1620230708661419
20
-4.8143392519685042
11
6.160393779527559
21
-4.8127099606299213
0
LINE
8
BLACK
6
CONTINUOUS
10
6.160393779527559
20
-4.8127099606299213
11
6.1595119685039368
21
-4.8105811417322837
0
LINE
8
BLACK
6
CONTINUOUS
10
6.1595119685039368
20
-4.8105811417322837
11
6.1593985039370081
21
-4.8094290157480311
0
LINE
8
BLACK
6
CONTINUOUS
10
6.1593985039370081
20
-4.8094290157480311
11
6.1593985039370081
21
-4.7972430314960626
0
LINE
8
BLACK
6
CONTINUOUS
10
6.1593985039370081
20
-4.7972430314960626
11
6.1594559055118108
21
-4.7966598818897639
0
LINE
8
BLACK
6
CONTINUOUS
10
6.1594559055118108
20
-4.7966598818897639
11
6.1594448818897636
21
-4.7965044094488185
0
LINE
8
BLACK
6
CONTINUOUS
10
6.1594448818897636
20
-4.7965044094488185
11
6.1594913779527554
21
-4.7962998818897633
0
LINE
8
BLACK
6
CONTINUOUS
10
6.1594913779527554
20
-4.7962998818897633
11
6.1595119685039368
21
-4.7960909055118108
0
LINE
8
BLACK
6
CONTINUOUS
10
6.1595119685039368
20
-4.7960909055118108
11
6.1595716929133859
21
-4.795946692913386
0
LINE
8
BLACK
6
CONTINUOUS
10
6.1595716929133859
20
-4.795946692913386
11
6.1597015748031492
21
-4.7953755511811025
0
LINE
8
BLACK
6
CONTINUOUS
10
6.1597015748031492
20
-4.7953755511811025
11
6.1621387795275586
21
-4.7880639370078741
0
LINE
8
BLACK
6
CONTINUOUS
10
6.1621387795275586
20
-4.7880639370078741
11
6.1626107480314962
21
-4.7870068503937011
0
LINE
8
BLACK
6
CONTINUOUS
10
6.1626107480314962
20
-4.7870068503937011
11
6.1627497244094487
21
-4.7868465748031497
0
LINE
8
BLACK
6
CONTINUOUS
10
6.1627497244094487
20
-4.7868465748031497
11
6.1628309448818896
21
-4.7866505511811024
0
LINE
8
BLACK
6
CONTINUOUS
10
6.1628309448818896
20
-4.7866505511811024
11
6.1635653937007868
21
-4.78575562992126
0
LINE
8
BLACK
6
CONTINUOUS
10
6.1635653937007868
20
-4.78575562992126
11
6.1684397637795279
21
-4.7808812204724411
0
LINE
8
BLACK
6
CONTINUOUS
10
6.1684397637795279
20
-4.7808812204724411
11
6.168892598425197
21
-4.7805095275590554
0
LINE
8
BLACK
6
CONTINUOUS
10
6.168892598425197
20
-4.7805095275590554
11
6.168994803149606
21
-4.7803917322834648
0
LINE
8
BLACK
6
CONTINUOUS
10
6.168994803149606
20
-4.7803917322834648
11
6.1691723228346458
21
-4.7802799606299216
0
LINE
8
BLACK
6
CONTINUOUS
10
6.1691723228346458
20
-4.7802799606299216
11
6.1693346456692915
21
-4.7801467716535431
0
LINE
8
BLACK
6
CONTINUOUS
10
6.1693346456692915
20
-4.7801467716535431
11
6.1694788188976375
21
-4.7800870078740161
0
LINE
8
BLACK
6
CONTINUOUS
10
6.1694788188976375
20
-4.7800870078740161
11
6.1699745669291337
21
-4.7797749999999999
0
LINE
8
BLACK
6
CONTINUOUS
10
6.1699745669291337
20
-4.7797749999999999
11
6.1748489763779526
21
-4.7773377952755904
0
LINE
8
BLACK
6
CONTINUOUS
10
6.1748489763779526
20
-4.7773377952755904
11
6.1749332283464566
21
-4.7773055118110239
0
LINE
8
BLACK
6
CONTINUOUS
10
6.1749332283464566
20
-4.7773055118110239
11
6.1749675196850395
21
-4.7772801574803152
0
LINE
8
BLACK
6
CONTINUOUS
10
6.1749675196850395
20
-4.7772801574803152
11
6.1754503543307084
21
-4.7771076377952753
0
LINE
8
BLACK
6
CONTINUOUS
10
6.1754503543307084
20
-4.7771076377952753
11
6.1759302362204727
21
-4.7769240157480315
0
LINE
8
BLACK
6
CONTINUOUS
10
6.1759302362204727
20
-4.7769240157480315
11
6.1759728346456688
21
-4.7769209842519684
0
LINE
8
BLACK
6
CONTINUOUS
10
6.1759728346456688
20
-4.7769209842519684
11
6.1760577165354329
21
-4.7768906692913387
0
LINE
8
BLACK
6
CONTINUOUS
10
6.1760577165354329
20
-4.7768906692913387
11
6.1858064960629919
21
-4.7744534645669292
0
LINE
8
BLACK
6
CONTINUOUS
10
6.1858064960629919
20
-4.7744534645669292
11
6.1860062598425198
21
-4.7744238976377948
0
LINE
8
BLACK
6
CONTINUOUS
10
6.1860062598425198
20
-4.7744238976377948
11
6.186086653543307
21
-4.7743906299212595
0
LINE
8
BLACK
6
CONTINUOUS
10
6.186086653543307
20
-4.7743906299212595
11
6.1865203543307086
21
-4.7743479133858271
0
LINE
8
BLACK
6
CONTINUOUS
10
6.1865203543307086
20
-4.7743479133858271
11
6.1869517716535434
21
-4.7742841338582673
0
LINE
8
BLACK
6
CONTINUOUS
10
6.1869517716535434
20
-4.7742841338582673
11
6.1870378740157479
21
-4.7742969291338584
0
LINE
8
BLACK
6
CONTINUOUS
10
6.1870378740157479
20
-4.7742969291338584
11
6.1872387795275587
21
-4.7742771653543308
0
LINE
8
BLACK
6
CONTINUOUS
10
6.1872387795275587
20
-4.7742771653543308
11
6.1945503543307083
21
-4.7742771653543308
0
LINE
8
BLACK
6
CONTINUOUS
10
6.1945503543307083
20
-4.7742771653543308
11
6.1947512598425192
21
-4.7742969291338584
0
LINE
8
BLACK
6
CONTINUOUS
10
6.1795512204724412
20
-4.7881917716535431
11
6.1761137795275589
21
-4.7899104724409449
0
LINE
8
BLACK
6
CONTINUOUS
10
6.1761137795275589
20
-4.7899104724409449
11
6.1729027952755908
21
-4.7931214960629918
0
LINE
8
BLACK
6
CONTINUOUS
10
6.1729027952755908
20
-4.7931214960629918
11
6.1712095275590553
21
-4.7982012992125984
0
LINE
8
BLACK
6
CONTINUOUS
10
6.1712095275590553
20
-4.7982012992125984
11
6.1712095275590553
21
-4.8035235039370079
0
LINE
8
BLACK
6
CONTINUOUS
10
6.1712095275590553
20
-4.8035235039370079
11
6.2105796062992127
21
-4.8035235039370079
0
LINE
8
BLACK
6
CONTINUOUS
10
6.2105796062992127
20
-4.8035235039370079
11
6.2105796062992127
21
-4.7982013385826772
0
LINE
8
BLACK
6
CONTINUOUS
10
6.2105796062992127
20
-4.7982013385826772
11
6.2088863385826771
21
-4.7931215354330705
0
LINE
8
BLACK
6
CONTINUOUS
10
6.2088863385826771
20
-4.7931215354330705
11
6.2056752755905507
21
-4.7899104724409449
0
LINE
8
BLACK
6
CONTINUOUS
10
6.2056752755905507
20
-4.7899104724409449
11
6.2022379921259843
21
-4.7881918110236219
0
LINE
8
BLACK
6
CONTINUOUS
10
6.2022379921259843
20
-4.7881918110236219
11
6.1938234251968503
21
-4.786088188976378
0
LINE
8
BLACK
6
CONTINUOUS
10
6.1938234251968503
20
-4.786088188976378
11
6.1879657086614168
21
-4.786088188976378
0
LINE
8
BLACK
6
CONTINUOUS
10
6.1879657086614168
20
-4.786088188976378
11
6.1795512204724412
21
-4.7881917716535431
0
LINE
8
BLACK
6
CONTINUOUS
10
4.4884278740157475
20
-4.0798272834645672
11
4.4885258661417318
21
-4.0798678740157479
0
LINE
8
BLACK
6
CONTINUOUS
10
4.4885258661417318
20
-4.0798678740157479
11
4.488631692913386
21
-4.079875393700787
0
LINE
8
BLACK
6
CONTINUOUS
10
4.488631692913386
20
-4.079875393700787
11
4.4891723228346452
21
-4.0800822834645665
0
LINE
8
BLACK
6
CONTINUOUS
10
4.4891723228346452
20
-4.0800822834645665
11
4.4929218503937003
21
-4.081957047244094
0
LINE
8
BLACK
6
CONTINUOUS
10
4.4929218503937003
20
-4.081957047244094
11
4.4931698425196851
21
-4.0821131102362207
0
LINE
8
BLACK
6
CONTINUOUS
10
4.4931698425196851
20
-4.0821131102362207
11
4.4932418110236219
21
-4.0821429527559054
0
LINE
8
BLACK
6
CONTINUOUS
10
4.4932418110236219
20
-4.0821429527559054
11
4.4933227559055116
21
-4.0822094094488186
0
LINE
8
BLACK
6
CONTINUOUS
10
4.4933227559055116
20
-4.0822094094488186
11
4.4934117322834641
21
-4.0822653937007871
0
LINE
8
BLACK
6
CONTINUOUS
10
4.4934117322834641
20
-4.0822653937007871
11
4.4934628740157478
21
-4.0823243700787399
0
LINE
8
BLACK
6
CONTINUOUS
10
4.4934628740157478
20
-4.0823243700787399
11
4.4936892519685037
21
-4.0825101574803151
0
LINE
8
BLACK
6
CONTINUOUS
10
4.4936892519685037
20
-4.0825101574803151
11
4.4955640157480312
21
-4.0843849212598426
0
LINE
8
BLACK
6
CONTINUOUS
10
4.4955640157480312
20
-4.0843849212598426
11
4.4957497637795276
21
-4.0846112598425197
0
LINE
8
BLACK
6
CONTINUOUS
10
4.4957497637795276
20
-4.0846112598425197
11
4.4958087795275592
21
-4.0846624409448822
0
LINE
8
BLACK
6
CONTINUOUS
10
4.4958087795275592
20
-4.0846624409448822
11
4.495864724409449
21
-4.084751377952756
0
LINE
8
BLACK
6
CONTINUOUS
10
4.495864724409449
20
-4.084751377952756
11
4.4959312204724409
21
-4.0848323622047245
0
LINE
8
BLACK
6
CONTINUOUS
10
4.4959312204724409
20
-4.0848323622047245
11
4.4959610236220469
21
-4.0849042913385825
0
LINE
8
BLACK
6
CONTINUOUS
10
4.4959610236220469
20
-4.0849042913385825
11
4.4961171259842523
21
-4.0851523228346451
0
LINE
8
BLACK
6
CONTINUOUS
10
4.4961171259842523
20
-4.0851523228346451
11
4.4979918897637798
21
-4.0889018503937011
0
LINE
8
BLACK
6
CONTINUOUS
10
4.4979918897637798
20
-4.0889018503937011
11
4.4981987795275593
21
-4.0894424409448815
0
LINE
8
BLACK
6
CONTINUOUS
10
4.4981987795275593
20
-4.0894424409448815
11
4.4982062992125984
21
-4.0895483070866137
0
LINE
8
BLACK
6
CONTINUOUS
10
4.4982062992125984
20
-4.0895483070866137
11
4.4982468897637791
21
-4.0896462992125979
0
LINE
8
BLACK
6
CONTINUOUS
10
4.4982468897637791
20
-4.0896462992125979
11
4.4983036220472439
21
-4.0902223622047247
0
LINE
8
BLACK
6
CONTINUOUS
10
4.4983036220472439
20
-4.0902223622047247
11
4.4983036220472439
21
-4.0920971259842522
0
LINE
8
BLACK
6
CONTINUOUS
10
4.4983036220472439
20
-4.0920971259842522
11
4.4982468897637791
21
-4.0926731889763781
0
LINE
8
BLACK
6
CONTINUOUS
10
4.4982468897637791
20
-4.0926731889763781
11
4.4982062992125984
21
-4.0927711417322836
0
LINE
8
BLACK
6
CONTINUOUS
10
4.4982062992125984
20
-4.0927711417322836
11
4.4981987795275593
21
-4.0928770472440945
0
LINE
8
BLACK
6
CONTINUOUS
10
4.4981987795275593
20
-4.0928770472440945
11
4.4979918897637798
21
-4.0934176377952758
0
LINE
8
BLACK
6
CONTINUOUS
10
4.4979918897637798
20
-4.0934176377952758
11
4.4961171259842523
21
-4.0971671653543309
0
LINE
8
BLACK
6
CONTINUOUS
10
4.4961171259842523
20
-4.0971671653543309
11
4.4959610236220469
21
-4.0974151574803148
0
LINE
8
BLACK
6
CONTINUOUS
10
4.4959610236220469
20
-4.0974151574803148
11
4.4959312204724409
21
-4.0974871259842516
0
LINE
8
BLACK
6
CONTINUOUS
10
4.4959312204724409
20
-4.0974871259842516
11
4.495864724409449
21
-4.0975680708661413
0
LINE
8
BLACK
6
CONTINUOUS
10
4.495864724409449
20
-4.0975680708661413
11
4.4958087795275592
21
-4.0976570472440947
0
LINE
8
BLACK
6
CONTINUOUS
10
4.4958087795275592
20
-4.0976570472440947
11
4.4957497637795276
21
-4.0977081889763776
0
LINE
8
BLACK
6
CONTINUOUS
10
4.4957497637795276
20
-4.0977081889763776
11
4.4955640157480312
21
-4.0979345669291334
0
LINE
8
BLACK
6
CONTINUOUS
10
4.4955640157480312
20
-4.0979345669291334
11
4.493902401574803
21
-4.0995961811023625
0
LINE
8
BLACK
6
CONTINUOUS
10
4.493902401574803
20
-4.0995961811023625
11
4.4955640157480312
21
-4.1012577952755906
0
LINE
8
BLACK
6
CONTINUOUS
10
4.4955640157480312
20
-4.1012577952755906
11
4.4957497637795276
21
-4.1014841338582677
0
LINE
8
BLACK
6
CONTINUOUS
10
4.4957497637795276
20
-4.1014841338582677
11
4.4958087795275592
21
-4.1015353149606302
0
LINE
8
BLACK
6
CONTINUOUS
10
4.4958087795275592
20
-4.1015353149606302
11
4.495864724409449
21
-4.101624251968504
0
LINE
8
BLACK
6
CONTINUOUS
10
4.495864724409449
20
-4.101624251968504
11
4.4959312204724409
21
-4.1017052362204725
0
LINE
8
BLACK
6
CONTINUOUS
10
4.4959312204724409
20
-4.1017052362204725
11
4.4959610236220469
21
-4.1017771653543305
0
LINE
8
BLACK
6
CONTINUOUS
10
4.4959610236220469
20
-4.1017771653543305
11
4.4961171259842523
21
-4.102025196850394
0
LINE
8
BLACK
6
CONTINUOUS
10
4.4961171259842523
20
-4.102025196850394
11
4.4979918897637798
21
-4.1057747244094491
0
LINE
8
BLACK
6
CONTINUOUS
10
4.4979918897637798
20
-4.1057747244094491
11
4.4981987795275593
21
-4.1063153149606295
0
LINE
8
BLACK
6
CONTINUOUS
10
4.4981987795275593
20
-4.1063153149606295
11
4.4982062992125984
21
-4.1064211811023625
0
LINE
8
BLACK
6
CONTINUOUS
10
4.4982062992125984
20
-4.1064211811023625
11
4.4982468897637791
21
-4.1065191732283459
0
LINE
8
BLACK
6
CONTINUOUS
10
4.4982468897637791
20
-4.1065191732283459
11
4.4983036220472439
21
-4.1070952362204727
0
LINE
8
BLACK
6
CONTINUOUS
10
4.4983036220472439
20
-4.1070952362204727
11
4.4983036220472439
21
-4.1145942913385829
0
LINE
8
BLACK
6
CONTINUOUS
10
4.4983036220472439
20
-4.1145942913385829
11
4.4982468897637791
21
-4.1151703543307088
0
LINE
8
BLACK
6
CONTINUOUS
10
4.4982468897637791
20
-4.1151703543307088
11
4.4982062992125984
21
-4.1152683070866143
0
LINE
8
BLACK
6
CONTINUOUS
10
4.4982062992125984
20
-4.1152683070866143
11
4.4981987795275593
21
-4.1153742125984252
0
LINE
8
BLACK
6
CONTINUOUS
10
4.4981987795275593
20
-4.1153742125984252
11
4.4979918897637798
21
-4.1159148031496064
0
LINE
8
BLACK
6
CONTINUOUS
10
4.4979918897637798
20
-4.1159148031496064
11
4.4961171259842523
21
-4.1196643307086616
0
LINE
8
BLACK
6
CONTINUOUS
10
4.4961171259842523
20
-4.1196643307086616
11
4.4959610629921256
21
-4.1199122047244092
0
LINE
8
BLACK
6
CONTINUOUS
10
4.4959610629921256
20
-4.1199122047244092
11
4.4959312598425196
21
-4.1199842519685035
0
LINE
8
BLACK
6
CONTINUOUS
10
4.4959312598425196
20
-4.1199842519685035
11
4.495864724409449
21
-4.1200652755905507
0
LINE
8
BLACK
6
CONTINUOUS
10
4.495864724409449
20
-4.1200652755905507
11
4.4958087795275592
21
-4.1201542125984254
0
LINE
8
BLACK
6
CONTINUOUS
10
4.4958087795275592
20
-4.1201542125984254
11
4.4957497637795276
21
-4.1202053543307082
0
LINE
8
BLACK
6
CONTINUOUS
10
4.4957497637795276
20
-4.1202053543307082
11
4.4955640157480312
21
-4.120431732283464
0
LINE
8
BLACK
6
CONTINUOUS
10
4.4955640157480312
20
-4.120431732283464
11
4.4936892913385824
21
-4.1223064960629916
0
LINE
8
BLACK
6
CONTINUOUS
10
4.4936892913385824
20
-4.1223064960629916
11
4.4934629133858266
21
-4.122492244094488
0
LINE
8
BLACK
6
CONTINUOUS
10
4.4934629133858266
20
-4.122492244094488
11
4.4934117322834641
21
-4.1225512992125983
0
LINE
8
BLACK
6
CONTINUOUS
10
4.4934117322834641
20
-4.1225512992125983
11
4.4933227559055116
21
-4.1226072834645668
0
LINE
8
BLACK
6
CONTINUOUS
10
4.4933227559055116
20
-4.1226072834645668
11
4.4932418110236219
21
-4.12267374015748
0
LINE
8
BLACK
6
CONTINUOUS
10
4.4932418110236219
20
-4.12267374015748
11
4.4931698425196851
21
-4.1227035433070869
0
LINE
8
BLACK
6
CONTINUOUS
10
4.4931698425196851
20
-4.1227035433070869
11
4.4929218503937003
21
-4.1228596456692914
0
LINE
8
BLACK
6
CONTINUOUS
10
4.4929218503937003
20
-4.1228596456692914
11
4.4891723228346452
21
-4.124734409448819
0
LINE
8
BLACK
6
CONTINUOUS
10
4.4891723228346452
20
-4.124734409448819
11
4.488631692913386
21
-4.1249412992125984
0
LINE
8
BLACK
6
CONTINUOUS
10
4.488631692913386
20
-4.1249412992125984
11
4.4885258661417318
21
-4.1249487795275588
0
LINE
8
BLACK
6
CONTINUOUS
10
4.4885258661417318
20
-4.1249487795275588
11
4.4884278740157475
21
-4.1249894094488191
0
LINE
8
BLACK
6
CONTINUOUS
10
4.4884278740157475
20
-4.1249894094488191
11
4.4878518110236216
21
-4.125046141732283
0
LINE
8
BLACK
6
CONTINUOUS
10
4.4878518110236216
20
-4.125046141732283
11
4.4803527559055114
21
-4.125046141732283
0
LINE
8
BLACK
6
CONTINUOUS
10
4.4803527559055114
20
-4.125046141732283
11
4.4797766929133855
21
-4.1249894094488191
0
LINE
8
BLACK
6
CONTINUOUS
10
4.4797766929133855
20
-4.1249894094488191
11
4.4796787007874013
21
-4.1249488188976375
0
LINE
8
BLACK
6
CONTINUOUS
10
4.4796787007874013
20
-4.1249488188976375
11
4.4795728346456691
21
-4.1249412992125984
0
LINE
8
BLACK
6
CONTINUOUS
10
4.4795728346456691
20
-4.1249412992125984
11
4.4790322440944879
21
-4.124734409448819
0
LINE
8
BLACK
6
CONTINUOUS
10
4.4790322440944879
20
-4.124734409448819
11
4.4752827165354327
21
-4.1228596456692914
0
LINE
8
BLACK
6
CONTINUOUS
10
4.4752827165354327
20
-4.1228596456692914
11
4.4750346850393701
21
-4.1227035433070869
0
LINE
8
BLACK
6
CONTINUOUS
10
4.4750346850393701
20
-4.1227035433070869
11
4.4749627559055121
21
-4.12267374015748
0
LINE
8
BLACK
6
CONTINUOUS
10
4.4749627559055121
20
-4.12267374015748
11
4.4748817716535436
21
-4.1226072834645668
0
LINE
8
BLACK
6
CONTINUOUS
10
4.4748817716535436
20
-4.1226072834645668
11
4.4747928346456689
21
-4.1225512992125983
0
LINE
8
BLACK
6
CONTINUOUS
10
4.4747928346456689
20
-4.1225512992125983
11
4.4747416141732286
21
-4.122492244094488
0
LINE
8
BLACK
6
CONTINUOUS
10
4.4747416141732286
20
-4.122492244094488
11
4.4745152755905515
21
-4.1223064960629916
0
LINE
8
BLACK
6
CONTINUOUS
10
4.4745152755905515
20
-4.1223064960629916
11
4.472640511811024
21
-4.1204316929133853
0
LINE
8
BLACK
6
CONTINUOUS
10
4.472640511811024
20
-4.1204316929133853
11
4.4724547637795276
21
-4.1202053543307082
0
LINE
8
BLACK
6
CONTINUOUS
10
4.4724547637795276
20
-4.1202053543307082
11
4.4723957874015747
21
-4.1201542125984254
0
LINE
8
BLACK
6
CONTINUOUS
10
4.4723957874015747
20
-4.1201542125984254
11
4.4723398031496062
21
-4.1200652755905507
0
LINE
8
BLACK
6
CONTINUOUS
10
4.4723398031496062
20
-4.1200652755905507
11
4.4722733070866143
21
-4.1199842519685035
0
LINE
8
BLACK
6
CONTINUOUS
10
4.4722733070866143
20
-4.1199842519685035
11
4.4722434645669287
21
-4.1199122047244092
0
LINE
8
BLACK
6
CONTINUOUS
10
4.4722434645669287
20
-4.1199122047244092
11
4.4720874409448816
21
-4.1196643307086616
0
LINE
8
BLACK
6
CONTINUOUS
10
4.4720874409448816
20
-4.1196643307086616
11
4.4702126771653541
21
-4.1159148031496064
0
LINE
8
BLACK
6
CONTINUOUS
10
4.4702126771653541
20
-4.1159148031496064
11
4.4700057874015746
21
-4.1153741732283464
0
LINE
8
BLACK
6
CONTINUOUS
10
4.4700057874015746
20
-4.1153741732283464
11
4.4699982677165355
21
-4.115268346456693
0
LINE
8
BLACK
6
CONTINUOUS
10
4.4699982677165355
20
-4.115268346456693
11
4.469957677165354
21
-4.1151703543307088
0
LINE
8
BLACK
6
CONTINUOUS
10
4.469957677165354
20
-4.1151703543307088
11
4.46990094488189
21
-4.1145942913385829
0
LINE
8
BLACK
6
CONTINUOUS
10
4.46990094488189
20
-4.1145942913385829
11
4.46990094488189
21
-4.1070952362204727
0
LINE
8
BLACK
6
CONTINUOUS
10
4.46990094488189
20
-4.1070952362204727
11
4.469957677165354
21
-4.1065191732283459
0
LINE
8
BLACK
6
CONTINUOUS
10
4.469957677165354
20
-4.1065191732283459
11
4.4699982677165355
21
-4.1064211417322838
0
LINE
8
BLACK
6
CONTINUOUS
10
4.4699982677165355
20
-4.1064211417322838
11
4.4700057874015746
21
-4.1063153543307083
0
LINE
8
BLACK
6
CONTINUOUS
10
4.4700057874015746
20
-4.1063153543307083
11
4.4702126771653541
21
-4.1057747244094491
0
LINE
8
BLACK
6
CONTINUOUS
10
4.4702126771653541
20
-4.1057747244094491
11
4.4720874409448816
21
-4.102025196850394
0
LINE
8
BLACK
6
CONTINUOUS
10
4.4720874409448816
20
-4.102025196850394
11
4.4722435039370074
21
-4.1017771653543305
0
LINE
8
BLACK
6
CONTINUOUS
10
4.4722435039370074
20
-4.1017771653543305
11
4.4722733464566931
21
-4.1017052362204725
0
LINE
8
BLACK
6
CONTINUOUS
10
4.4722733464566931
20
-4.1017052362204725
11
4.4723398031496062
21
-4.101624251968504
0
LINE
8
BLACK
6
CONTINUOUS
10
4.4723398031496062
20
-4.101624251968504
11
4.4723957874015747
21
-4.1015353149606302
0
LINE
8
BLACK
6
CONTINUOUS
10
4.4723957874015747
20
-4.1015353149606302
11
4.4724547637795276
21
-4.1014841338582677
0
LINE
8
BLACK
6
CONTINUOUS
10
4.4724547637795276
20
-4.1014841338582677
11
4.4726405511811018
21
-4.1012577952755906
0
LINE
8
BLACK
6
CONTINUOUS
10
4.4726405511811018
20
-4.1012577952755906
11
4.4743021653543309
21
-4.0995961811023625
0
LINE
8
BLACK
6
CONTINUOUS
10
4.4743021653543309
20
-4.0995961811023625
11
4.4726405511811018
21
-4.0979345669291334
0
LINE
8
BLACK
6
CONTINUOUS
10
4.4726405511811018
20
-4.0979345669291334
11
4.4724547637795276
21
-4.0977081889763776
0
LINE
8
BLACK
6
CONTINUOUS
10
4.4724547637795276
20
-4.0977081889763776
11
4.4723957874015747
21
-4.0976570472440947
0
LINE
8
BLACK
6
CONTINUOUS
10
4.4723957874015747
20
-4.0976570472440947
11
4.4723398031496062
21
-4.0975680708661413
0
LINE
8
BLACK
6
CONTINUOUS
10
4.4723398031496062
20
-4.0975680708661413
11
4.4722733464566931
21
-4.0974871259842516
0
LINE
8
BLACK
6
CONTINUOUS
10
4.4722733464566931
20
-4.0974871259842516
11
4.4722435039370074
21
-4.0974151574803148
0
LINE
8
BLACK
6
CONTINUOUS
10
4.4722435039370074
20
-4.0974151574803148
11
4.4720874409448816
21
-4.0971671653543309
0
LINE
8
BLACK
6
CONTINUOUS
10
4.4720874409448816
20
-4.0971671653543309
11
4.4702126771653541
21
-4.0934176377952758
0
LINE
8
BLACK
6
CONTINUOUS
10
4.4702126771653541
20
-4.0934176377952758
11
4.4700057874015746
21
-4.0928770078740158
0
LINE
8
BLACK
6
CONTINUOUS
10
4.4700057874015746
20
-4.0928770078740158
11
4.4699982677165355
21
-4.0927711811023624
0
LINE
8
BLACK
6
CONTINUOUS
10
4.4699982677165355
20
-4.0927711811023624
11
4.469957677165354
21
-4.0926731889763781
0
LINE
8
BLACK
6
CONTINUOUS
10
4.469957677165354
20
-4.0926731889763781
11
4.46990094488189
21
-4.0920971259842522
0
LINE
8
BLACK
6
CONTINUOUS
10
4.46990094488189
20
-4.0920971259842522
11
4.46990094488189
21
-4.0902223622047247
0
LINE
8
BLACK
6
CONTINUOUS
10
4.46990094488189
20
-4.0902223622047247
11
4.469957677165354
21
-4.0896462992125979
0
LINE
8
BLACK
6
CONTINUOUS
10
4.469957677165354
20
-4.0896462992125979
11
4.4699982677165355
21
-4.0895482677165349
0
LINE
8
BLACK
6
CONTINUOUS
10
4.4699982677165355
20
-4.0895482677165349
11
4.4700057874015746
21
-4.0894424803149603
0
LINE
8
BLACK
6
CONTINUOUS
10
4.4700057874015746
20
-4.0894424803149603
11
4.4702126771653541
21
-4.0889018503937011
0
LINE
8
BLACK
6
CONTINUOUS
10
4.4702126771653541
20
-4.0889018503937011
11
4.4720874409448816
21
-4.0851523228346451
0
LINE
8
BLACK
6
CONTINUOUS
10
4.4720874409448816
20
-4.0851523228346451
11
4.4722435039370074
21
-4.0849042913385825
0
LINE
8
BLACK
6
CONTINUOUS
10
4.4722435039370074
20
-4.0849042913385825
11
4.4722733464566931
21
-4.0848323622047245
0
LINE
8
BLACK
6
CONTINUOUS
10
4.4722733464566931
20
-4.0848323622047245
11
4.4723398031496062
21
-4.084751377952756
0
LINE
8
BLACK
6
CONTINUOUS
10
4.4723398031496062
20
-4.084751377952756
11
4.4723957874015747
21
-4.0846624409448822
0
LINE
8
BLACK
6
CONTINUOUS
10
4.4723957874015747
20
-4.0846624409448822
11
4.4724547637795276
21
-4.0846112598425197
0
LINE
8
BLACK
6
CONTINUOUS
10
4.4724547637795276
20
-4.0846112598425197
11
4.4726405511811018
21
-4.0843849212598426
0
LINE
8
BLACK
6
CONTINUOUS
10
4.4726405511811018
20
-4.0843849212598426
11
4.4745153149606303
21
-4.0825101574803151
0
LINE
8
BLACK
6
CONTINUOUS
10
4.4745153149606303
20
-4.0825101574803151
11
4.4747416535433073
21
-4.0823243700787399
0
LINE
8
BLACK
6
CONTINUOUS
10
4.4747416535433073
20
-4.0823243700787399
11
4.4747928346456689
21
-4.0822653937007871
0
LINE
8
BLACK
6
CONTINUOUS
10
4.4747928346456689
20
-4.0822653937007871
11
4.4748817716535436
21
-4.0822094094488186
0
LINE
8
BLACK
6
CONTINUOUS
10
4.4748817716535436
20
-4.0822094094488186
11
4.4749627559055121
21
-4.0821429527559054
0
LINE
8
BLACK
6
CONTINUOUS
10
4.4749627559055121
20
-4.0821429527559054
11
4.4750346850393701
21
-4.0821131102362207
0
LINE
8
BLACK
6
CONTINUOUS
10
4.4750346850393701
20
-4.0821131102362207
11
4.4752827165354327
21
-4.081957047244094
0
LINE
8
BLACK
6
CONTINUOUS
10
4.4752827165354327
20
-4.081957047244094
11
4.4790322440944879
21
-4.0800822834645665
0
LINE
8
BLACK
6
CONTINUOUS
10
4.4790322440944879
20
-4.0800822834645665
11
4.4795728346456691
21
-4.079875393700787
0
LINE
8
BLACK
6
CONTINUOUS
10
4.4795728346456691
20
-4.079875393700787
11
4.4796787007874013
21
-4.0798678346456692
0
LINE
8
BLACK
6
CONTINUOUS
10
4.4796787007874013
20
-4.0798678346456692
11
4.4797766929133855
21
-4.0798272834645672
0
LINE
8
BLACK
6
CONTINUOUS
10
4.4797766929133855
20
-4.0798272834645672
11
4.4803527559055114
21
-4.0797705511811024
0
LINE
8
BLACK
6
CONTINUOUS
10
4.4803527559055114
20
-4.0797705511811024
11
4.4878518110236216
21
-4.0797705511811024
0
LINE
8
BLACK
6
CONTINUOUS
10
4.4878518110236216
20
-4.0797705511811024
11
4.4884278740157475
21
-4.0798272834645672
0
LINE
8
BLACK
6
CONTINUOUS
10
4.4783523228346453
20
-4.1038976771653539
11
4.4771551968503935
21
-4.1050948031496066
0
LINE
8
BLACK
6
CONTINUOUS
10
4.4771551968503935
20
-4.1050948031496066
11
4.4758064566929132
21
-4.1077922834645673
0
LINE
8
BLACK
6
CONTINUOUS
10
4.4758064566929132
20
-4.1077922834645673
11
4.4758064566929132
21
-4.1138972440944883
0
LINE
8
BLACK
6
CONTINUOUS
10
4.4758064566929132
20
-4.1138972440944883
11
4.4771551968503935
21
-4.116594724409449
0
LINE
8
BLACK
6
CONTINUOUS
10
4.4771551968503935
20
-4.116594724409449
11
4.4783523228346453
21
-4.1177918897637795
0
LINE
8
BLACK
6
CONTINUOUS
10
4.4783523228346453
20
-4.1177918897637795
11
4.481049803149606
21
-4.1191406299212598
0
LINE
8
BLACK
6
CONTINUOUS
10
4.481049803149606
20
-4.1191406299212598
11
4.487154763779527
21
-4.1191406299212598
0
LINE
8
BLACK
6
CONTINUOUS
10
4.487154763779527
20
-4.1191406299212598
11
4.4898522047244089
21
-4.1177918897637795
0
LINE
8
BLACK
6
CONTINUOUS
10
4.4898522047244089
20
-4.1177918897637795
11
4.4910493307086616
21
-4.116594724409449
0
LINE
8
BLACK
6
CONTINUOUS
10
4.4910493307086616
20
-4.116594724409449
11
4.4923981102362207
21
-4.1138972440944883
0
LINE
8
BLACK
6
CONTINUOUS
10
4.4923981102362207
20
-4.1138972440944883
11
4.4923981102362207
21
-4.1077922834645673
0
LINE
8
BLACK
6
CONTINUOUS
10
4.4923981102362207
20
-4.1077922834645673
11
4.4910493700787404
21
-4.1050948031496066
0
LINE
8
BLACK
6
CONTINUOUS
10
4.4910493700787404
20
-4.1050948031496066
11
4.4898522440944877
21
-4.1038976771653539
0
LINE
8
BLACK
6
CONTINUOUS
10
4.4898522440944877
20
-4.1038976771653539
11
4.487154763779527
21
-4.1025489370078736
0
LINE
8
BLACK
6
CONTINUOUS
10
4.487154763779527
20
-4.1025489370078736
11
4.481049803149606
21
-4.1025489370078736
0
LINE
8
BLACK
6
CONTINUOUS
10
4.481049803149606
20
-4.1025489370078736
11
4.4783523228346453
21
-4.1038976771653539
0
LINE
8
BLACK
6
CONTINUOUS
10
4.4783523228346453
20
-4.0870248031496059
11
4.4771551968503935
21
-4.0882219291338577
0
LINE
8
BLACK
6
CONTINUOUS
10
4.4771551968503935
20
-4.0882219291338577
11
4.4758064566929132
21
-4.0909194094488184
0
LINE
8
BLACK
6
CONTINUOUS
10
4.4758064566929132
20
-4.0909194094488184
11
4.4758064566929132
21
-4.0914000787401577
0
LINE
8
BLACK
6
CONTINUOUS
10
4.4758064566929132
20
-4.0914000787401577
11
4.4771551968503935
21
-4.0940975590551183
0
LINE
8
BLACK
6
CONTINUOUS
10
4.4771551968503935
20
-4.0940975590551183
11
4.4783523228346453
21
-4.0952946850393701
0
LINE
8
BLACK
6
CONTINUOUS
10
4.4783523228346453
20
-4.0952946850393701
11
4.481049803149606
21
-4.0966434251968504
0
LINE
8
BLACK
6
CONTINUOUS
10
4.481049803149606
20
-4.0966434251968504
11
4.487154763779527
21
-4.0966434251968504
0
LINE
8
BLACK
6
CONTINUOUS
10
4.487154763779527
20
-4.0966434251968504
11
4.4898522440944877
21
-4.0952946850393701
0
LINE
8
BLACK
6
CONTINUOUS
10
4.4898522440944877
20
-4.0952946850393701
11
4.4910493700787404
21
-4.0940975590551183
0
LINE
8
BLACK
6
CONTINUOUS
10
4.4910493700787404
20
-4.0940975590551183
11
4.4923981102362207
21
-4.0914000787401577
0
LINE
8
BLACK
6
CONTINUOUS
10
4.4923981102362207
20
-4.0914000787401577
11
4.4923981102362207
21
-4.0909194094488184
0
LINE
8
BLACK
6
CONTINUOUS
10
4.4923981102362207
20
-4.0909194094488184
11
4.4910493700787404
21
-4.0882219291338577
0
LINE
8
BLACK
6
CONTINUOUS
10
4.4910493700787404
20
-4.0882219291338577
11
4.4898522440944877
21
-4.0870248031496059
0
LINE
8
BLACK
6
CONTINUOUS
10
4.4898522440944877
20
-4.0870248031496059
11
4.487154763779527
21
-4.0856760629921256
0
LINE
8
BLACK
6
CONTINUOUS
10
4.487154763779527
20
-4.0856760629921256
11
4.481049803149606
21
-4.0856760629921256
0
LINE
8
BLACK
6
CONTINUOUS
10
4.481049803149606
20
-4.0856760629921256
11
4.4783523228346453
21
-4.0870248031496059
0
LINE
8
BLACK
6
CONTINUOUS
10
4.5385344881889766
20
-4.0798272834645672
11
4.5390465354330711
21
-4.0798272834645672
0
LINE
8
BLACK
6
CONTINUOUS
10
4.5390465354330711
20
-4.0798272834645672
11
4.5391072834645669
21
-4.0798524409448822
0
LINE
8
BLACK
6
CONTINUOUS
10
4.5391072834645669
20
-4.0798524409448822
11
4.5391731496062988
21
-4.079855354330709
0
LINE
8
BLACK
6
CONTINUOUS
10
4.5391731496062988
20
-4.079855354330709
11
4.539637992125984
21
-4.0800722440944881
0
LINE
8
BLACK
6
CONTINUOUS
10
4.539637992125984
20
-4.0800722440944881
11
4.5401109448818895
21
-4.0802681889763779
0
LINE
8
BLACK
6
CONTINUOUS
10
4.5401109448818895
20
-4.0802681889763779
11
4.5401574409448822
21
-4.0803146850393697
0
LINE
8
BLACK
6
CONTINUOUS
10
4.5401574409448822
20
-4.0803146850393697
11
4.5402171653543304
21
-4.0803425590551177
0
LINE
8
BLACK
6
CONTINUOUS
10
4.5402171653543304
20
-4.0803425590551177
11
4.540563385826772
21
-4.0807206299212595
0
LINE
8
BLACK
6
CONTINUOUS
10
4.540563385826772
20
-4.0807206299212595
11
4.5409255905511809
21
-4.0810828346456693
0
LINE
8
BLACK
6
CONTINUOUS
10
4.5409255905511809
20
-4.0810828346456693
11
4.5409507874015747
21
-4.0811436614173227
0
LINE
8
BLACK
6
CONTINUOUS
10
4.5409507874015747
20
-4.0811436614173227
11
4.5409952755905509
21
-4.0811922440944883
0
LINE
8
BLACK
6
CONTINUOUS
10
4.5409952755905509
20
-4.0811922440944883
11
4.5411703543307089
21
-4.0816737401574805
0
LINE
8
BLACK
6
CONTINUOUS
10
4.5411703543307089
20
-4.0816737401574805
11
4.5413664960629916
21
-4.0821472440944877
0
LINE
8
BLACK
6
CONTINUOUS
10
4.5413664960629916
20
-4.0821472440944877
11
4.541375393700787
21
-4.0822375984251966
0
LINE
8
BLACK
6
CONTINUOUS
10
4.541375393700787
20
-4.0822375984251966
11
4.5413889763779522
21
-4.0822749606299213
0
LINE
8
BLACK
6
CONTINUOUS
10
4.5413889763779522
20
-4.0822749606299213
11
4.5413859055118113
21
-4.0823444881889763
0
LINE
8
BLACK
6
CONTINUOUS
10
4.5413859055118113
20
-4.0823444881889763
11
4.5414232283464564
21
-4.0827233070866145
0
LINE
8
BLACK
6
CONTINUOUS
10
4.5414232283464564
20
-4.0827233070866145
11
4.5414232283464564
21
-4.1220933858267719
0
LINE
8
BLACK
6
CONTINUOUS
10
4.5414232283464564
20
-4.1220933858267719
11
4.5413664960629916
21
-4.1226694488188977
0
LINE
8
BLACK
6
CONTINUOUS
10
4.5413664960629916
20
-4.1226694488188977
11
4.5409255905511809
21
-4.1237338582677161
0
LINE
8
BLACK
6
CONTINUOUS
10
4.5409255905511809
20
-4.1237338582677161
11
4.5401109448818895
21
-4.1245485039370076
0
LINE
8
BLACK
6
CONTINUOUS
10
4.5401109448818895
20
-4.1245485039370076
11
4.5390465354330711
21
-4.1249894094488191
0
LINE
8
BLACK
6
CONTINUOUS
10
4.5390465354330711
20
-4.1249894094488191
11
4.5378944094488185
21
-4.1249894094488191
0
LINE
8
BLACK
6
CONTINUOUS
10
4.5378944094488185
20
-4.1249894094488191
11
4.5368300000000001
21
-4.1245485039370076
0
LINE
8
BLACK
6
CONTINUOUS
10
4.5368300000000001
20
-4.1245485039370076
11
4.5360153543307087
21
-4.1237338582677161
0
LINE
8
BLACK
6
CONTINUOUS
10
4.5360153543307087
20
-4.1237338582677161
11
4.5355744488188972
21
-4.1226694488188977
0
LINE
8
BLACK
6
CONTINUOUS
10
4.5355744488188972
20
-4.1226694488188977
11
4.5355177165354332
21
-4.1220933858267719
0
LINE
8
BLACK
6
CONTINUOUS
10
4.5355177165354332
20
-4.1220933858267719
11
4.5355177165354332
21
-4.0960330314960629
0
LINE
8
BLACK
6
CONTINUOUS
10
4.5355177165354332
20
-4.0960330314960629
11
4.5280228740157478
21
-4.1120934251968499
0
LINE
8
BLACK
6
CONTINUOUS
10
4.5280228740157478
20
-4.1120934251968499
11
4.5278979133858268
21
-4.1123043307086613
0
LINE
8
BLACK
6
CONTINUOUS
10
4.5278979133858268
20
-4.1123043307086613
11
4.5278719291338581
21
-4.112375826771653
0
LINE
8
BLACK
6
CONTINUOUS
10
4.5278719291338581
20
-4.112375826771653
11
4.5278255905511813
21
-4.1124263779527555
0
LINE
8
BLACK
6
CONTINUOUS
10
4.5278255905511813
20
-4.1124263779527555
11
4.5277278346456695
21
-4.1125914566929129
0
LINE
8
BLACK
6
CONTINUOUS
10
4.5277278346456695
20
-4.1125914566929129
11
4.5273970078740158
21
-4.1128943700787399
0
LINE
8
BLACK
6
CONTINUOUS
10
4.5273970078740158
20
-4.1128943700787399
11
4.5270938188976375
21
-4.1132255118110237
0
LINE
8
BLACK
6
CONTINUOUS
10
4.5270938188976375
20
-4.1132255118110237
11
4.5269748425196852
21
-4.1132809842519684
0
LINE
8
BLACK
6
CONTINUOUS
10
4.5269748425196852
20
-4.1132809842519684
11
4.5268781889763776
21
-4.1133695669291335
0
LINE
8
BLACK
6
CONTINUOUS
10
4.5268781889763776
20
-4.1133695669291335
11
4.5264566929133858
21
-4.1135227952755908
0
LINE
8
BLACK
6
CONTINUOUS
10
4.5264566929133858
20
-4.1135227952755908
11
4.5260498031496059
21
-4.1137127165354332
0
LINE
8
BLACK
6
CONTINUOUS
10
4.5260498031496059
20
-4.1137127165354332
11
4.5259186220472438
21
-4.1137184645669294
0
LINE
8
BLACK
6
CONTINUOUS
10
4.5259186220472438
20
-4.1137184645669294
11
4.5257954724409446
21
-4.1137632677165357
0
LINE
8
BLACK
6
CONTINUOUS
10
4.5257954724409446
20
-4.1137632677165357
11
4.525347362204724
21
-4.1137435826771656
0
LINE
8
BLACK
6
CONTINUOUS
10
4.525347362204724
20
-4.1137435826771656
11
4.5248987795275593
21
-4.1137633070866144
0
LINE
8
BLACK
6
CONTINUOUS
10
4.5248987795275593
20
-4.1137633070866144
11
4.524775472440945
21
-4.1137184645669294
0
LINE
8
BLACK
6
CONTINUOUS
10
4.524775472440945
20
-4.1137184645669294
11
4.5246444488188979
21
-4.1137127165354332
0
LINE
8
BLACK
6
CONTINUOUS
10
4.5246444488188979
20
-4.1137127165354332
11
4.5242377952755906
21
-4.1135229133858271
0
LINE
8
BLACK
6
CONTINUOUS
10
4.5242377952755906
20
-4.1135229133858271
11
4.5238160629921262
21
-4.1133695669291335
0
LINE
8
BLACK
6
CONTINUOUS
10
4.5238160629921262
20
-4.1133695669291335
11
4.5237192519685037
21
-4.1132809055118109
0
LINE
8
BLACK
6
CONTINUOUS
10
4.5237192519685037
20
-4.1132809055118109
11
4.5236004330708663
21
-4.1132254724409449
0
LINE
8
BLACK
6
CONTINUOUS
10
4.5236004330708663
20
-4.1132254724409449
11
4.5232974803149606
21
-4.1128946456692912
0
LINE
8
BLACK
6
CONTINUOUS
10
4.5232974803149606
20
-4.1128946456692912
11
4.5229664173228343
21
-4.1125914960629917
0
LINE
8
BLACK
6
CONTINUOUS
10
4.5229664173228343
20
-4.1125914960629917
11
4.5228685433070863
21
-4.1124262992125979
0
LINE
8
BLACK
6
CONTINUOUS
10
4.5228685433070863
20
-4.1124262992125979
11
4.5228223228346458
21
-4.112375826771653
0
LINE
8
BLACK
6
CONTINUOUS
10
4.5228223228346458
20
-4.112375826771653
11
4.522796338582677
21
-4.1123044488188976
0
LINE
8
BLACK
6
CONTINUOUS
10
4.522796338582677
20
-4.1123044488188976
11
4.5226713779527561
21
-4.1120934645669287
0
LINE
8
BLACK
6
CONTINUOUS
10
4.5226713779527561
20
-4.1120934645669287
11
4.5151765354330706
21
-4.0960330314960629
0
LINE
8
BLACK
6
CONTINUOUS
10
4.5151765354330706
20
-4.0960330314960629
11
4.5151765354330706
21
-4.1220933858267719
0
LINE
8
BLACK
6
CONTINUOUS
10
4.5151765354330706
20
-4.1220933858267719
11
4.5151198031496058
21
-4.1226694488188977
0
LINE
8
BLACK
6
CONTINUOUS
10
4.5151198031496058
20
-4.1226694488188977
11
4.5146788976377952
21
-4.1237338582677161
0
LINE
8
BLACK
6
CONTINUOUS
10
4.5146788976377952
20
-4.1237338582677161
11
4.5138642519685037
21
-4.1245485039370076
0
LINE
8
BLACK
6
CONTINUOUS
10
4.5138642519685037
20
-4.1245485039370076
11
4.5127998425196854
21
-4.1249894094488191
0
LINE
8
BLACK
6
CONTINUOUS
10
4.5127998425196854
20
-4.1249894094488191
11
4.5116477165354327
21
-4.1249894094488191
0
LINE
8
BLACK
6
CONTINUOUS
10
4.5116477165354327
20
-4.1249894094488191
11
4.5105833070866144
21
-4.1245485039370076
0
LINE
8
BLACK
6
CONTINUOUS
10
4.5105833070866144
20
-4.1245485039370076
11
4.5097686614173229
21
-4.1237338582677161
0
LINE
8
BLACK
6
CONTINUOUS
10
4.5097686614173229
20
-4.1237338582677161
11
4.5093277559055114
21
-4.1226694488188977
0
LINE
8
BLACK
6
CONTINUOUS
10
4.5093277559055114
20
-4.1226694488188977
11
4.5092710236220475
21
-4.1220933858267719
0
LINE
8
BLACK
6
CONTINUOUS
10
4.5092710236220475
20
-4.1220933858267719
11
4.5092710236220475
21
-4.0827233070866145
0
LINE
8
BLACK
6
CONTINUOUS
10
4.5092710236220475
20
-4.0827233070866145
11
4.5093083070866138
21
-4.0823444881889763
0
LINE
8
BLACK
6
CONTINUOUS
10
4.5093083070866138
20
-4.0823444881889763
11
4.5093052755905507
21
-4.0822749606299213
0
LINE
8
BLACK
6
CONTINUOUS
10
4.5093052755905507
20
-4.0822749606299213
11
4.5093188188976381
21
-4.0822375984251966
0
LINE
8
BLACK
6
CONTINUOUS
10
4.5093188188976381
20
-4.0822375984251966
11
4.5093277559055114
21
-4.0821472440944877
0
LINE
8
BLACK
6
CONTINUOUS
10
4.5093277559055114
20
-4.0821472440944877
11
4.5095238582677162
21
-4.0816737401574805
0
LINE
8
BLACK
6
CONTINUOUS
10
4.5095238582677162
20
-4.0816737401574805
11
4.5096989763779529
21
-4.0811922440944883
0
LINE
8
BLACK
6
CONTINUOUS
10
4.5096989763779529
20
-4.0811922440944883
11
4.5097434251968505
21
-4.0811436614173227
0
LINE
8
BLACK
6
CONTINUOUS
10
4.5097434251968505
20
-4.0811436614173227
11
4.5097686614173229
21
-4.0810828346456693
0
LINE
8
BLACK
6
CONTINUOUS
10
4.5097686614173229
20
-4.0810828346456693
11
4.5101310629921256
21
-4.080720393700787
0
LINE
8
BLACK
6
CONTINUOUS
10
4.5101310629921256
20
-4.080720393700787
11
4.5104770866141735
21
-4.0803425984251964
0
LINE
8
BLACK
6
CONTINUOUS
10
4.5104770866141735
20
-4.0803425984251964
11
4.5105367322834642
21
-4.0803147244094484
0
LINE
8
BLACK
6
CONTINUOUS
10
4.5105367322834642
20
-4.0803147244094484
11
4.5105833070866144
21
-4.0802681889763779
0
LINE
8
BLACK
6
CONTINUOUS
10
4.5105833070866144
20
-4.0802681889763779
11
4.5110565748031499
21
-4.0800721259842518
0
LINE
8
BLACK
6
CONTINUOUS
10
4.5110565748031499
20
-4.0800721259842518
11
4.511521102362205
21
-4.079855354330709
0
LINE
8
BLACK
6
CONTINUOUS
10
4.511521102362205
20
-4.079855354330709
11
4.5115868897637794
21
-4.0798524409448822
0
LINE
8
BLACK
6
CONTINUOUS
10
4.5115868897637794
20
-4.0798524409448822
11
4.5116477165354327
21
-4.0798272834645672
0
LINE
8
BLACK
6
CONTINUOUS
10
4.5116477165354327
20
-4.0798272834645672
11
4.512160275590551
21
-4.0798272834645672
0
LINE
8
BLACK
6
CONTINUOUS
10
4.512160275590551
20
-4.0798272834645672
11
4.5126721259842517
21
-4.0798048031496066
0
LINE
8
BLACK
6
CONTINUOUS
10
4.5126721259842517
20
-4.0798048031496066
11
4.5127339370078738
21
-4.0798272834645672
0
LINE
8
BLACK
6
CONTINUOUS
10
4.5127339370078738
20
-4.0798272834645672
11
4.5127998425196854
21
-4.0798272834645672
0
LINE
8
BLACK
6
CONTINUOUS
10
4.5127998425196854
20
-4.0798272834645672
11
4.5132733070866138
21
-4.0800233858267712
0
LINE
8
BLACK
6
CONTINUOUS
10
4.5132733070866138
20
-4.0800233858267712
11
4.5137548425196847
21
-4.0801985039370079
0
LINE
8
BLACK
6
CONTINUOUS
10
4.5137548425196847
20
-4.0801985039370079
11
4.5138033858267717
21
-4.0802429527559054
0
LINE
8
BLACK
6
CONTINUOUS
10
4.5138033858267717
20
-4.0802429527559054
11
4.5138642519685037
21
-4.0802681889763779
0
LINE
8
BLACK
6
CONTINUOUS
10
4.5138642519685037
20
-4.0802681889763779
11
4.5142266535433073
21
-4.0806305905511806
0
LINE
8
BLACK
6
CONTINUOUS
10
4.5142266535433073
20
-4.0806305905511806
11
4.5146044881889766
21
-4.0809766141732284
0
LINE
8
BLACK
6
CONTINUOUS
10
4.5146044881889766
20
-4.0809766141732284
11
4.5146507086614172
21
-4.0810546456692913
0
LINE
8
BLACK
6
CONTINUOUS
10
4.5146507086614172
20
-4.0810546456692913
11
4.5146788976377952
21
-4.0810828346456693
0
LINE
8
BLACK
6
CONTINUOUS
10
4.5146788976377952
20
-4.0810828346456693
11
4.5147055905511806
21
-4.0811472440944883
0
LINE
8
BLACK
6
CONTINUOUS
10
4.5147055905511806
20
-4.0811472440944883
11
4.5148995275590549
21
-4.0814746456692914
0
LINE
8
BLACK
6
CONTINUOUS
10
4.5148995275590549
20
-4.0814746456692914
11
4.5253470866141727
21
-4.1038623228346456
0
LINE
8
BLACK
6
CONTINUOUS
10
4.5253470866141727
20
-4.1038623228346456
11
4.535794724409449
21
-4.0814746062992127
0
LINE
8
BLACK
6
CONTINUOUS
10
4.535794724409449
20
-4.0814746062992127
11
4.5359887007874011
21
-4.081147125984252
0
LINE
8
BLACK
6
CONTINUOUS
10
4.5359887007874011
20
-4.081147125984252
11
4.5360153543307087
21
-4.0810828346456693
0
LINE
8
BLACK
6
CONTINUOUS
10
4.5360153543307087
20
-4.0810828346456693
11
4.5360434645669292
21
-4.0810546850393701
0
LINE
8
BLACK
6
CONTINUOUS
10
4.5360434645669292
20
-4.0810546850393701
11
4.5360897637795272
21
-4.0809765748031497
0
LINE
8
BLACK
6
CONTINUOUS
10
4.5360897637795272
20
-4.0809765748031497
11
4.5364678346456691
21
-4.0806303149606302
0
LINE
8
BLACK
6
CONTINUOUS
10
4.5364678346456691
20
-4.0806303149606302
11
4.5368300000000001
21
-4.0802681889763779
0
LINE
8
BLACK
6
CONTINUOUS
10
4.5368300000000001
20
-4.0802681889763779
11
4.5368908267716535
21
-4.0802429921259842
0
LINE
8
BLACK
6
CONTINUOUS
10
4.5368908267716535
20
-4.0802429921259842
11
4.5369394094488191
21
-4.0801985039370079
0
LINE
8
BLACK
6
CONTINUOUS
10
4.5369394094488191
20
-4.0801985039370079
11
4.5374212204724405
21
-4.0800232677165358
0
LINE
8
BLACK
6
CONTINUOUS
10
4.5374212204724405
20
-4.0800232677165358
11
4.5378944094488185
21
-4.0798272834645672
0
LINE
8
BLACK
6
CONTINUOUS
10
4.5378944094488185
20
-4.0798272834645672
11
4.5379601968503938
21
-4.0798272834645672
0
LINE
8
BLACK
6
CONTINUOUS
10
4.5379601968503938
20
-4.0798272834645672
11
4.5380221259842521
21
-4.0798047637795278
0
LINE
8
BLACK
6
CONTINUOUS
10
4.5380221259842521
20
-4.0798047637795278
11
4.5385344881889766
21
-4.0798272834645672
0
LINE
8
BLACK
6
CONTINUOUS
10
4.4004168110236224
20
-4.0197997244094488
11
4.4005148031496066
21
-4.0198403149606294
0
LINE
8
BLACK
6
CONTINUOUS
10
4.4005148031496066
20
-4.0198403149606294
11
4.40062062992126
21
-4.0198478346456694
0
LINE
8
BLACK
6
CONTINUOUS
10
4.40062062992126
20
-4.0198478346456694
11
4.4011612598425192
21
-4.0200547244094489
0
LINE
8
BLACK
6
CONTINUOUS
10
4.4011612598425192
20
-4.0200547244094489
11
4.4049107874015743
21
-4.0219294881889764
0
LINE
8
BLACK
6
CONTINUOUS
10
4.4049107874015743
20
-4.0219294881889764
11
4.4051587795275591
21
-4.0220855511811022
0
LINE
8
BLACK
6
CONTINUOUS
10
4.4051587795275591
20
-4.0220855511811022
11
4.4052307480314958
21
-4.022115393700787
0
LINE
8
BLACK
6
CONTINUOUS
10
4.4052307480314958
20
-4.022115393700787
11
4.4053116929133855
21
-4.022181850393701
0
LINE
8
BLACK
6
CONTINUOUS
10
4.4053116929133855
20
-4.022181850393701
11
4.4054006692913381
21
-4.0222378346456695
0
LINE
8
BLACK
6
CONTINUOUS
10
4.4054006692913381
20
-4.0222378346456695
11
4.4054518110236218
21
-4.0222968110236224
0
LINE
8
BLACK
6
CONTINUOUS
10
4.4054518110236218
20
-4.0222968110236224
11
4.4056781889763776
21
-4.0224825984251966
0
LINE
8
BLACK
6
CONTINUOUS
10
4.4056781889763776
20
-4.0224825984251966
11
4.4075529527559052
21
-4.0243573622047242
0
LINE
8
BLACK
6
CONTINUOUS
10
4.4075529527559052
20
-4.0243573622047242
11
4.4077387007874016
21
-4.0245837007874012
0
LINE
8
BLACK
6
CONTINUOUS
10
4.4077387007874016
20
-4.0245837007874012
11
4.4077977165354332
21
-4.0246348818897637
0
LINE
8
BLACK
6
CONTINUOUS
10
4.4077977165354332
20
-4.0246348818897637
11
4.4078536614173229
21
-4.0247238188976375
0
LINE
8
BLACK
6
CONTINUOUS
10
4.4078536614173229
20
-4.0247238188976375
11
4.4079201574803148
21
-4.024804803149606
0
LINE
8
BLACK
6
CONTINUOUS
10
4.4079201574803148
20
-4.024804803149606
11
4.4079499606299208
21
-4.0248767322834649
0
LINE
8
BLACK
6
CONTINUOUS
10
4.4079499606299208
20
-4.0248767322834649
11
4.4081060629921263
21
-4.0251247637795275
0
LINE
8
BLACK
6
CONTINUOUS
10
4.4081060629921263
20
-4.0251247637795275
11
4.4099808267716538
21
-4.0288742913385827
0
LINE
8
BLACK
6
CONTINUOUS
10
4.4099808267716538
20
-4.0288742913385827
11
4.4099969291338583
21
-4.0289163779527559
0
LINE
8
BLACK
6
CONTINUOUS
10
4.4099969291338583
20
-4.0289163779527559
11
4.410009645669291
21
-4.0289335433070868
0
LINE
8
BLACK
6
CONTINUOUS
10
4.410009645669291
20
-4.0289335433070868
11
4.4100959448818893
21
-4.0291751181102358
0
LINE
8
BLACK
6
CONTINUOUS
10
4.4100959448818893
20
-4.0291751181102358
11
4.4101877165354333
21
-4.0294148818897639
0
LINE
8
BLACK
6
CONTINUOUS
10
4.4101877165354333
20
-4.0294148818897639
11
4.410189212598425
21
-4.0294361417322833
0
LINE
8
BLACK
6
CONTINUOUS
10
4.410189212598425
20
-4.0294361417322833
11
4.4102044094488191
21
-4.0294786614173228
0
LINE
8
BLACK
6
CONTINUOUS
10
4.4102044094488191
20
-4.0294786614173228
11
4.4120791732283466
21
-4.036977716535433
0
LINE
8
BLACK
6
CONTINUOUS
10
4.4120791732283466
20
-4.036977716535433
11
4.4120939370078736
21
-4.0370775590551178
0
LINE
8
BLACK
6
CONTINUOUS
10
4.4120939370078736
20
-4.0370775590551178
11
4.4121105905511806
21
-4.0371177952755906
0
LINE
8
BLACK
6
CONTINUOUS
10
4.4121105905511806
20
-4.0371177952755906
11
4.4121319291338583
21
-4.0373348031496059
0
LINE
8
BLACK
6
CONTINUOUS
10
4.4121319291338583
20
-4.0373348031496059
11
4.4121638188976373
21
-4.0375503149606295
0
LINE
8
BLACK
6
CONTINUOUS
10
4.4121638188976373
20
-4.0375503149606295
11
4.4121574015748033
21
-4.0375933070866141
0
LINE
8
BLACK
6
CONTINUOUS
10
4.4121574015748033
20
-4.0375933070866141
11
4.4121673228346454
21
-4.0376938582677164
0
LINE
8
BLACK
6
CONTINUOUS
10
4.4121673228346454
20
-4.0376938582677164
11
4.4121673228346454
21
-4.0470676771653542
0
LINE
8
BLACK
6
CONTINUOUS
10
4.4121673228346454
20
-4.0470676771653542
11
4.4121574015748033
21
-4.0471681889763778
0
LINE
8
BLACK
6
CONTINUOUS
10
4.4121574015748033
20
-4.0471681889763778
11
4.4121638188976373
21
-4.0472112204724411
0
LINE
8
BLACK
6
CONTINUOUS
10
4.4121638188976373
20
-4.0472112204724411
11
4.4121319291338583
21
-4.047426692913386
0
LINE
8
BLACK
6
CONTINUOUS
10
4.4121319291338583
20
-4.047426692913386
11
4.4121105905511806
21
-4.0476437401574801
0
LINE
8
BLACK
6
CONTINUOUS
10
4.4121105905511806
20
-4.0476437401574801
11
4.4120939370078736
21
-4.0476839370078741
0
LINE
8
BLACK
6
CONTINUOUS
10
4.4120939370078736
20
-4.0476839370078741
11
4.4120791732283466
21
-4.0477838188976376
0
LINE
8
BLACK
6
CONTINUOUS
10
4.4120791732283466
20
-4.0477838188976376
11
4.4102044094488191
21
-4.0552828740157478
0
LINE
8
BLACK
6
CONTINUOUS
10
4.4102044094488191
20
-4.0552828740157478
11
4.410189212598425
21
-4.0553253543307086
0
LINE
8
BLACK
6
CONTINUOUS
10
4.410189212598425
20
-4.0553253543307086
11
4.4101877165354333
21
-4.0553466535433067
0
LINE
8
BLACK
6
CONTINUOUS
10
4.4101877165354333
20
-4.0553466535433067
11
4.4100959448818893
21
-4.0555863779527561
0
LINE
8
BLACK
6
CONTINUOUS
10
4.4100959448818893
20
-4.0555863779527561
11
4.410009645669291
21
-4.0558279921259839
0
LINE
8
BLACK
6
CONTINUOUS
10
4.410009645669291
20
-4.0558279921259839
11
4.4099969291338583
21
-4.055845118110236
0
LINE
8
BLACK
6
CONTINUOUS
10
4.4099969291338583
20
-4.055845118110236
11
4.4099808267716538
21
-4.055887244094488
0
LINE
8
BLACK
6
CONTINUOUS
10
4.4099808267716538
20
-4.055887244094488
11
4.4081060629921263
21
-4.0596367716535431
0
LINE
8
BLACK
6
CONTINUOUS
10
4.4081060629921263
20
-4.0596367716535431
11
4.4079499999999996
21
-4.0598846456692916
0
LINE
8
BLACK
6
CONTINUOUS
10
4.4079499999999996
20
-4.0598846456692916
11
4.4079201968503936
21
-4.0599566929133859
0
LINE
8
BLACK
6
CONTINUOUS
10
4.4079201968503936
20
-4.0599566929133859
11
4.4078536614173229
21
-4.0600377165354331
0
LINE
8
BLACK
6
CONTINUOUS
10
4.4078536614173229
20
-4.0600377165354331
11
4.4077977165354332
21
-4.0601266535433069
0
LINE
8
BLACK
6
CONTINUOUS
10
4.4077977165354332
20
-4.0601266535433069
11
4.4077387007874016
21
-4.0601777952755906
0
LINE
8
BLACK
6
CONTINUOUS
10
4.4077387007874016
20
-4.0601777952755906
11
4.4075529527559052
21
-4.0604041732283465
0
LINE
8
BLACK
6
CONTINUOUS
10
4.4075529527559052
20
-4.0604041732283465
11
4.4056782283464564
21
-4.062278937007874
0
LINE
8
BLACK
6
CONTINUOUS
10
4.4056782283464564
20
-4.062278937007874
11
4.4054518503937006
21
-4.0624646850393704
0
LINE
8
BLACK
6
CONTINUOUS
10
4.4054518503937006
20
-4.0624646850393704
11
4.4054006692913381
21
-4.0625237401574799
0
LINE
8
BLACK
6
CONTINUOUS
10
4.4054006692913381
20
-4.0625237401574799
11
4.4053116929133855
21
-4.0625797244094484
0
LINE
8
BLACK
6
CONTINUOUS
10
4.4053116929133855
20
-4.0625797244094484
11
4.4052307480314958
21
-4.0626461811023624
0
LINE
8
BLACK
6
CONTINUOUS
10
4.4052307480314958
20
-4.0626461811023624
11
4.4051587795275591
21
-4.0626759842519684
0
LINE
8
BLACK
6
CONTINUOUS
10
4.4051587795275591
20
-4.0626759842519684
11
4.4049107874015743
21
-4.0628320866141729
0
LINE
8
BLACK
6
CONTINUOUS
10
4.4049107874015743
20
-4.0628320866141729
11
4.4011612598425192
21
-4.0647068503937005
0
LINE
8
BLACK
6
CONTINUOUS
10
4.4011612598425192
20
-4.0647068503937005
11
4.40062062992126
21
-4.06491374015748
0
LINE
8
BLACK
6
CONTINUOUS
10
4.40062062992126
20
-4.06491374015748
11
4.4005148031496066
21
-4.0649212204724412
0
LINE
8
BLACK
6
CONTINUOUS
10
4.4005148031496066
20
-4.0649212204724412
11
4.4004168110236224
21
-4.0649618503937006
0
LINE
8
BLACK
6
CONTINUOUS
10
4.4004168110236224
20
-4.0649618503937006
11
4.3998407480314956
21
-4.0650185826771654
0
LINE
8
BLACK
6
CONTINUOUS
10
4.3998407480314956
20
-4.0650185826771654
11
4.3960912204724405
21
-4.0650185826771654
0
LINE
8
BLACK
6
CONTINUOUS
10
4.3960912204724405
20
-4.0650185826771654
11
4.3955151574803146
21
-4.0649618503937006
0
LINE
8
BLACK
6
CONTINUOUS
10
4.3955151574803146
20
-4.0649618503937006
11
4.3954171653543304
21
-4.06492125984252
0
LINE
8
BLACK
6
CONTINUOUS
10
4.3954171653543304
20
-4.06492125984252
11
4.3953112992125982
21
-4.06491374015748
0
LINE
8
BLACK
6
CONTINUOUS
10
4.3953112992125982
20
-4.06491374015748
11
4.3947707086614169
21
-4.0647068503937005
0
LINE
8
BLACK
6
CONTINUOUS
10
4.3947707086614169
20
-4.0647068503937005
11
4.3910211811023618
21
-4.0628320866141729
0
LINE
8
BLACK
6
CONTINUOUS
10
4.3910211811023618
20
-4.0628320866141729
11
4.3907731496062992
21
-4.0626759842519684
0
LINE
8
BLACK
6
CONTINUOUS
10
4.3907731496062992
20
-4.0626759842519684
11
4.3907012204724412
21
-4.0626461811023624
0
LINE
8
BLACK
6
CONTINUOUS
10
4.3907012204724412
20
-4.0626461811023624
11
4.3906202362204727
21
-4.0625797244094484
0
LINE
8
BLACK
6
CONTINUOUS
10
4.3906202362204727
20
-4.0625797244094484
11
4.390531299212598
21
-4.0625237401574799
0
LINE
8
BLACK
6
CONTINUOUS
10
4.390531299212598
20
-4.0625237401574799
11
4.3904800787401577
21
-4.0624646850393704
0
LINE
8
BLACK
6
CONTINUOUS
10
4.3904800787401577
20
-4.0624646850393704
11
4.3902537401574806
21
-4.062278937007874
0
LINE
8
BLACK
6
CONTINUOUS
10
4.3902537401574806
20
-4.062278937007874
11
4.388378976377953
21
-4.0604041338582677
0
LINE
8
BLACK
6
CONTINUOUS
10
4.388378976377953
20
-4.0604041338582677
11
4.3881932283464566
21
-4.0601777952755906
0
LINE
8
BLACK
6
CONTINUOUS
10
4.3881932283464566
20
-4.0601777952755906
11
4.3881342519685038
21
-4.0601266535433069
0
LINE
8
BLACK
6
CONTINUOUS
10
4.3881342519685038
20
-4.0601266535433069
11
4.3880782677165353
21
-4.0600377165354331
0
LINE
8
BLACK
6
CONTINUOUS
10
4.3880782677165353
20
-4.0600377165354331
11
4.3880117716535434
21
-4.0599566929133859
0
LINE
8
BLACK
6
CONTINUOUS
10
4.3880117716535434
20
-4.0599566929133859
11
4.3879819291338578
21
-4.0598846456692916
0
LINE
8
BLACK
6
CONTINUOUS
10
4.3879819291338578
20
-4.0598846456692916
11
4.3878259055118107
21
-4.0596367716535431
0
LINE
8
BLACK
6
CONTINUOUS
10
4.3878259055118107
20
-4.0596367716535431
11
4.3859511417322832
21
-4.055887244094488
0
LINE
8
BLACK
6
CONTINUOUS
10
4.3859511417322832
20
-4.055887244094488
11
4.3859349999999999
21
-4.055845118110236
0
LINE
8
BLACK
6
CONTINUOUS
10
4.3859349999999999
20
-4.055845118110236
11
4.385922322834646
21
-4.0558279921259839
0
LINE
8
BLACK
6
CONTINUOUS
10
4.385922322834646
20
-4.0558279921259839
11
4.3858358661417318
21
-4.0555860236220473
0
LINE
8
BLACK
6
CONTINUOUS
10
4.3858358661417318
20
-4.0555860236220473
11
4.3857442519685037
21
-4.0553466141732279
0
LINE
8
BLACK
6
CONTINUOUS
10
4.3857442519685037
20
-4.0553466141732279
11
4.3857427165354332
21
-4.0553253543307086
0
LINE
8
BLACK
6
CONTINUOUS
10
4.3857427165354332
20
-4.0553253543307086
11
4.3857275590551179
21
-4.0552828740157478
0
LINE
8
BLACK
6
CONTINUOUS
10
4.3857275590551179
20
-4.0552828740157478
11
4.3838527952755904
21
-4.0477838188976376
0
LINE
8
BLACK
6
CONTINUOUS
10
4.3838527952755904
20
-4.0477838188976376
11
4.3838379921259838
21
-4.0476839370078741
0
LINE
8
BLACK
6
CONTINUOUS
10
4.3838379921259838
20
-4.0476839370078741
11
4.3838213779527555
21
-4.0476437401574801
0
LINE
8
BLACK
6
CONTINUOUS
10
4.3838213779527555
20
-4.0476437401574801
11
4.3837999999999999
21
-4.047426692913386
0
LINE
8
BLACK
6
CONTINUOUS
10
4.3837999999999999
20
-4.047426692913386
11
4.3837681496062988
21
-4.0472112204724411
0
LINE
8
BLACK
6
CONTINUOUS
10
4.3837681496062988
20
-4.0472112204724411
11
4.3837745275590549
21
-4.0471681889763778
0
LINE
8
BLACK
6
CONTINUOUS
10
4.3837745275590549
20
-4.0471681889763778
11
4.3837646456692916
21
-4.0470676771653542
0
LINE
8
BLACK
6
CONTINUOUS
10
4.3837646456692916
20
-4.0470676771653542
11
4.3837646456692916
21
-4.0376938582677164
0
LINE
8
BLACK
6
CONTINUOUS
10
4.3837646456692916
20
-4.0376938582677164
11
4.3837745275590549
21
-4.0375933070866141
0
LINE
8
BLACK
6
CONTINUOUS
10
4.3837745275590549
20
-4.0375933070866141
11
4.3837681496062988
21
-4.0375503149606295
0
LINE
8
BLACK
6
CONTINUOUS
10
4.3837681496062988
20
-4.0375503149606295
11
4.3837999999999999
21
-4.0373348031496059
0
LINE
8
BLACK
6
CONTINUOUS
10
4.3837999999999999
20
-4.0373348031496059
11
4.3838213779527555
21
-4.0371177952755906
0
LINE
8
BLACK
6
CONTINUOUS
10
4.3838213779527555
20
-4.0371177952755906
11
4.3838379921259838
21
-4.0370775590551178
0
LINE
8
BLACK
6
CONTINUOUS
10
4.3838379921259838
20
-4.0370775590551178
11
4.3838527952755904
21
-4.036977716535433
0
LINE
8
BLACK
6
CONTINUOUS
10
4.3838527952755904
20
-4.036977716535433
11
4.3857275590551179
21
-4.0294786614173228
0
LINE
8
BLACK
6
CONTINUOUS
10
4.3857275590551179
20
-4.0294786614173228
11
4.3857427165354332
21
-4.0294361417322833
0
LINE
8
BLACK
6
CONTINUOUS
10
4.3857427165354332
20
-4.0294361417322833
11
4.3857442519685037
21
-4.0294149212598427
0
LINE
8
BLACK
6
CONTINUOUS
10
4.3857442519685037
20
-4.0294149212598427
11
4.3858358661417318
21
-4.0291754724409445
0
LINE
8
BLACK
6
CONTINUOUS
10
4.3858358661417318
20
-4.0291754724409445
11
4.385922322834646
21
-4.0289335433070868
0
LINE
8
BLACK
6
CONTINUOUS
10
4.385922322834646
20
-4.0289335433070868
11
4.3859349999999999
21
-4.0289163779527559
0
LINE
8
BLACK
6
CONTINUOUS
10
4.3859349999999999
20
-4.0289163779527559
11
4.3859511417322832
21
-4.0288742913385827
0
LINE
8
BLACK
6
CONTINUOUS
10
4.3859511417322832
20
-4.0288742913385827
11
4.3878259055118107
21
-4.0251247637795275
0
LINE
8
BLACK
6
CONTINUOUS
10
4.3878259055118107
20
-4.0251247637795275
11
4.3879819685039365
21
-4.0248767322834649
0
LINE
8
BLACK
6
CONTINUOUS
10
4.3879819685039365
20
-4.0248767322834649
11
4.3880118110236221
21
-4.024804803149606
0
LINE
8
BLACK
6
CONTINUOUS
10
4.3880118110236221
20
-4.024804803149606
11
4.3880782677165353
21
-4.0247238188976375
0
LINE
8
BLACK
6
CONTINUOUS
10
4.3880782677165353
20
-4.0247238188976375
11
4.3881342519685038
21
-4.0246348818897637
0
LINE
8
BLACK
6
CONTINUOUS
10
4.3881342519685038
20
-4.0246348818897637
11
4.3881932283464566
21
-4.0245837007874012
0
LINE
8
BLACK
6
CONTINUOUS
10
4.3881932283464566
20
-4.0245837007874012
11
4.3883790157480318
21
-4.0243573622047242
0
LINE
8
BLACK
6
CONTINUOUS
10
4.3883790157480318
20
-4.0243573622047242
11
4.3902537795275594
21
-4.0224825984251966
0
LINE
8
BLACK
6
CONTINUOUS
10
4.3902537795275594
20
-4.0224825984251966
11
4.3904801181102364
21
-4.0222968110236224
0
LINE
8
BLACK
6
CONTINUOUS
10
4.3904801181102364
20
-4.0222968110236224
11
4.390531299212598
21
-4.0222378346456695
0
LINE
8
BLACK
6
CONTINUOUS
10
4.390531299212598
20
-4.0222378346456695
11
4.3906202362204727
21
-4.022181850393701
0
LINE
8
BLACK
6
CONTINUOUS
10
4.3906202362204727
20
-4.022181850393701
11
4.3907012204724412
21
-4.022115393700787
0
LINE
8
BLACK
6
CONTINUOUS
10
4.3907012204724412
20
-4.022115393700787
11
4.3907731496062992
21
-4.0220855511811022
0
LINE
8
BLACK
6
CONTINUOUS
10
4.3907731496062992
20
-4.0220855511811022
11
4.3910211811023618
21
-4.0219294881889764
0
LINE
8
BLACK
6
CONTINUOUS
10
4.3910211811023618
20
-4.0219294881889764
11
4.3947707086614169
21
-4.0200547244094489
0
LINE
8
BLACK
6
CONTINUOUS
10
4.3947707086614169
20
-4.0200547244094489
11
4.3953112992125982
21
-4.0198478346456694
0
LINE
8
BLACK
6
CONTINUOUS
10
4.3953112992125982
20
-4.0198478346456694
11
4.3954171653543304
21
-4.0198402755905507
0
LINE
8
BLACK
6
CONTINUOUS
10
4.3954171653543304
20
-4.0198402755905507
11
4.3955151574803146
21
-4.0197997244094488
0
LINE
8
BLACK
6
CONTINUOUS
10
4.3955151574803146
20
-4.0197997244094488
11
4.3960912204724405
21
-4.019742992125984
0
LINE
8
BLACK
6
CONTINUOUS
10
4.3960912204724405
20
-4.019742992125984
11
4.3998407480314956
21
-4.019742992125984
0
LINE
8
BLACK
6
CONTINUOUS
10
4.3998407480314956
20
-4.019742992125984
11
4.4004168110236224
21
-4.0197997244094488
0
LINE
8
BLACK
6
CONTINUOUS
10
4.3940907874015744
20
-4.0269972440944883
11
4.3928936614173226
21
-4.0281943700787401
0
LINE
8
BLACK
6
CONTINUOUS
10
4.3928936614173226
20
-4.0281943700787401
11
4.3913781496062994
21
-4.0312253543307088
0
LINE
8
BLACK
6
CONTINUOUS
10
4.3913781496062994
20
-4.0312253543307088
11
4.3896701574803147
21
-4.038057401574803
0
LINE
8
BLACK
6
CONTINUOUS
10
4.3896701574803147
20
-4.038057401574803
11
4.3896701574803147
21
-4.0467041338582677
0
LINE
8
BLACK
6
CONTINUOUS
10
4.3896701574803147
20
-4.0467041338582677
11
4.3913781496062994
21
-4.0535361811023618
0
LINE
8
BLACK
6
CONTINUOUS
10
4.3913781496062994
20
-4.0535361811023618
11
4.3928936614173226
21
-4.0565671653543305
0
LINE
8
BLACK
6
CONTINUOUS
10
4.3928936614173226
20
-4.0565671653543305
11
4.3940907874015744
21
-4.057764330708661
0
LINE
8
BLACK
6
CONTINUOUS
10
4.3940907874015744
20
-4.057764330708661
11
4.3967882677165351
21
-4.0591130708661414
0
LINE
8
BLACK
6
CONTINUOUS
10
4.3967882677165351
20
-4.0591130708661414
11
4.3991437007874019
21
-4.0591130708661414
0
LINE
8
BLACK
6
CONTINUOUS
10
4.3991437007874019
20
-4.0591130708661414
11
4.4018411417322838
21
-4.057764330708661
0
LINE
8
BLACK
6
CONTINUOUS
10
4.4018411417322838
20
-4.057764330708661
11
4.4030382677165356
21
-4.0565671653543305
0
LINE
8
BLACK
6
CONTINUOUS
10
4.4030382677165356
20
-4.0565671653543305
11
4.4045537795275589
21
-4.0535361811023618
0
LINE
8
BLACK
6
CONTINUOUS
10
4.4045537795275589
20
-4.0535361811023618
11
4.4062618110236222
21
-4.0467041338582677
0
LINE
8
BLACK
6
CONTINUOUS
10
4.4062618110236222
20
-4.0467041338582677
11
4.4062618110236222
21
-4.038057401574803
0
LINE
8
BLACK
6
CONTINUOUS
10
4.4062618110236222
20
-4.038057401574803
11
4.4045537795275589
21
-4.0312253543307088
0
LINE
8
BLACK
6
CONTINUOUS
10
4.4045537795275589
20
-4.0312253543307088
11
4.4030383070866144
21
-4.0281943700787401
0
LINE
8
BLACK
6
CONTINUOUS
10
4.4030383070866144
20
-4.0281943700787401
11
4.4018411811023617
21
-4.0269972440944883
0
LINE
8
BLACK
6
CONTINUOUS
10
4.4018411811023617
20
-4.0269972440944883
11
4.3991437007874019
21
-4.025648503937008
0
LINE
8
BLACK
6
CONTINUOUS
10
4.3991437007874019
20
-4.025648503937008
11
4.3967882677165351
21
-4.025648503937008
0
LINE
8
BLACK
6
CONTINUOUS
10
4.3967882677165351
20
-4.025648503937008
11
4.3940907874015744
21
-4.0269972440944883
0
LINE
8
BLACK
6
CONTINUOUS
10
4.4416616535433073
20
-4.0197997244094488
11
4.4417596456692916
21
-4.0198403149606294
0
LINE
8
BLACK
6
CONTINUOUS
10
4.4417596456692916
20
-4.0198403149606294
11
4.441865472440945
21
-4.0198478346456694
0
LINE
8
BLACK
6
CONTINUOUS
10
4.441865472440945
20
-4.0198478346456694
11
4.442406102362205
21
-4.0200547244094489
0
LINE
8
BLACK
6
CONTINUOUS
10
4.442406102362205
20
-4.0200547244094489
11
4.4461556299212601
21
-4.0219294881889764
0
LINE
8
BLACK
6
CONTINUOUS
10
4.4461556299212601
20
-4.0219294881889764
11
4.446403622047244
21
-4.0220855511811022
0
LINE
8
BLACK
6
CONTINUOUS
10
4.446403622047244
20
-4.0220855511811022
11
4.4464755905511808
21
-4.022115393700787
0
LINE
8
BLACK
6
CONTINUOUS
10
4.4464755905511808
20
-4.022115393700787
11
4.4465565354330705
21
-4.022181850393701
0
LINE
8
BLACK
6
CONTINUOUS
10
4.4465565354330705
20
-4.022181850393701
11
4.4466455118110231
21
-4.0222378346456695
0
LINE
8
BLACK
6
CONTINUOUS
10
4.4466455118110231
20
-4.0222378346456695
11
4.4466966535433068
21
-4.0222968110236224
0
LINE
8
BLACK
6
CONTINUOUS
10
4.4466966535433068
20
-4.0222968110236224
11
4.4469230314960626
21
-4.0224825984251966
0
LINE
8
BLACK
6
CONTINUOUS
10
4.4469230314960626
20
-4.0224825984251966
11
4.4487977952755902
21
-4.0243573622047242
0
LINE
8
BLACK
6
CONTINUOUS
10
4.4487977952755902
20
-4.0243573622047242
11
4.4491649999999998
21
-4.024804803149606
0
LINE
8
BLACK
6
CONTINUOUS
10
4.4491649999999998
20
-4.024804803149606
11
4.4496059055118113
21
-4.0258692125984252
0
LINE
8
BLACK
6
CONTINUOUS
10
4.4496059055118113
20
-4.0258692125984252
11
4.4496059055118113
21
-4.0270212992125982
0
LINE
8
BLACK
6
CONTINUOUS
10
4.4496059055118113
20
-4.0270212992125982
11
4.4491649999999998
21
-4.0280857086614175
0
LINE
8
BLACK
6
CONTINUOUS
10
4.4491649999999998
20
-4.0280857086614175
11
4.4483503149606296
21
-4.0289003937007877
0
LINE
8
BLACK
6
CONTINUOUS
10
4.4483503149606296
20
-4.0289003937007877
11
4.4472859055118112
21
-4.0293412992125983
0
LINE
8
BLACK
6
CONTINUOUS
10
4.4472859055118112
20
-4.0293412992125983
11
4.4461338188976374
21
-4.0293412992125983
0
LINE
8
BLACK
6
CONTINUOUS
10
4.4461338188976374
20
-4.0293412992125983
11
4.445069409448819
21
-4.0289003937007877
0
LINE
8
BLACK
6
CONTINUOUS
10
4.445069409448819
20
-4.0289003937007877
11
4.4446219685039372
21
-4.028533188976378
0
LINE
8
BLACK
6
CONTINUOUS
10
4.4446219685039372
20
-4.028533188976378
11
4.4430860236220475
21
-4.0269972440944883
0
LINE
8
BLACK
6
CONTINUOUS
10
4.4430860236220475
20
-4.0269972440944883
11
4.4403885433070869
21
-4.025648503937008
0
LINE
8
BLACK
6
CONTINUOUS
10
4.4403885433070869
20
-4.025648503937008
11
4.4324088188976374
21
-4.025648503937008
0
LINE
8
BLACK
6
CONTINUOUS
10
4.4324088188976374
20
-4.025648503937008
11
4.4297113385826767
21
-4.0269972440944883
0
LINE
8
BLACK
6
CONTINUOUS
10
4.4297113385826767
20
-4.0269972440944883
11
4.4285142125984249
21
-4.0281943700787401
0
LINE
8
BLACK
6
CONTINUOUS
10
4.4285142125984249
20
-4.0281943700787401
11
4.4271654724409446
21
-4.0308918503937008
0
LINE
8
BLACK
6
CONTINUOUS
10
4.4271654724409446
20
-4.0308918503937008
11
4.4271654724409446
21
-4.0334651574803146
0
LINE
8
BLACK
6
CONTINUOUS
10
4.4271654724409446
20
-4.0334651574803146
11
4.4286682677165352
21
-4.0379735826771652
0
LINE
8
BLACK
6
CONTINUOUS
10
4.4286682677165352
20
-4.0379735826771652
11
4.4506725590551177
21
-4.0599779133858265
0
LINE
8
BLACK
6
CONTINUOUS
10
4.4506725590551177
20
-4.0599779133858265
11
4.4510398031496061
21
-4.0604253543307083
0
LINE
8
BLACK
6
CONTINUOUS
10
4.4510398031496061
20
-4.0604253543307083
11
4.4514806692913389
21
-4.0614898031496063
0
LINE
8
BLACK
6
CONTINUOUS
10
4.4514806692913389
20
-4.0614898031496063
11
4.4514806692913389
21
-4.0626418897637793
0
LINE
8
BLACK
6
CONTINUOUS
10
4.4514806692913389
20
-4.0626418897637793
11
4.4510397637795274
21
-4.0637062992125985
0
LINE
8
BLACK
6
CONTINUOUS
10
4.4510397637795274
20
-4.0637062992125985
11
4.4502251181102359
21
-4.0645209842519687
0
LINE
8
BLACK
6
CONTINUOUS
10
4.4502251181102359
20
-4.0645209842519687
11
4.4494724409448816
21
-4.0648327165354328
0
LINE
8
BLACK
6
CONTINUOUS
10
4.4494724409448816
20
-4.0648327165354328
11
4.4491607086614176
21
-4.0649618503937006
0
LINE
8
BLACK
6
CONTINUOUS
10
4.4491607086614176
20
-4.0649618503937006
11
4.4485846456692908
21
-4.0650185826771654
0
LINE
8
BLACK
6
CONTINUOUS
10
4.4485846456692908
20
-4.0650185826771654
11
4.4242127165354326
21
-4.0650185826771654
0
LINE
8
BLACK
6
CONTINUOUS
10
4.4242127165354326
20
-4.0650185826771654
11
4.4236366535433067
21
-4.0649618503937006
0
LINE
8
BLACK
6
CONTINUOUS
10
4.4236366535433067
20
-4.0649618503937006
11
4.4225722440944883
21
-4.06452094488189
0
LINE
8
BLACK
6
CONTINUOUS
10
4.4225722440944883
20
-4.06452094488189
11
4.4217575984251969
21
-4.0637062992125985
0
LINE
8
BLACK
6
CONTINUOUS
10
4.4217575984251969
20
-4.0637062992125985
11
4.4213166929133854
21
-4.0626418897637793
0
LINE
8
BLACK
6
CONTINUOUS
10
4.4213166929133854
20
-4.0626418897637793
11
4.4213166929133854
21
-4.0614897637795275
0
LINE
8
BLACK
6
CONTINUOUS
10
4.4213166929133854
20
-4.0614897637795275
11
4.4217575984251969
21
-4.0604253543307083
0
LINE
8
BLACK
6
CONTINUOUS
10
4.4217575984251969
20
-4.0604253543307083
11
4.4225722440944883
21
-4.0596107086614168
0
LINE
8
BLACK
6
CONTINUOUS
10
4.4225722440944883
20
-4.0596107086614168
11
4.4236366535433067
21
-4.0591698031496062
0
LINE
8
BLACK
6
CONTINUOUS
10
4.4236366535433067
20
-4.0591698031496062
11
4.4242127165354326
21
-4.0591130708661414
0
LINE
8
BLACK
6
CONTINUOUS
10
4.4242127165354326
20
-4.0591130708661414
11
4.4414560629921258
21
-4.0591130708661414
0
LINE
8
BLACK
6
CONTINUOUS
10
4.4414560629921258
20
-4.0591130708661414
11
4.4239995669291341
21
-4.0416565354330709
0
LINE
8
BLACK
6
CONTINUOUS
10
4.4239995669291341
20
-4.0416565354330709
11
4.4236323622047244
21
-4.0412090944881891
0
LINE
8
BLACK
6
CONTINUOUS
10
4.4236323622047244
20
-4.0412090944881891
11
4.4235917322834641
21
-4.0411110236220473
0
LINE
8
BLACK
6
CONTINUOUS
10
4.4235917322834641
20
-4.0411110236220473
11
4.4235222440944879
21
-4.0410309055118105
0
LINE
8
BLACK
6
CONTINUOUS
10
4.4235222440944879
20
-4.0410309055118105
11
4.42328625984252
21
-4.040502362204724
0
LINE
8
BLACK
6
CONTINUOUS
10
4.42328625984252
20
-4.040502362204724
11
4.4214114960629924
21
-4.0348780708661414
0
LINE
8
BLACK
6
CONTINUOUS
10
4.4214114960629924
20
-4.0348780708661414
11
4.421346535433071
21
-4.0345924803149602
0
LINE
8
BLACK
6
CONTINUOUS
10
4.421346535433071
20
-4.0345924803149602
11
4.4213166929133854
21
-4.0345203937007872
0
LINE
8
BLACK
6
CONTINUOUS
10
4.4213166929133854
20
-4.0345203937007872
11
4.4213063779527557
21
-4.0344158661417318
0
LINE
8
BLACK
6
CONTINUOUS
10
4.4213063779527557
20
-4.0344158661417318
11
4.4212831496062988
21
-4.034313622047244
0
LINE
8
BLACK
6
CONTINUOUS
10
4.4212831496062988
20
-4.034313622047244
11
4.4212886614173224
21
-4.0342358661417324
0
LINE
8
BLACK
6
CONTINUOUS
10
4.4212886614173224
20
-4.0342358661417324
11
4.4212599606299214
21
-4.0339443307086613
0
LINE
8
BLACK
6
CONTINUOUS
10
4.4212599606299214
20
-4.0339443307086613
11
4.4212599606299214
21
-4.0301948031496062
0
LINE
8
BLACK
6
CONTINUOUS
10
4.4212599606299214
20
-4.0301948031496062
11
4.4213166929133854
21
-4.0296187401574803
0
LINE
8
BLACK
6
CONTINUOUS
10
4.4213166929133854
20
-4.0296187401574803
11
4.4213572834645669
21
-4.0295207086614173
0
LINE
8
BLACK
6
CONTINUOUS
10
4.4213572834645669
20
-4.0295207086614173
11
4.421364803149606
21
-4.0294149212598427
0
LINE
8
BLACK
6
CONTINUOUS
10
4.421364803149606
20
-4.0294149212598427
11
4.4215716929133855
21
-4.0288742913385827
0
LINE
8
BLACK
6
CONTINUOUS
10
4.4215716929133855
20
-4.0288742913385827
11
4.423446456692913
21
-4.0251247637795275
0
LINE
8
BLACK
6
CONTINUOUS
10
4.423446456692913
20
-4.0251247637795275
11
4.4236025196850397
21
-4.0248767322834649
0
LINE
8
BLACK
6
CONTINUOUS
10
4.4236025196850397
20
-4.0248767322834649
11
4.4236323622047244
21
-4.024804803149606
0
LINE
8
BLACK
6
CONTINUOUS
10
4.4236323622047244
20
-4.024804803149606
11
4.4236988188976376
21
-4.0247238188976375
0
LINE
8
BLACK
6
CONTINUOUS
10
4.4236988188976376
20
-4.0247238188976375
11
4.4237548031496061
21
-4.0246348818897637
0
LINE
8
BLACK
6
CONTINUOUS
10
4.4237548031496061
20
-4.0246348818897637
11
4.4238137795275589
21
-4.0245837007874012
0
LINE
8
BLACK
6
CONTINUOUS
10
4.4238137795275589
20
-4.0245837007874012
11
4.4239995669291341
21
-4.0243573622047242
0
LINE
8
BLACK
6
CONTINUOUS
10
4.4239995669291341
20
-4.0243573622047242
11
4.4258743307086617
21
-4.0224825984251966
0
LINE
8
BLACK
6
CONTINUOUS
10
4.4258743307086617
20
-4.0224825984251966
11
4.4261006692913387
21
-4.0222968110236224
0
LINE
8
BLACK
6
CONTINUOUS
10
4.4261006692913387
20
-4.0222968110236224
11
4.4261518503937003
21
-4.0222378346456695
0
LINE
8
BLACK
6
CONTINUOUS
10
4.4261518503937003
20
-4.0222378346456695
11
4.426240787401575
21
-4.022181850393701
0
LINE
8
BLACK
6
CONTINUOUS
10
4.426240787401575
20
-4.022181850393701
11
4.4263217716535435
21
-4.022115393700787
0
LINE
8
BLACK
6
CONTINUOUS
10
4.4263217716535435
20
-4.022115393700787
11
4.4263937007874015
21
-4.0220855511811022
0
LINE
8
BLACK
6
CONTINUOUS
10
4.4263937007874015
20
-4.0220855511811022
11
4.4266417322834641
21
-4.0219294881889764
0
LINE
8
BLACK
6
CONTINUOUS
10
4.4266417322834641
20
-4.0219294881889764
11
4.4303912598425192
21
-4.0200547244094489
0
LINE
8
BLACK
6
CONTINUOUS
10
4.4303912598425192
20
-4.0200547244094489
11
4.4309318503937005
21
-4.0198478346456694
0
LINE
8
BLACK
6
CONTINUOUS
10
4.4309318503937005
20
-4.0198478346456694
11
4.4310377165354327
21
-4.0198402755905507
0
LINE
8
BLACK
6
CONTINUOUS
10
4.4310377165354327
20
-4.0198402755905507
11
4.4311357086614169
21
-4.0197997244094488
0
LINE
8
BLACK
6
CONTINUOUS
10
4.4311357086614169
20
-4.0197997244094488
11
4.4317117716535428
21
-4.019742992125984
0
LINE
8
BLACK
6
CONTINUOUS
10
4.4317117716535428
20
-4.019742992125984
11
4.4410855905511806
21
-4.019742992125984
0
LINE
8
BLACK
6
CONTINUOUS
10
4.4410855905511806
20
-4.019742992125984
11
4.4416616535433073
21
-4.0197997244094488
0
LINE
8
BLACK
6
CONTINUOUS
10
4.5260261023622048
20
-4.0197997244094488
11
4.5261240944881891
21
-4.0198403149606294
0
LINE
8
BLACK
6
CONTINUOUS
10
4.5261240944881891
20
-4.0198403149606294
11
4.5262299212598425
21
-4.0198478346456694
0
LINE
8
BLACK
6
CONTINUOUS
10
4.5262299212598425
20
-4.0198478346456694
11
4.5267705511811025
21
-4.0200547244094489
0
LINE
8
BLACK
6
CONTINUOUS
10
4.5267705511811025
20
-4.0200547244094489
11
4.5305200787401576
21
-4.0219294881889764
0
LINE
8
BLACK
6
CONTINUOUS
10
4.5305200787401576
20
-4.0219294881889764
11
4.5307680708661415
21
-4.0220855511811022
0
LINE
8
BLACK
6
CONTINUOUS
10
4.5307680708661415
20
-4.0220855511811022
11
4.5308400393700783
21
-4.022115393700787
0
LINE
8
BLACK
6
CONTINUOUS
10
4.5308400393700783
20
-4.022115393700787
11
4.530920984251968
21
-4.022181850393701
0
LINE
8
BLACK
6
CONTINUOUS
10
4.530920984251968
20
-4.022181850393701
11
4.5310099606299215
21
-4.0222378346456695
0
LINE
8
BLACK
6
CONTINUOUS
10
4.5310099606299215
20
-4.0222378346456695
11
4.5310611023622043
21
-4.0222968110236224
0
LINE
8
BLACK
6
CONTINUOUS
10
4.5310611023622043
20
-4.0222968110236224
11
4.5312874803149601
21
-4.0224825984251966
0
LINE
8
BLACK
6
CONTINUOUS
10
4.5312874803149601
20
-4.0224825984251966
11
4.5331622440944876
21
-4.0243573622047242
0
LINE
8
BLACK
6
CONTINUOUS
10
4.5331622440944876
20
-4.0243573622047242
11
4.533347992125984
21
-4.0245837007874012
0
LINE
8
BLACK
6
CONTINUOUS
10
4.533347992125984
20
-4.0245837007874012
11
4.5334070078740156
21
-4.0246348818897637
0
LINE
8
BLACK
6
CONTINUOUS
10
4.5334070078740156
20
-4.0246348818897637
11
4.5334629527559054
21
-4.0247238188976375
0
LINE
8
BLACK
6
CONTINUOUS
10
4.5334629527559054
20
-4.0247238188976375
11
4.5335294488188973
21
-4.024804803149606
0
LINE
8
BLACK
6
CONTINUOUS
10
4.5335294488188973
20
-4.024804803149606
11
4.5335592519685042
21
-4.0248767322834649
0
LINE
8
BLACK
6
CONTINUOUS
10
4.5335592519685042
20
-4.0248767322834649
11
4.5337153543307087
21
-4.0251247637795275
0
LINE
8
BLACK
6
CONTINUOUS
10
4.5337153543307087
20
-4.0251247637795275
11
4.5355901181102363
21
-4.0288742913385827
0
LINE
8
BLACK
6
CONTINUOUS
10
4.5355901181102363
20
-4.0288742913385827
11
4.5357970078740157
21
-4.0294148818897639
0
LINE
8
BLACK
6
CONTINUOUS
10
4.5357970078740157
20
-4.0294148818897639
11
4.5358045275590548
21
-4.0295207480314961
0
LINE
8
BLACK
6
CONTINUOUS
10
4.5358045275590548
20
-4.0295207480314961
11
4.5358451181102364
21
-4.0296187401574803
0
LINE
8
BLACK
6
CONTINUOUS
10
4.5358451181102364
20
-4.0296187401574803
11
4.5359018503937003
21
-4.0301948031496062
0
LINE
8
BLACK
6
CONTINUOUS
10
4.5359018503937003
20
-4.0301948031496062
11
4.5359018503937003
21
-4.0339443307086613
0
LINE
8
BLACK
6
CONTINUOUS
10
4.5359018503937003
20
-4.0339443307086613
11
4.5358451181102364
21
-4.0345203937007872
0
LINE
8
BLACK
6
CONTINUOUS
10
4.5358451181102364
20
-4.0345203937007872
11
4.5358045275590548
21
-4.0346183464566927
0
LINE
8
BLACK
6
CONTINUOUS
10
4.5358045275590548
20
-4.0346183464566927
11
4.5357970078740157
21
-4.0347242519685036
0
LINE
8
BLACK
6
CONTINUOUS
10
4.5357970078740157
20
-4.0347242519685036
11
4.5355901181102363
21
-4.0352648425196849
0
LINE
8
BLACK
6
CONTINUOUS
10
4.5355901181102363
20
-4.0352648425196849
11
4.5337153543307087
21
-4.03901437007874
0
LINE
8
BLACK
6
CONTINUOUS
10
4.5337153543307087
20
-4.03901437007874
11
4.5335592519685042
21
-4.0392623622047239
0
LINE
8
BLACK
6
CONTINUOUS
10
4.5335592519685042
20
-4.0392623622047239
11
4.5335294488188973
21
-4.0393343307086615
0
LINE
8
BLACK
6
CONTINUOUS
10
4.5335294488188973
20
-4.0393343307086615
11
4.5334629527559054
21
-4.0394152755905512
0
LINE
8
BLACK
6
CONTINUOUS
10
4.5334629527559054
20
-4.0394152755905512
11
4.5334070078740156
21
-4.0395042519685038
0
LINE
8
BLACK
6
CONTINUOUS
10
4.5334070078740156
20
-4.0395042519685038
11
4.533347992125984
21
-4.0395553937007875
0
LINE
8
BLACK
6
CONTINUOUS
10
4.533347992125984
20
-4.0395553937007875
11
4.5331622440944876
21
-4.0397817716535434
0
LINE
8
BLACK
6
CONTINUOUS
10
4.5331622440944876
20
-4.0397817716535434
11
4.5312874803149601
21
-4.0416565354330709
0
LINE
8
BLACK
6
CONTINUOUS
10
4.5312874803149601
20
-4.0416565354330709
11
4.5310611023622043
21
-4.0418422834645664
0
LINE
8
BLACK
6
CONTINUOUS
10
4.5310611023622043
20
-4.0418422834645664
11
4.5310099606299215
21
-4.041901299212598
0
LINE
8
BLACK
6
CONTINUOUS
10
4.5310099606299215
20
-4.041901299212598
11
4.530920984251968
21
-4.0419572440944878
0
LINE
8
BLACK
6
CONTINUOUS
10
4.530920984251968
20
-4.0419572440944878
11
4.5308400393700783
21
-4.0420237401574806
0
LINE
8
BLACK
6
CONTINUOUS
10
4.5308400393700783
20
-4.0420237401574806
11
4.5307680708661415
21
-4.0420535433070865
0
LINE
8
BLACK
6
CONTINUOUS
10
4.5307680708661415
20
-4.0420535433070865
11
4.5305200787401576
21
-4.0422096456692911
0
LINE
8
BLACK
6
CONTINUOUS
10
4.5305200787401576
20
-4.0422096456692911
11
4.5267705511811025
21
-4.0440844094488186
0
LINE
8
BLACK
6
CONTINUOUS
10
4.5267705511811025
20
-4.0440844094488186
11
4.5267284251968505
21
-4.0441005118110231
0
LINE
8
BLACK
6
CONTINUOUS
10
4.5267284251968505
20
-4.0441005118110231
11
4.5267112992125984
21
-4.0441132283464567
0
LINE
8
BLACK
6
CONTINUOUS
10
4.5267112992125984
20
-4.0441132283464567
11
4.526469330708661
21
-4.0441996456692912
0
LINE
8
BLACK
6
CONTINUOUS
10
4.526469330708661
20
-4.0441996456692912
11
4.5262299212598425
21
-4.0442912992125981
0
LINE
8
BLACK
6
CONTINUOUS
10
4.5262299212598425
20
-4.0442912992125981
11
4.5262086614173231
21
-4.0442927952755907
0
LINE
8
BLACK
6
CONTINUOUS
10
4.5262086614173231
20
-4.0442927952755907
11
4.5261661811023624
21
-4.0443079921259839
0
LINE
8
BLACK
6
CONTINUOUS
10
4.5261661811023624
20
-4.0443079921259839
11
4.5189815354330705
21
-4.0461041338582673
0
LINE
8
BLACK
6
CONTINUOUS
10
4.5189815354330705
20
-4.0461041338582673
11
4.5159505511811027
21
-4.0476196456692914
0
LINE
8
BLACK
6
CONTINUOUS
10
4.5159505511811027
20
-4.0476196456692914
11
4.51475342519685
21
-4.0488167716535433
0
LINE
8
BLACK
6
CONTINUOUS
10
4.51475342519685
20
-4.0488167716535433
11
4.5134046850393696
21
-4.0515142519685039
0
LINE
8
BLACK
6
CONTINUOUS
10
4.5134046850393696
20
-4.0515142519685039
11
4.5134046850393696
21
-4.0538696850393698
0
LINE
8
BLACK
6
CONTINUOUS
10
4.5134046850393696
20
-4.0538696850393698
11
4.51475342519685
21
-4.0565671653543305
0
LINE
8
BLACK
6
CONTINUOUS
10
4.51475342519685
20
-4.0565671653543305
11
4.5159505511811027
21
-4.057764330708661
0
LINE
8
BLACK
6
CONTINUOUS
10
4.5159505511811027
20
-4.057764330708661
11
4.5186480314960633
21
-4.0591130708661414
0
LINE
8
BLACK
6
CONTINUOUS
10
4.5186480314960633
20
-4.0591130708661414
11
4.5268456692913386
21
-4.0591130708661414
0
LINE
8
BLACK
6
CONTINUOUS
10
4.5268456692913386
20
-4.0591130708661414
11
4.5320153149606295
21
-4.0573898425196848
0
LINE
8
BLACK
6
CONTINUOUS
10
4.5320153149606295
20
-4.0573898425196848
11
4.5325797637795278
21
-4.057261496062992
0
LINE
8
BLACK
6
CONTINUOUS
10
4.5325797637795278
20
-4.057261496062992
11
4.5337289763779527
21
-4.057343188976378
0
LINE
8
BLACK
6
CONTINUOUS
10
4.5337289763779527
20
-4.057343188976378
11
4.5347594488188978
21
-4.0578583858267718
0
LINE
8
BLACK
6
CONTINUOUS
10
4.5347594488188978
20
-4.0578583858267718
11
4.5355143307086614
21
-4.0587287795275593
0
LINE
8
BLACK
6
CONTINUOUS
10
4.5355143307086614
20
-4.0587287795275593
11
4.535878661417323
21
-4.0598217716535432
0
LINE
8
BLACK
6
CONTINUOUS
10
4.535878661417323
20
-4.0598217716535432
11
4.535796968503937
21
-4.0609709842519681
0
LINE
8
BLACK
6
CONTINUOUS
10
4.535796968503937
20
-4.0609709842519681
11
4.5352817322834644
21
-4.0620014173228345
0
LINE
8
BLACK
6
CONTINUOUS
10
4.5352817322834644
20
-4.0620014173228345
11
4.5344113779527557
21
-4.0627562992125981
0
LINE
8
BLACK
6
CONTINUOUS
10
4.5344113779527557
20
-4.0627562992125981
11
4.5338828346456692
21
-4.0629922834645669
0
LINE
8
BLACK
6
CONTINUOUS
10
4.5338828346456692
20
-4.0629922834645669
11
4.5282585433070865
21
-4.0648670472440944
0
LINE
8
BLACK
6
CONTINUOUS
10
4.5282585433070865
20
-4.0648670472440944
11
4.5279729527559054
21
-4.0649319685039371
0
LINE
8
BLACK
6
CONTINUOUS
10
4.5279729527559054
20
-4.0649319685039371
11
4.5279008661417324
21
-4.0649618503937006
0
LINE
8
BLACK
6
CONTINUOUS
10
4.5279008661417324
20
-4.0649618503937006
11
4.5277963385826769
21
-4.0649721259842515
0
LINE
8
BLACK
6
CONTINUOUS
10
4.5277963385826769
20
-4.0649721259842515
11
4.5276940944881892
21
-4.0649953937007872
0
LINE
8
BLACK
6
CONTINUOUS
10
4.5276940944881892
20
-4.0649953937007872
11
4.5276163385826766
21
-4.0649898425196849
0
LINE
8
BLACK
6
CONTINUOUS
10
4.5276163385826766
20
-4.0649898425196849
11
4.5273248031496065
21
-4.0650185826771654
0
LINE
8
BLACK
6
CONTINUOUS
10
4.5273248031496065
20
-4.0650185826771654
11
4.5179509842519687
21
-4.0650185826771654
0
LINE
8
BLACK
6
CONTINUOUS
10
4.5179509842519687
20
-4.0650185826771654
11
4.5173749212598429
21
-4.0649618503937006
0
LINE
8
BLACK
6
CONTINUOUS
10
4.5173749212598429
20
-4.0649618503937006
11
4.5172769291338586
21
-4.06492125984252
0
LINE
8
BLACK
6
CONTINUOUS
10
4.5172769291338586
20
-4.06492125984252
11
4.5171710629921256
21
-4.06491374015748
0
LINE
8
BLACK
6
CONTINUOUS
10
4.5171710629921256
20
-4.06491374015748
11
4.5166304724409452
21
-4.0647068503937005
0
LINE
8
BLACK
6
CONTINUOUS
10
4.5166304724409452
20
-4.0647068503937005
11
4.5128809448818901
21
-4.0628320866141729
0
LINE
8
BLACK
6
CONTINUOUS
10
4.5128809448818901
20
-4.0628320866141729
11
4.5126329133858265
21
-4.0626759842519684
0
LINE
8
BLACK
6
CONTINUOUS
10
4.5126329133858265
20
-4.0626759842519684
11
4.5125609842519685
21
-4.0626461811023624
0
LINE
8
BLACK
6
CONTINUOUS
10
4.5125609842519685
20
-4.0626461811023624
11
4.51248
21
-4.0625797244094484
0
LINE
8
BLACK
6
CONTINUOUS
10
4.51248
20
-4.0625797244094484
11
4.5123910629921262
21
-4.0625237401574799
0
LINE
8
BLACK
6
CONTINUOUS
10
4.5123910629921262
20
-4.0625237401574799
11
4.512339842519685
21
-4.0624646850393704
0
LINE
8
BLACK
6
CONTINUOUS
10
4.512339842519685
20
-4.0624646850393704
11
4.5121135039370079
21
-4.062278937007874
0
LINE
8
BLACK
6
CONTINUOUS
10
4.5121135039370079
20
-4.062278937007874
11
4.5102387401574804
21
-4.0604041338582677
0
LINE
8
BLACK
6
CONTINUOUS
10
4.5102387401574804
20
-4.0604041338582677
11
4.510052992125984
21
-4.0601777952755906
0
LINE
8
BLACK
6
CONTINUOUS
10
4.510052992125984
20
-4.0601777952755906
11
4.5099940157480312
21
-4.0601266535433069
0
LINE
8
BLACK
6
CONTINUOUS
10
4.5099940157480312
20
-4.0601266535433069
11
4.5099380314960626
21
-4.0600377165354331
0
LINE
8
BLACK
6
CONTINUOUS
10
4.5099380314960626
20
-4.0600377165354331
11
4.5098715354330707
21
-4.0599566929133859
0
LINE
8
BLACK
6
CONTINUOUS
10
4.5098715354330707
20
-4.0599566929133859
11
4.509841692913386
21
-4.0598846456692916
0
LINE
8
BLACK
6
CONTINUOUS
10
4.509841692913386
20
-4.0598846456692916
11
4.5096856692913381
21
-4.0596367716535431
0
LINE
8
BLACK
6
CONTINUOUS
10
4.5096856692913381
20
-4.0596367716535431
11
4.5078109055118105
21
-4.055887244094488
0
LINE
8
BLACK
6
CONTINUOUS
10
4.5078109055118105
20
-4.055887244094488
11
4.507604015748031
21
-4.0553466141732279
0
LINE
8
BLACK
6
CONTINUOUS
10
4.507604015748031
20
-4.0553466141732279
11
4.507596496062992
21
-4.0552407874015746
0
LINE
8
BLACK
6
CONTINUOUS
10
4.507596496062992
20
-4.0552407874015746
11
4.5075559055118113
21
-4.0551427952755903
0
LINE
8
BLACK
6
CONTINUOUS
10
4.5075559055118113
20
-4.0551427952755903
11
4.5074991732283465
21
-4.0545667322834644
0
LINE
8
BLACK
6
CONTINUOUS
10
4.5074991732283465
20
-4.0545667322834644
11
4.5074991732283465
21
-4.0508172047244093
0
LINE
8
BLACK
6
CONTINUOUS
10
4.5074991732283465
20
-4.0508172047244093
11
4.5075559055118113
21
-4.0502411417322834
0
LINE
8
BLACK
6
CONTINUOUS
10
4.5075559055118113
20
-4.0502411417322834
11
4.507596496062992
21
-4.0501431102362204
0
LINE
8
BLACK
6
CONTINUOUS
10
4.507596496062992
20
-4.0501431102362204
11
4.507604015748031
21
-4.0500373228346458
0
LINE
8
BLACK
6
CONTINUOUS
10
4.507604015748031
20
-4.0500373228346458
11
4.5078109055118105
21
-4.0494966929133858
0
LINE
8
BLACK
6
CONTINUOUS
10
4.5078109055118105
20
-4.0494966929133858
11
4.5096856692913381
21
-4.0457471653543307
0
LINE
8
BLACK
6
CONTINUOUS
10
4.5096856692913381
20
-4.0457471653543307
11
4.5098417322834647
21
-4.045499133858268
0
LINE
8
BLACK
6
CONTINUOUS
10
4.5098417322834647
20
-4.045499133858268
11
4.5098715748031495
21
-4.0454272047244091
0
LINE
8
BLACK
6
CONTINUOUS
10
4.5098715748031495
20
-4.0454272047244091
11
4.5099380314960626
21
-4.0453462204724406
0
LINE
8
BLACK
6
CONTINUOUS
10
4.5099380314960626
20
-4.0453462204724406
11
4.5099940157480312
21
-4.0452572834645668
0
LINE
8
BLACK
6
CONTINUOUS
10
4.5099940157480312
20
-4.0452572834645668
11
4.510052992125984
21
-4.0452061023622043
0
LINE
8
BLACK
6
CONTINUOUS
10
4.510052992125984
20
-4.0452061023622043
11
4.5102387795275591
21
-4.0449797637795273
0
LINE
8
BLACK
6
CONTINUOUS
10
4.5102387795275591
20
-4.0449797637795273
11
4.5121135433070867
21
-4.0431049999999997
0
LINE
8
BLACK
6
CONTINUOUS
10
4.5121135433070867
20
-4.0431049999999997
11
4.5123398818897638
21
-4.0429192125984255
0
LINE
8
BLACK
6
CONTINUOUS
10
4.5123398818897638
20
-4.0429192125984255
11
4.5123910629921262
21
-4.0428602362204726
0
LINE
8
BLACK
6
CONTINUOUS
10
4.5123910629921262
20
-4.0428602362204726
11
4.51248
21
-4.0428042519685041
0
LINE
8
BLACK
6
CONTINUOUS
10
4.51248
20
-4.0428042519685041
11
4.5125609842519685
21
-4.0427377952755901
0
LINE
8
BLACK
6
CONTINUOUS
10
4.5125609842519685
20
-4.0427377952755901
11
4.5126329133858265
21
-4.0427079527559053
0
LINE
8
BLACK
6
CONTINUOUS
10
4.5126329133858265
20
-4.0427079527559053
11
4.5128809448818901
21
-4.0425518897637795
0
LINE
8
BLACK
6
CONTINUOUS
10
4.5128809448818901
20
-4.0425518897637795
11
4.5166304724409452
21
-4.040677125984252
0
LINE
8
BLACK
6
CONTINUOUS
10
4.5166304724409452
20
-4.040677125984252
11
4.5166725590551184
21
-4.0406609842519687
0
LINE
8
BLACK
6
CONTINUOUS
10
4.5166725590551184
20
-4.0406609842519687
11
4.5166897244094484
21
-4.0406483070866139
0
LINE
8
BLACK
6
CONTINUOUS
10
4.5166897244094484
20
-4.0406483070866139
11
4.5169312992125983
21
-4.0405619685039369
0
LINE
8
BLACK
6
CONTINUOUS
10
4.5169312992125983
20
-4.0405619685039369
11
4.5171710629921256
21
-4.0404702362204725
0
LINE
8
BLACK
6
CONTINUOUS
10
4.5171710629921256
20
-4.0404702362204725
11
4.5171923228346458
21
-4.0404687007874012
0
LINE
8
BLACK
6
CONTINUOUS
10
4.5171923228346458
20
-4.0404687007874012
11
4.5172348425196853
21
-4.0404535433070867
0
LINE
8
BLACK
6
CONTINUOUS
10
4.5172348425196853
20
-4.0404535433070867
11
4.5244194881889763
21
-4.0386573622047246
0
LINE
8
BLACK
6
CONTINUOUS
10
4.5244194881889763
20
-4.0386573622047246
11
4.527450472440945
21
-4.0371418897637792
0
LINE
8
BLACK
6
CONTINUOUS
10
4.527450472440945
20
-4.0371418897637792
11
4.5286475984251968
21
-4.0359447637795274
0
LINE
8
BLACK
6
CONTINUOUS
10
4.5286475984251968
20
-4.0359447637795274
11
4.5299963385826771
21
-4.0332472834645667
0
LINE
8
BLACK
6
CONTINUOUS
10
4.5299963385826771
20
-4.0332472834645667
11
4.5299963385826771
21
-4.0308918503937008
0
LINE
8
BLACK
6
CONTINUOUS
10
4.5299963385826771
20
-4.0308918503937008
11
4.5286475984251968
21
-4.0281943700787401
0
LINE
8
BLACK
6
CONTINUOUS
10
4.5286475984251968
20
-4.0281943700787401
11
4.527450472440945
21
-4.0269972440944883
0
LINE
8
BLACK
6
CONTINUOUS
10
4.527450472440945
20
-4.0269972440944883
11
4.5247529921259844
21
-4.025648503937008
0
LINE
8
BLACK
6
CONTINUOUS
10
4.5247529921259844
20
-4.025648503937008
11
4.5165553543307082
21
-4.025648503937008
0
LINE
8
BLACK
6
CONTINUOUS
10
4.5165553543307082
20
-4.025648503937008
11
4.5113856692913386
21
-4.0273717322834646
0
LINE
8
BLACK
6
CONTINUOUS
10
4.5113856692913386
20
-4.0273717322834646
11
4.5108212204724412
21
-4.0275000787401574
0
LINE
8
BLACK
6
CONTINUOUS
10
4.5108212204724412
20
-4.0275000787401574
11
4.5096720078740153
21
-4.0274183858267714
0
LINE
8
BLACK
6
CONTINUOUS
10
4.5096720078740153
20
-4.0274183858267714
11
4.5086415748031499
21
-4.0269031889763776
0
LINE
8
BLACK
6
CONTINUOUS
10
4.5086415748031499
20
-4.0269031889763776
11
4.5078866929133854
21
-4.0260328346456689
0
LINE
8
BLACK
6
CONTINUOUS
10
4.5078866929133854
20
-4.0260328346456689
11
4.5075223622047247
21
-4.0249398031496062
0
LINE
8
BLACK
6
CONTINUOUS
10
4.5075223622047247
20
-4.0249398031496062
11
4.5076040551181098
21
-4.0237905905511813
0
LINE
8
BLACK
6
CONTINUOUS
10
4.5076040551181098
20
-4.0237905905511813
11
4.5081192519685036
21
-4.0227601574803149
0
LINE
8
BLACK
6
CONTINUOUS
10
4.5081192519685036
20
-4.0227601574803149
11
4.5089896062992123
21
-4.0220052755905513
0
LINE
8
BLACK
6
CONTINUOUS
10
4.5089896062992123
20
-4.0220052755905513
11
4.5095181889763776
21
-4.0217692913385825
0
LINE
8
BLACK
6
CONTINUOUS
10
4.5095181889763776
20
-4.0217692913385825
11
4.5151424409448815
21
-4.019894527559055
0
LINE
8
BLACK
6
CONTINUOUS
10
4.5151424409448815
20
-4.019894527559055
11
4.5154280708661414
21
-4.0198295669291335
0
LINE
8
BLACK
6
CONTINUOUS
10
4.5154280708661414
20
-4.0198295669291335
11
4.5155001574803153
21
-4.0197997244094488
0
LINE
8
BLACK
6
CONTINUOUS
10
4.5155001574803153
20
-4.0197997244094488
11
4.5156046062992123
21
-4.0197894094488191
0
LINE
8
BLACK
6
CONTINUOUS
10
4.5156046062992123
20
-4.0197894094488191
11
4.5157068897637798
21
-4.0197661811023622
0
LINE
8
BLACK
6
CONTINUOUS
10
4.5157068897637798
20
-4.0197661811023622
11
4.5157846062992126
21
-4.0197716929133858
0
LINE
8
BLACK
6
CONTINUOUS
10
4.5157846062992126
20
-4.0197716929133858
11
4.5160762204724412
21
-4.019742992125984
0
LINE
8
BLACK
6
CONTINUOUS
10
4.5160762204724412
20
-4.019742992125984
11
4.5254500393700789
21
-4.019742992125984
0
LINE
8
BLACK
6
CONTINUOUS
10
4.5254500393700789
20
-4.019742992125984
11
4.5260261023622048
21
-4.0197997244094488
0
LINE
8
BLACK
6
CONTINUOUS
10
4.6835063779527557
20
-4.0197997244094488
11
4.684570787401575
21
-4.0202406299212594
0
LINE
8
BLACK
6
CONTINUOUS
10
4.684570787401575
20
-4.0202406299212594
11
4.6853854330708664
21
-4.0210552755905509
0
LINE
8
BLACK
6
CONTINUOUS
10
4.6853854330708664
20
-4.0210552755905509
11
4.6858263385826771
21
-4.0221196850393701
0
LINE
8
BLACK
6
CONTINUOUS
10
4.6858263385826771
20
-4.0221196850393701
11
4.6858830708661419
21
-4.022695748031496
0
LINE
8
BLACK
6
CONTINUOUS
10
4.6858830708661419
20
-4.022695748031496
11
4.6858830708661419
21
-4.0620658267716534
0
LINE
8
BLACK
6
CONTINUOUS
10
4.6858830708661419
20
-4.0620658267716534
11
4.6858263385826771
21
-4.0626418897637793
0
LINE
8
BLACK
6
CONTINUOUS
10
4.6858263385826771
20
-4.0626418897637793
11
4.6853854330708664
21
-4.0637062992125985
0
LINE
8
BLACK
6
CONTINUOUS
10
4.6853854330708664
20
-4.0637062992125985
11
4.684570787401575
21
-4.06452094488189
0
LINE
8
BLACK
6
CONTINUOUS
10
4.684570787401575
20
-4.06452094488189
11
4.6835063779527557
21
-4.0649618503937006
0
LINE
8
BLACK
6
CONTINUOUS
10
4.6835063779527557
20
-4.0649618503937006
11
4.6829303149606298
21
-4.0650185826771654
0
LINE
8
BLACK
6
CONTINUOUS
10
4.6829303149606298
20
-4.0650185826771654
11
4.6679322047244094
21
-4.0650185826771654
0
LINE
8
BLACK
6
CONTINUOUS
10
4.6679322047244094
20
-4.0650185826771654
11
4.6673561417322835
21
-4.0649618503937006
0
LINE
8
BLACK
6
CONTINUOUS
10
4.6673561417322835
20
-4.0649618503937006
11
4.6672581496062993
21
-4.06492125984252
0
LINE
8
BLACK
6
CONTINUOUS
10
4.6672581496062993
20
-4.06492125984252
11
4.6671522834645671
21
-4.06491374015748
0
LINE
8
BLACK
6
CONTINUOUS
10
4.6671522834645671
20
-4.06491374015748
11
4.6666116929133858
21
-4.0647068503937005
0
LINE
8
BLACK
6
CONTINUOUS
10
4.6666116929133858
20
-4.0647068503937005
11
4.6628621653543307
21
-4.0628320866141729
0
LINE
8
BLACK
6
CONTINUOUS
10
4.6628621653543307
20
-4.0628320866141729
11
4.6626141338582672
21
-4.0626759842519684
0
LINE
8
BLACK
6
CONTINUOUS
10
4.6626141338582672
20
-4.0626759842519684
11
4.6625422047244092
21
-4.0626461811023624
0
LINE
8
BLACK
6
CONTINUOUS
10
4.6625422047244092
20
-4.0626461811023624
11
4.6624612204724407
21
-4.0625797244094484
0
LINE
8
BLACK
6
CONTINUOUS
10
4.6624612204724407
20
-4.0625797244094484
11
4.6623722834645669
21
-4.0625237401574799
0
LINE
8
BLACK
6
CONTINUOUS
10
4.6623722834645669
20
-4.0625237401574799
11
4.6623210629921257
21
-4.0624646850393704
0
LINE
8
BLACK
6
CONTINUOUS
10
4.6623210629921257
20
-4.0624646850393704
11
4.6620947244094486
21
-4.062278937007874
0
LINE
8
BLACK
6
CONTINUOUS
10
4.6620947244094486
20
-4.062278937007874
11
4.6602199606299211
21
-4.0604041338582677
0
LINE
8
BLACK
6
CONTINUOUS
10
4.6602199606299211
20
-4.0604041338582677
11
4.6600342125984247
21
-4.0601777952755906
0
LINE
8
BLACK
6
CONTINUOUS
10
4.6600342125984247
20
-4.0601777952755906
11
4.6599752362204727
21
-4.0601266535433069
0
LINE
8
BLACK
6
CONTINUOUS
10
4.6599752362204727
20
-4.0601266535433069
11
4.6599192519685042
21
-4.0600377165354331
0
LINE
8
BLACK
6
CONTINUOUS
10
4.6599192519685042
20
-4.0600377165354331
11
4.6598527559055114
21
-4.0599566929133859
0
LINE
8
BLACK
6
CONTINUOUS
10
4.6598527559055114
20
-4.0599566929133859
11
4.6598229133858267
21
-4.0598846456692916
0
LINE
8
BLACK
6
CONTINUOUS
10
4.6598229133858267
20
-4.0598846456692916
11
4.6596668897637796
21
-4.0596367716535431
0
LINE
8
BLACK
6
CONTINUOUS
10
4.6596668897637796
20
-4.0596367716535431
11
4.6577921259842521
21
-4.055887244094488
0
LINE
8
BLACK
6
CONTINUOUS
10
4.6577921259842521
20
-4.055887244094488
11
4.6575852362204726
21
-4.0553466141732279
0
LINE
8
BLACK
6
CONTINUOUS
10
4.6575852362204726
20
-4.0553466141732279
11
4.6575777165354326
21
-4.0552407874015746
0
LINE
8
BLACK
6
CONTINUOUS
10
4.6575777165354326
20
-4.0552407874015746
11
4.657537125984252
21
-4.0551427952755903
0
LINE
8
BLACK
6
CONTINUOUS
10
4.657537125984252
20
-4.0551427952755903
11
4.6574803937007871
21
-4.0545667322834644
0
LINE
8
BLACK
6
CONTINUOUS
10
4.6574803937007871
20
-4.0545667322834644
11
4.6574803937007871
21
-4.0489424409448818
0
LINE
8
BLACK
6
CONTINUOUS
10
4.6574803937007871
20
-4.0489424409448818
11
4.657537125984252
21
-4.0483663779527559
0
LINE
8
BLACK
6
CONTINUOUS
10
4.657537125984252
20
-4.0483663779527559
11
4.6575777165354326
21
-4.0482683464566929
0
LINE
8
BLACK
6
CONTINUOUS
10
4.6575777165354326
20
-4.0482683464566929
11
4.6575852362204726
21
-4.0481625590551182
0
LINE
8
BLACK
6
CONTINUOUS
10
4.6575852362204726
20
-4.0481625590551182
11
4.6577921259842521
21
-4.0476219291338582
0
LINE
8
BLACK
6
CONTINUOUS
10
4.6577921259842521
20
-4.0476219291338582
11
4.6596668897637796
21
-4.0438724015748031
0
LINE
8
BLACK
6
CONTINUOUS
10
4.6596668897637796
20
-4.0438724015748031
11
4.6598229527559054
21
-4.0436243700787404
0
LINE
8
BLACK
6
CONTINUOUS
10
4.6598229527559054
20
-4.0436243700787404
11
4.6598527952755902
21
-4.0435524409448815
0
LINE
8
BLACK
6
CONTINUOUS
10
4.6598527952755902
20
-4.0435524409448815
11
4.6599192519685042
21
-4.0434714566929131
0
LINE
8
BLACK
6
CONTINUOUS
10
4.6599192519685042
20
-4.0434714566929131
11
4.6599752362204727
21
-4.0433825196850393
0
LINE
8
BLACK
6
CONTINUOUS
10
4.6599752362204727
20
-4.0433825196850393
11
4.6600342125984247
21
-4.0433313385826768
0
LINE
8
BLACK
6
CONTINUOUS
10
4.6600342125984247
20
-4.0433313385826768
11
4.6602199999999998
21
-4.0431049999999997
0
LINE
8
BLACK
6
CONTINUOUS
10
4.6602199999999998
20
-4.0431049999999997
11
4.6620947637795274
21
-4.0412302362204722
0
LINE
8
BLACK
6
CONTINUOUS
10
4.6620947637795274
20
-4.0412302362204722
11
4.6625422047244092
21
-4.0408630314960625
0
LINE
8
BLACK
6
CONTINUOUS
10
4.6625422047244092
20
-4.0408630314960625
11
4.6626401574803147
21
-4.0408224409448819
0
LINE
8
BLACK
6
CONTINUOUS
10
4.6626401574803147
20
-4.0408224409448819
11
4.662720354330709
21
-4.0407529133858269
0
LINE
8
BLACK
6
CONTINUOUS
10
4.662720354330709
20
-4.0407529133858269
11
4.6629592125984249
21
-4.0406462204724409
0
LINE
8
BLACK
6
CONTINUOUS
10
4.6629592125984249
20
-4.0406462204724409
11
4.6620947637795274
21
-4.0397817716535434
0
LINE
8
BLACK
6
CONTINUOUS
10
4.6620947637795274
20
-4.0397817716535434
11
4.6619089763779522
21
-4.0395553937007875
0
LINE
8
BLACK
6
CONTINUOUS
10
4.6619089763779522
20
-4.0395553937007875
11
4.6618500000000003
21
-4.0395042519685038
0
LINE
8
BLACK
6
CONTINUOUS
10
4.6618500000000003
20
-4.0395042519685038
11
4.6617940157480318
21
-4.0394152755905512
0
LINE
8
BLACK
6
CONTINUOUS
10
4.6617940157480318
20
-4.0394152755905512
11
4.6617275590551177
21
-4.0393343307086615
0
LINE
8
BLACK
6
CONTINUOUS
10
4.6617275590551177
20
-4.0393343307086615
11
4.661697716535433
21
-4.0392623622047239
0
LINE
8
BLACK
6
CONTINUOUS
10
4.661697716535433
20
-4.0392623622047239
11
4.6615416535433072
21
-4.03901437007874
0
LINE
8
BLACK
6
CONTINUOUS
10
4.6615416535433072
20
-4.03901437007874
11
4.6596668897637796
21
-4.0352648425196849
0
LINE
8
BLACK
6
CONTINUOUS
10
4.6596668897637796
20
-4.0352648425196849
11
4.6594600000000002
21
-4.0347242125984248
0
LINE
8
BLACK
6
CONTINUOUS
10
4.6594600000000002
20
-4.0347242125984248
11
4.6594524803149602
21
-4.0346183858267715
0
LINE
8
BLACK
6
CONTINUOUS
10
4.6594524803149602
20
-4.0346183858267715
11
4.6594118897637795
21
-4.0345203937007872
0
LINE
8
BLACK
6
CONTINUOUS
10
4.6594118897637795
20
-4.0345203937007872
11
4.6593551574803147
21
-4.0339443307086613
0
LINE
8
BLACK
6
CONTINUOUS
10
4.6593551574803147
20
-4.0339443307086613
11
4.6593551574803147
21
-4.0301948031496062
0
LINE
8
BLACK
6
CONTINUOUS
10
4.6593551574803147
20
-4.0301948031496062
11
4.6594118897637795
21
-4.0296187401574803
0
LINE
8
BLACK
6
CONTINUOUS
10
4.6594118897637795
20
-4.0296187401574803
11
4.6594524803149602
21
-4.0295207086614173
0
LINE
8
BLACK
6
CONTINUOUS
10
4.6594524803149602
20
-4.0295207086614173
11
4.6594600000000002
21
-4.0294149212598427
0
LINE
8
BLACK
6
CONTINUOUS
10
4.6594600000000002
20
-4.0294149212598427
11
4.6596668897637796
21
-4.0288742913385827
0
LINE
8
BLACK
6
CONTINUOUS
10
4.6596668897637796
20
-4.0288742913385827
11
4.6615416535433072
21
-4.0251247637795275
0
LINE
8
BLACK
6
CONTINUOUS
10
4.6615416535433072
20
-4.0251247637795275
11
4.661697716535433
21
-4.0248767322834649
0
LINE
8
BLACK
6
CONTINUOUS
10
4.661697716535433
20
-4.0248767322834649
11
4.6617275590551177
21
-4.024804803149606
0
LINE
8
BLACK
6
CONTINUOUS
10
4.6617275590551177
20
-4.024804803149606
11
4.6617940157480318
21
-4.0247238188976375
0
LINE
8
BLACK
6
CONTINUOUS
10
4.6617940157480318
20
-4.0247238188976375
11
4.6618500000000003
21
-4.0246348818897637
0
LINE
8
BLACK
6
CONTINUOUS
10
4.6618500000000003
20
-4.0246348818897637
11
4.6619089763779522
21
-4.0245837007874012
0
LINE
8
BLACK
6
CONTINUOUS
10
4.6619089763779522
20
-4.0245837007874012
11
4.6620947637795274
21
-4.0243573622047242
0
LINE
8
BLACK
6
CONTINUOUS
10
4.6620947637795274
20
-4.0243573622047242
11
4.6639695275590549
21
-4.0224825984251966
0
LINE
8
BLACK
6
CONTINUOUS
10
4.6639695275590549
20
-4.0224825984251966
11
4.664195866141732
21
-4.0222968110236224
0
LINE
8
BLACK
6
CONTINUOUS
10
4.664195866141732
20
-4.0222968110236224
11
4.6642470472440944
21
-4.0222378346456695
0
LINE
8
BLACK
6
CONTINUOUS
10
4.6642470472440944
20
-4.0222378346456695
11
4.6643359842519683
21
-4.022181850393701
0
LINE
8
BLACK
6
CONTINUOUS
10
4.6643359842519683
20
-4.022181850393701
11
4.6644169685039367
21
-4.022115393700787
0
LINE
8
BLACK
6
CONTINUOUS
10
4.6644169685039367
20
-4.022115393700787
11
4.6644888976377947
21
-4.0220855511811022
0
LINE
8
BLACK
6
CONTINUOUS
10
4.6644888976377947
20
-4.0220855511811022
11
4.6647369291338583
21
-4.0219294881889764
0
LINE
8
BLACK
6
CONTINUOUS
10
4.6647369291338583
20
-4.0219294881889764
11
4.6684864566929134
21
-4.0200547244094489
0
LINE
8
BLACK
6
CONTINUOUS
10
4.6684864566929134
20
-4.0200547244094489
11
4.6690270472440947
21
-4.0198478346456694
0
LINE
8
BLACK
6
CONTINUOUS
10
4.6690270472440947
20
-4.0198478346456694
11
4.6691329133858268
21
-4.0198402755905507
0
LINE
8
BLACK
6
CONTINUOUS
10
4.6691329133858268
20
-4.0198402755905507
11
4.6692309055118111
21
-4.0197997244094488
0
LINE
8
BLACK
6
CONTINUOUS
10
4.6692309055118111
20
-4.0197997244094488
11
4.669806968503937
21
-4.019742992125984
0
LINE
8
BLACK
6
CONTINUOUS
10
4.669806968503937
20
-4.019742992125984
11
4.6829303149606298
21
-4.019742992125984
0
LINE
8
BLACK
6
CONTINUOUS
10
4.6829303149606298
20
-4.019742992125984
11
4.6835063779527557
21
-4.0197997244094488
0
LINE
8
BLACK
6
CONTINUOUS
10
4.6657777165354331
20
-4.0458989370078742
11
4.6647346456692915
21
-4.0469420078740157
0
LINE
8
BLACK
6
CONTINUOUS
10
4.6647346456692915
20
-4.0469420078740157
11
4.6633859055118112
21
-4.0496394881889763
0
LINE
8
BLACK
6
CONTINUOUS
10
4.6633859055118112
20
-4.0496394881889763
11
4.6633859055118112
21
-4.0538696850393698
0
LINE
8
BLACK
6
CONTINUOUS
10
4.6633859055118112
20
-4.0538696850393698
11
4.6647346456692915
21
-4.0565671653543305
0
LINE
8
BLACK
6
CONTINUOUS
10
4.6647346456692915
20
-4.0565671653543305
11
4.6659317716535433
21
-4.057764330708661
0
LINE
8
BLACK
6
CONTINUOUS
10
4.6659317716535433
20
-4.057764330708661
11
4.668629251968504
21
-4.0591130708661414
0
LINE
8
BLACK
6
CONTINUOUS
10
4.668629251968504
20
-4.0591130708661414
11
4.6799775590551178
21
-4.0591130708661414
0
LINE
8
BLACK
6
CONTINUOUS
10
4.6799775590551178
20
-4.0591130708661414
11
4.6799775590551178
21
-4.0443961417322836
0
LINE
8
BLACK
6
CONTINUOUS
10
4.6799775590551178
20
-4.0443961417322836
11
4.6702861023622049
21
-4.0443961417322836
0
LINE
8
BLACK
6
CONTINUOUS
10
4.6702861023622049
20
-4.0443961417322836
11
4.6657777165354331
21
-4.0458989370078742
0
LINE
8
BLACK
6
CONTINUOUS
10
4.6678065354330709
20
-4.0269972440944883
11
4.6666094094488191
21
-4.0281943700787401
0
LINE
8
BLACK
6
CONTINUOUS
10
4.6666094094488191
20
-4.0281943700787401
11
4.6652606692913388
21
-4.0308918503937008
0
LINE
8
BLACK
6
CONTINUOUS
10
4.6652606692913388
20
-4.0308918503937008
11
4.6652606692913388
21
-4.0332472834645667
0
LINE
8
BLACK
6
CONTINUOUS
10
4.6652606692913388
20
-4.0332472834645667
11
4.6666094094488191
21
-4.0359447637795274
0
LINE
8
BLACK
6
CONTINUOUS
10
4.6666094094488191
20
-4.0359447637795274
11
4.6678065354330709
21
-4.0371418897637792
0
LINE
8
BLACK
6
CONTINUOUS
10
4.6678065354330709
20
-4.0371418897637792
11
4.6705040157480315
21
-4.0384906299212595
0
LINE
8
BLACK
6
CONTINUOUS
10
4.6705040157480315
20
-4.0384906299212595
11
4.6799775590551178
21
-4.0384906299212595
0
LINE
8
BLACK
6
CONTINUOUS
10
4.6799775590551178
20
-4.0384906299212595
11
4.6799775590551178
21
-4.025648503937008
0
LINE
8
BLACK
6
CONTINUOUS
10
4.6799775590551178
20
-4.025648503937008
11
4.6705040157480315
21
-4.025648503937008
0
LINE
8
BLACK
6
CONTINUOUS
10
4.6705040157480315
20
-4.025648503937008
11
4.6678065354330709
21
-4.0269972440944883
0
LINE
8
BLACK
6
CONTINUOUS
10
4.2841813385826768
20
-4.0197997244094488
11
4.285245748031496
21
-4.0202406299212594
0
LINE
8
BLACK
6
CONTINUOUS
10
4.285245748031496
20
-4.0202406299212594
11
4.2860603937007875
21
-4.0210552755905509
0
LINE
8
BLACK
6
CONTINUOUS
10
4.2860603937007875
20
-4.0210552755905509
11
4.2865012992125981
21
-4.0221196850393701
0
LINE
8
BLACK
6
CONTINUOUS
10
4.2865012992125981
20
-4.0221196850393701
11
4.286558031496063
21
-4.022695748031496
0
LINE
8
BLACK
6
CONTINUOUS
10
4.286558031496063
20
-4.022695748031496
11
4.286558031496063
21
-4.0620658267716534
0
LINE
8
BLACK
6
CONTINUOUS
10
4.286558031496063
20
-4.0620658267716534
11
4.2865012992125981
21
-4.0626418897637793
0
LINE
8
BLACK
6
CONTINUOUS
10
4.2865012992125981
20
-4.0626418897637793
11
4.2860603937007875
21
-4.0637062992125985
0
LINE
8
BLACK
6
CONTINUOUS
10
4.2860603937007875
20
-4.0637062992125985
11
4.285245748031496
21
-4.06452094488189
0
LINE
8
BLACK
6
CONTINUOUS
10
4.285245748031496
20
-4.06452094488189
11
4.2841813385826768
21
-4.0649618503937006
0
LINE
8
BLACK
6
CONTINUOUS
10
4.2841813385826768
20
-4.0649618503937006
11
4.2830292125984251
21
-4.0649618503937006
0
LINE
8
BLACK
6
CONTINUOUS
10
4.2830292125984251
20
-4.0649618503937006
11
4.2819648031496058
21
-4.06452094488189
0
LINE
8
BLACK
6
CONTINUOUS
10
4.2819648031496058
20
-4.06452094488189
11
4.2811501574803152
21
-4.0637062992125985
0
LINE
8
BLACK
6
CONTINUOUS
10
4.2811501574803152
20
-4.0637062992125985
11
4.2807092519685037
21
-4.0626418897637793
0
LINE
8
BLACK
6
CONTINUOUS
10
4.2807092519685037
20
-4.0626418897637793
11
4.2806525196850389
21
-4.0620658267716534
0
LINE
8
BLACK
6
CONTINUOUS
10
4.2806525196850389
20
-4.0620658267716534
11
4.2806525196850389
21
-4.0443961417322836
0
LINE
8
BLACK
6
CONTINUOUS
10
4.2806525196850389
20
-4.0443961417322836
11
4.270481929133858
21
-4.0443961417322836
0
LINE
8
BLACK
6
CONTINUOUS
10
4.270481929133858
20
-4.0443961417322836
11
4.2699058661417322
21
-4.0443394094488188
0
LINE
8
BLACK
6
CONTINUOUS
10
4.2699058661417322
20
-4.0443394094488188
11
4.2688414566929129
21
-4.0438985039370081
0
LINE
8
BLACK
6
CONTINUOUS
10
4.2688414566929129
20
-4.0438985039370081
11
4.2680268110236224
21
-4.0430838582677167
0
LINE
8
BLACK
6
CONTINUOUS
10
4.2680268110236224
20
-4.0430838582677167
11
4.2675859055118108
21
-4.0420194488188974
0
LINE
8
BLACK
6
CONTINUOUS
10
4.2675859055118108
20
-4.0420194488188974
11
4.2675859055118108
21
-4.0408673228346457
0
LINE
8
BLACK
6
CONTINUOUS
10
4.2675859055118108
20
-4.0408673228346457
11
4.2680268110236224
21
-4.0398029133858264
0
LINE
8
BLACK
6
CONTINUOUS
10
4.2680268110236224
20
-4.0398029133858264
11
4.2688414566929129
21
-4.038988267716535
0
LINE
8
BLACK
6
CONTINUOUS
10
4.2688414566929129
20
-4.038988267716535
11
4.2699058661417322
21
-4.0385473622047243
0
LINE
8
BLACK
6
CONTINUOUS
10
4.2699058661417322
20
-4.0385473622047243
11
4.270481929133858
21
-4.0384906299212595
0
LINE
8
BLACK
6
CONTINUOUS
10
4.270481929133858
20
-4.0384906299212595
11
4.2806525196850389
21
-4.0384906299212595
0
LINE
8
BLACK
6
CONTINUOUS
10
4.2806525196850389
20
-4.0384906299212595
11
4.2806525196850389
21
-4.025648503937008
0
LINE
8
BLACK
6
CONTINUOUS
10
4.2806525196850389
20
-4.025648503937008
11
4.2648576377952754
21
-4.025648503937008
0
LINE
8
BLACK
6
CONTINUOUS
10
4.2648576377952754
20
-4.025648503937008
11
4.2642815748031495
21
-4.0255917716535432
0
LINE
8
BLACK
6
CONTINUOUS
10
4.2642815748031495
20
-4.0255917716535432
11
4.2632171653543303
21
-4.0251508661417326
0
LINE
8
BLACK
6
CONTINUOUS
10
4.2632171653543303
20
-4.0251508661417326
11
4.2624025196850397
21
-4.0243362204724411
0
LINE
8
BLACK
6
CONTINUOUS
10
4.2624025196850397
20
-4.0243362204724411
11
4.2619616141732282
21
-4.0232718110236219
0
LINE
8
BLACK
6
CONTINUOUS
10
4.2619616141732282
20
-4.0232718110236219
11
4.2619616141732282
21
-4.0221196850393701
0
LINE
8
BLACK
6
CONTINUOUS
10
4.2619616141732282
20
-4.0221196850393701
11
4.2624025196850397
21
-4.0210552755905509
0
LINE
8
BLACK
6
CONTINUOUS
10
4.2624025196850397
20
-4.0210552755905509
11
4.2632171653543303
21
-4.0202406299212594
0
LINE
8
BLACK
6
CONTINUOUS
10
4.2632171653543303
20
-4.0202406299212594
11
4.2642815748031495
21
-4.0197997244094488
0
LINE
8
BLACK
6
CONTINUOUS
10
4.2642815748031495
20
-4.0197997244094488
11
4.2648576377952754
21
-4.019742992125984
0
LINE
8
BLACK
6
CONTINUOUS
10
4.2648576377952754
20
-4.019742992125984
11
4.2836052755905509
21
-4.019742992125984
0
LINE
8
BLACK
6
CONTINUOUS
10
4.2836052755905509
20
-4.019742992125984
11
4.2841813385826768
21
-4.0197997244094488
0
LINE
8
BLACK
6
CONTINUOUS
10
4.3631253543307089
20
-4.0179731102362206
11
4.3641557874015744
21
-4.0184883070866144
0
LINE
8
BLACK
6
CONTINUOUS
10
4.3641557874015744
20
-4.0184883070866144
11
4.3649106692913389
21
-4.0193586614173231
0
LINE
8
BLACK
6
CONTINUOUS
10
4.3649106692913389
20
-4.0193586614173231
11
4.3651466535433068
21
-4.0198872440944884
0
LINE
8
BLACK
6
CONTINUOUS
10
4.3651466535433068
20
-4.0198872440944884
11
4.3745204724409446
21
-4.048008661417323
0
LINE
8
BLACK
6
CONTINUOUS
10
4.3745204724409446
20
-4.048008661417323
11
4.3745853937007873
21
-4.0482942913385829
0
LINE
8
BLACK
6
CONTINUOUS
10
4.3745853937007873
20
-4.0482942913385829
11
4.3746152755905507
21
-4.0483663779527559
0
LINE
8
BLACK
6
CONTINUOUS
10
4.3746152755905507
20
-4.0483663779527559
11
4.3746152755905507
21
-4.0484255905511812
0
LINE
8
BLACK
6
CONTINUOUS
10
4.3746152755905507
20
-4.0484255905511812
11
4.3746488188976373
21
-4.0485731102362204
0
LINE
8
BLACK
6
CONTINUOUS
10
4.3746488188976373
20
-4.0485731102362204
11
4.3746152755905507
21
-4.0490449606299208
0
LINE
8
BLACK
6
CONTINUOUS
10
4.3746152755905507
20
-4.0490449606299208
11
4.3746152755905507
21
-4.0495185039370076
0
LINE
8
BLACK
6
CONTINUOUS
10
4.3746152755905507
20
-4.0495185039370076
11
4.3745746062992126
21
-4.0496165748031494
0
LINE
8
BLACK
6
CONTINUOUS
10
4.3745746062992126
20
-4.0496165748031494
11
4.3745671259842522
21
-4.0497223228346453
0
LINE
8
BLACK
6
CONTINUOUS
10
4.3745671259842522
20
-4.0497223228346453
11
4.3743555511811021
21
-4.0501454330708659
0
LINE
8
BLACK
6
CONTINUOUS
10
4.3743555511811021
20
-4.0501454330708659
11
4.3741743700787401
21
-4.0505829133858269
0
LINE
8
BLACK
6
CONTINUOUS
10
4.3741743700787401
20
-4.0505829133858269
11
4.3740993307086615
21
-4.0506579133858267
0
LINE
8
BLACK
6
CONTINUOUS
10
4.3740993307086615
20
-4.0506579133858267
11
4.3740519291338584
21
-4.0507527952755904
0
LINE
8
BLACK
6
CONTINUOUS
10
4.3740519291338584
20
-4.0507527952755904
11
4.3736944488188971
21
-4.0510627952755902
0
LINE
8
BLACK
6
CONTINUOUS
10
4.3736944488188971
20
-4.0510627952755902
11
4.3733597244094486
21
-4.0513975590551183
0
LINE
8
BLACK
6
CONTINUOUS
10
4.3733597244094486
20
-4.0513975590551183
11
4.3732616535433069
21
-4.051438149606299
0
LINE
8
BLACK
6
CONTINUOUS
10
4.3732616535433069
20
-4.051438149606299
11
4.373181535433071
21
-4.051507677165354
0
LINE
8
BLACK
6
CONTINUOUS
10
4.373181535433071
20
-4.051507677165354
11
4.3727326771653541
21
-4.051657283464567
0
LINE
8
BLACK
6
CONTINUOUS
10
4.3727326771653541
20
-4.051657283464567
11
4.3722953149606294
21
-4.051838464566929
0
LINE
8
BLACK
6
CONTINUOUS
10
4.3722953149606294
20
-4.051838464566929
11
4.372144645669291
21
-4.0518532677165355
0
LINE
8
BLACK
6
CONTINUOUS
10
4.372144645669291
20
-4.0518532677165355
11
4.3720885433070862
21
-4.0518720078740156
0
LINE
8
BLACK
6
CONTINUOUS
10
4.3720885433070862
20
-4.0518720078740156
11
4.3720107874015746
21
-4.0518664566929132
0
LINE
8
BLACK
6
CONTINUOUS
10
4.3720107874015746
20
-4.0518664566929132
11
4.3717192519685035
21
-4.0518951968503938
0
LINE
8
BLACK
6
CONTINUOUS
10
4.3717192519685035
20
-4.0518951968503938
11
4.35592437007874
21
-4.0518951968503938
0
LINE
8
BLACK
6
CONTINUOUS
10
4.35592437007874
20
-4.0518951968503938
11
4.35592437007874
21
-4.0620658267716534
0
LINE
8
BLACK
6
CONTINUOUS
10
4.35592437007874
20
-4.0620658267716534
11
4.3558676377952752
21
-4.0626418897637793
0
LINE
8
BLACK
6
CONTINUOUS
10
4.3558676377952752
20
-4.0626418897637793
11
4.3554267322834646
21
-4.0637062992125985
0
LINE
8
BLACK
6
CONTINUOUS
10
4.3554267322834646
20
-4.0637062992125985
11
4.3546120866141731
21
-4.06452094488189
0
LINE
8
BLACK
6
CONTINUOUS
10
4.3546120866141731
20
-4.06452094488189
11
4.3535476771653538
21
-4.0649618503937006
0
LINE
8
BLACK
6
CONTINUOUS
10
4.3535476771653538
20
-4.0649618503937006
11
4.3523955511811021
21
-4.0649618503937006
0
LINE
8
BLACK
6
CONTINUOUS
10
4.3523955511811021
20
-4.0649618503937006
11
4.3513311417322837
21
-4.06452094488189
0
LINE
8
BLACK
6
CONTINUOUS
10
4.3513311417322837
20
-4.06452094488189
11
4.3505164960629923
21
-4.0637062992125985
0
LINE
8
BLACK
6
CONTINUOUS
10
4.3505164960629923
20
-4.0637062992125985
11
4.3500755905511808
21
-4.0626418897637793
0
LINE
8
BLACK
6
CONTINUOUS
10
4.3500755905511808
20
-4.0626418897637793
11
4.3500188582677168
21
-4.0620658267716534
0
LINE
8
BLACK
6
CONTINUOUS
10
4.3500188582677168
20
-4.0620658267716534
11
4.3500188582677168
21
-4.0518951968503938
0
LINE
8
BLACK
6
CONTINUOUS
10
4.3500188582677168
20
-4.0518951968503938
11
4.3473473228346453
21
-4.0518951968503938
0
LINE
8
BLACK
6
CONTINUOUS
10
4.3473473228346453
20
-4.0518951968503938
11
4.3467712598425194
21
-4.051838464566929
0
LINE
8
BLACK
6
CONTINUOUS
10
4.3467712598425194
20
-4.051838464566929
11
4.3457068503937011
21
-4.0513975590551183
0
LINE
8
BLACK
6
CONTINUOUS
10
4.3457068503937011
20
-4.0513975590551183
11
4.3448922047244096
21
-4.0505829133858269
0
LINE
8
BLACK
6
CONTINUOUS
10
4.3448922047244096
20
-4.0505829133858269
11
4.3444512992125981
21
-4.0495185039370076
0
LINE
8
BLACK
6
CONTINUOUS
10
4.3444512992125981
20
-4.0495185039370076
11
4.3444512992125981
21
-4.0483663779527559
0
LINE
8
BLACK
6
CONTINUOUS
10
4.3444512992125981
20
-4.0483663779527559
11
4.3448922047244096
21
-4.0473019685039366
0
LINE
8
BLACK
6
CONTINUOUS
10
4.3448922047244096
20
-4.0473019685039366
11
4.3457068503937011
21
-4.0464873228346452
0
LINE
8
BLACK
6
CONTINUOUS
10
4.3457068503937011
20
-4.0464873228346452
11
4.3467712598425194
21
-4.0460464173228345
0
LINE
8
BLACK
6
CONTINUOUS
10
4.3467712598425194
20
-4.0460464173228345
11
4.3473473228346453
21
-4.0459896850393697
0
LINE
8
BLACK
6
CONTINUOUS
10
4.3473473228346453
20
-4.0459896850393697
11
4.3500188582677168
21
-4.0459896850393697
0
LINE
8
BLACK
6
CONTINUOUS
10
4.3500188582677168
20
-4.0459896850393697
11
4.3500188582677168
21
-4.0358190944881889
0
LINE
8
BLACK
6
CONTINUOUS
10
4.3500188582677168
20
-4.0358190944881889
11
4.3500755905511808
21
-4.035243031496063
0
LINE
8
BLACK
6
CONTINUOUS
10
4.3500755905511808
20
-4.035243031496063
11
4.3505164960629923
21
-4.0341786220472438
0
LINE
8
BLACK
6
CONTINUOUS
10
4.3505164960629923
20
-4.0341786220472438
11
4.3513311417322837
21
-4.0333639763779523
0
LINE
8
BLACK
6
CONTINUOUS
10
4.3513311417322837
20
-4.0333639763779523
11
4.3523955511811021
21
-4.0329230708661417
0
LINE
8
BLACK
6
CONTINUOUS
10
4.3523955511811021
20
-4.0329230708661417
11
4.3535476771653538
21
-4.0329230708661417
0
LINE
8
BLACK
6
CONTINUOUS
10
4.3535476771653538
20
-4.0329230708661417
11
4.3546120866141731
21
-4.0333639763779523
0
LINE
8
BLACK
6
CONTINUOUS
10
4.3546120866141731
20
-4.0333639763779523
11
4.3554267322834646
21
-4.0341786220472438
0
LINE
8
BLACK
6
CONTINUOUS
10
4.3554267322834646
20
-4.0341786220472438
11
4.3558676377952752
21
-4.035243031496063
0
LINE
8
BLACK
6
CONTINUOUS
10
4.3558676377952752
20
-4.035243031496063
11
4.35592437007874
21
-4.0358190944881889
0
LINE
8
BLACK
6
CONTINUOUS
10
4.35592437007874
20
-4.0358190944881889
11
4.35592437007874
21
-4.0459896850393697
0
LINE
8
BLACK
6
CONTINUOUS
10
4.35592437007874
20
-4.0459896850393697
11
4.3676225196850389
21
-4.0459896850393697
0
LINE
8
BLACK
6
CONTINUOUS
10
4.3676225196850389
20
-4.0459896850393697
11
4.3595442125984247
21
-4.0217547244094485
0
LINE
8
BLACK
6
CONTINUOUS
10
4.3595442125984247
20
-4.0217547244094485
11
4.3594158661417319
21
-4.0211902755905511
0
LINE
8
BLACK
6
CONTINUOUS
10
4.3594158661417319
20
-4.0211902755905511
11
4.3594975590551179
21
-4.0200410629921262
0
LINE
8
BLACK
6
CONTINUOUS
10
4.3594975590551179
20
-4.0200410629921262
11
4.3600127559055117
21
-4.0190106299212598
0
LINE
8
BLACK
6
CONTINUOUS
10
4.3600127559055117
20
-4.0190106299212598
11
4.3608831102362204
21
-4.0182557480314962
0
LINE
8
BLACK
6
CONTINUOUS
10
4.3608831102362204
20
-4.0182557480314962
11
4.3619761417322831
21
-4.0178914173228346
0
LINE
8
BLACK
6
CONTINUOUS
10
4.3619761417322831
20
-4.0178914173228346
11
4.3631253543307089
21
-4.0179731102362206
0
LINE
8
BLACK
6
CONTINUOUS
10
4.6002063385826775
20
-4.0202406299212594
11
4.601020984251968
21
-4.0210552755905509
0
LINE
8
BLACK
6
CONTINUOUS
10
4.601020984251968
20
-4.0210552755905509
11
4.6014618897637796
21
-4.0221196850393701
0
LINE
8
BLACK
6
CONTINUOUS
10
4.6014618897637796
20
-4.0221196850393701
11
4.6015186220472444
21
-4.022695748031496
0
LINE
8
BLACK
6
CONTINUOUS
10
4.6015186220472444
20
-4.022695748031496
11
4.6015186220472444
21
-4.0620658267716534
0
LINE
8
BLACK
6
CONTINUOUS
10
4.6015186220472444
20
-4.0620658267716534
11
4.6014618897637796
21
-4.0626418897637793
0
LINE
8
BLACK
6
CONTINUOUS
10
4.6014618897637796
20
-4.0626418897637793
11
4.601020984251968
21
-4.0637062992125985
0
LINE
8
BLACK
6
CONTINUOUS
10
4.601020984251968
20
-4.0637062992125985
11
4.6002063385826775
21
-4.06452094488189
0
LINE
8
BLACK
6
CONTINUOUS
10
4.6002063385826775
20
-4.06452094488189
11
4.5991419291338582
21
-4.0649618503937006
0
LINE
8
BLACK
6
CONTINUOUS
10
4.5991419291338582
20
-4.0649618503937006
11
4.5979898031496065
21
-4.0649618503937006
0
LINE
8
BLACK
6
CONTINUOUS
10
4.5979898031496065
20
-4.0649618503937006
11
4.5969253937007872
21
-4.06452094488189
0
LINE
8
BLACK
6
CONTINUOUS
10
4.5969253937007872
20
-4.06452094488189
11
4.5961107480314958
21
-4.0637062992125985
0
LINE
8
BLACK
6
CONTINUOUS
10
4.5961107480314958
20
-4.0637062992125985
11
4.5956698425196851
21
-4.0626418897637793
0
LINE
8
BLACK
6
CONTINUOUS
10
4.5956698425196851
20
-4.0626418897637793
11
4.5956131102362203
21
-4.0620658267716534
0
LINE
8
BLACK
6
CONTINUOUS
10
4.5956131102362203
20
-4.0620658267716534
11
4.5956131102362203
21
-4.022695748031496
0
LINE
8
BLACK
6
CONTINUOUS
10
4.5956131102362203
20
-4.022695748031496
11
4.5956698425196851
21
-4.0221196850393701
0
LINE
8
BLACK
6
CONTINUOUS
10
4.5956698425196851
20
-4.0221196850393701
11
4.5961107480314958
21
-4.0210552755905509
0
LINE
8
BLACK
6
CONTINUOUS
10
4.5961107480314958
20
-4.0210552755905509
11
4.5969253937007872
21
-4.0202406299212594
0
LINE
8
BLACK
6
CONTINUOUS
10
4.5969253937007872
20
-4.0202406299212594
11
4.5979898031496065
21
-4.0197997244094488
0
LINE
8
BLACK
6
CONTINUOUS
10
4.5979898031496065
20
-4.0197997244094488
11
4.5991419291338582
21
-4.0197997244094488
0
LINE
8
BLACK
6
CONTINUOUS
10
4.5991419291338582
20
-4.0197997244094488
11
4.6002063385826775
21
-4.0202406299212594
0
LINE
8
BLACK
6
CONTINUOUS
10
4.6436242519685038
20
-4.0197997244094488
11
4.6441362992125983
21
-4.0197997244094488
0
LINE
8
BLACK
6
CONTINUOUS
10
4.6441362992125983
20
-4.0197997244094488
11
4.6441970472440941
21
-4.0198248818897637
0
LINE
8
BLACK
6
CONTINUOUS
10
4.6441970472440941
20
-4.0198248818897637
11
4.6442629133858269
21
-4.0198277952755905
0
LINE
8
BLACK
6
CONTINUOUS
10
4.6442629133858269
20
-4.0198277952755905
11
4.644727755905512
21
-4.0200446850393696
0
LINE
8
BLACK
6
CONTINUOUS
10
4.644727755905512
20
-4.0200446850393696
11
4.6452007086614175
21
-4.0202406299212594
0
LINE
8
BLACK
6
CONTINUOUS
10
4.6452007086614175
20
-4.0202406299212594
11
4.6452472047244093
21
-4.0202871259842521
0
LINE
8
BLACK
6
CONTINUOUS
10
4.6452472047244093
20
-4.0202871259842521
11
4.6453069291338585
21
-4.0203150000000001
0
LINE
8
BLACK
6
CONTINUOUS
10
4.6453069291338585
20
-4.0203150000000001
11
4.6456531496062992
21
-4.0206930708661419
0
LINE
8
BLACK
6
CONTINUOUS
10
4.6456531496062992
20
-4.0206930708661419
11
4.6460153543307081
21
-4.0210552755905509
0
LINE
8
BLACK
6
CONTINUOUS
10
4.6460153543307081
20
-4.0210552755905509
11
4.6460405511811018
21
-4.0211161023622051
0
LINE
8
BLACK
6
CONTINUOUS
10
4.6460405511811018
20
-4.0211161023622051
11
4.646085039370079
21
-4.0211646850393699
0
LINE
8
BLACK
6
CONTINUOUS
10
4.646085039370079
20
-4.0211646850393699
11
4.6462601181102361
21
-4.021646181102362
0
LINE
8
BLACK
6
CONTINUOUS
10
4.6462601181102361
20
-4.021646181102362
11
4.6464562598425196
21
-4.0221196850393701
0
LINE
8
BLACK
6
CONTINUOUS
10
4.6464562598425196
20
-4.0221196850393701
11
4.6464651574803151
21
-4.022210039370079
0
LINE
8
BLACK
6
CONTINUOUS
10
4.6464651574803151
20
-4.022210039370079
11
4.6464787401574803
21
-4.0222474015748029
0
LINE
8
BLACK
6
CONTINUOUS
10
4.6464787401574803
20
-4.0222474015748029
11
4.6464756692913385
21
-4.0223169291338579
0
LINE
8
BLACK
6
CONTINUOUS
10
4.6464756692913385
20
-4.0223169291338579
11
4.6465129921259845
21
-4.022695748031496
0
LINE
8
BLACK
6
CONTINUOUS
10
4.6465129921259845
20
-4.022695748031496
11
4.6465129921259845
21
-4.0620658267716534
0
LINE
8
BLACK
6
CONTINUOUS
10
4.6465129921259845
20
-4.0620658267716534
11
4.6464562598425196
21
-4.0626418897637793
0
LINE
8
BLACK
6
CONTINUOUS
10
4.6464562598425196
20
-4.0626418897637793
11
4.6460153543307081
21
-4.0637062992125985
0
LINE
8
BLACK
6
CONTINUOUS
10
4.6460153543307081
20
-4.0637062992125985
11
4.6452007086614175
21
-4.06452094488189
0
LINE
8
BLACK
6
CONTINUOUS
10
4.6452007086614175
20
-4.06452094488189
11
4.6441362992125983
21
-4.0649618503937006
0
LINE
8
BLACK
6
CONTINUOUS
10
4.6441362992125983
20
-4.0649618503937006
11
4.6429841732283466
21
-4.0649618503937006
0
LINE
8
BLACK
6
CONTINUOUS
10
4.6429841732283466
20
-4.0649618503937006
11
4.6419197637795273
21
-4.06452094488189
0
LINE
8
BLACK
6
CONTINUOUS
10
4.6419197637795273
20
-4.06452094488189
11
4.6411051181102358
21
-4.0637062992125985
0
LINE
8
BLACK
6
CONTINUOUS
10
4.6411051181102358
20
-4.0637062992125985
11
4.6406642125984252
21
-4.0626418897637793
0
LINE
8
BLACK
6
CONTINUOUS
10
4.6406642125984252
20
-4.0626418897637793
11
4.6406074803149604
21
-4.0620658267716534
0
LINE
8
BLACK
6
CONTINUOUS
10
4.6406074803149604
20
-4.0620658267716534
11
4.6406074803149604
21
-4.0360054724409444
0
LINE
8
BLACK
6
CONTINUOUS
10
4.6406074803149604
20
-4.0360054724409444
11
4.6331126377952758
21
-4.0520658661417324
0
LINE
8
BLACK
6
CONTINUOUS
10
4.6331126377952758
20
-4.0520658661417324
11
4.632987677165354
21
-4.0522767716535428
0
LINE
8
BLACK
6
CONTINUOUS
10
4.632987677165354
20
-4.0522767716535428
11
4.6329616929133861
21
-4.0523482677165354
0
LINE
8
BLACK
6
CONTINUOUS
10
4.6329616929133861
20
-4.0523482677165354
11
4.6329153543307084
21
-4.0523988188976379
0
LINE
8
BLACK
6
CONTINUOUS
10
4.6329153543307084
20
-4.0523988188976379
11
4.6328175984251967
21
-4.0525638976377953
0
LINE
8
BLACK
6
CONTINUOUS
10
4.6328175984251967
20
-4.0525638976377953
11
4.6324867716535429
21
-4.0528668110236223
0
LINE
8
BLACK
6
CONTINUOUS
10
4.6324867716535429
20
-4.0528668110236223
11
4.6321835826771656
21
-4.0531979527559052
0
LINE
8
BLACK
6
CONTINUOUS
10
4.6321835826771656
20
-4.0531979527559052
11
4.6320646062992124
21
-4.0532534251968499
0
LINE
8
BLACK
6
CONTINUOUS
10
4.6320646062992124
20
-4.0532534251968499
11
4.6319679527559057
21
-4.0533420078740159
0
LINE
8
BLACK
6
CONTINUOUS
10
4.6319679527559057
20
-4.0533420078740159
11
4.631546456692913
21
-4.0534952362204724
0
LINE
8
BLACK
6
CONTINUOUS
10
4.631546456692913
20
-4.0534952362204724
11
4.631139566929134
21
-4.0536851574803148
0
LINE
8
BLACK
6
CONTINUOUS
10
4.631139566929134
20
-4.0536851574803148
11
4.6310083858267719
21
-4.0536909055118109
0
LINE
8
BLACK
6
CONTINUOUS
10
4.6310083858267719
20
-4.0536909055118109
11
4.6308852362204727
21
-4.0537357086614172
0
LINE
8
BLACK
6
CONTINUOUS
10
4.6308852362204727
20
-4.0537357086614172
11
4.6304371259842521
21
-4.0537160236220471
0
LINE
8
BLACK
6
CONTINUOUS
10
4.6304371259842521
20
-4.0537160236220471
11
4.6299885433070864
21
-4.0537357480314959
0
LINE
8
BLACK
6
CONTINUOUS
10
4.6299885433070864
20
-4.0537357480314959
11
4.6298652362204722
21
-4.0536909055118109
0
LINE
8
BLACK
6
CONTINUOUS
10
4.6298652362204722
20
-4.0536909055118109
11
4.6297342125984251
21
-4.0536851574803148
0
LINE
8
BLACK
6
CONTINUOUS
10
4.6297342125984251
20
-4.0536851574803148
11
4.6293275590551177
21
-4.0534953543307086
0
LINE
8
BLACK
6
CONTINUOUS
10
4.6293275590551177
20
-4.0534953543307086
11
4.6289058267716534
21
-4.0533420078740159
0
LINE
8
BLACK
6
CONTINUOUS
10
4.6289058267716534
20
-4.0533420078740159
11
4.6288090157480317
21
-4.0532533464566924
0
LINE
8
BLACK
6
CONTINUOUS
10
4.6288090157480317
20
-4.0532533464566924
11
4.6286901968503935
21
-4.0531979133858265
0
LINE
8
BLACK
6
CONTINUOUS
10
4.6286901968503935
20
-4.0531979133858265
11
4.6283872440944878
21
-4.0528670866141727
0
LINE
8
BLACK
6
CONTINUOUS
10
4.6283872440944878
20
-4.0528670866141727
11
4.6280561811023624
21
-4.0525639370078741
0
LINE
8
BLACK
6
CONTINUOUS
10
4.6280561811023624
20
-4.0525639370078741
11
4.6279583070866144
21
-4.0523987401574804
0
LINE
8
BLACK
6
CONTINUOUS
10
4.6279583070866144
20
-4.0523987401574804
11
4.627912086614173
21
-4.0523482677165354
0
LINE
8
BLACK
6
CONTINUOUS
10
4.627912086614173
20
-4.0523482677165354
11
4.6278861023622042
21
-4.0522768897637791
0
LINE
8
BLACK
6
CONTINUOUS
10
4.6278861023622042
20
-4.0522768897637791
11
4.6277611417322833
21
-4.0520659055118111
0
LINE
8
BLACK
6
CONTINUOUS
10
4.6277611417322833
20
-4.0520659055118111
11
4.6202662992125987
21
-4.0360054724409444
0
LINE
8
BLACK
6
CONTINUOUS
10
4.6202662992125987
20
-4.0360054724409444
11
4.6202662992125987
21
-4.0620658267716534
0
LINE
8
BLACK
6
CONTINUOUS
10
4.6202662992125987
20
-4.0620658267716534
11
4.6202095669291339
21
-4.0626418897637793
0
LINE
8
BLACK
6
CONTINUOUS
10
4.6202095669291339
20
-4.0626418897637793
11
4.6197686614173223
21
-4.0637062992125985
0
LINE
8
BLACK
6
CONTINUOUS
10
4.6197686614173223
20
-4.0637062992125985
11
4.6189540157480318
21
-4.06452094488189
0
LINE
8
BLACK
6
CONTINUOUS
10
4.6189540157480318
20
-4.06452094488189
11
4.6178896062992125
21
-4.0649618503937006
0
LINE
8
BLACK
6
CONTINUOUS
10
4.6178896062992125
20
-4.0649618503937006
11
4.6167374803149608
21
-4.0649618503937006
0
LINE
8
BLACK
6
CONTINUOUS
10
4.6167374803149608
20
-4.0649618503937006
11
4.6156730708661415
21
-4.06452094488189
0
LINE
8
BLACK
6
CONTINUOUS
10
4.6156730708661415
20
-4.06452094488189
11
4.6148584251968501
21
-4.0637062992125985
0
LINE
8
BLACK
6
CONTINUOUS
10
4.6148584251968501
20
-4.0637062992125985
11
4.6144175196850394
21
-4.0626418897637793
0
LINE
8
BLACK
6
CONTINUOUS
10
4.6144175196850394
20
-4.0626418897637793
11
4.6143607874015746
21
-4.0620658267716534
0
LINE
8
BLACK
6
CONTINUOUS
10
4.6143607874015746
20
-4.0620658267716534
11
4.6143607874015746
21
-4.022695748031496
0
LINE
8
BLACK
6
CONTINUOUS
10
4.6143607874015746
20
-4.022695748031496
11
4.6143980708661418
21
-4.0223169291338579
0
LINE
8
BLACK
6
CONTINUOUS
10
4.6143980708661418
20
-4.0223169291338579
11
4.6143950393700788
21
-4.0222474015748029
0
LINE
8
BLACK
6
CONTINUOUS
10
4.6143950393700788
20
-4.0222474015748029
11
4.6144085826771652
21
-4.022210039370079
0
LINE
8
BLACK
6
CONTINUOUS
10
4.6144085826771652
20
-4.022210039370079
11
4.6144175196850394
21
-4.0221196850393701
0
LINE
8
BLACK
6
CONTINUOUS
10
4.6144175196850394
20
-4.0221196850393701
11
4.6146136220472442
21
-4.021646181102362
0
LINE
8
BLACK
6
CONTINUOUS
10
4.6146136220472442
20
-4.021646181102362
11
4.6147887401574801
21
-4.0211646850393699
0
LINE
8
BLACK
6
CONTINUOUS
10
4.6147887401574801
20
-4.0211646850393699
11
4.6148331889763776
21
-4.0211161023622051
0
LINE
8
BLACK
6
CONTINUOUS
10
4.6148331889763776
20
-4.0211161023622051
11
4.6148584251968501
21
-4.0210552755905509
0
LINE
8
BLACK
6
CONTINUOUS
10
4.6148584251968501
20
-4.0210552755905509
11
4.6152208267716537
21
-4.0206928346456694
0
LINE
8
BLACK
6
CONTINUOUS
10
4.6152208267716537
20
-4.0206928346456694
11
4.6155668503937006
21
-4.0203150393700788
0
LINE
8
BLACK
6
CONTINUOUS
10
4.6155668503937006
20
-4.0203150393700788
11
4.6156264960629922
21
-4.0202871653543308
0
LINE
8
BLACK
6
CONTINUOUS
10
4.6156264960629922
20
-4.0202871653543308
11
4.6156730708661415
21
-4.0202406299212594
0
LINE
8
BLACK
6
CONTINUOUS
10
4.6156730708661415
20
-4.0202406299212594
11
4.6161463385826771
21
-4.0200445669291334
0
LINE
8
BLACK
6
CONTINUOUS
10
4.6161463385826771
20
-4.0200445669291334
11
4.6166108661417322
21
-4.0198277952755905
0
LINE
8
BLACK
6
CONTINUOUS
10
4.6166108661417322
20
-4.0198277952755905
11
4.6166766535433066
21
-4.0198248818897637
0
LINE
8
BLACK
6
CONTINUOUS
10
4.6166766535433066
20
-4.0198248818897637
11
4.6167374803149608
21
-4.0197997244094488
0
LINE
8
BLACK
6
CONTINUOUS
10
4.6167374803149608
20
-4.0197997244094488
11
4.6172500393700791
21
-4.0197997244094488
0
LINE
8
BLACK
6
CONTINUOUS
10
4.6172500393700791
20
-4.0197997244094488
11
4.6177618897637798
21
-4.0197772440944881
0
LINE
8
BLACK
6
CONTINUOUS
10
4.6177618897637798
20
-4.0197772440944881
11
4.6178237007874019
21
-4.0197997244094488
0
LINE
8
BLACK
6
CONTINUOUS
10
4.6178237007874019
20
-4.0197997244094488
11
4.6178896062992125
21
-4.0197997244094488
0
LINE
8
BLACK
6
CONTINUOUS
10
4.6178896062992125
20
-4.0197997244094488
11
4.6183630708661418
21
-4.0199958267716536
0
LINE
8
BLACK
6
CONTINUOUS
10
4.6183630708661418
20
-4.0199958267716536
11
4.6188446062992128
21
-4.0201709448818894
0
LINE
8
BLACK
6
CONTINUOUS
10
4.6188446062992128
20
-4.0201709448818894
11
4.6188931496062988
21
-4.020215393700787
0
LINE
8
BLACK
6
CONTINUOUS
10
4.6188931496062988
20
-4.020215393700787
11
4.6189540157480318
21
-4.0202406299212594
0
LINE
8
BLACK
6
CONTINUOUS
10
4.6189540157480318
20
-4.0202406299212594
11
4.6193164173228345
21
-4.020603031496063
0
LINE
8
BLACK
6
CONTINUOUS
10
4.6193164173228345
20
-4.020603031496063
11
4.6196942519685038
21
-4.02094905511811
0
LINE
8
BLACK
6
CONTINUOUS
10
4.6196942519685038
20
-4.02094905511811
11
4.6197404724409452
21
-4.0210270866141729
0
LINE
8
BLACK
6
CONTINUOUS
10
4.6197404724409452
20
-4.0210270866141729
11
4.6197686614173223
21
-4.0210552755905509
0
LINE
8
BLACK
6
CONTINUOUS
10
4.6197686614173223
20
-4.0210552755905509
11
4.6197953543307086
21
-4.0211196850393698
0
LINE
8
BLACK
6
CONTINUOUS
10
4.6197953543307086
20
-4.0211196850393698
11
4.6199892913385829
21
-4.0214470866141729
0
LINE
8
BLACK
6
CONTINUOUS
10
4.6199892913385829
20
-4.0214470866141729
11
4.6304368503937008
21
-4.0438347637795271
0
LINE
8
BLACK
6
CONTINUOUS
10
4.6304368503937008
20
-4.0438347637795271
11
4.6408844881889761
21
-4.0214470472440942
0
LINE
8
BLACK
6
CONTINUOUS
10
4.6408844881889761
20
-4.0214470472440942
11
4.6410784645669292
21
-4.0211195669291335
0
LINE
8
BLACK
6
CONTINUOUS
10
4.6410784645669292
20
-4.0211195669291335
11
4.6411051181102358
21
-4.0210552755905509
0
LINE
8
BLACK
6
CONTINUOUS
10
4.6411051181102358
20
-4.0210552755905509
11
4.6411332283464564
21
-4.0210271259842516
0
LINE
8
BLACK
6
CONTINUOUS
10
4.6411332283464564
20
-4.0210271259842516
11
4.6411795275590553
21
-4.0209490157480312
0
LINE
8
BLACK
6
CONTINUOUS
10
4.6411795275590553
20
-4.0209490157480312
11
4.6415575984251971
21
-4.0206027559055117
0
LINE
8
BLACK
6
CONTINUOUS
10
4.6415575984251971
20
-4.0206027559055117
11
4.6419197637795273
21
-4.0202406299212594
0
LINE
8
BLACK
6
CONTINUOUS
10
4.6419197637795273
20
-4.0202406299212594
11
4.6419805905511806
21
-4.0202154330708657
0
LINE
8
BLACK
6
CONTINUOUS
10
4.6419805905511806
20
-4.0202154330708657
11
4.6420291732283463
21
-4.0201709448818894
0
LINE
8
BLACK
6
CONTINUOUS
10
4.6420291732283463
20
-4.0201709448818894
11
4.6425109842519685
21
-4.0199957086614173
0
LINE
8
BLACK
6
CONTINUOUS
10
4.6425109842519685
20
-4.0199957086614173
11
4.6429841732283466
21
-4.0197997244094488
0
LINE
8
BLACK
6
CONTINUOUS
10
4.6429841732283466
20
-4.0197997244094488
11
4.6430499606299209
21
-4.0197997244094488
0
LINE
8
BLACK
6
CONTINUOUS
10
4.6430499606299209
20
-4.0197997244094488
11
4.6431118897637793
21
-4.0197772047244094
0
LINE
8
BLACK
6
CONTINUOUS
10
4.6431118897637793
20
-4.0197772047244094
11
4.6436242519685038
21
-4.0197997244094488
0
LINE
8
BLACK
6
CONTINUOUS
10
4.332925236220472
20
-4.044171653543307
11
4.3339896456692912
21
-4.0446125590551176
0
LINE
8
BLACK
6
CONTINUOUS
10
4.3339896456692912
20
-4.0446125590551176
11
4.3348042913385827
21
-4.0454272047244091
0
LINE
8
BLACK
6
CONTINUOUS
10
4.3348042913385827
20
-4.0454272047244091
11
4.3352451968503933
21
-4.0464916141732283
0
LINE
8
BLACK
6
CONTINUOUS
10
4.3352451968503933
20
-4.0464916141732283
11
4.3352451968503933
21
-4.0476437401574801
0
LINE
8
BLACK
6
CONTINUOUS
10
4.3352451968503933
20
-4.0476437401574801
11
4.3348042913385827
21
-4.0487081496062993
0
LINE
8
BLACK
6
CONTINUOUS
10
4.3348042913385827
20
-4.0487081496062993
11
4.3339896456692912
21
-4.0495227952755908
0
LINE
8
BLACK
6
CONTINUOUS
10
4.3339896456692912
20
-4.0495227952755908
11
4.332925236220472
21
-4.0499637007874014
0
LINE
8
BLACK
6
CONTINUOUS
10
4.332925236220472
20
-4.0499637007874014
11
4.3323491732283461
21
-4.0500204330708662
0
LINE
8
BLACK
6
CONTINUOUS
10
4.3323491732283461
20
-4.0500204330708662
11
4.3023529527559052
21
-4.0500204330708662
0
LINE
8
BLACK
6
CONTINUOUS
10
4.3023529527559052
20
-4.0500204330708662
11
4.3017768897637794
21
-4.0499637007874014
0
LINE
8
BLACK
6
CONTINUOUS
10
4.3017768897637794
20
-4.0499637007874014
11
4.3007124803149601
21
-4.0495227952755908
0
LINE
8
BLACK
6
CONTINUOUS
10
4.3007124803149601
20
-4.0495227952755908
11
4.2998978346456695
21
-4.0487081496062993
0
LINE
8
BLACK
6
CONTINUOUS
10
4.2998978346456695
20
-4.0487081496062993
11
4.299456929133858
21
-4.0476437401574801
0
LINE
8
BLACK
6
CONTINUOUS
10
4.299456929133858
20
-4.0476437401574801
11
4.299456929133858
21
-4.0464916141732283
0
LINE
8
BLACK
6
CONTINUOUS
10
4.299456929133858
20
-4.0464916141732283
11
4.2998978346456695
21
-4.0454272047244091
0
LINE
8
BLACK
6
CONTINUOUS
10
4.2998978346456695
20
-4.0454272047244091
11
4.3007124803149601
21
-4.0446125590551176
0
LINE
8
BLACK
6
CONTINUOUS
10
4.3007124803149601
20
-4.0446125590551176
11
4.3017768897637794
21
-4.044171653543307
0
LINE
8
BLACK
6
CONTINUOUS
10
4.3017768897637794
20
-4.044171653543307
11
4.3023529527559052
21
-4.0441149212598422
0
LINE
8
BLACK
6
CONTINUOUS
10
4.3023529527559052
20
-4.0441149212598422
11
4.3323491732283461
21
-4.0441149212598422
0
LINE
8
BLACK
6
CONTINUOUS
10
4.3323491732283461
20
-4.0441149212598422
11
4.332925236220472
21
-4.044171653543307
0
LINE
8
BLACK
6
CONTINUOUS
10
4.4941550787401576
20
-4.044171653543307
11
4.495219488188976
21
-4.0446125590551176
0
LINE
8
BLACK
6
CONTINUOUS
10
4.495219488188976
20
-4.0446125590551176
11
4.4960341338582674
21
-4.0454272047244091
0
LINE
8
BLACK
6
CONTINUOUS
10
4.4960341338582674
20
-4.0454272047244091
11
4.496475039370079
21
-4.0464916141732283
0
LINE
8
BLACK
6
CONTINUOUS
10
4.496475039370079
20
-4.0464916141732283
11
4.496475039370079
21
-4.0476437401574801
0
LINE
8
BLACK
6
CONTINUOUS
10
4.496475039370079
20
-4.0476437401574801
11
4.4960341338582674
21
-4.0487081496062993
0
LINE
8
BLACK
6
CONTINUOUS
10
4.4960341338582674
20
-4.0487081496062993
11
4.495219488188976
21
-4.0495227952755908
0
LINE
8
BLACK
6
CONTINUOUS
10
4.495219488188976
20
-4.0495227952755908
11
4.4941550787401576
21
-4.0499637007874014
0
LINE
8
BLACK
6
CONTINUOUS
10
4.4941550787401576
20
-4.0499637007874014
11
4.4935790157480318
21
-4.0500204330708662
0
LINE
8
BLACK
6
CONTINUOUS
10
4.4935790157480318
20
-4.0500204330708662
11
4.4635827952755909
21
-4.0500204330708662
0
LINE
8
BLACK
6
CONTINUOUS
10
4.4635827952755909
20
-4.0500204330708662
11
4.4630067322834641
21
-4.0499637007874014
0
LINE
8
BLACK
6
CONTINUOUS
10
4.4630067322834641
20
-4.0499637007874014
11
4.4619423228346458
21
-4.0495227952755908
0
LINE
8
BLACK
6
CONTINUOUS
10
4.4619423228346458
20
-4.0495227952755908
11
4.4611276771653543
21
-4.0487081496062993
0
LINE
8
BLACK
6
CONTINUOUS
10
4.4611276771653543
20
-4.0487081496062993
11
4.4606867716535428
21
-4.0476437401574801
0
LINE
8
BLACK
6
CONTINUOUS
10
4.4606867716535428
20
-4.0476437401574801
11
4.4606867716535428
21
-4.0464916141732283
0
LINE
8
BLACK
6
CONTINUOUS
10
4.4606867716535428
20
-4.0464916141732283
11
4.4611276771653543
21
-4.0454272047244091
0
LINE
8
BLACK
6
CONTINUOUS
10
4.4611276771653543
20
-4.0454272047244091
11
4.4619423228346458
21
-4.0446125590551176
0
LINE
8
BLACK
6
CONTINUOUS
10
4.4619423228346458
20
-4.0446125590551176
11
4.4630067322834641
21
-4.044171653543307
0
LINE
8
BLACK
6
CONTINUOUS
10
4.4630067322834641
20
-4.044171653543307
11
4.4635827952755909
21
-4.0441149212598422
0
LINE
8
BLACK
6
CONTINUOUS
10
4.4635827952755909
20
-4.0441149212598422
11
4.4935790157480318
21
-4.0441149212598422
0
LINE
8
BLACK
6
CONTINUOUS
10
4.4935790157480318
20
-4.0441149212598422
11
4.4941550787401576
21
-4.044171653543307
0
LINE
8
BLACK
6
CONTINUOUS
10
4.5803942913385827
20
-4.044171653543307
11
4.581458700787401
21
-4.0446125590551176
0
LINE
8
BLACK
6
CONTINUOUS
10
4.581458700787401
20
-4.0446125590551176
11
4.5822733464566925
21
-4.0454272047244091
0
LINE
8
BLACK
6
CONTINUOUS
10
4.5822733464566925
20
-4.0454272047244091
11
4.582714251968504
21
-4.0464916141732283
0
LINE
8
BLACK
6
CONTINUOUS
10
4.582714251968504
20
-4.0464916141732283
11
4.582714251968504
21
-4.0476437401574801
0
LINE
8
BLACK
6
CONTINUOUS
10
4.582714251968504
20
-4.0476437401574801
11
4.5822733464566925
21
-4.0487081496062993
0
LINE
8
BLACK
6
CONTINUOUS
10
4.5822733464566925
20
-4.0487081496062993
11
4.581458700787401
21
-4.0495227952755908
0
LINE
8
BLACK
6
CONTINUOUS
10
4.581458700787401
20
-4.0495227952755908
11
4.5803942913385827
21
-4.0499637007874014
0
LINE
8
BLACK
6
CONTINUOUS
10
4.5803942913385827
20
-4.0499637007874014
11
4.5798182283464568
21
-4.0500204330708662
0
LINE
8
BLACK
6
CONTINUOUS
10
4.5798182283464568
20
-4.0500204330708662
11
4.5498220078740159
21
-4.0500204330708662
0
LINE
8
BLACK
6
CONTINUOUS
10
4.5498220078740159
20
-4.0500204330708662
11
4.54924594488189
21
-4.0499637007874014
0
LINE
8
BLACK
6
CONTINUOUS
10
4.54924594488189
20
-4.0499637007874014
11
4.5481815354330708
21
-4.0495227952755908
0
LINE
8
BLACK
6
CONTINUOUS
10
4.5481815354330708
20
-4.0495227952755908
11
4.5473668897637793
21
-4.0487081496062993
0
LINE
8
BLACK
6
CONTINUOUS
10
4.5473668897637793
20
-4.0487081496062993
11
4.5469259842519687
21
-4.0476437401574801
0
LINE
8
BLACK
6
CONTINUOUS
10
4.5469259842519687
20
-4.0476437401574801
11
4.5469259842519687
21
-4.0464916141732283
0
LINE
8
BLACK
6
CONTINUOUS
10
4.5469259842519687
20
-4.0464916141732283
11
4.5473668897637793
21
-4.0454272047244091
0
LINE
8
BLACK
6
CONTINUOUS
10
4.5473668897637793
20
-4.0454272047244091
11
4.5481815354330708
21
-4.0446125590551176
0
LINE
8
BLACK
6
CONTINUOUS
10
4.5481815354330708
20
-4.0446125590551176
11
4.54924594488189
21
-4.044171653543307
0
LINE
8
BLACK
6
CONTINUOUS
10
4.54924594488189
20
-4.044171653543307
11
4.5498220078740159
21
-4.0441149212598422
0
LINE
8
BLACK
6
CONTINUOUS
10
4.5498220078740159
20
-4.0441149212598422
11
4.5798182283464568
21
-4.0441149212598422
0
LINE
8
BLACK
6
CONTINUOUS
10
4.5798182283464568
20
-4.0441149212598422
11
4.5803942913385827
21
-4.044171653543307
0
LINE
8
BLACK
6
CONTINUOUS
10
5.1372740551181098
20
-3.4724472047244093
11
5.1383394094488191
21
-3.4735125590551181
0
LINE
8
BLACK
6
CONTINUOUS
10
5.1383394094488191
20
-3.4735125590551181
11
5.1384892519685037
21
-3.4742658661417321
0
LINE
8
BLACK
6
CONTINUOUS
10
5.1384892519685037
20
-3.4742658661417321
11
5.1384892519685037
21
-4.7341083858267714
0
LINE
8
BLACK
6
CONTINUOUS
10
5.1384892519685037
20
-4.7341083858267714
11
5.1383394094488191
21
-4.7348616929133858
0
LINE
8
BLACK
6
CONTINUOUS
10
5.1383394094488191
20
-4.7348616929133858
11
5.1372740551181098
21
-4.7359270472440942
0
LINE
8
BLACK
6
CONTINUOUS
10
5.1372740551181098
20
-4.7359270472440942
11
5.1365207480314963
21
-4.7360768897637797
0
LINE
8
BLACK
6
CONTINUOUS
10
5.1365207480314963
20
-4.7360768897637797
11
3.8766782283464565
21
-4.7360768897637797
0
LINE
8
BLACK
6
CONTINUOUS
10
3.8766782283464565
20
-4.7360768897637797
11
3.8759249212598426
21
-4.7359270472440942
0
LINE
8
BLACK
6
CONTINUOUS
10
3.8759249212598426
20
-4.7359270472440942
11
3.8748595669291337
21
-4.7348616929133858
0
LINE
8
BLACK
6
CONTINUOUS
10
3.8748595669291337
20
-4.7348616929133858
11
3.8747097244094486
21
-4.7341083858267714
0
LINE
8
BLACK
6
CONTINUOUS
10
3.8747097244094486
20
-4.7341083858267714
11
3.8747097244094486
21
-3.4742658661417321
0
LINE
8
BLACK
6
CONTINUOUS
10
3.8747097244094486
20
-3.4742658661417321
11
3.8748595669291337
21
-3.4735125590551181
0
LINE
8
BLACK
6
CONTINUOUS
10
3.8748595669291337
20
-3.4735125590551181
11
3.8759249212598426
21
-3.4724472047244093
0
LINE
8
BLACK
6
CONTINUOUS
10
3.8759249212598426
20
-3.4724472047244093
11
3.8766782283464565
21
-3.4722973622047242
0
LINE
8
BLACK
6
CONTINUOUS
10
3.8766782283464565
20
-3.4722973622047242
11
5.1365207480314963
21
-3.4722973622047242
0
LINE
8
BLACK
6
CONTINUOUS
10
5.1365207480314963
20
-3.4722973622047242
11
5.1372740551181098
21
-3.4724472047244093
0
LINE
8
BLACK
6
CONTINUOUS
10
3.8786467322834643
20
-3.4762343700787399
11
3.8786467322834643
21
-4.732139881889764
0
LINE
8
BLACK
6
CONTINUOUS
10
3.8786467322834643
20
-4.732139881889764
11
5.134552244094488
21
-4.732139881889764
0
LINE
8
BLACK
6
CONTINUOUS
10
5.134552244094488
20
-4.732139881889764
11
5.134552244094488
21
-3.4762343700787399
0
LINE
8
BLACK
6
CONTINUOUS
10
5.134552244094488
20
-3.4762343700787399
11
3.8786467322834643
21
-3.4762343700787399
0
LINE
8
BLACK
6
CONTINUOUS
10
5.9224553937007869
20
-4.5101424015748028
11
5.9226513779527554
21
-4.5102235826771651
0
LINE
8
BLACK
6
CONTINUOUS
10
5.9226513779527554
20
-4.5102235826771651
11
5.9228630314960631
21
-4.5102386220472441
0
LINE
8
BLACK
6
CONTINUOUS
10
5.9228630314960631
20
-4.5102386220472441
11
5.9239442913385822
21
-4.5106524015748031
0
LINE
8
BLACK
6
CONTINUOUS
10
5.9239442913385822
20
-4.5106524015748031
11
5.9288186220472436
21
-4.5130895669291338
0
LINE
8
BLACK
6
CONTINUOUS
10
5.9288186220472436
20
-4.5130895669291338
11
5.9293144094488186
21
-4.5134016141732278
0
LINE
8
BLACK
6
CONTINUOUS
10
5.9293144094488186
20
-4.5134016141732278
11
5.9294585433070868
21
-4.513461338582677
0
LINE
8
BLACK
6
CONTINUOUS
10
5.9294585433070868
20
-4.513461338582677
11
5.9296206692913387
21
-4.5135944094488192
0
LINE
8
BLACK
6
CONTINUOUS
10
5.9296206692913387
20
-4.5135944094488192
11
5.9297983858267713
21
-4.5137062598425199
0
LINE
8
BLACK
6
CONTINUOUS
10
5.9297983858267713
20
-4.5137062598425199
11
5.92990062992126
21
-4.5138241338582672
0
LINE
8
BLACK
6
CONTINUOUS
10
5.92990062992126
20
-4.5138241338582672
11
5.9303534645669291
21
-4.514195787401575
0
LINE
8
BLACK
6
CONTINUOUS
10
5.9303534645669291
20
-4.514195787401575
11
5.9327906692913386
21
-4.5166329921259845
0
LINE
8
BLACK
6
CONTINUOUS
10
5.9327906692913386
20
-4.5166329921259845
11
5.9331622834645668
21
-4.5170857874015748
0
LINE
8
BLACK
6
CONTINUOUS
10
5.9331622834645668
20
-4.5170857874015748
11
5.9332801574803149
21
-4.5171880314960626
0
LINE
8
BLACK
6
CONTINUOUS
10
5.9332801574803149
20
-4.5171880314960626
11
5.9333919685039369
21
-4.5173657086614174
0
LINE
8
BLACK
6
CONTINUOUS
10
5.9333919685039369
20
-4.5173657086614174
11
5.9335251181102358
21
-4.5175279133858268
0
LINE
8
BLACK
6
CONTINUOUS
10
5.9335251181102358
20
-4.5175279133858268
11
5.9335847637795274
21
-4.5176719685039366
0
LINE
8
BLACK
6
CONTINUOUS
10
5.9335847637795274
20
-4.5176719685039366
11
5.9338968897637798
21
-4.5181677952755903
0
LINE
8
BLACK
6
CONTINUOUS
10
5.9338968897637798
20
-4.5181677952755903
11
5.9363340944881893
21
-4.5230422047244092
0
LINE
8
BLACK
6
CONTINUOUS
10
5.9363340944881893
20
-4.5230422047244092
11
5.9367478740157482
21
-4.5241234645669293
0
LINE
8
BLACK
6
CONTINUOUS
10
5.9367478740157482
20
-4.5241234645669293
11
5.9367628740157476
21
-4.5243350787401573
0
LINE
8
BLACK
6
CONTINUOUS
10
5.9367628740157476
20
-4.5243350787401573
11
5.9368440944881886
21
-4.5245311023622046
0
LINE
8
BLACK
6
CONTINUOUS
10
5.9368440944881886
20
-4.5245311023622046
11
5.9369575590551182
21
-4.5256832283464563
0
LINE
8
BLACK
6
CONTINUOUS
10
5.9369575590551182
20
-4.5256832283464563
11
5.9369575590551182
21
-4.5451807874015744
0
LINE
8
BLACK
6
CONTINUOUS
10
5.9369575590551182
20
-4.5451807874015744
11
5.9368440944881886
21
-4.546332913385827
0
LINE
8
BLACK
6
CONTINUOUS
10
5.9368440944881886
20
-4.546332913385827
11
5.9359622834645664
21
-4.5484617322834646
0
LINE
8
BLACK
6
CONTINUOUS
10
5.9359622834645664
20
-4.5484617322834646
11
5.9343329921259844
21
-4.5500910236220475
0
LINE
8
BLACK
6
CONTINUOUS
10
5.9343329921259844
20
-4.5500910236220475
11
5.9322041732283459
21
-4.5509728346456688
0
LINE
8
BLACK
6
CONTINUOUS
10
5.9322041732283459
20
-4.5509728346456688
11
5.9310520472440942
21
-4.5510862992125984
0
LINE
8
BLACK
6
CONTINUOUS
10
5.9310520472440942
20
-4.5510862992125984
11
5.8798709448818895
21
-4.5510862992125984
0
LINE
8
BLACK
6
CONTINUOUS
10
5.8798709448818895
20
-4.5510862992125984
11
5.8787188188976378
21
-4.5509728346456688
0
LINE
8
BLACK
6
CONTINUOUS
10
5.8787188188976378
20
-4.5509728346456688
11
5.8765900000000002
21
-4.5500910236220475
0
LINE
8
BLACK
6
CONTINUOUS
10
5.8765900000000002
20
-4.5500910236220475
11
5.8749607086614173
21
-4.5484617322834646
0
LINE
8
BLACK
6
CONTINUOUS
10
5.8749607086614173
20
-4.5484617322834646
11
5.8740788976377951
21
-4.546332913385827
0
LINE
8
BLACK
6
CONTINUOUS
10
5.8740788976377951
20
-4.546332913385827
11
5.8740788976377951
21
-4.5440286614173226
0
LINE
8
BLACK
6
CONTINUOUS
10
5.8740788976377951
20
-4.5440286614173226
11
5.8749607086614173
21
-4.541899842519685
0
LINE
8
BLACK
6
CONTINUOUS
10
5.8749607086614173
20
-4.541899842519685
11
5.8765900000000002
21
-4.5402705511811021
0
LINE
8
BLACK
6
CONTINUOUS
10
5.8765900000000002
20
-4.5402705511811021
11
5.8787188188976378
21
-4.53938874015748
0
LINE
8
BLACK
6
CONTINUOUS
10
5.8787188188976378
20
-4.53938874015748
11
5.8798709448818895
21
-4.5392752755905512
0
LINE
8
BLACK
6
CONTINUOUS
10
5.8798709448818895
20
-4.5392752755905512
11
5.8983373622047246
21
-4.5392752755905512
0
LINE
8
BLACK
6
CONTINUOUS
10
5.8983373622047246
20
-4.5392752755905512
11
5.8983373622047246
21
-4.5256832283464563
0
LINE
8
BLACK
6
CONTINUOUS
10
5.8983373622047246
20
-4.5256832283464563
11
5.8984508267716533
21
-4.5245311023622046
0
LINE
8
BLACK
6
CONTINUOUS
10
5.8984508267716533
20
-4.5245311023622046
11
5.8985319685039368
21
-4.524335118110236
0
LINE
8
BLACK
6
CONTINUOUS
10
5.8985319685039368
20
-4.524335118110236
11
5.8985470472440946
21
-4.5241234251968505
0
LINE
8
BLACK
6
CONTINUOUS
10
5.8985470472440946
20
-4.5241234251968505
11
5.8989608267716536
21
-4.5230422047244092
0
LINE
8
BLACK
6
CONTINUOUS
10
5.8989608267716536
20
-4.5230422047244092
11
5.901398031496063
21
-4.5181677952755903
0
LINE
8
BLACK
6
CONTINUOUS
10
5.901398031496063
20
-4.5181677952755903
11
5.9017101181102358
21
-4.5176719685039366
0
LINE
8
BLACK
6
CONTINUOUS
10
5.9017101181102358
20
-4.5176719685039366
11
5.9017698031496062
21
-4.5175279133858268
0
LINE
8
BLACK
6
CONTINUOUS
10
5.9017698031496062
20
-4.5175279133858268
11
5.9019029133858263
21
-4.5173657086614174
0
LINE
8
BLACK
6
CONTINUOUS
10
5.9019029133858263
20
-4.5173657086614174
11
5.9020147637795271
21
-4.5171880314960626
0
LINE
8
BLACK
6
CONTINUOUS
10
5.9020147637795271
20
-4.5171880314960626
11
5.9021326377952752
21
-4.5170857874015748
0
LINE
8
BLACK
6
CONTINUOUS
10
5.9021326377952752
20
-4.5170857874015748
11
5.9025042519685034
21
-4.5166329921259845
0
LINE
8
BLACK
6
CONTINUOUS
10
5.9025042519685034
20
-4.5166329921259845
11
5.9049414566929128
21
-4.514195787401575
0
LINE
8
BLACK
6
CONTINUOUS
10
5.9049414566929128
20
-4.514195787401575
11
5.9053943700787404
21
-4.5138240551181097
0
LINE
8
BLACK
6
CONTINUOUS
10
5.9053943700787404
20
-4.5138240551181097
11
5.9054965354330706
21
-4.5137062992125987
0
LINE
8
BLACK
6
CONTINUOUS
10
5.9054965354330706
20
-4.5137062992125987
11
5.9056740551181104
21
-4.5135945275590554
0
LINE
8
BLACK
6
CONTINUOUS
10
5.9056740551181104
20
-4.5135945275590554
11
5.9058363779527561
21
-4.513461338582677
0
LINE
8
BLACK
6
CONTINUOUS
10
5.9058363779527561
20
-4.513461338582677
11
5.9059805118110233
21
-4.5134016141732278
0
LINE
8
BLACK
6
CONTINUOUS
10
5.9059805118110233
20
-4.5134016141732278
11
5.9064762598425196
21
-4.5130895669291338
0
LINE
8
BLACK
6
CONTINUOUS
10
5.9064762598425196
20
-4.5130895669291338
11
5.9113506299212597
21
-4.5106524015748031
0
LINE
8
BLACK
6
CONTINUOUS
10
5.9113506299212597
20
-4.5106524015748031
11
5.912431850393701
21
-4.5102386220472441
0
LINE
8
BLACK
6
CONTINUOUS
10
5.912431850393701
20
-4.5102386220472441
11
5.9126435433070865
21
-4.5102235433070863
0
LINE
8
BLACK
6
CONTINUOUS
10
5.9126435433070865
20
-4.5102235433070863
11
5.9128395275590551
21
-4.5101424015748028
0
LINE
8
BLACK
6
CONTINUOUS
10
5.9128395275590551
20
-4.5101424015748028
11
5.9139916535433068
21
-4.5100289370078741
0
LINE
8
BLACK
6
CONTINUOUS
10
5.9139916535433068
20
-4.5100289370078741
11
5.9213032677165351
21
-4.5100289370078741
0
LINE
8
BLACK
6
CONTINUOUS
10
5.9213032677165351
20
-4.5100289370078741
11
5.9224553937007869
21
-4.5101424015748028
0
LINE
8
BLACK
6
CONTINUOUS
10
5.9126154724409448
20
-4.5232250787401576
11
5.9115335433070868
21
-4.5243070078740155
0
LINE
8
BLACK
6
CONTINUOUS
10
5.9115335433070868
20
-4.5243070078740155
11
5.9101483858267718
21
-4.5270773228346455
0
LINE
8
BLACK
6
CONTINUOUS
10
5.9101483858267718
20
-4.5270773228346455
11
5.9101483858267718
21
-4.5392752755905512
0
LINE
8
BLACK
6
CONTINUOUS
10
5.9101483858267718
20
-4.5392752755905512
11
5.925146535433071
21
-4.5392752755905512
0
LINE
8
BLACK
6
CONTINUOUS
10
5.925146535433071
20
-4.5392752755905512
11
5.925146535433071
21
-4.5270773228346455
0
LINE
8
BLACK
6
CONTINUOUS
10
5.925146535433071
20
-4.5270773228346455
11
5.923761377952756
21
-4.5243070078740155
0
LINE
8
BLACK
6
CONTINUOUS
10
5.923761377952756
20
-4.5243070078740155
11
5.9226794488188972
21
-4.5232250787401576
0
LINE
8
BLACK
6
CONTINUOUS
10
5.9226794488188972
20
-4.5232250787401576
11
5.919909173228346
21
-4.5218399606299213
0
LINE
8
BLACK
6
CONTINUOUS
10
5.919909173228346
20
-4.5218399606299213
11
5.9153857086614172
21
-4.5218399606299213
0
LINE
8
BLACK
6
CONTINUOUS
10
5.9153857086614172
20
-4.5218399606299213
11
5.9126154724409448
21
-4.5232250787401576
0
LINE
8
BLACK
6
CONTINUOUS
10
6.0208806299212601
20
-4.5077051968503934
11
6.0210766141732286
21
-4.5077863779527556
0
LINE
8
BLACK
6
CONTINUOUS
10
6.0210766141732286
20
-4.5077863779527556
11
6.0212882677165354
21
-4.5078014173228347
0
LINE
8
BLACK
6
CONTINUOUS
10
6.0212882677165354
20
-4.5078014173228347
11
6.0223695275590554
21
-4.5082151968503936
0
LINE
8
BLACK
6
CONTINUOUS
10
6.0223695275590554
20
-4.5082151968503936
11
6.0272438582677168
21
-4.5106523622047243
0
LINE
8
BLACK
6
CONTINUOUS
10
6.0272438582677168
20
-4.5106523622047243
11
6.0277396456692909
21
-4.5109644094488184
0
LINE
8
BLACK
6
CONTINUOUS
10
6.0277396456692909
20
-4.5109644094488184
11
6.027883779527559
21
-4.5110241338582675
0
LINE
8
BLACK
6
CONTINUOUS
10
6.027883779527559
20
-4.5110241338582675
11
6.028045905511811
21
-4.5111572047244097
0
LINE
8
BLACK
6
CONTINUOUS
10
6.028045905511811
20
-4.5111572047244097
11
6.0282236220472436
21
-4.5112690551181105
0
LINE
8
BLACK
6
CONTINUOUS
10
6.0282236220472436
20
-4.5112690551181105
11
6.0283258661417323
21
-4.5113869291338577
0
LINE
8
BLACK
6
CONTINUOUS
10
6.0283258661417323
20
-4.5113869291338577
11
6.0287787007874014
21
-4.5117585826771656
0
LINE
8
BLACK
6
CONTINUOUS
10
6.0287787007874014
20
-4.5117585826771656
11
6.0312159055118109
21
-4.514195787401575
0
LINE
8
BLACK
6
CONTINUOUS
10
6.0312159055118109
20
-4.514195787401575
11
6.031587519685039
21
-4.5146485826771654
0
LINE
8
BLACK
6
CONTINUOUS
10
6.031587519685039
20
-4.5146485826771654
11
6.0317053937007872
21
-4.5147508267716532
0
LINE
8
BLACK
6
CONTINUOUS
10
6.0317053937007872
20
-4.5147508267716532
11
6.0318172047244092
21
-4.514928503937008
0
LINE
8
BLACK
6
CONTINUOUS
10
6.0318172047244092
20
-4.514928503937008
11
6.0319503543307089
21
-4.5150907086614174
0
LINE
8
BLACK
6
CONTINUOUS
10
6.0319503543307089
20
-4.5150907086614174
11
6.0320099999999996
21
-4.5152347637795271
0
LINE
8
BLACK
6
CONTINUOUS
10
6.0320099999999996
20
-4.5152347637795271
11
6.0323221259842521
21
-4.5157305905511809
0
LINE
8
BLACK
6
CONTINUOUS
10
6.0323221259842521
20
-4.5157305905511809
11
6.0347593307086616
21
-4.5206049999999998
0
LINE
8
BLACK
6
CONTINUOUS
10
6.0347593307086616
20
-4.5206049999999998
11
6.0351731102362205
21
-4.5216862598425198
0
LINE
8
BLACK
6
CONTINUOUS
10
6.0351731102362205
20
-4.5216862598425198
11
6.0351881102362199
21
-4.5218978740157478
0
LINE
8
BLACK
6
CONTINUOUS
10
6.0351881102362199
20
-4.5218978740157478
11
6.0352693307086609
21
-4.5220938976377951
0
LINE
8
BLACK
6
CONTINUOUS
10
6.0352693307086609
20
-4.5220938976377951
11
6.0353827952755905
21
-4.5232460236220469
0
LINE
8
BLACK
6
CONTINUOUS
10
6.0353827952755905
20
-4.5232460236220469
11
6.0353827952755905
21
-4.5427435826771649
0
LINE
8
BLACK
6
CONTINUOUS
10
6.0353827952755905
20
-4.5427435826771649
11
6.0352693307086609
21
-4.5438957086614176
0
LINE
8
BLACK
6
CONTINUOUS
10
6.0352693307086609
20
-4.5438957086614176
11
6.0343875196850396
21
-4.5460245275590552
0
LINE
8
BLACK
6
CONTINUOUS
10
6.0343875196850396
20
-4.5460245275590552
11
6.0327582283464567
21
-4.5476538188976381
0
LINE
8
BLACK
6
CONTINUOUS
10
6.0327582283464567
20
-4.5476538188976381
11
6.0306294094488191
21
-4.5485356299212594
0
LINE
8
BLACK
6
CONTINUOUS
10
6.0306294094488191
20
-4.5485356299212594
11
6.0294772834645665
21
-4.548649094488189
0
LINE
8
BLACK
6
CONTINUOUS
10
6.0294772834645665
20
-4.548649094488189
11
5.9782961811023618
21
-4.548649094488189
0
LINE
8
BLACK
6
CONTINUOUS
10
5.9782961811023618
20
-4.548649094488189
11
5.9771440551181101
21
-4.5485356299212594
0
LINE
8
BLACK
6
CONTINUOUS
10
5.9771440551181101
20
-4.5485356299212594
11
5.9750152362204725
21
-4.5476538188976381
0
LINE
8
BLACK
6
CONTINUOUS
10
5.9750152362204725
20
-4.5476538188976381
11
5.9733859448818896
21
-4.5460245275590552
0
LINE
8
BLACK
6
CONTINUOUS
10
5.9733859448818896
20
-4.5460245275590552
11
5.9725041338582674
21
-4.5438957086614176
0
LINE
8
BLACK
6
CONTINUOUS
10
5.9725041338582674
20
-4.5438957086614176
11
5.9725041338582674
21
-4.5415914566929132
0
LINE
8
BLACK
6
CONTINUOUS
10
5.9725041338582674
20
-4.5415914566929132
11
5.9733859448818896
21
-4.5394626377952756
0
LINE
8
BLACK
6
CONTINUOUS
10
5.9733859448818896
20
-4.5394626377952756
11
5.9750152362204725
21
-4.5378333464566927
0
LINE
8
BLACK
6
CONTINUOUS
10
5.9750152362204725
20
-4.5378333464566927
11
5.9771440551181101
21
-4.5369515354330705
0
LINE
8
BLACK
6
CONTINUOUS
10
5.9771440551181101
20
-4.5369515354330705
11
5.9782961811023618
21
-4.5368380708661418
0
LINE
8
BLACK
6
CONTINUOUS
10
5.9782961811023618
20
-4.5368380708661418
11
5.9967625984251969
21
-4.5368380708661418
0
LINE
8
BLACK
6
CONTINUOUS
10
5.9967625984251969
20
-4.5368380708661418
11
5.9967625984251969
21
-4.5336323228346451
0
LINE
8
BLACK
6
CONTINUOUS
10
5.9967625984251969
20
-4.5336323228346451
11
5.9749096062992129
21
-4.5183352362204721
0
LINE
8
BLACK
6
CONTINUOUS
10
5.9749096062992129
20
-4.5183352362204721
11
5.974030787401575
21
-4.5175815748031498
0
LINE
8
BLACK
6
CONTINUOUS
10
5.974030787401575
20
-4.5175815748031498
11
5.9727924803149604
21
-4.5156383858267715
0
LINE
8
BLACK
6
CONTINUOUS
10
5.9727924803149604
20
-4.5156383858267715
11
5.9723920472440941
21
-4.5133692519685038
0
LINE
8
BLACK
6
CONTINUOUS
10
5.9723920472440941
20
-4.5133692519685038
11
5.9728904330708659
21
-4.5111195669291337
0
LINE
8
BLACK
6
CONTINUOUS
10
5.9728904330708659
20
-4.5111195669291337
11
5.9742118503937007
21
-4.509231850393701
0
LINE
8
BLACK
6
CONTINUOUS
10
5.9742118503937007
20
-4.509231850393701
11
5.9761550393700782
21
-4.5079935433070863
0
LINE
8
BLACK
6
CONTINUOUS
10
5.9761550393700782
20
-4.5079935433070863
11
5.9784241732283467
21
-4.5075931102362201
0
LINE
8
BLACK
6
CONTINUOUS
10
5.9784241732283467
20
-4.5075931102362201
11
5.9806738582677168
21
-4.5080914960629919
0
LINE
8
BLACK
6
CONTINUOUS
10
5.9806738582677168
20
-4.5080914960629919
11
5.9816827559055117
21
-4.5086592519685036
0
LINE
8
BLACK
6
CONTINUOUS
10
5.9816827559055117
20
-4.5086592519685036
11
5.9977391732283465
21
-4.5198987401574806
0
LINE
8
BLACK
6
CONTINUOUS
10
5.9977391732283465
20
-4.5198987401574806
11
5.9998232677165353
21
-4.5157305905511809
0
LINE
8
BLACK
6
CONTINUOUS
10
5.9998232677165353
20
-4.5157305905511809
11
6.0001353543307081
21
-4.5152347637795271
0
LINE
8
BLACK
6
CONTINUOUS
10
6.0001353543307081
20
-4.5152347637795271
11
6.0001950393700785
21
-4.5150907086614174
0
LINE
8
BLACK
6
CONTINUOUS
10
6.0001950393700785
20
-4.5150907086614174
11
6.0003281496062995
21
-4.514928503937008
0
LINE
8
BLACK
6
CONTINUOUS
10
6.0003281496062995
20
-4.514928503937008
11
6.0004400000000002
21
-4.5147508267716532
0
LINE
8
BLACK
6
CONTINUOUS
10
6.0004400000000002
20
-4.5147508267716532
11
6.0005578740157475
21
-4.5146485826771654
0
LINE
8
BLACK
6
CONTINUOUS
10
6.0005578740157475
20
-4.5146485826771654
11
6.0009294881889765
21
-4.514195787401575
0
LINE
8
BLACK
6
CONTINUOUS
10
6.0009294881889765
20
-4.514195787401575
11
6.003366692913386
21
-4.5117585826771656
0
LINE
8
BLACK
6
CONTINUOUS
10
6.003366692913386
20
-4.5117585826771656
11
6.0038196062992126
21
-4.5113868503937002
0
LINE
8
BLACK
6
CONTINUOUS
10
6.0038196062992126
20
-4.5113868503937002
11
6.0039217716535429
21
-4.5112690944881892
0
LINE
8
BLACK
6
CONTINUOUS
10
6.0039217716535429
20
-4.5112690944881892
11
6.0040992913385827
21
-4.511157322834646
0
LINE
8
BLACK
6
CONTINUOUS
10
6.0040992913385827
20
-4.511157322834646
11
6.0042616141732283
21
-4.5110241338582675
0
LINE
8
BLACK
6
CONTINUOUS
10
6.0042616141732283
20
-4.5110241338582675
11
6.0044057480314956
21
-4.5109644094488184
0
LINE
8
BLACK
6
CONTINUOUS
10
6.0044057480314956
20
-4.5109644094488184
11
6.0049014960629918
21
-4.5106523622047243
0
LINE
8
BLACK
6
CONTINUOUS
10
6.0049014960629918
20
-4.5106523622047243
11
6.009775866141732
21
-4.5082151968503936
0
LINE
8
BLACK
6
CONTINUOUS
10
6.009775866141732
20
-4.5082151968503936
11
6.0108570866141733
21
-4.5078014173228347
0
LINE
8
BLACK
6
CONTINUOUS
10
6.0108570866141733
20
-4.5078014173228347
11
6.0110687795275588
21
-4.5077863385826769
0
LINE
8
BLACK
6
CONTINUOUS
10
6.0110687795275588
20
-4.5077863385826769
11
6.0112647637795273
21
-4.5077051968503934
0
LINE
8
BLACK
6
CONTINUOUS
10
6.0112647637795273
20
-4.5077051968503934
11
6.0124168897637791
21
-4.5075917322834647
0
LINE
8
BLACK
6
CONTINUOUS
10
6.0124168897637791
20
-4.5075917322834647
11
6.0197285039370074
21
-4.5075917322834647
0
LINE
8
BLACK
6
CONTINUOUS
10
6.0197285039370074
20
-4.5075917322834647
11
6.0208806299212601
21
-4.5077051968503934
0
LINE
8
BLACK
6
CONTINUOUS
10
6.011040708661417
20
-4.5207878740157481
11
6.0099587795275591
21
-4.5218698031496061
0
LINE
8
BLACK
6
CONTINUOUS
10
6.0099587795275591
20
-4.5218698031496061
11
6.0085736220472441
21
-4.524640118110236
0
LINE
8
BLACK
6
CONTINUOUS
10
6.0085736220472441
20
-4.524640118110236
11
6.0085736220472441
21
-4.5368380708661418
0
LINE
8
BLACK
6
CONTINUOUS
10
6.0085736220472441
20
-4.5368380708661418
11
6.0235717716535433
21
-4.5368380708661418
0
LINE
8
BLACK
6
CONTINUOUS
10
6.0235717716535433
20
-4.5368380708661418
11
6.0235717716535433
21
-4.524640118110236
0
LINE
8
BLACK
6
CONTINUOUS
10
6.0235717716535433
20
-4.524640118110236
11
6.0221866141732283
21
-4.5218698031496061
0
LINE
8
BLACK
6
CONTINUOUS
10
6.0221866141732283
20
-4.5218698031496061
11
6.0211046850393704
21
-4.5207878740157481
0
LINE
8
BLACK
6
CONTINUOUS
10
6.0211046850393704
20
-4.5207878740157481
11
6.0183344094488191
21
-4.5194027559055119
0
LINE
8
BLACK
6
CONTINUOUS
10
6.0183344094488191
20
-4.5194027559055119
11
6.0138109448818895
21
-4.5194027559055119
0
LINE
8
BLACK
6
CONTINUOUS
10
6.0138109448818895
20
-4.5194027559055119
11
6.011040708661417
21
-4.5207878740157481
0
LINE
8
BLACK
6
CONTINUOUS
10
5.9029578346456688
20
-4.4102173622047243
11
5.9031538976377949
21
-4.4102985826771652
0
LINE
8
BLACK
6
CONTINUOUS
10
5.9031538976377949
20
-4.4102985826771652
11
5.9033655118110238
21
-4.4103136220472443
0
LINE
8
BLACK
6
CONTINUOUS
10
5.9033655118110238
20
-4.4103136220472443
11
5.9044467322834642
21
-4.4107273622047245
0
LINE
8
BLACK
6
CONTINUOUS
10
5.9044467322834642
20
-4.4107273622047245
11
5.9093211417322831
21
-4.4131645669291339
0
LINE
8
BLACK
6
CONTINUOUS
10
5.9093211417322831
20
-4.4131645669291339
11
5.909816929133858
21
-4.4134766535433068
0
LINE
8
BLACK
6
CONTINUOUS
10
5.909816929133858
20
-4.4134766535433068
11
5.9099609842519687
21
-4.4135363385826771
0
LINE
8
BLACK
6
CONTINUOUS
10
5.9099609842519687
20
-4.4135363385826771
11
5.9101231496062994
21
-4.4136694094488185
0
LINE
8
BLACK
6
CONTINUOUS
10
5.9101231496062994
20
-4.4136694094488185
11
5.910300866141732
21
-4.413781299212598
0
LINE
8
BLACK
6
CONTINUOUS
10
5.910300866141732
20
-4.413781299212598
11
5.9104030708661419
21
-4.4138991338582674
0
LINE
8
BLACK
6
CONTINUOUS
10
5.9104030708661419
20
-4.4138991338582674
11
5.9108559055118111
21
-4.4142707874015743
0
LINE
8
BLACK
6
CONTINUOUS
10
5.9108559055118111
20
-4.4142707874015743
11
5.9132931102362205
21
-4.4167079921259838
0
LINE
8
BLACK
6
CONTINUOUS
10
5.9132931102362205
20
-4.4167079921259838
11
5.9136646850393699
21
-4.417160787401575
0
LINE
8
BLACK
6
CONTINUOUS
10
5.9136646850393699
20
-4.417160787401575
11
5.9137825984251968
21
-4.4172630314960628
0
LINE
8
BLACK
6
CONTINUOUS
10
5.9137825984251968
20
-4.4172630314960628
11
5.9138944094488188
21
-4.4174407086614176
0
LINE
8
BLACK
6
CONTINUOUS
10
5.9138944094488188
20
-4.4174407086614176
11
5.9140275590551177
21
-4.417602913385827
0
LINE
8
BLACK
6
CONTINUOUS
10
5.9140275590551177
20
-4.417602913385827
11
5.9140872047244093
21
-4.4177469685039368
0
LINE
8
BLACK
6
CONTINUOUS
10
5.9140872047244093
20
-4.4177469685039368
11
5.9143993307086609
21
-4.4182427952755905
0
LINE
8
BLACK
6
CONTINUOUS
10
5.9143993307086609
20
-4.4182427952755905
11
5.9159612992125981
21
-4.4213667322834649
0
LINE
8
BLACK
6
CONTINUOUS
10
5.9159612992125981
20
-4.4213667322834649
11
5.9271632283464566
21
-4.411565078740157
0
LINE
8
BLACK
6
CONTINUOUS
10
5.9271632283464566
20
-4.411565078740157
11
5.9276612204724408
21
-4.4112090157480317
0
LINE
8
BLACK
6
CONTINUOUS
10
5.9276612204724408
20
-4.4112090157480317
11
5.9277711023622048
21
-4.4110991732283464
0
LINE
8
BLACK
6
CONTINUOUS
10
5.9277711023622048
20
-4.4110991732283464
11
5.927875196850394
21
-4.4110560236220469
0
LINE
8
BLACK
6
CONTINUOUS
10
5.927875196850394
20
-4.4110560236220469
11
5.9281049999999995
21
-4.4108917716535432
0
LINE
8
BLACK
6
CONTINUOUS
10
5.9281049999999995
20
-4.4108917716535432
11
5.9290136220472442
21
-4.4105844488188977
0
LINE
8
BLACK
6
CONTINUOUS
10
5.9290136220472442
20
-4.4105844488188977
11
5.9298999212598424
21
-4.4102173622047243
0
LINE
8
BLACK
6
CONTINUOUS
10
5.9298999212598424
20
-4.4102173622047243
11
5.9300992125984253
21
-4.4102173622047243
0
LINE
8
BLACK
6
CONTINUOUS
10
5.9300992125984253
20
-4.4102173622047243
11
5.9302877952755901
21
-4.4101535826771654
0
LINE
8
BLACK
6
CONTINUOUS
10
5.9302877952755901
20
-4.4101535826771654
11
5.9312444881889759
21
-4.4102173622047243
0
LINE
8
BLACK
6
CONTINUOUS
10
5.9312444881889759
20
-4.4102173622047243
11
5.9322041732283459
21
-4.4102173622047243
0
LINE
8
BLACK
6
CONTINUOUS
10
5.9322041732283459
20
-4.4102173622047243
11
5.9323882283464568
21
-4.4102935826771654
0
LINE
8
BLACK
6
CONTINUOUS
10
5.9323882283464568
20
-4.4102935826771654
11
5.9325868503937009
21
-4.4103068503937006
0
LINE
8
BLACK
6
CONTINUOUS
10
5.9325868503937009
20
-4.4103068503937006
11
5.9334464960629916
21
-4.4107319685039368
0
LINE
8
BLACK
6
CONTINUOUS
10
5.9334464960629916
20
-4.4107319685039368
11
5.9343329921259844
21
-4.4110991732283464
0
LINE
8
BLACK
6
CONTINUOUS
10
5.9343329921259844
20
-4.4110991732283464
11
5.9344737795275586
21
-4.4112399606299215
0
LINE
8
BLACK
6
CONTINUOUS
10
5.9344737795275586
20
-4.4112399606299215
11
5.9346523228346459
21
-4.4113282677165353
0
LINE
8
BLACK
6
CONTINUOUS
10
5.9346523228346459
20
-4.4113282677165353
11
5.9352840551181103
21
-4.4120502362204723
0
LINE
8
BLACK
6
CONTINUOUS
10
5.9352840551181103
20
-4.4120502362204723
11
5.9359622834645664
21
-4.4127284645669294
0
LINE
8
BLACK
6
CONTINUOUS
10
5.9359622834645664
20
-4.4127284645669294
11
5.9360384645669289
21
-4.4129124015748031
0
LINE
8
BLACK
6
CONTINUOUS
10
5.9360384645669289
20
-4.4129124015748031
11
5.9361696850393697
21
-4.413062362204724
0
LINE
8
BLACK
6
CONTINUOUS
10
5.9361696850393697
20
-4.413062362204724
11
5.9364769685039365
21
-4.4139709842519688
0
LINE
8
BLACK
6
CONTINUOUS
10
5.9364769685039365
20
-4.4139709842519688
11
5.9368440944881886
21
-4.414857283464567
0
LINE
8
BLACK
6
CONTINUOUS
10
5.9368440944881886
20
-4.414857283464567
11
5.9368717716535429
21
-4.41513842519685
0
LINE
8
BLACK
6
CONTINUOUS
10
5.9368717716535429
20
-4.41513842519685
11
5.9369078740157475
21
-4.4152451574803147
0
LINE
8
BLACK
6
CONTINUOUS
10
5.9369078740157475
20
-4.4152451574803147
11
5.9368975196850391
21
-4.4154000393700787
0
LINE
8
BLACK
6
CONTINUOUS
10
5.9368975196850391
20
-4.4154000393700787
11
5.9369575590551182
21
-4.4160094094488187
0
LINE
8
BLACK
6
CONTINUOUS
10
5.9369575590551182
20
-4.4160094094488187
11
5.9369575590551182
21
-4.4476929527559053
0
LINE
8
BLACK
6
CONTINUOUS
10
5.9369575590551182
20
-4.4476929527559053
11
5.9368440944881886
21
-4.448845078740157
0
LINE
8
BLACK
6
CONTINUOUS
10
5.9368440944881886
20
-4.448845078740157
11
5.9359622834645664
21
-4.4509738976377955
0
LINE
8
BLACK
6
CONTINUOUS
10
5.9359622834645664
20
-4.4509738976377955
11
5.9343329921259844
21
-4.4526031889763775
0
LINE
8
BLACK
6
CONTINUOUS
10
5.9343329921259844
20
-4.4526031889763775
11
5.9322041732283459
21
-4.4534849999999997
0
LINE
8
BLACK
6
CONTINUOUS
10
5.9322041732283459
20
-4.4534849999999997
11
5.9298999212598424
21
-4.4534849999999997
0
LINE
8
BLACK
6
CONTINUOUS
10
5.9298999212598424
20
-4.4534849999999997
11
5.9277711023622048
21
-4.4526031889763775
0
LINE
8
BLACK
6
CONTINUOUS
10
5.9277711023622048
20
-4.4526031889763775
11
5.9261418110236219
21
-4.4509738976377955
0
LINE
8
BLACK
6
CONTINUOUS
10
5.9261418110236219
20
-4.4509738976377955
11
5.9252599999999997
21
-4.448845078740157
0
LINE
8
BLACK
6
CONTINUOUS
10
5.9252599999999997
20
-4.448845078740157
11
5.925146535433071
21
-4.4476929527559053
0
LINE
8
BLACK
6
CONTINUOUS
10
5.925146535433071
20
-4.4476929527559053
11
5.925146535433071
21
-4.4290237795275589
0
LINE
8
BLACK
6
CONTINUOUS
10
5.925146535433071
20
-4.4290237795275589
11
5.9154433070866137
21
-4.4375141338582678
0
LINE
8
BLACK
6
CONTINUOUS
10
5.9154433070866137
20
-4.4375141338582678
11
5.9149452755905507
21
-4.4378701574803152
0
LINE
8
BLACK
6
CONTINUOUS
10
5.9149452755905507
20
-4.4378701574803152
11
5.9148354330708663
21
-4.4379800393700783
0
LINE
8
BLACK
6
CONTINUOUS
10
5.9148354330708663
20
-4.4379800393700783
11
5.9147312992125984
21
-4.4380231496062992
0
LINE
8
BLACK
6
CONTINUOUS
10
5.9147312992125984
20
-4.4380231496062992
11
5.9145015354330708
21
-4.4381874409448816
0
LINE
8
BLACK
6
CONTINUOUS
10
5.9145015354330708
20
-4.4381874409448816
11
5.9135928740157482
21
-4.4384947244094484
0
LINE
8
BLACK
6
CONTINUOUS
10
5.9135928740157482
20
-4.4384947244094484
11
5.9127066141732278
21
-4.4388618503937005
0
LINE
8
BLACK
6
CONTINUOUS
10
5.9127066141732278
20
-4.4388618503937005
11
5.9125073228346459
21
-4.4388618503937005
0
LINE
8
BLACK
6
CONTINUOUS
10
5.9125073228346459
20
-4.4388618503937005
11
5.9123187401574802
21
-4.4389256299212594
0
LINE
8
BLACK
6
CONTINUOUS
10
5.9123187401574802
20
-4.4389256299212594
11
5.9113620472440944
21
-4.4388618503937005
0
LINE
8
BLACK
6
CONTINUOUS
10
5.9113620472440944
20
-4.4388618503937005
11
5.9104023622047244
21
-4.4388618503937005
0
LINE
8
BLACK
6
CONTINUOUS
10
5.9104023622047244
20
-4.4388618503937005
11
5.9102182677165356
21
-4.4387855905511806
0
LINE
8
BLACK
6
CONTINUOUS
10
5.9102182677165356
20
-4.4387855905511806
11
5.9100196850393703
21
-4.4387723622047242
0
LINE
8
BLACK
6
CONTINUOUS
10
5.9100196850393703
20
-4.4387723622047242
11
5.90916
21
-4.4383472047244092
0
LINE
8
BLACK
6
CONTINUOUS
10
5.90916
20
-4.4383472047244092
11
5.9082735433070868
21
-4.4379800393700783
0
LINE
8
BLACK
6
CONTINUOUS
10
5.9082735433070868
20
-4.4379800393700783
11
5.9081327165354329
21
-4.4378392125984254
0
LINE
8
BLACK
6
CONTINUOUS
10
5.9081327165354329
20
-4.4378392125984254
11
5.9079542125984252
21
-4.4377509448818895
0
LINE
8
BLACK
6
CONTINUOUS
10
5.9079542125984252
20
-4.4377509448818895
11
5.9073224409448821
21
-4.4370289370078737
0
LINE
8
BLACK
6
CONTINUOUS
10
5.9073224409448821
20
-4.4370289370078737
11
5.9066442519685038
21
-4.4363507480314963
0
LINE
8
BLACK
6
CONTINUOUS
10
5.9066442519685038
20
-4.4363507480314963
11
5.9065680314960627
21
-4.4361667716535429
0
LINE
8
BLACK
6
CONTINUOUS
10
5.9065680314960627
20
-4.4361667716535429
11
5.9064368503937006
21
-4.4360168503937008
0
LINE
8
BLACK
6
CONTINUOUS
10
5.9064368503937006
20
-4.4360168503937008
11
5.9061295275590551
21
-4.4351081889763782
0
LINE
8
BLACK
6
CONTINUOUS
10
5.9061295275590551
20
-4.4351081889763782
11
5.9057624409448817
21
-4.4342219291338578
0
LINE
8
BLACK
6
CONTINUOUS
10
5.9057624409448817
20
-4.4342219291338578
11
5.9057347244094487
21
-4.4339407480314961
0
LINE
8
BLACK
6
CONTINUOUS
10
5.9057347244094487
20
-4.4339407480314961
11
5.9056986614173228
21
-4.4338340551181101
0
LINE
8
BLACK
6
CONTINUOUS
10
5.9056986614173228
20
-4.4338340551181101
11
5.9057089763779524
21
-4.4336791338582673
0
LINE
8
BLACK
6
CONTINUOUS
10
5.9057089763779524
20
-4.4336791338582673
11
5.9056489763779529
21
-4.4330698031496061
0
LINE
8
BLACK
6
CONTINUOUS
10
5.9056489763779529
20
-4.4330698031496061
11
5.9056489763779529
21
-4.4271523228346457
0
LINE
8
BLACK
6
CONTINUOUS
10
5.9056489763779529
20
-4.4271523228346457
11
5.904263818897638
21
-4.4243820078740157
0
LINE
8
BLACK
6
CONTINUOUS
10
5.904263818897638
20
-4.4243820078740157
11
5.9031818503937004
21
-4.423300039370079
0
LINE
8
BLACK
6
CONTINUOUS
10
5.9031818503937004
20
-4.423300039370079
11
5.9004116141732279
21
-4.4219149212598428
0
LINE
8
BLACK
6
CONTINUOUS
10
5.9004116141732279
20
-4.4219149212598428
11
5.8910138188976378
21
-4.4219149212598428
0
LINE
8
BLACK
6
CONTINUOUS
10
5.8910138188976378
20
-4.4219149212598428
11
5.8882435039370078
21
-4.423300039370079
0
LINE
8
BLACK
6
CONTINUOUS
10
5.8882435039370078
20
-4.423300039370079
11
5.8871616141732286
21
-4.4243819685039369
0
LINE
8
BLACK
6
CONTINUOUS
10
5.8871616141732286
20
-4.4243819685039369
11
5.8857764566929136
21
-4.4271522834645669
0
LINE
8
BLACK
6
CONTINUOUS
10
5.8857764566929136
20
-4.4271522834645669
11
5.8857764566929136
21
-4.4389872440944877
0
LINE
8
BLACK
6
CONTINUOUS
10
5.8857764566929136
20
-4.4389872440944877
11
5.8871616141732286
21
-4.4417575590551177
0
LINE
8
BLACK
6
CONTINUOUS
10
5.8871616141732286
20
-4.4417575590551177
11
5.8889211811023623
21
-4.4435171653543302
0
LINE
8
BLACK
6
CONTINUOUS
10
5.8889211811023623
20
-4.4435171653543302
11
5.8896555905511807
21
-4.4444120866141734
0
LINE
8
BLACK
6
CONTINUOUS
10
5.8896555905511807
20
-4.4444120866141734
11
5.8905373622047241
21
-4.446540905511811
0
LINE
8
BLACK
6
CONTINUOUS
10
5.8905373622047241
20
-4.446540905511811
11
5.8905373228346454
21
-4.448845078740157
0
LINE
8
BLACK
6
CONTINUOUS
10
5.8905373228346454
20
-4.448845078740157
11
5.889655551181102
21
-4.4509738976377955
0
LINE
8
BLACK
6
CONTINUOUS
10
5.889655551181102
20
-4.4509738976377955
11
5.8880261811023624
21
-4.4526032283464563
0
LINE
8
BLACK
6
CONTINUOUS
10
5.8880261811023624
20
-4.4526032283464563
11
5.8858973622047239
21
-4.4534849999999997
0
LINE
8
BLACK
6
CONTINUOUS
10
5.8858973622047239
20
-4.4534849999999997
11
5.883593188976378
21
-4.4534849606299209
0
LINE
8
BLACK
6
CONTINUOUS
10
5.883593188976378
20
-4.4534849606299209
11
5.8814643700787403
21
-4.4526031889763775
0
LINE
8
BLACK
6
CONTINUOUS
10
5.8814643700787403
20
-4.4526031889763775
11
5.8805694488188971
21
-4.4518687401574804
0
LINE
8
BLACK
6
CONTINUOUS
10
5.8805694488188971
20
-4.4518687401574804
11
5.8781322834645664
21
-4.4494315354330709
0
LINE
8
BLACK
6
CONTINUOUS
10
5.8781322834645664
20
-4.4494315354330709
11
5.8777606692913382
21
-4.4489787007874018
0
LINE
8
BLACK
6
CONTINUOUS
10
5.8777606692913382
20
-4.4489787007874018
11
5.8776428346456688
21
-4.4488765354330706
0
LINE
8
BLACK
6
CONTINUOUS
10
5.8776428346456688
20
-4.4488765354330706
11
5.8775309842519681
21
-4.4486988582677167
0
LINE
8
BLACK
6
CONTINUOUS
10
5.8775309842519681
20
-4.4486988582677167
11
5.8773978346456692
21
-4.4485366141732285
0
LINE
8
BLACK
6
CONTINUOUS
10
5.8773978346456692
20
-4.4485366141732285
11
5.8773381496062989
21
-4.4483925196850391
0
LINE
8
BLACK
6
CONTINUOUS
10
5.8773381496062989
20
-4.4483925196850391
11
5.8770261023622048
21
-4.4478968110236217
0
LINE
8
BLACK
6
CONTINUOUS
10
5.8770261023622048
20
-4.4478968110236217
11
5.8745888976377953
21
-4.4430224015748028
0
LINE
8
BLACK
6
CONTINUOUS
10
5.8745888976377953
20
-4.4430224015748028
11
5.8741751574803152
21
-4.4419411811023624
0
LINE
8
BLACK
6
CONTINUOUS
10
5.8741751574803152
20
-4.4419411811023624
11
5.8741601181102361
21
-4.4417295669291335
0
LINE
8
BLACK
6
CONTINUOUS
10
5.8741601181102361
20
-4.4417295669291335
11
5.8740788976377951
21
-4.4415335039370074
0
LINE
8
BLACK
6
CONTINUOUS
10
5.8740788976377951
20
-4.4415335039370074
11
5.8739654330708664
21
-4.4403813779527557
0
LINE
8
BLACK
6
CONTINUOUS
10
5.8739654330708664
20
-4.4403813779527557
11
5.8739654330708664
21
-4.4257581889763777
0
LINE
8
BLACK
6
CONTINUOUS
10
5.8739654330708664
20
-4.4257581889763777
11
5.8740788976377951
21
-4.424606062992126
0
LINE
8
BLACK
6
CONTINUOUS
10
5.8740788976377951
20
-4.424606062992126
11
5.8741601181102361
21
-4.4244099606299212
0
LINE
8
BLACK
6
CONTINUOUS
10
5.8741601181102361
20
-4.4244099606299212
11
5.8741751574803152
21
-4.4241983858267719
0
LINE
8
BLACK
6
CONTINUOUS
10
5.8741751574803152
20
-4.4241983858267719
11
5.8745888976377953
21
-4.4231171653543306
0
LINE
8
BLACK
6
CONTINUOUS
10
5.8745888976377953
20
-4.4231171653543306
11
5.8770261023622048
21
-4.4182427559055117
0
LINE
8
BLACK
6
CONTINUOUS
10
5.8770261023622048
20
-4.4182427559055117
11
5.8773381496062989
21
-4.4177470078740155
0
LINE
8
BLACK
6
CONTINUOUS
10
5.8773381496062989
20
-4.4177470078740155
11
5.8773978346456692
21
-4.4176029527559058
0
LINE
8
BLACK
6
CONTINUOUS
10
5.8773978346456692
20
-4.4176029527559058
11
5.8775309842519681
21
-4.4174406692913388
0
LINE
8
BLACK
6
CONTINUOUS
10
5.8775309842519681
20
-4.4174406692913388
11
5.8776428346456688
21
-4.4172630314960628
0
LINE
8
BLACK
6
CONTINUOUS
10
5.8776428346456688
20
-4.4172630314960628
11
5.8777606692913382
21
-4.4171608267716538
0
LINE
8
BLACK
6
CONTINUOUS
10
5.8777606692913382
20
-4.4171608267716538
11
5.8781322834645664
21
-4.4167080314960625
0
LINE
8
BLACK
6
CONTINUOUS
10
5.8781322834645664
20
-4.4167080314960625
11
5.8805694488188971
21
-4.4142708267716531
0
LINE
8
BLACK
6
CONTINUOUS
10
5.8805694488188971
20
-4.4142708267716531
11
5.8810222834645671
21
-4.4138991732283461
0
LINE
8
BLACK
6
CONTINUOUS
10
5.8810222834645671
20
-4.4138991732283461
11
5.8811245275590549
21
-4.413781299212598
0
LINE
8
BLACK
6
CONTINUOUS
10
5.8811245275590549
20
-4.413781299212598
11
5.8813022440944884
21
-4.4136694094488185
0
LINE
8
BLACK
6
CONTINUOUS
10
5.8813022440944884
20
-4.4136694094488185
11
5.8814643700787403
21
-4.4135363779527559
0
LINE
8
BLACK
6
CONTINUOUS
10
5.8814643700787403
20
-4.4135363779527559
11
5.8816083464566926
21
-4.4134766929133855
0
LINE
8
BLACK
6
CONTINUOUS
10
5.8816083464566926
20
-4.4134766929133855
11
5.8821042913385826
21
-4.4131645669291339
0
LINE
8
BLACK
6
CONTINUOUS
10
5.8821042913385826
20
-4.4131645669291339
11
5.8869787007874015
21
-4.4107273622047245
0
LINE
8
BLACK
6
CONTINUOUS
10
5.8869787007874015
20
-4.4107273622047245
11
5.8880599606299215
21
-4.4103135826771656
0
LINE
8
BLACK
6
CONTINUOUS
10
5.8880599606299215
20
-4.4103135826771656
11
5.8882715748031496
21
-4.4102985433070865
0
LINE
8
BLACK
6
CONTINUOUS
10
5.8882715748031496
20
-4.4102985433070865
11
5.8884675984251968
21
-4.4102173622047243
0
LINE
8
BLACK
6
CONTINUOUS
10
5.8884675984251968
20
-4.4102173622047243
11
5.8896197244094486
21
-4.4101038976377955
0
LINE
8
BLACK
6
CONTINUOUS
10
5.8896197244094486
20
-4.4101038976377955
11
5.9018057086614171
21
-4.4101038976377955
0
LINE
8
BLACK
6
CONTINUOUS
10
5.9018057086614171
20
-4.4101038976377955
11
5.9029578346456688
21
-4.4102173622047243
0
LINE
8
BLACK
6
CONTINUOUS
10
6.0101806299212601
20
-4.4101236614173231
11
6.0102667716535434
21
-4.4101108661417321
0
LINE
8
BLACK
6
CONTINUOUS
10
6.0102667716535434
20
-4.4101108661417321
11
6.0106978740157482
21
-4.4101746062992122
0
LINE
8
BLACK
6
CONTINUOUS
10
6.0106978740157482
20
-4.4101746062992122
11
6.011131850393701
21
-4.4102173622047243
0
LINE
8
BLACK
6
CONTINUOUS
10
6.011131850393701
20
-4.4102173622047243
11
6.0112123228346457
21
-4.4102507086614171
0
LINE
8
BLACK
6
CONTINUOUS
10
6.0112123228346457
20
-4.4102507086614171
11
6.0114120078740152
21
-4.4102802362204727
0
LINE
8
BLACK
6
CONTINUOUS
10
6.0114120078740152
20
-4.4102802362204727
11
6.021160826771653
21
-4.4127174409448822
0
LINE
8
BLACK
6
CONTINUOUS
10
6.021160826771653
20
-4.4127174409448822
11
6.0212457874015746
21
-4.4127477952755907
0
LINE
8
BLACK
6
CONTINUOUS
10
6.0212457874015746
20
-4.4127477952755907
11
6.0212883070866141
21
-4.4127508267716538
0
LINE
8
BLACK
6
CONTINUOUS
10
6.0212883070866141
20
-4.4127508267716538
11
6.0217670472440945
21
-4.4129340157480312
0
LINE
8
BLACK
6
CONTINUOUS
10
6.0217670472440945
20
-4.4129340157480312
11
6.0222510236220472
21
-4.4131069291338578
0
LINE
8
BLACK
6
CONTINUOUS
10
6.0222510236220472
20
-4.4131069291338578
11
6.0222853149606301
21
-4.4131323228346453
0
LINE
8
BLACK
6
CONTINUOUS
10
6.0222853149606301
20
-4.4131323228346453
11
6.0223695275590554
21
-4.4131645669291339
0
LINE
8
BLACK
6
CONTINUOUS
10
6.0223695275590554
20
-4.4131645669291339
11
6.0272439370078743
21
-4.4156017716535434
0
LINE
8
BLACK
6
CONTINUOUS
10
6.0272439370078743
20
-4.4156017716535434
11
6.0277397244094484
21
-4.4159138582677162
0
LINE
8
BLACK
6
CONTINUOUS
10
6.0277397244094484
20
-4.4159138582677162
11
6.027883779527559
21
-4.4159735433070866
0
LINE
8
BLACK
6
CONTINUOUS
10
6.027883779527559
20
-4.4159735433070866
11
6.0280459448818897
21
-4.4161066141732279
0
LINE
8
BLACK
6
CONTINUOUS
10
6.0280459448818897
20
-4.4161066141732279
11
6.0282236614173224
21
-4.4162185039370074
0
LINE
8
BLACK
6
CONTINUOUS
10
6.0282236614173224
20
-4.4162185039370074
11
6.0283258661417323
21
-4.4163363385826768
0
LINE
8
BLACK
6
CONTINUOUS
10
6.0283258661417323
20
-4.4163363385826768
11
6.0287787007874014
21
-4.4167079921259838
0
LINE
8
BLACK
6
CONTINUOUS
10
6.0287787007874014
20
-4.4167079921259838
11
6.0312159055118109
21
-4.4191451968503932
0
LINE
8
BLACK
6
CONTINUOUS
10
6.0312159055118109
20
-4.4191451968503932
11
6.0315874803149603
21
-4.4195979921259845
0
LINE
8
BLACK
6
CONTINUOUS
10
6.0315874803149603
20
-4.4195979921259845
11
6.0317053937007872
21
-4.4197002362204723
0
LINE
8
BLACK
6
CONTINUOUS
10
6.0317053937007872
20
-4.4197002362204723
11
6.0318172047244092
21
-4.419877913385827
0
LINE
8
BLACK
6
CONTINUOUS
10
6.0318172047244092
20
-4.419877913385827
11
6.0319503543307089
21
-4.4200401181102364
0
LINE
8
BLACK
6
CONTINUOUS
10
6.0319503543307089
20
-4.4200401181102364
11
6.0320099999999996
21
-4.4201841732283462
0
LINE
8
BLACK
6
CONTINUOUS
10
6.0320099999999996
20
-4.4201841732283462
11
6.0323221259842521
21
-4.4206799999999999
0
LINE
8
BLACK
6
CONTINUOUS
10
6.0323221259842521
20
-4.4206799999999999
11
6.0347593307086616
21
-4.4255543700787401
0
LINE
8
BLACK
6
CONTINUOUS
10
6.0347593307086616
20
-4.4255543700787401
11
6.0351731102362205
21
-4.4266355905511814
0
LINE
8
BLACK
6
CONTINUOUS
10
6.0351731102362205
20
-4.4266355905511814
11
6.0351881496062987
21
-4.4268472834645669
0
LINE
8
BLACK
6
CONTINUOUS
10
6.0351881496062987
20
-4.4268472834645669
11
6.0352693307086609
21
-4.4270432677165354
0
LINE
8
BLACK
6
CONTINUOUS
10
6.0352693307086609
20
-4.4270432677165354
11
6.0353827952755905
21
-4.4281953937007872
0
LINE
8
BLACK
6
CONTINUOUS
10
6.0353827952755905
20
-4.4281953937007872
11
6.0353827952755905
21
-4.4330698031496061
0
LINE
8
BLACK
6
CONTINUOUS
10
6.0353827952755905
20
-4.4330698031496061
11
6.0352693307086609
21
-4.4342219291338578
0
LINE
8
BLACK
6
CONTINUOUS
10
6.0352693307086609
20
-4.4342219291338578
11
6.0351881496062987
21
-4.4344178740157476
0
LINE
8
BLACK
6
CONTINUOUS
10
6.0351881496062987
20
-4.4344178740157476
11
6.0351731102362205
21
-4.4346296062992128
0
LINE
8
BLACK
6
CONTINUOUS
10
6.0351731102362205
20
-4.4346296062992128
11
6.0347593307086616
21
-4.4357108267716532
0
LINE
8
BLACK
6
CONTINUOUS
10
6.0347593307086616
20
-4.4357108267716532
11
6.0323221259842521
21
-4.4405851968503933
0
LINE
8
BLACK
6
CONTINUOUS
10
6.0323221259842521
20
-4.4405851968503933
11
6.0320099999999996
21
-4.4410809842519683
0
LINE
8
BLACK
6
CONTINUOUS
10
6.0320099999999996
20
-4.4410809842519683
11
6.0319503543307089
21
-4.4412250787401577
0
LINE
8
BLACK
6
CONTINUOUS
10
6.0319503543307089
20
-4.4412250787401577
11
6.0318172047244092
21
-4.4413872440944884
0
LINE
8
BLACK
6
CONTINUOUS
10
6.0318172047244092
20
-4.4413872440944884
11
6.0317053937007872
21
-4.441564960629921
0
LINE
8
BLACK
6
CONTINUOUS
10
6.0317053937007872
20
-4.441564960629921
11
6.0315874803149603
21
-4.4416671653543309
0
LINE
8
BLACK
6
CONTINUOUS
10
6.0315874803149603
20
-4.4416671653543309
11
6.0312159055118109
21
-4.4421200000000001
0
LINE
8
BLACK
6
CONTINUOUS
10
6.0312159055118109
20
-4.4421200000000001
11
6.0287787007874014
21
-4.4445572047244095
0
LINE
8
BLACK
6
CONTINUOUS
10
6.0287787007874014
20
-4.4445572047244095
11
6.0283258661417323
21
-4.4449288188976377
0
LINE
8
BLACK
6
CONTINUOUS
10
6.0283258661417323
20
-4.4449288188976377
11
6.0282236614173224
21
-4.4450466929133858
0
LINE
8
BLACK
6
CONTINUOUS
10
6.0282236614173224
20
-4.4450466929133858
11
6.0280459448818897
21
-4.4451585433070866
0
LINE
8
BLACK
6
CONTINUOUS
10
6.0280459448818897
20
-4.4451585433070866
11
6.027883779527559
21
-4.4452916535433067
0
LINE
8
BLACK
6
CONTINUOUS
10
6.027883779527559
20
-4.4452916535433067
11
6.0277397244094484
21
-4.4453512992125983
0
LINE
8
BLACK
6
CONTINUOUS
10
6.0277397244094484
20
-4.4453512992125983
11
6.0272439370078743
21
-4.4456634251968499
0
LINE
8
BLACK
6
CONTINUOUS
10
6.0272439370078743
20
-4.4456634251968499
11
6.0223695275590554
21
-4.4481006299212593
0
LINE
8
BLACK
6
CONTINUOUS
10
6.0223695275590554
20
-4.4481006299212593
11
6.0222853149606301
21
-4.4481328346456692
0
LINE
8
BLACK
6
CONTINUOUS
10
6.0222853149606301
20
-4.4481328346456692
11
6.0222510236220472
21
-4.4481582677165354
0
LINE
8
BLACK
6
CONTINUOUS
10
6.0222510236220472
20
-4.4481582677165354
11
6.021767283464567
21
-4.4483310629921258
0
LINE
8
BLACK
6
CONTINUOUS
10
6.021767283464567
20
-4.4483310629921258
11
6.0212883070866141
21
-4.4485143700787404
0
LINE
8
BLACK
6
CONTINUOUS
10
6.0212883070866141
20
-4.4485143700787404
11
6.0212457480314958
21
-4.4485173622047247
0
LINE
8
BLACK
6
CONTINUOUS
10
6.0212457480314958
20
-4.4485173622047247
11
6.0211607874015742
21
-4.448547755905512
0
LINE
8
BLACK
6
CONTINUOUS
10
6.0211607874015742
20
-4.448547755905512
11
6.0114120078740152
21
-4.4509849212598427
0
LINE
8
BLACK
6
CONTINUOUS
10
6.0114120078740152
20
-4.4509849212598427
11
6.0112123228346457
21
-4.4510144094488187
0
LINE
8
BLACK
6
CONTINUOUS
10
6.0112123228346457
20
-4.4510144094488187
11
6.011131850393701
21
-4.4510477952755902
0
LINE
8
BLACK
6
CONTINUOUS
10
6.011131850393701
20
-4.4510477952755902
11
6.0106978740157482
21
-4.4510905118110236
0
LINE
8
BLACK
6
CONTINUOUS
10
6.0106978740157482
20
-4.4510905118110236
11
6.0102667716535434
21
-4.4511542913385824
0
LINE
8
BLACK
6
CONTINUOUS
10
6.0102667716535434
20
-4.4511542913385824
11
6.0101806299212601
21
-4.4511414566929135
0
LINE
8
BLACK
6
CONTINUOUS
10
6.0101806299212601
20
-4.4511414566929135
11
6.0099797244094484
21
-4.4511612598425199
0
LINE
8
BLACK
6
CONTINUOUS
10
6.0099797244094484
20
-4.4511612598425199
11
5.9977937401574799
21
-4.4511612598425199
0
LINE
8
BLACK
6
CONTINUOUS
10
5.9977937401574799
20
-4.4511612598425199
11
5.9975928346456691
21
-4.4511414566929135
0
LINE
8
BLACK
6
CONTINUOUS
10
5.9975928346456691
20
-4.4511414566929135
11
5.9975067322834645
21
-4.4511542913385824
0
LINE
8
BLACK
6
CONTINUOUS
10
5.9975067322834645
20
-4.4511542913385824
11
5.9970753149606297
21
-4.4510904724409448
0
LINE
8
BLACK
6
CONTINUOUS
10
5.9970753149606297
20
-4.4510904724409448
11
5.9966416141732282
21
-4.4510477952755902
0
LINE
8
BLACK
6
CONTINUOUS
10
5.9966416141732282
20
-4.4510477952755902
11
5.996561220472441
21
-4.4510144881889762
0
LINE
8
BLACK
6
CONTINUOUS
10
5.996561220472441
20
-4.4510144881889762
11
5.9963614566929131
21
-4.4509849606299214
0
LINE
8
BLACK
6
CONTINUOUS
10
5.9963614566929131
20
-4.4509849606299214
11
5.9866126771653541
21
-4.448547755905512
0
LINE
8
BLACK
6
CONTINUOUS
10
5.9866126771653541
20
-4.448547755905512
11
5.98652779527559
21
-4.4485174015748035
0
LINE
8
BLACK
6
CONTINUOUS
10
5.98652779527559
20
-4.4485174015748035
11
5.9864851968503938
21
-4.4485144094488192
0
LINE
8
BLACK
6
CONTINUOUS
10
5.9864851968503938
20
-4.4485144094488192
11
5.9860053149606296
21
-4.4483307480314958
0
LINE
8
BLACK
6
CONTINUOUS
10
5.9860053149606296
20
-4.4483307480314958
11
5.9855224803149607
21
-4.4481582677165354
0
LINE
8
BLACK
6
CONTINUOUS
10
5.9855224803149607
20
-4.4481582677165354
11
5.9854881889763778
21
-4.448132874015748
0
LINE
8
BLACK
6
CONTINUOUS
10
5.9854881889763778
20
-4.448132874015748
11
5.9854039370078738
21
-4.4481006299212593
0
LINE
8
BLACK
6
CONTINUOUS
10
5.9854039370078738
20
-4.4481006299212593
11
5.9805295275590549
21
-4.4456634251968499
0
LINE
8
BLACK
6
CONTINUOUS
10
5.9805295275590549
20
-4.4456634251968499
11
5.9800335826771649
21
-4.4453512598425196
0
LINE
8
BLACK
6
CONTINUOUS
10
5.9800335826771649
20
-4.4453512598425196
11
5.9798896062992126
21
-4.4452916141732279
0
LINE
8
BLACK
6
CONTINUOUS
10
5.9798896062992126
20
-4.4452916141732279
11
5.9797274803149607
21
-4.4451585433070866
0
LINE
8
BLACK
6
CONTINUOUS
10
5.9797274803149607
20
-4.4451585433070866
11
5.9795497637795272
21
-4.4450466929133858
0
LINE
8
BLACK
6
CONTINUOUS
10
5.9795497637795272
20
-4.4450466929133858
11
5.9794475196850394
21
-4.4449287795275589
0
LINE
8
BLACK
6
CONTINUOUS
10
5.9794475196850394
20
-4.4449287795275589
11
5.9789946850393703
21
-4.4445571653543308
0
LINE
8
BLACK
6
CONTINUOUS
10
5.9789946850393703
20
-4.4445571653543308
11
5.9765575196850396
21
-4.4421199606299213
0
LINE
8
BLACK
6
CONTINUOUS
10
5.9765575196850396
20
-4.4421199606299213
11
5.9761859055118105
21
-4.4416671259842522
0
LINE
8
BLACK
6
CONTINUOUS
10
5.9761859055118105
20
-4.4416671259842522
11
5.976068070866142
21
-4.441564960629921
0
LINE
8
BLACK
6
CONTINUOUS
10
5.976068070866142
20
-4.441564960629921
11
5.9759562204724412
21
-4.4413872834645671
0
LINE
8
BLACK
6
CONTINUOUS
10
5.9759562204724412
20
-4.4413872834645671
11
5.9758230708661415
21
-4.441225039370079
0
LINE
8
BLACK
6
CONTINUOUS
10
5.9758230708661415
20
-4.441225039370079
11
5.9757633858267711
21
-4.4410809448818895
0
LINE
8
BLACK
6
CONTINUOUS
10
5.9757633858267711
20
-4.4410809448818895
11
5.9754513385826771
21
-4.4405852362204721
0
LINE
8
BLACK
6
CONTINUOUS
10
5.9754513385826771
20
-4.4405852362204721
11
5.9730141338582676
21
-4.4357108267716532
0
LINE
8
BLACK
6
CONTINUOUS
10
5.9730141338582676
20
-4.4357108267716532
11
5.9726003937007874
21
-4.4346296062992128
0
LINE
8
BLACK
6
CONTINUOUS
10
5.9726003937007874
20
-4.4346296062992128
11
5.9725853543307084
21
-4.4344179921259839
0
LINE
8
BLACK
6
CONTINUOUS
10
5.9725853543307084
20
-4.4344179921259839
11
5.9725041338582674
21
-4.4342219291338578
0
LINE
8
BLACK
6
CONTINUOUS
10
5.9725041338582674
20
-4.4342219291338578
11
5.9723906692913387
21
-4.4330698031496061
0
LINE
8
BLACK
6
CONTINUOUS
10
5.9723906692913387
20
-4.4330698031496061
11
5.9723906692913387
21
-4.4281953937007872
0
LINE
8
BLACK
6
CONTINUOUS
10
5.9723906692913387
20
-4.4281953937007872
11
5.9725041338582674
21
-4.4270432677165354
0
LINE
8
BLACK
6
CONTINUOUS
10
5.9725041338582674
20
-4.4270432677165354
11
5.9725853543307084
21
-4.4268471653543306
0
LINE
8
BLACK
6
CONTINUOUS
10
5.9725853543307084
20
-4.4268471653543306
11
5.9726003937007874
21
-4.4266355905511814
0
LINE
8
BLACK
6
CONTINUOUS
10
5.9726003937007874
20
-4.4266355905511814
11
5.9730141338582676
21
-4.4255543700787401
0
LINE
8
BLACK
6
CONTINUOUS
10
5.9730141338582676
20
-4.4255543700787401
11
5.9754513385826771
21
-4.4206799606299212
0
LINE
8
BLACK
6
CONTINUOUS
10
5.9754513385826771
20
-4.4206799606299212
11
5.9757633858267711
21
-4.420184212598425
0
LINE
8
BLACK
6
CONTINUOUS
10
5.9757633858267711
20
-4.420184212598425
11
5.9758230708661415
21
-4.4200401574803152
0
LINE
8
BLACK
6
CONTINUOUS
10
5.9758230708661415
20
-4.4200401574803152
11
5.9759562204724412
21
-4.4198778740157483
0
LINE
8
BLACK
6
CONTINUOUS
10
5.9759562204724412
20
-4.4198778740157483
11
5.976068070866142
21
-4.4197002362204723
0
LINE
8
BLACK
6
CONTINUOUS
10
5.976068070866142
20
-4.4197002362204723
11
5.9761859055118105
21
-4.4195980314960632
0
LINE
8
BLACK
6
CONTINUOUS
10
5.9761859055118105
20
-4.4195980314960632
11
5.9765575196850396
21
-4.419145236220472
0
LINE
8
BLACK
6
CONTINUOUS
10
5.9765575196850396
20
-4.419145236220472
11
5.9789946850393703
21
-4.4167080314960625
0
LINE
8
BLACK
6
CONTINUOUS
10
5.9789946850393703
20
-4.4167080314960625
11
5.9794475196850394
21
-4.4163363779527556
0
LINE
8
BLACK
6
CONTINUOUS
10
5.9794475196850394
20
-4.4163363779527556
11
5.9795497637795272
21
-4.4162185039370074
0
LINE
8
BLACK
6
CONTINUOUS
10
5.9795497637795272
20
-4.4162185039370074
11
5.9797274803149607
21
-4.4161066141732279
0
LINE
8
BLACK
6
CONTINUOUS
10
5.9797274803149607
20
-4.4161066141732279
11
5.9798896062992126
21
-4.4159735826771653
0
LINE
8
BLACK
6
CONTINUOUS
10
5.9798896062992126
20
-4.4159735826771653
11
5.9800335826771649
21
-4.415913897637795
0
LINE
8
BLACK
6
CONTINUOUS
10
5.9800335826771649
20
-4.415913897637795
11
5.9805295275590549
21
-4.4156017716535434
0
LINE
8
BLACK
6
CONTINUOUS
10
5.9805295275590549
20
-4.4156017716535434
11
5.9854039370078738
21
-4.4131645669291339
0
LINE
8
BLACK
6
CONTINUOUS
10
5.9854039370078738
20
-4.4131645669291339
11
5.9854881102362203
21
-4.4131323228346453
0
LINE
8
BLACK
6
CONTINUOUS
10
5.9854881102362203
20
-4.4131323228346453
11
5.985522440944882
21
-4.4131069291338578
0
LINE
8
BLACK
6
CONTINUOUS
10
5.985522440944882
20
-4.4131069291338578
11
5.9860056299212596
21
-4.4129342913385825
0
LINE
8
BLACK
6
CONTINUOUS
10
5.9860056299212596
20
-4.4129342913385825
11
5.9864851968503938
21
-4.412750787401575
0
LINE
8
BLACK
6
CONTINUOUS
10
5.9864851968503938
20
-4.412750787401575
11
5.98652779527559
21
-4.4127477559055119
0
LINE
8
BLACK
6
CONTINUOUS
10
5.98652779527559
20
-4.4127477559055119
11
5.9866126771653541
21
-4.4127174409448822
0
LINE
8
BLACK
6
CONTINUOUS
10
5.9866126771653541
20
-4.4127174409448822
11
5.9963614566929131
21
-4.4102802362204727
0
LINE
8
BLACK
6
CONTINUOUS
10
5.9963614566929131
20
-4.4102802362204727
11
5.9965611023622047
21
-4.4102507086614171
0
LINE
8
BLACK
6
CONTINUOUS
10
5.9965611023622047
20
-4.4102507086614171
11
5.9966416141732282
21
-4.4102173622047243
0
LINE
8
BLACK
6
CONTINUOUS
10
5.9966416141732282
20
-4.4102173622047243
11
5.9970755511811022
21
-4.4101746062992122
0
LINE
8
BLACK
6
CONTINUOUS
10
5.9970755511811022
20
-4.4101746062992122
11
5.9975066929133858
21
-4.4101108661417321
0
LINE
8
BLACK
6
CONTINUOUS
10
5.9975066929133858
20
-4.4101108661417321
11
5.9975927952755903
21
-4.4101236614173231
0
LINE
8
BLACK
6
CONTINUOUS
10
5.9975927952755903
20
-4.4101236614173231
11
5.9977937401574799
21
-4.4101038976377955
0
LINE
8
BLACK
6
CONTINUOUS
10
5.9977937401574799
20
-4.4101038976377955
11
6.0099797244094484
21
-4.4101038976377955
0
LINE
8
BLACK
6
CONTINUOUS
10
6.0099797244094484
20
-4.4101038976377955
11
6.0101806299212601
21
-4.4101236614173231
0
LINE
8
BLACK
6
CONTINUOUS
10
5.9901062204724411
20
-4.4240185433070867
11
5.9866687401574801
21
-4.4257372440944884
0
LINE
8
BLACK
6
CONTINUOUS
10
5.9866687401574801
20
-4.4257372440944884
11
5.9855868503937009
21
-4.4268191732283464
0
LINE
8
BLACK
6
CONTINUOUS
10
5.9855868503937009
20
-4.4268191732283464
11
5.9842016929133859
21
-4.4295894881889764
0
LINE
8
BLACK
6
CONTINUOUS
10
5.9842016929133859
20
-4.4295894881889764
11
5.9842016929133859
21
-4.4316756692913382
0
LINE
8
BLACK
6
CONTINUOUS
10
5.9842016929133859
20
-4.4316756692913382
11
5.9855868503937009
21
-4.4344459842519681
0
LINE
8
BLACK
6
CONTINUOUS
10
5.9855868503937009
20
-4.4344459842519681
11
5.9866687401574801
21
-4.435527913385827
0
LINE
8
BLACK
6
CONTINUOUS
10
5.9866687401574801
20
-4.435527913385827
11
5.9901061811023624
21
-4.4372466141732279
0
LINE
8
BLACK
6
CONTINUOUS
10
5.9901061811023624
20
-4.4372466141732279
11
5.9985206692913389
21
-4.4393502362204726
0
LINE
8
BLACK
6
CONTINUOUS
10
5.9985206692913389
20
-4.4393502362204726
11
6.0092527952755903
21
-4.4393502362204726
0
LINE
8
BLACK
6
CONTINUOUS
10
6.0092527952755903
20
-4.4393502362204726
11
6.0176673622047243
21
-4.4372465748031491
0
LINE
8
BLACK
6
CONTINUOUS
10
6.0176673622047243
20
-4.4372465748031491
11
6.0211046456692916
21
-4.435527913385827
0
LINE
8
BLACK
6
CONTINUOUS
10
6.0211046456692916
20
-4.435527913385827
11
6.0221866141732283
21
-4.4344459842519681
0
LINE
8
BLACK
6
CONTINUOUS
10
6.0221866141732283
20
-4.4344459842519681
11
6.0235717716535433
21
-4.4316756692913382
0
LINE
8
BLACK
6
CONTINUOUS
10
6.0235717716535433
20
-4.4316756692913382
11
6.0235717716535433
21
-4.4295895275590551
0
LINE
8
BLACK
6
CONTINUOUS
10
6.0235717716535433
20
-4.4295895275590551
11
6.0221866141732283
21
-4.4268192125984251
0
LINE
8
BLACK
6
CONTINUOUS
10
6.0221866141732283
20
-4.4268192125984251
11
6.0211046456692916
21
-4.4257372440944884
0
LINE
8
BLACK
6
CONTINUOUS
10
6.0211046456692916
20
-4.4257372440944884
11
6.0176672047244093
21
-4.4240185039370079
0
LINE
8
BLACK
6
CONTINUOUS
10
6.0176672047244093
20
-4.4240185039370079
11
6.0092527952755903
21
-4.4219149212598428
0
LINE
8
BLACK
6
CONTINUOUS
10
6.0092527952755903
20
-4.4219149212598428
11
5.9985207086614176
21
-4.4219149212598428
0
LINE
8
BLACK
6
CONTINUOUS
10
5.9985207086614176
20
-4.4219149212598428
11
5.9901062204724411
21
-4.4240185433070867
0
LINE
8
BLACK
6
CONTINUOUS
10
5.763936141732283
20
-4.0529546062992123
11
5.7650005511811022
21
-4.0533955118110239
0
LINE
8
BLACK
6
CONTINUOUS
10
5.7650005511811022
20
-4.0533955118110239
11
5.7658151968503937
21
-4.0542101574803144
0
LINE
8
BLACK
6
CONTINUOUS
10
5.7658151968503937
20
-4.0542101574803144
11
5.7662561023622043
21
-4.0552745669291337
0
LINE
8
BLACK
6
CONTINUOUS
10
5.7662561023622043
20
-4.0552745669291337
11
5.7662561023622043
21
-4.0564266929133854
0
LINE
8
BLACK
6
CONTINUOUS
10
5.7662561023622043
20
-4.0564266929133854
11
5.7658151968503937
21
-4.0574911023622047
0
LINE
8
BLACK
6
CONTINUOUS
10
5.7658151968503937
20
-4.0574911023622047
11
5.7650005511811022
21
-4.0583057480314961
0
LINE
8
BLACK
6
CONTINUOUS
10
5.7650005511811022
20
-4.0583057480314961
11
5.763936141732283
21
-4.0587466535433068
0
LINE
8
BLACK
6
CONTINUOUS
10
5.763936141732283
20
-4.0587466535433068
11
5.7633600787401571
21
-4.0588033858267716
0
LINE
8
BLACK
6
CONTINUOUS
10
5.7633600787401571
20
-4.0588033858267716
11
5.7456903937007873
21
-4.0588033858267716
0
LINE
8
BLACK
6
CONTINUOUS
10
5.7456903937007873
20
-4.0588033858267716
11
5.7456903937007873
21
-4.0689739763779524
0
LINE
8
BLACK
6
CONTINUOUS
10
5.7456903937007873
20
-4.0689739763779524
11
5.7456336614173225
21
-4.0695500393700783
0
LINE
8
BLACK
6
CONTINUOUS
10
5.7456336614173225
20
-4.0695500393700783
11
5.7451927559055118
21
-4.0706144488188976
0
LINE
8
BLACK
6
CONTINUOUS
10
5.7451927559055118
20
-4.0706144488188976
11
5.7443781102362204
21
-4.071429094488189
0
LINE
8
BLACK
6
CONTINUOUS
10
5.7443781102362204
20
-4.071429094488189
11
5.7433137007874011
21
-4.0718699999999997
0
LINE
8
BLACK
6
CONTINUOUS
10
5.7433137007874011
20
-4.0718699999999997
11
5.7421615748031494
21
-4.0718699999999997
0
LINE
8
BLACK
6
CONTINUOUS
10
5.7421615748031494
20
-4.0718699999999997
11
5.741097165354331
21
-4.071429094488189
0
LINE
8
BLACK
6
CONTINUOUS
10
5.741097165354331
20
-4.071429094488189
11
5.7402825196850396
21
-4.0706144488188976
0
LINE
8
BLACK
6
CONTINUOUS
10
5.7402825196850396
20
-4.0706144488188976
11
5.739841614173228
21
-4.0695500393700783
0
LINE
8
BLACK
6
CONTINUOUS
10
5.739841614173228
20
-4.0695500393700783
11
5.7397848818897632
21
-4.0689739763779524
0
LINE
8
BLACK
6
CONTINUOUS
10
5.7397848818897632
20
-4.0689739763779524
11
5.7397848818897632
21
-4.0588033858267716
0
LINE
8
BLACK
6
CONTINUOUS
10
5.7397848818897632
20
-4.0588033858267716
11
5.7269427559055117
21
-4.0588033858267716
0
LINE
8
BLACK
6
CONTINUOUS
10
5.7269427559055117
20
-4.0588033858267716
11
5.7269427559055117
21
-4.0745982677165351
0
LINE
8
BLACK
6
CONTINUOUS
10
5.7269427559055117
20
-4.0745982677165351
11
5.7268860236220469
21
-4.075174330708661
0
LINE
8
BLACK
6
CONTINUOUS
10
5.7268860236220469
20
-4.075174330708661
11
5.7264451181102363
21
-4.0762387401574802
0
LINE
8
BLACK
6
CONTINUOUS
10
5.7264451181102363
20
-4.0762387401574802
11
5.7256304724409448
21
-4.0770533858267717
0
LINE
8
BLACK
6
CONTINUOUS
10
5.7256304724409448
20
-4.0770533858267717
11
5.7245660629921256
21
-4.0774942913385823
0
LINE
8
BLACK
6
CONTINUOUS
10
5.7245660629921256
20
-4.0774942913385823
11
5.7234139370078738
21
-4.0774942913385823
0
LINE
8
BLACK
6
CONTINUOUS
10
5.7234139370078738
20
-4.0774942913385823
11
5.7223495275590546
21
-4.0770533858267717
0
LINE
8
BLACK
6
CONTINUOUS
10
5.7223495275590546
20
-4.0770533858267717
11
5.721534881889764
21
-4.0762387401574802
0
LINE
8
BLACK
6
CONTINUOUS
10
5.721534881889764
20
-4.0762387401574802
11
5.7210939763779525
21
-4.075174330708661
0
LINE
8
BLACK
6
CONTINUOUS
10
5.7210939763779525
20
-4.075174330708661
11
5.7210372440944877
21
-4.0745982677165351
0
LINE
8
BLACK
6
CONTINUOUS
10
5.7210372440944877
20
-4.0745982677165351
11
5.7210372440944877
21
-4.0558506299212596
0
LINE
8
BLACK
6
CONTINUOUS
10
5.7210372440944877
20
-4.0558506299212596
11
5.7210939763779525
21
-4.0552745669291337
0
LINE
8
BLACK
6
CONTINUOUS
10
5.7210939763779525
20
-4.0552745669291337
11
5.721534881889764
21
-4.0542101574803144
0
LINE
8
BLACK
6
CONTINUOUS
10
5.721534881889764
20
-4.0542101574803144
11
5.7223495275590546
21
-4.0533955118110239
0
LINE
8
BLACK
6
CONTINUOUS
10
5.7223495275590546
20
-4.0533955118110239
11
5.7234139370078738
21
-4.0529546062992123
0
LINE
8
BLACK
6
CONTINUOUS
10
5.7234139370078738
20
-4.0529546062992123
11
5.7239899999999997
21
-4.0528978740157475
0
LINE
8
BLACK
6
CONTINUOUS
10
5.7239899999999997
20
-4.0528978740157475
11
5.7633600787401571
21
-4.0528978740157475
0
LINE
8
BLACK
6
CONTINUOUS
10
5.7633600787401571
20
-4.0528978740157475
11
5.763936141732283
21
-4.0529546062992123
0
LINE
8
BLACK
6
CONTINUOUS
10
5.750002401574803
20
-4.0046516141732287
11
5.7508170472440945
21
-4.0054662598425192
0
LINE
8
BLACK
6
CONTINUOUS
10
5.7508170472440945
20
-4.0054662598425192
11
5.7512579527559051
21
-4.0065306692913385
0
LINE
8
BLACK
6
CONTINUOUS
10
5.7512579527559051
20
-4.0065306692913385
11
5.7513146850393699
21
-4.0071067322834644
0
LINE
8
BLACK
6
CONTINUOUS
10
5.7513146850393699
20
-4.0071067322834644
11
5.7513146850393699
21
-4.037102992125984
0
LINE
8
BLACK
6
CONTINUOUS
10
5.7513146850393699
20
-4.037102992125984
11
5.7512579527559051
21
-4.0376790551181099
0
LINE
8
BLACK
6
CONTINUOUS
10
5.7512579527559051
20
-4.0376790551181099
11
5.7508170472440945
21
-4.0387434645669291
0
LINE
8
BLACK
6
CONTINUOUS
10
5.7508170472440945
20
-4.0387434645669291
11
5.750002401574803
21
-4.0395581102362206
0
LINE
8
BLACK
6
CONTINUOUS
10
5.750002401574803
20
-4.0395581102362206
11
5.7489379921259838
21
-4.0399990157480312
0
LINE
8
BLACK
6
CONTINUOUS
10
5.7489379921259838
20
-4.0399990157480312
11
5.747785866141732
21
-4.0399990157480312
0
LINE
8
BLACK
6
CONTINUOUS
10
5.747785866141732
20
-4.0399990157480312
11
5.7467214566929137
21
-4.0395581102362206
0
LINE
8
BLACK
6
CONTINUOUS
10
5.7467214566929137
20
-4.0395581102362206
11
5.7459068110236222
21
-4.0387434645669291
0
LINE
8
BLACK
6
CONTINUOUS
10
5.7459068110236222
20
-4.0387434645669291
11
5.7454659055118107
21
-4.0376790551181099
0
LINE
8
BLACK
6
CONTINUOUS
10
5.7454659055118107
20
-4.0376790551181099
11
5.7454091732283468
21
-4.037102992125984
0
LINE
8
BLACK
6
CONTINUOUS
10
5.7454091732283468
20
-4.037102992125984
11
5.7454091732283468
21
-4.0071067322834644
0
LINE
8
BLACK
6
CONTINUOUS
10
5.7454091732283468
20
-4.0071067322834644
11
5.7454659055118107
21
-4.0065306692913385
0
LINE
8
BLACK
6
CONTINUOUS
10
5.7454659055118107
20
-4.0065306692913385
11
5.7459068110236222
21
-4.0054662598425192
0
LINE
8
BLACK
6
CONTINUOUS
10
5.7459068110236222
20
-4.0054662598425192
11
5.7467214566929137
21
-4.0046516141732287
0
LINE
8
BLACK
6
CONTINUOUS
10
5.7467214566929137
20
-4.0046516141732287
11
5.747785866141732
21
-4.0042107086614172
0
LINE
8
BLACK
6
CONTINUOUS
10
5.747785866141732
20
-4.0042107086614172
11
5.7489379921259838
21
-4.0042107086614172
0
LINE
8
BLACK
6
CONTINUOUS
10
5.7489379921259838
20
-4.0042107086614172
11
5.750002401574803
21
-4.0046516141732287
0
LINE
8
BLACK
6
CONTINUOUS
10
5.7503392125984254
20
-3.9648406299212597
11
5.7508127559055113
21
-3.9648406299212597
0
LINE
8
BLACK
6
CONTINUOUS
10
5.7508127559055113
20
-3.9648406299212597
11
5.7509108267716531
21
-3.9648812598425196
0
LINE
8
BLACK
6
CONTINUOUS
10
5.7509108267716531
20
-3.9648812598425196
11
5.7510165748031499
21
-3.9648887795275591
0
LINE
8
BLACK
6
CONTINUOUS
10
5.7510165748031499
20
-3.9648887795275591
11
5.7514396850393696
21
-3.9651003149606296
0
LINE
8
BLACK
6
CONTINUOUS
10
5.7514396850393696
20
-3.9651003149606296
11
5.7518771653543306
21
-3.9652815354330708
0
LINE
8
BLACK
6
CONTINUOUS
10
5.7518771653543306
20
-3.9652815354330708
11
5.7519521653543304
21
-3.9653565354330707
0
LINE
8
BLACK
6
CONTINUOUS
10
5.7519521653543304
20
-3.9653565354330707
11
5.7520470472440941
21
-3.9654039763779525
0
LINE
8
BLACK
6
CONTINUOUS
10
5.7520470472440941
20
-3.9654039763779525
11
5.7523570472440948
21
-3.9657614173228346
0
LINE
8
BLACK
6
CONTINUOUS
10
5.7523570472440948
20
-3.9657614173228346
11
5.752691811023622
21
-3.9660961811023623
0
LINE
8
BLACK
6
CONTINUOUS
10
5.752691811023622
20
-3.9660961811023623
11
5.7527324015748027
21
-3.9661942125984253
0
LINE
8
BLACK
6
CONTINUOUS
10
5.7527324015748027
20
-3.9661942125984253
11
5.7528019291338586
21
-3.96627437007874
0
LINE
8
BLACK
6
CONTINUOUS
10
5.7528019291338586
20
-3.96627437007874
11
5.7529515354330707
21
-3.9667231889763777
0
LINE
8
BLACK
6
CONTINUOUS
10
5.7529515354330707
20
-3.9667231889763777
11
5.7531327165354327
21
-3.9671605905511811
0
LINE
8
BLACK
6
CONTINUOUS
10
5.7531327165354327
20
-3.9671605905511811
11
5.7531475196850392
21
-3.9673112204724408
0
LINE
8
BLACK
6
CONTINUOUS
10
5.7531475196850392
20
-3.9673112204724408
11
5.7531662598425193
21
-3.9673673622047243
0
LINE
8
BLACK
6
CONTINUOUS
10
5.7531662598425193
20
-3.9673673622047243
11
5.7531607086614169
21
-3.9674450787401572
0
LINE
8
BLACK
6
CONTINUOUS
10
5.7531607086614169
20
-3.9674450787401572
11
5.7531894488188975
21
-3.967736653543307
0
LINE
8
BLACK
6
CONTINUOUS
10
5.7531894488188975
20
-3.967736653543307
11
5.7531894488188975
21
-3.9835315354330709
0
LINE
8
BLACK
6
CONTINUOUS
10
5.7531894488188975
20
-3.9835315354330709
11
5.7633600787401571
21
-3.9835315354330709
0
LINE
8
BLACK
6
CONTINUOUS
10
5.7633600787401571
20
-3.9835315354330709
11
5.763936141732283
21
-3.9835882677165353
0
LINE
8
BLACK
6
CONTINUOUS
10
5.763936141732283
20
-3.9835882677165353
11
5.7650005511811022
21
-3.9840291732283464
0
LINE
8
BLACK
6
CONTINUOUS
10
5.7650005511811022
20
-3.9840291732283464
11
5.7658151968503937
21
-3.9848438188976378
0
LINE
8
BLACK
6
CONTINUOUS
10
5.7658151968503937
20
-3.9848438188976378
11
5.7662561023622043
21
-3.9859082283464566
0
LINE
8
BLACK
6
CONTINUOUS
10
5.7662561023622043
20
-3.9859082283464566
11
5.7662561023622043
21
-3.9870603543307084
0
LINE
8
BLACK
6
CONTINUOUS
10
5.7662561023622043
20
-3.9870603543307084
11
5.7658151968503937
21
-3.9881247637795276
0
LINE
8
BLACK
6
CONTINUOUS
10
5.7658151968503937
20
-3.9881247637795276
11
5.7650005511811022
21
-3.9889394094488186
0
LINE
8
BLACK
6
CONTINUOUS
10
5.7650005511811022
20
-3.9889394094488186
11
5.763936141732283
21
-3.9893803149606297
0
LINE
8
BLACK
6
CONTINUOUS
10
5.763936141732283
20
-3.9893803149606297
11
5.7633600787401571
21
-3.9894370472440945
0
LINE
8
BLACK
6
CONTINUOUS
10
5.7633600787401571
20
-3.9894370472440945
11
5.7531894488188975
21
-3.9894370472440945
0
LINE
8
BLACK
6
CONTINUOUS
10
5.7531894488188975
20
-3.9894370472440945
11
5.7531894488188975
21
-3.9921085826771652
0
LINE
8
BLACK
6
CONTINUOUS
10
5.7531894488188975
20
-3.9921085826771652
11
5.7531327165354327
21
-3.992684645669291
0
LINE
8
BLACK
6
CONTINUOUS
10
5.7531327165354327
20
-3.992684645669291
11
5.752691811023622
21
-3.9937490551181103
0
LINE
8
BLACK
6
CONTINUOUS
10
5.752691811023622
20
-3.9937490551181103
11
5.7518771653543306
21
-3.9945637007874013
0
LINE
8
BLACK
6
CONTINUOUS
10
5.7518771653543306
20
-3.9945637007874013
11
5.7508127559055113
21
-3.9950046062992124
0
LINE
8
BLACK
6
CONTINUOUS
10
5.7508127559055113
20
-3.9950046062992124
11
5.7496606299212596
21
-3.9950046062992124
0
LINE
8
BLACK
6
CONTINUOUS
10
5.7496606299212596
20
-3.9950046062992124
11
5.7485962204724412
21
-3.9945637007874013
0
LINE
8
BLACK
6
CONTINUOUS
10
5.7485962204724412
20
-3.9945637007874013
11
5.7477815748031498
21
-3.9937490551181103
0
LINE
8
BLACK
6
CONTINUOUS
10
5.7477815748031498
20
-3.9937490551181103
11
5.7473406692913382
21
-3.992684645669291
0
LINE
8
BLACK
6
CONTINUOUS
10
5.7473406692913382
20
-3.992684645669291
11
5.7472839370078743
21
-3.9921085826771652
0
LINE
8
BLACK
6
CONTINUOUS
10
5.7472839370078743
20
-3.9921085826771652
11
5.7472839370078743
21
-3.9894370472440945
0
LINE
8
BLACK
6
CONTINUOUS
10
5.7472839370078743
20
-3.9894370472440945
11
5.7371133464566926
21
-3.9894370472440945
0
LINE
8
BLACK
6
CONTINUOUS
10
5.7371133464566926
20
-3.9894370472440945
11
5.7365372834645667
21
-3.9893803149606297
0
LINE
8
BLACK
6
CONTINUOUS
10
5.7365372834645667
20
-3.9893803149606297
11
5.7354728740157475
21
-3.9889394094488186
0
LINE
8
BLACK
6
CONTINUOUS
10
5.7354728740157475
20
-3.9889394094488186
11
5.7346582283464569
21
-3.9881247637795276
0
LINE
8
BLACK
6
CONTINUOUS
10
5.7346582283464569
20
-3.9881247637795276
11
5.7342173228346454
21
-3.9870603543307084
0
LINE
8
BLACK
6
CONTINUOUS
10
5.7342173228346454
20
-3.9870603543307084
11
5.7342173228346454
21
-3.9859082283464566
0
LINE
8
BLACK
6
CONTINUOUS
10
5.7342173228346454
20
-3.9859082283464566
11
5.7346582283464569
21
-3.9848438188976378
0
LINE
8
BLACK
6
CONTINUOUS
10
5.7346582283464569
20
-3.9848438188976378
11
5.7354728740157475
21
-3.9840291732283464
0
LINE
8
BLACK
6
CONTINUOUS
10
5.7354728740157475
20
-3.9840291732283464
11
5.7365372834645667
21
-3.9835882677165353
0
LINE
8
BLACK
6
CONTINUOUS
10
5.7365372834645667
20
-3.9835882677165353
11
5.7371133464566926
21
-3.9835315354330709
0
LINE
8
BLACK
6
CONTINUOUS
10
5.7371133464566926
20
-3.9835315354330709
11
5.7472839370078743
21
-3.9835315354330709
0
LINE
8
BLACK
6
CONTINUOUS
10
5.7472839370078743
20
-3.9835315354330709
11
5.7472839370078743
21
-3.9718333464566928
0
LINE
8
BLACK
6
CONTINUOUS
10
5.7472839370078743
20
-3.9718333464566928
11
5.7230489763779531
21
-3.9799116929133858
0
LINE
8
BLACK
6
CONTINUOUS
10
5.7230489763779531
20
-3.9799116929133858
11
5.7224845275590548
21
-3.9800400393700786
0
LINE
8
BLACK
6
CONTINUOUS
10
5.7224845275590548
20
-3.9800400393700786
11
5.7213353149606299
21
-3.979958346456693
0
LINE
8
BLACK
6
CONTINUOUS
10
5.7213353149606299
20
-3.979958346456693
11
5.7203048818897635
21
-3.9794431496062992
0
LINE
8
BLACK
6
CONTINUOUS
10
5.7203048818897635
20
-3.9794431496062992
11
5.7195499999999999
21
-3.9785727952755905
0
LINE
8
BLACK
6
CONTINUOUS
10
5.7195499999999999
20
-3.9785727952755905
11
5.7191856692913383
21
-3.9774797637795274
0
LINE
8
BLACK
6
CONTINUOUS
10
5.7191856692913383
20
-3.9774797637795274
11
5.7192673622047243
21
-3.9763305511811025
0
LINE
8
BLACK
6
CONTINUOUS
10
5.7192673622047243
20
-3.9763305511811025
11
5.7197825590551181
21
-3.9753001181102361
0
LINE
8
BLACK
6
CONTINUOUS
10
5.7197825590551181
20
-3.9753001181102361
11
5.7206529133858268
21
-3.9745452362204725
0
LINE
8
BLACK
6
CONTINUOUS
10
5.7206529133858268
20
-3.9745452362204725
11
5.7211814960629921
21
-3.9743092519685037
0
LINE
8
BLACK
6
CONTINUOUS
10
5.7211814960629921
20
-3.9743092519685037
11
5.7493029133858267
21
-3.9649354330708659
0
LINE
8
BLACK
6
CONTINUOUS
10
5.7493029133858267
20
-3.9649354330708659
11
5.7495885433070866
21
-3.9648704724409449
0
LINE
8
BLACK
6
CONTINUOUS
10
5.7495885433070866
20
-3.9648704724409449
11
5.7496606299212596
21
-3.9648406299212597
0
LINE
8
BLACK
6
CONTINUOUS
10
5.7496606299212596
20
-3.9648406299212597
11
5.7497198425196849
21
-3.9648406299212597
0
LINE
8
BLACK
6
CONTINUOUS
10
5.7497198425196849
20
-3.9648406299212597
11
5.7498673622047241
21
-3.9648070866141731
0
LINE
8
BLACK
6
CONTINUOUS
10
5.7498673622047241
20
-3.9648070866141731
11
5.7503392125984254
21
-3.9648406299212597
0
LINE
8
BLACK
6
CONTINUOUS
10
5.7484624409448815
20
-3.9272984645669289
11
5.7485054724409448
21
-3.9272920866141732
0
LINE
8
BLACK
6
CONTINUOUS
10
5.7485054724409448
20
-3.9272920866141732
11
5.7487209448818897
21
-3.9273239370078739
0
LINE
8
BLACK
6
CONTINUOUS
10
5.7487209448818897
20
-3.9273239370078739
11
5.7489379921259838
21
-3.9273453149606299
0
LINE
8
BLACK
6
CONTINUOUS
10
5.7489379921259838
20
-3.9273453149606299
11
5.7489781889763778
21
-3.9273619291338582
0
LINE
8
BLACK
6
CONTINUOUS
10
5.7489781889763778
20
-3.9273619291338582
11
5.7490780708661413
21
-3.9273767322834643
0
LINE
8
BLACK
6
CONTINUOUS
10
5.7490780708661413
20
-3.9273767322834643
11
5.7565771259842515
21
-3.9292514960629918
0
LINE
8
BLACK
6
CONTINUOUS
10
5.7565771259842515
20
-3.9292514960629918
11
5.7566196062992123
21
-3.9292666535433072
0
LINE
8
BLACK
6
CONTINUOUS
10
5.7566196062992123
20
-3.9292666535433072
11
5.7566408661417325
21
-3.9292681889763781
0
LINE
8
BLACK
6
CONTINUOUS
10
5.7566408661417325
20
-3.9292681889763781
11
5.756880275590551
21
-3.9293598031496062
0
LINE
8
BLACK
6
CONTINUOUS
10
5.756880275590551
20
-3.9293598031496062
11
5.7571222440944885
21
-3.9294462598425195
0
LINE
8
BLACK
6
CONTINUOUS
10
5.7571222440944885
20
-3.9294462598425195
11
5.7571393700787397
21
-3.9294589370078739
0
LINE
8
BLACK
6
CONTINUOUS
10
5.7571393700787397
20
-3.9294589370078739
11
5.7571814960629917
21
-3.9294750787401576
0
LINE
8
BLACK
6
CONTINUOUS
10
5.7571814960629917
20
-3.9294750787401576
11
5.7609310236220468
21
-3.9313498425196851
0
LINE
8
BLACK
6
CONTINUOUS
10
5.7609310236220468
20
-3.9313498425196851
11
5.7611788976377953
21
-3.9315058661417321
0
LINE
8
BLACK
6
CONTINUOUS
10
5.7611788976377953
20
-3.9315058661417321
11
5.7612509448818896
21
-3.9315357086614173
0
LINE
8
BLACK
6
CONTINUOUS
10
5.7612509448818896
20
-3.9315357086614173
11
5.7613319685039368
21
-3.9316022047244092
0
LINE
8
BLACK
6
CONTINUOUS
10
5.7613319685039368
20
-3.9316022047244092
11
5.7614209055118106
21
-3.9316581889763778
0
LINE
8
BLACK
6
CONTINUOUS
10
5.7614209055118106
20
-3.9316581889763778
11
5.7614720472440943
21
-3.9317171653543306
0
LINE
8
BLACK
6
CONTINUOUS
10
5.7614720472440943
20
-3.9317171653543306
11
5.7616983858267714
21
-3.9319029133858265
0
LINE
8
BLACK
6
CONTINUOUS
10
5.7616983858267714
20
-3.9319029133858265
11
5.7635731889763777
21
-3.9337776771653541
0
LINE
8
BLACK
6
CONTINUOUS
10
5.7635731889763777
20
-3.9337776771653541
11
5.7637589370078741
21
-3.9340040157480316
0
LINE
8
BLACK
6
CONTINUOUS
10
5.7637589370078741
20
-3.9340040157480316
11
5.7638179921259844
21
-3.9340552362204724
0
LINE
8
BLACK
6
CONTINUOUS
10
5.7638179921259844
20
-3.9340552362204724
11
5.763873976377953
21
-3.9341441732283462
0
LINE
8
BLACK
6
CONTINUOUS
10
5.763873976377953
20
-3.9341441732283462
11
5.7639404330708661
21
-3.9342251574803146
0
LINE
8
BLACK
6
CONTINUOUS
10
5.7639404330708661
20
-3.9342251574803146
11
5.7639702362204721
21
-3.9342970866141731
0
LINE
8
BLACK
6
CONTINUOUS
10
5.7639702362204721
20
-3.9342970866141731
11
5.7641263385826766
21
-3.9345451181102362
0
LINE
8
BLACK
6
CONTINUOUS
10
5.7641263385826766
20
-3.9345451181102362
11
5.7660011023622042
21
-3.9382946456692913
0
LINE
8
BLACK
6
CONTINUOUS
10
5.7660011023622042
20
-3.9382946456692913
11
5.7662079921259846
21
-3.9388352362204722
0
LINE
8
BLACK
6
CONTINUOUS
10
5.7662079921259846
20
-3.9388352362204722
11
5.7662155118110237
21
-3.9389411023622047
0
LINE
8
BLACK
6
CONTINUOUS
10
5.7662155118110237
20
-3.9389411023622047
11
5.7662561023622043
21
-3.939039094488189
0
LINE
8
BLACK
6
CONTINUOUS
10
5.7662561023622043
20
-3.939039094488189
11
5.7663128346456691
21
-3.9396151574803149
0
LINE
8
BLACK
6
CONTINUOUS
10
5.7663128346456691
20
-3.9396151574803149
11
5.7663128346456691
21
-3.94336468503937
0
LINE
8
BLACK
6
CONTINUOUS
10
5.7663128346456691
20
-3.94336468503937
11
5.7662561023622043
21
-3.9439407480314959
0
LINE
8
BLACK
6
CONTINUOUS
10
5.7662561023622043
20
-3.9439407480314959
11
5.7662155118110237
21
-3.9440387007874014
0
LINE
8
BLACK
6
CONTINUOUS
10
5.7662155118110237
20
-3.9440387007874014
11
5.7662079921259846
21
-3.9441446062992127
0
LINE
8
BLACK
6
CONTINUOUS
10
5.7662079921259846
20
-3.9441446062992127
11
5.7660011023622042
21
-3.9446851968503935
0
LINE
8
BLACK
6
CONTINUOUS
10
5.7660011023622042
20
-3.9446851968503935
11
5.7641263385826766
21
-3.9484347244094486
0
LINE
8
BLACK
6
CONTINUOUS
10
5.7641263385826766
20
-3.9484347244094486
11
5.7639702362204721
21
-3.948682716535433
0
LINE
8
BLACK
6
CONTINUOUS
10
5.7639702362204721
20
-3.948682716535433
11
5.7639404330708661
21
-3.9487546850393698
0
LINE
8
BLACK
6
CONTINUOUS
10
5.7639404330708661
20
-3.9487546850393698
11
5.763873976377953
21
-3.9488356299212599
0
LINE
8
BLACK
6
CONTINUOUS
10
5.763873976377953
20
-3.9488356299212599
11
5.7638179921259844
21
-3.9489246062992125
0
LINE
8
BLACK
6
CONTINUOUS
10
5.7638179921259844
20
-3.9489246062992125
11
5.7637589370078741
21
-3.9489757874015745
0
LINE
8
BLACK
6
CONTINUOUS
10
5.7637589370078741
20
-3.9489757874015745
11
5.7635731889763777
21
-3.9492021653543308
0
LINE
8
BLACK
6
CONTINUOUS
10
5.7635731889763777
20
-3.9492021653543308
11
5.7616983858267714
21
-3.9510769291338583
0
LINE
8
BLACK
6
CONTINUOUS
10
5.7616983858267714
20
-3.9510769291338583
11
5.7614720472440943
21
-3.9512626377952755
0
LINE
8
BLACK
6
CONTINUOUS
10
5.7614720472440943
20
-3.9512626377952755
11
5.7614209055118106
21
-3.9513216535433071
0
LINE
8
BLACK
6
CONTINUOUS
10
5.7614209055118106
20
-3.9513216535433071
11
5.7613319685039368
21
-3.9513775984251969
0
LINE
8
BLACK
6
CONTINUOUS
10
5.7613319685039368
20
-3.9513775984251969
11
5.7612509448818896
21
-3.9514441338582675
0
LINE
8
BLACK
6
CONTINUOUS
10
5.7612509448818896
20
-3.9514441338582675
11
5.7611788976377953
21
-3.951473937007874
0
LINE
8
BLACK
6
CONTINUOUS
10
5.7611788976377953
20
-3.951473937007874
11
5.7609310236220468
21
-3.9516299999999998
0
LINE
8
BLACK
6
CONTINUOUS
10
5.7609310236220468
20
-3.9516299999999998
11
5.7571814960629917
21
-3.9535047637795273
0
LINE
8
BLACK
6
CONTINUOUS
10
5.7571814960629917
20
-3.9535047637795273
11
5.7571393700787397
21
-3.9535208661417323
0
LINE
8
BLACK
6
CONTINUOUS
10
5.7571393700787397
20
-3.9535208661417323
11
5.7571222440944885
21
-3.9535335826771654
0
LINE
8
BLACK
6
CONTINUOUS
10
5.7571222440944885
20
-3.9535335826771654
11
5.756880275590551
21
-3.9536199999999999
0
LINE
8
BLACK
6
CONTINUOUS
10
5.756880275590551
20
-3.9536199999999999
11
5.7566408661417325
21
-3.9537116535433068
0
LINE
8
BLACK
6
CONTINUOUS
10
5.7566408661417325
20
-3.9537116535433068
11
5.7566196062992123
21
-3.9537131496062989
0
LINE
8
BLACK
6
CONTINUOUS
10
5.7566196062992123
20
-3.9537131496062989
11
5.7565771259842515
21
-3.953728346456693
0
LINE
8
BLACK
6
CONTINUOUS
10
5.7565771259842515
20
-3.953728346456693
11
5.7490780708661413
21
-3.9556031102362206
0
LINE
8
BLACK
6
CONTINUOUS
10
5.7490780708661413
20
-3.9556031102362206
11
5.7489781889763778
21
-3.9556178740157479
0
LINE
8
BLACK
6
CONTINUOUS
10
5.7489781889763778
20
-3.9556178740157479
11
5.7489379921259838
21
-3.955634527559055
0
LINE
8
BLACK
6
CONTINUOUS
10
5.7489379921259838
20
-3.955634527559055
11
5.7487209448818897
21
-3.9556558661417323
0
LINE
8
BLACK
6
CONTINUOUS
10
5.7487209448818897
20
-3.9556558661417323
11
5.7485054724409448
21
-3.9556877559055117
0
LINE
8
BLACK
6
CONTINUOUS
10
5.7485054724409448
20
-3.9556877559055117
11
5.7484624409448815
21
-3.9556813385826772
0
LINE
8
BLACK
6
CONTINUOUS
10
5.7484624409448815
20
-3.9556813385826772
11
5.7483619291338579
21
-3.9556912598425198
0
LINE
8
BLACK
6
CONTINUOUS
10
5.7483619291338579
20
-3.9556912598425198
11
5.7389881102362201
21
-3.9556912598425198
0
LINE
8
BLACK
6
CONTINUOUS
10
5.7389881102362201
20
-3.9556912598425198
11
5.7388875590551178
21
-3.9556813385826772
0
LINE
8
BLACK
6
CONTINUOUS
10
5.7388875590551178
20
-3.9556813385826772
11
5.7388445669291341
21
-3.9556877559055117
0
LINE
8
BLACK
6
CONTINUOUS
10
5.7388445669291341
20
-3.9556877559055117
11
5.7386290551181105
21
-3.9556558661417323
0
LINE
8
BLACK
6
CONTINUOUS
10
5.7386290551181105
20
-3.9556558661417323
11
5.7384120472440943
21
-3.955634527559055
0
LINE
8
BLACK
6
CONTINUOUS
10
5.7384120472440943
20
-3.955634527559055
11
5.7383718110236215
21
-3.9556178740157479
0
LINE
8
BLACK
6
CONTINUOUS
10
5.7383718110236215
20
-3.9556178740157479
11
5.7382719685039367
21
-3.9556031102362206
0
LINE
8
BLACK
6
CONTINUOUS
10
5.7382719685039367
20
-3.9556031102362206
11
5.7307729133858265
21
-3.953728346456693
0
LINE
8
BLACK
6
CONTINUOUS
10
5.7307729133858265
20
-3.953728346456693
11
5.730730393700787
21
-3.9537131496062989
0
LINE
8
BLACK
6
CONTINUOUS
10
5.730730393700787
20
-3.9537131496062989
11
5.7307091338582676
21
-3.9537116535433068
0
LINE
8
BLACK
6
CONTINUOUS
10
5.7307091338582676
20
-3.9537116535433068
11
5.7304693700787404
21
-3.9536198818897637
0
LINE
8
BLACK
6
CONTINUOUS
10
5.7304693700787404
20
-3.9536198818897637
11
5.7302277952755905
21
-3.9535335826771654
0
LINE
8
BLACK
6
CONTINUOUS
10
5.7302277952755905
20
-3.9535335826771654
11
5.7302106299212596
21
-3.9535208661417323
0
LINE
8
BLACK
6
CONTINUOUS
10
5.7302106299212596
20
-3.9535208661417323
11
5.7301685433070864
21
-3.9535047637795273
0
LINE
8
BLACK
6
CONTINUOUS
10
5.7301685433070864
20
-3.9535047637795273
11
5.7264190157480312
21
-3.9516299999999998
0
LINE
8
BLACK
6
CONTINUOUS
10
5.7264190157480312
20
-3.9516299999999998
11
5.7261709842519686
21
-3.9514738976377952
0
LINE
8
BLACK
6
CONTINUOUS
10
5.7261709842519686
20
-3.9514738976377952
11
5.7260990551181097
21
-3.9514440944881888
0
LINE
8
BLACK
6
CONTINUOUS
10
5.7260990551181097
20
-3.9514440944881888
11
5.7260180708661412
21
-3.9513775984251969
0
LINE
8
BLACK
6
CONTINUOUS
10
5.7260180708661412
20
-3.9513775984251969
11
5.7259291338582674
21
-3.9513216535433071
0
LINE
8
BLACK
6
CONTINUOUS
10
5.7259291338582674
20
-3.9513216535433071
11
5.7258779527559049
21
-3.9512626377952755
0
LINE
8
BLACK
6
CONTINUOUS
10
5.7258779527559049
20
-3.9512626377952755
11
5.7256516141732279
21
-3.9510768897637796
0
LINE
8
BLACK
6
CONTINUOUS
10
5.7256516141732279
20
-3.9510768897637796
11
5.7237768503937003
21
-3.949202125984252
0
LINE
8
BLACK
6
CONTINUOUS
10
5.7237768503937003
20
-3.949202125984252
11
5.7235910629921261
21
-3.9489757480314958
0
LINE
8
BLACK
6
CONTINUOUS
10
5.7235910629921261
20
-3.9489757480314958
11
5.7235320866141732
21
-3.9489246062992125
0
LINE
8
BLACK
6
CONTINUOUS
10
5.7235320866141732
20
-3.9489246062992125
11
5.7234761023622047
21
-3.9488356299212599
0
LINE
8
BLACK
6
CONTINUOUS
10
5.7234761023622047
20
-3.9488356299212599
11
5.7234096456692916
21
-3.9487546850393698
0
LINE
8
BLACK
6
CONTINUOUS
10
5.7234096456692916
20
-3.9487546850393698
11
5.7233798031496059
21
-3.948682716535433
0
LINE
8
BLACK
6
CONTINUOUS
10
5.7233798031496059
20
-3.948682716535433
11
5.7232237401574801
21
-3.9484347244094486
0
LINE
8
BLACK
6
CONTINUOUS
10
5.7232237401574801
20
-3.9484347244094486
11
5.7213489763779526
21
-3.9446851968503935
0
LINE
8
BLACK
6
CONTINUOUS
10
5.7213489763779526
20
-3.9446851968503935
11
5.7211420866141731
21
-3.944144566929134
0
LINE
8
BLACK
6
CONTINUOUS
10
5.7211420866141731
20
-3.944144566929134
11
5.721134566929134
21
-3.9440387401574801
0
LINE
8
BLACK
6
CONTINUOUS
10
5.721134566929134
20
-3.9440387401574801
11
5.7210939763779525
21
-3.9439407480314959
0
LINE
8
BLACK
6
CONTINUOUS
10
5.7210939763779525
20
-3.9439407480314959
11
5.7210372440944877
21
-3.94336468503937
0
LINE
8
BLACK
6
CONTINUOUS
10
5.7210372440944877
20
-3.94336468503937
11
5.7210372440944877
21
-3.9396151574803149
0
LINE
8
BLACK
6
CONTINUOUS
10
5.7210372440944877
20
-3.9396151574803149
11
5.7210939763779525
21
-3.939039094488189
0
LINE
8
BLACK
6
CONTINUOUS
10
5.7210939763779525
20
-3.939039094488189
11
5.721134566929134
21
-3.938941062992126
0
LINE
8
BLACK
6
CONTINUOUS
10
5.721134566929134
20
-3.938941062992126
11
5.7211420866141731
21
-3.9388352755905509
0
LINE
8
BLACK
6
CONTINUOUS
10
5.7211420866141731
20
-3.9388352755905509
11
5.7213489763779526
21
-3.9382946456692913
0
LINE
8
BLACK
6
CONTINUOUS
10
5.7213489763779526
20
-3.9382946456692913
11
5.7232237401574801
21
-3.9345451181102362
0
LINE
8
BLACK
6
CONTINUOUS
10
5.7232237401574801
20
-3.9345451181102362
11
5.7233798031496059
21
-3.9342970866141731
0
LINE
8
BLACK
6
CONTINUOUS
10
5.7233798031496059
20
-3.9342970866141731
11
5.7234096456692916
21
-3.9342251574803146
0
LINE
8
BLACK
6
CONTINUOUS
10
5.7234096456692916
20
-3.9342251574803146
11
5.7234761023622047
21
-3.9341441732283462
0
LINE
8
BLACK
6
CONTINUOUS
10
5.7234761023622047
20
-3.9341441732283462
11
5.7235320866141732
21
-3.9340552362204724
0
LINE
8
BLACK
6
CONTINUOUS
10
5.7235320866141732
20
-3.9340552362204724
11
5.7235910629921261
21
-3.9340040551181104
0
LINE
8
BLACK
6
CONTINUOUS
10
5.7235910629921261
20
-3.9340040551181104
11
5.7237768503937003
21
-3.9337777165354328
0
LINE
8
BLACK
6
CONTINUOUS
10
5.7237768503937003
20
-3.9337777165354328
11
5.7256516141732279
21
-3.9319029527559053
0
LINE
8
BLACK
6
CONTINUOUS
10
5.7256516141732279
20
-3.9319029527559053
11
5.7258779527559049
21
-3.9317171653543306
0
LINE
8
BLACK
6
CONTINUOUS
10
5.7258779527559049
20
-3.9317171653543306
11
5.7259291338582674
21
-3.9316581889763778
0
LINE
8
BLACK
6
CONTINUOUS
10
5.7259291338582674
20
-3.9316581889763778
11
5.7260180708661412
21
-3.9316022047244092
0
LINE
8
BLACK
6
CONTINUOUS
10
5.7260180708661412
20
-3.9316022047244092
11
5.7260990551181097
21
-3.9315357480314961
0
LINE
8
BLACK
6
CONTINUOUS
10
5.7260990551181097
20
-3.9315357480314961
11
5.7261709842519686
21
-3.9315059055118109
0
LINE
8
BLACK
6
CONTINUOUS
10
5.7261709842519686
20
-3.9315059055118109
11
5.7264190157480312
21
-3.9313498425196851
0
LINE
8
BLACK
6
CONTINUOUS
10
5.7264190157480312
20
-3.9313498425196851
11
5.7301685433070864
21
-3.9294750787401576
0
LINE
8
BLACK
6
CONTINUOUS
10
5.7301685433070864
20
-3.9294750787401576
11
5.7302106299212596
21
-3.9294589370078739
0
LINE
8
BLACK
6
CONTINUOUS
10
5.7302106299212596
20
-3.9294589370078739
11
5.7302277952755905
21
-3.9294462598425195
0
LINE
8
BLACK
6
CONTINUOUS
10
5.7302277952755905
20
-3.9294462598425195
11
5.7304693700787404
21
-3.9293599212598425
0
LINE
8
BLACK
6
CONTINUOUS
10
5.7304693700787404
20
-3.9293599212598425
11
5.7307091338582676
21
-3.9292681889763781
0
LINE
8
BLACK
6
CONTINUOUS
10
5.7307091338582676
20
-3.9292681889763781
11
5.730730393700787
21
-3.9292666535433072
0
LINE
8
BLACK
6
CONTINUOUS
10
5.730730393700787
20
-3.9292666535433072
11
5.7307729133858265
21
-3.9292514960629918
0
LINE
8
BLACK
6
CONTINUOUS
10
5.7307729133858265
20
-3.9292514960629918
11
5.7382719685039367
21
-3.9273767322834643
0
LINE
8
BLACK
6
CONTINUOUS
10
5.7382719685039367
20
-3.9273767322834643
11
5.7383718110236215
21
-3.9273619291338582
0
LINE
8
BLACK
6
CONTINUOUS
10
5.7383718110236215
20
-3.9273619291338582
11
5.7384120472440943
21
-3.9273453149606299
0
LINE
8
BLACK
6
CONTINUOUS
10
5.7384120472440943
20
-3.9273453149606299
11
5.7386290551181105
21
-3.9273239370078739
0
LINE
8
BLACK
6
CONTINUOUS
10
5.7386290551181105
20
-3.9273239370078739
11
5.7388445669291341
21
-3.9272920866141732
0
LINE
8
BLACK
6
CONTINUOUS
10
5.7388445669291341
20
-3.9272920866141732
11
5.7388875590551178
21
-3.9272984645669289
0
LINE
8
BLACK
6
CONTINUOUS
10
5.7388875590551178
20
-3.9272984645669289
11
5.7389881102362201
21
-3.9272885826771651
0
LINE
8
BLACK
6
CONTINUOUS
10
5.7389881102362201
20
-3.9272885826771651
11
5.7483619291338579
21
-3.9272885826771651
0
LINE
8
BLACK
6
CONTINUOUS
10
5.7483619291338579
20
-3.9272885826771651
11
5.7484624409448815
21
-3.9272984645669289
0
LINE
8
BLACK
6
CONTINUOUS
10
5.7325196062992125
20
-3.9349020866141733
11
5.7294886220472439
21
-3.9364175984251966
0
LINE
8
BLACK
6
CONTINUOUS
10
5.7294886220472439
20
-3.9364175984251966
11
5.728291496062992
21
-3.9376147244094488
0
LINE
8
BLACK
6
CONTINUOUS
10
5.728291496062992
20
-3.9376147244094488
11
5.7269427559055117
21
-3.9403122047244095
0
LINE
8
BLACK
6
CONTINUOUS
10
5.7269427559055117
20
-3.9403122047244095
11
5.7269427559055117
21
-3.9426676377952754
0
LINE
8
BLACK
6
CONTINUOUS
10
5.7269427559055117
20
-3.9426676377952754
11
5.728291496062992
21
-3.945365118110236
0
LINE
8
BLACK
6
CONTINUOUS
10
5.728291496062992
20
-3.945365118110236
11
5.7294886220472439
21
-3.9465622440944883
0
LINE
8
BLACK
6
CONTINUOUS
10
5.7294886220472439
20
-3.9465622440944883
11
5.7325196062992125
21
-3.9480777165354328
0
LINE
8
BLACK
6
CONTINUOUS
10
5.7325196062992125
20
-3.9480777165354328
11
5.7393516535433067
21
-3.9497857480314962
0
LINE
8
BLACK
6
CONTINUOUS
10
5.7393516535433067
20
-3.9497857480314962
11
5.7479983858267714
21
-3.9497857480314962
0
LINE
8
BLACK
6
CONTINUOUS
10
5.7479983858267714
20
-3.9497857480314962
11
5.7548304330708664
21
-3.9480777165354328
0
LINE
8
BLACK
6
CONTINUOUS
10
5.7548304330708664
20
-3.9480777165354328
11
5.7578614173228342
21
-3.9465622047244096
0
LINE
8
BLACK
6
CONTINUOUS
10
5.7578614173228342
20
-3.9465622047244096
11
5.7590585826771656
21
-3.9453650787401573
0
LINE
8
BLACK
6
CONTINUOUS
10
5.7590585826771656
20
-3.9453650787401573
11
5.760407322834646
21
-3.9426676377952754
0
LINE
8
BLACK
6
CONTINUOUS
10
5.760407322834646
20
-3.9426676377952754
11
5.760407322834646
21
-3.9403122047244095
0
LINE
8
BLACK
6
CONTINUOUS
10
5.760407322834646
20
-3.9403122047244095
11
5.7590585826771656
21
-3.9376147244094488
0
LINE
8
BLACK
6
CONTINUOUS
10
5.7590585826771656
20
-3.9376147244094488
11
5.7578614173228342
21
-3.9364175984251966
0
LINE
8
BLACK
6
CONTINUOUS
10
5.7578614173228342
20
-3.9364175984251966
11
5.7548304330708664
21
-3.9349020866141733
0
LINE
8
BLACK
6
CONTINUOUS
10
5.7548304330708664
20
-3.9349020866141733
11
5.7479983858267714
21
-3.9331940944881887
0
LINE
8
BLACK
6
CONTINUOUS
10
5.7479983858267714
20
-3.9331940944881887
11
5.7393516535433067
21
-3.9331940944881887
0
LINE
8
BLACK
6
CONTINUOUS
10
5.7393516535433067
20
-3.9331940944881887
11
5.7325196062992125
21
-3.9349020866141733
0
LINE
8
BLACK
6
CONTINUOUS
10
5.8231081102362205
20
-3.8907405511811022
11
5.823151141732283
21
-3.8907341732283465
0
LINE
8
BLACK
6
CONTINUOUS
10
5.823151141732283
20
-3.8907341732283465
11
5.8233666141732279
21
-3.8907660236220472
0
LINE
8
BLACK
6
CONTINUOUS
10
5.8233666141732279
20
-3.8907660236220472
11
5.8235836614173229
21
-3.8907874015748032
0
LINE
8
BLACK
6
CONTINUOUS
10
5.8235836614173229
20
-3.8907874015748032
11
5.823623858267716
21
-3.8908040157480315
0
LINE
8
BLACK
6
CONTINUOUS
10
5.823623858267716
20
-3.8908040157480315
11
5.8237237401574804
21
-3.8908188188976376
0
LINE
8
BLACK
6
CONTINUOUS
10
5.8237237401574804
20
-3.8908188188976376
11
5.8312227952755906
21
-3.8926935826771651
0
LINE
8
BLACK
6
CONTINUOUS
10
5.8312227952755906
20
-3.8926935826771651
11
5.8312652755905514
21
-3.89270874015748
0
LINE
8
BLACK
6
CONTINUOUS
10
5.8312652755905514
20
-3.89270874015748
11
5.8312865354330707
21
-3.8927102755905509
0
LINE
8
BLACK
6
CONTINUOUS
10
5.8312865354330707
20
-3.8927102755905509
11
5.8315259448818892
21
-3.8928018897637795
0
LINE
8
BLACK
6
CONTINUOUS
10
5.8315259448818892
20
-3.8928018897637795
11
5.8317679133858267
21
-3.8928883464566928
0
LINE
8
BLACK
6
CONTINUOUS
10
5.8317679133858267
20
-3.8928883464566928
11
5.8317850393700787
21
-3.8929010236220472
0
LINE
8
BLACK
6
CONTINUOUS
10
5.8317850393700787
20
-3.8929010236220472
11
5.8318271653543308
21
-3.8929171653543304
0
LINE
8
BLACK
6
CONTINUOUS
10
5.8318271653543308
20
-3.8929171653543304
11
5.8355766929133859
21
-3.894791929133858
0
LINE
8
BLACK
6
CONTINUOUS
10
5.8355766929133859
20
-3.894791929133858
11
5.8358245669291335
21
-3.8949479527559054
0
LINE
8
BLACK
6
CONTINUOUS
10
5.8358245669291335
20
-3.8949479527559054
11
5.8358966141732278
21
-3.8949777952755906
0
LINE
8
BLACK
6
CONTINUOUS
10
5.8358966141732278
20
-3.8949777952755906
11
5.8359776377952759
21
-3.8950442913385825
0
LINE
8
BLACK
6
CONTINUOUS
10
5.8359776377952759
20
-3.8950442913385825
11
5.8360665748031497
21
-3.8951002755905511
0
LINE
8
BLACK
6
CONTINUOUS
10
5.8360665748031497
20
-3.8951002755905511
11
5.8361177165354325
21
-3.8951592519685039
0
LINE
8
BLACK
6
CONTINUOUS
10
5.8361177165354325
20
-3.8951592519685039
11
5.8363440551181105
21
-3.8953449999999998
0
LINE
8
BLACK
6
CONTINUOUS
10
5.8363440551181105
20
-3.8953449999999998
11
5.8382188582677168
21
-3.8972197637795274
0
LINE
8
BLACK
6
CONTINUOUS
10
5.8382188582677168
20
-3.8972197637795274
11
5.8384046062992123
21
-3.8974461023622045
0
LINE
8
BLACK
6
CONTINUOUS
10
5.8384046062992123
20
-3.8974461023622045
11
5.8384636614173226
21
-3.8974973228346457
0
LINE
8
BLACK
6
CONTINUOUS
10
5.8384636614173226
20
-3.8974973228346457
11
5.8385196456692912
21
-3.8975862598425195
0
LINE
8
BLACK
6
CONTINUOUS
10
5.8385196456692912
20
-3.8975862598425195
11
5.8385861023622043
21
-3.8976672440944879
0
LINE
8
BLACK
6
CONTINUOUS
10
5.8385861023622043
20
-3.8976672440944879
11
5.8386159055118112
21
-3.8977391732283464
0
LINE
8
BLACK
6
CONTINUOUS
10
5.8386159055118112
20
-3.8977391732283464
11
5.8387720078740157
21
-3.8979872047244095
0
LINE
8
BLACK
6
CONTINUOUS
10
5.8387720078740157
20
-3.8979872047244095
11
5.8406467716535433
21
-3.9017367322834646
0
LINE
8
BLACK
6
CONTINUOUS
10
5.8406467716535433
20
-3.9017367322834646
11
5.8408536614173228
21
-3.9022773228346455
0
LINE
8
BLACK
6
CONTINUOUS
10
5.8408536614173228
20
-3.9022773228346455
11
5.8408611811023619
21
-3.902383188976378
0
LINE
8
BLACK
6
CONTINUOUS
10
5.8408611811023619
20
-3.902383188976378
11
5.8409017716535434
21
-3.9024811811023623
0
LINE
8
BLACK
6
CONTINUOUS
10
5.8409017716535434
20
-3.9024811811023623
11
5.8409585039370073
21
-3.9030572440944882
0
LINE
8
BLACK
6
CONTINUOUS
10
5.8409585039370073
20
-3.9030572440944882
11
5.8409585039370073
21
-3.9068067716535433
0
LINE
8
BLACK
6
CONTINUOUS
10
5.8409585039370073
20
-3.9068067716535433
11
5.8409017716535434
21
-3.9073828346456692
0
LINE
8
BLACK
6
CONTINUOUS
10
5.8409017716535434
20
-3.9073828346456692
11
5.8408611811023619
21
-3.9074807874015747
0
LINE
8
BLACK
6
CONTINUOUS
10
5.8408611811023619
20
-3.9074807874015747
11
5.8408536614173228
21
-3.9075866929133856
0
LINE
8
BLACK
6
CONTINUOUS
10
5.8408536614173228
20
-3.9075866929133856
11
5.8406467716535433
21
-3.9081272834645668
0
LINE
8
BLACK
6
CONTINUOUS
10
5.8406467716535433
20
-3.9081272834645668
11
5.8387720078740157
21
-3.9118768110236219
0
LINE
8
BLACK
6
CONTINUOUS
10
5.8387720078740157
20
-3.9118768110236219
11
5.8386159055118112
21
-3.9121248031496063
0
LINE
8
BLACK
6
CONTINUOUS
10
5.8386159055118112
20
-3.9121248031496063
11
5.8385861023622043
21
-3.9121967716535431
0
LINE
8
BLACK
6
CONTINUOUS
10
5.8385861023622043
20
-3.9121967716535431
11
5.8385196456692912
21
-3.9122777165354328
0
LINE
8
BLACK
6
CONTINUOUS
10
5.8385196456692912
20
-3.9122777165354328
11
5.8384636614173226
21
-3.9123666929133858
0
LINE
8
BLACK
6
CONTINUOUS
10
5.8384636614173226
20
-3.9123666929133858
11
5.8384046062992123
21
-3.9124178740157478
0
LINE
8
BLACK
6
CONTINUOUS
10
5.8384046062992123
20
-3.9124178740157478
11
5.8382188582677168
21
-3.9126442519685036
0
LINE
8
BLACK
6
CONTINUOUS
10
5.8382188582677168
20
-3.9126442519685036
11
5.8363440551181105
21
-3.9145190157480316
0
LINE
8
BLACK
6
CONTINUOUS
10
5.8363440551181105
20
-3.9145190157480316
11
5.8361177165354325
21
-3.9147047244094488
0
LINE
8
BLACK
6
CONTINUOUS
10
5.8361177165354325
20
-3.9147047244094488
11
5.8360665748031497
21
-3.9147637401574804
0
LINE
8
BLACK
6
CONTINUOUS
10
5.8360665748031497
20
-3.9147637401574804
11
5.8359776377952759
21
-3.9148196850393702
0
LINE
8
BLACK
6
CONTINUOUS
10
5.8359776377952759
20
-3.9148196850393702
11
5.8358966141732278
21
-3.9148862204724408
0
LINE
8
BLACK
6
CONTINUOUS
10
5.8358966141732278
20
-3.9148862204724408
11
5.8358245669291335
21
-3.9149160236220473
0
LINE
8
BLACK
6
CONTINUOUS
10
5.8358245669291335
20
-3.9149160236220473
11
5.8355766929133859
21
-3.9150720866141731
0
LINE
8
BLACK
6
CONTINUOUS
10
5.8355766929133859
20
-3.9150720866141731
11
5.8318271653543308
21
-3.9169468503937006
0
LINE
8
BLACK
6
CONTINUOUS
10
5.8318271653543308
20
-3.9169468503937006
11
5.8317850393700787
21
-3.9169629527559056
0
LINE
8
BLACK
6
CONTINUOUS
10
5.8317850393700787
20
-3.9169629527559056
11
5.8317679133858267
21
-3.9169756692913387
0
LINE
8
BLACK
6
CONTINUOUS
10
5.8317679133858267
20
-3.9169756692913387
11
5.8315259448818892
21
-3.9170620866141732
0
LINE
8
BLACK
6
CONTINUOUS
10
5.8315259448818892
20
-3.9170620866141732
11
5.8312865354330707
21
-3.9171537401574801
0
LINE
8
BLACK
6
CONTINUOUS
10
5.8312865354330707
20
-3.9171537401574801
11
5.8312652755905514
21
-3.9171552362204722
0
LINE
8
BLACK
6
CONTINUOUS
10
5.8312652755905514
20
-3.9171552362204722
11
5.8312227952755906
21
-3.9171704330708659
0
LINE
8
BLACK
6
CONTINUOUS
10
5.8312227952755906
20
-3.9171704330708659
11
5.8237237401574804
21
-3.9190451968503934
0
LINE
8
BLACK
6
CONTINUOUS
10
5.8237237401574804
20
-3.9190451968503934
11
5.823623858267716
21
-3.9190599606299212
0
LINE
8
BLACK
6
CONTINUOUS
10
5.823623858267716
20
-3.9190599606299212
11
5.8235836614173229
21
-3.9190766141732283
0
LINE
8
BLACK
6
CONTINUOUS
10
5.8235836614173229
20
-3.9190766141732283
11
5.8233666141732279
21
-3.9190979527559056
0
LINE
8
BLACK
6
CONTINUOUS
10
5.8233666141732279
20
-3.9190979527559056
11
5.823151141732283
21
-3.919129842519685
0
LINE
8
BLACK
6
CONTINUOUS
10
5.823151141732283
20
-3.919129842519685
11
5.8231081102362205
21
-3.9191234251968501
0
LINE
8
BLACK
6
CONTINUOUS
10
5.8231081102362205
20
-3.9191234251968501
11
5.823007598425197
21
-3.9191333464566926
0
LINE
8
BLACK
6
CONTINUOUS
10
5.823007598425197
20
-3.9191333464566926
11
5.8136337795275592
21
-3.9191333464566926
0
LINE
8
BLACK
6
CONTINUOUS
10
5.8136337795275592
20
-3.9191333464566926
11
5.8135332283464569
21
-3.9191234251968501
0
LINE
8
BLACK
6
CONTINUOUS
10
5.8135332283464569
20
-3.9191234251968501
11
5.8134902362204723
21
-3.919129842519685
0
LINE
8
BLACK
6
CONTINUOUS
10
5.8134902362204723
20
-3.919129842519685
11
5.8132747244094487
21
-3.9190979527559056
0
LINE
8
BLACK
6
CONTINUOUS
10
5.8132747244094487
20
-3.9190979527559056
11
5.8130577165354334
21
-3.9190766141732283
0
LINE
8
BLACK
6
CONTINUOUS
10
5.8130577165354334
20
-3.9190766141732283
11
5.8130174803149606
21
-3.9190599606299212
0
LINE
8
BLACK
6
CONTINUOUS
10
5.8130174803149606
20
-3.9190599606299212
11
5.8129176377952758
21
-3.9190451968503934
0
LINE
8
BLACK
6
CONTINUOUS
10
5.8129176377952758
20
-3.9190451968503934
11
5.8054185826771656
21
-3.9171704330708659
0
LINE
8
BLACK
6
CONTINUOUS
10
5.8054185826771656
20
-3.9171704330708659
11
5.8053760629921261
21
-3.9171552362204722
0
LINE
8
BLACK
6
CONTINUOUS
10
5.8053760629921261
20
-3.9171552362204722
11
5.8053548031496058
21
-3.9171537401574801
0
LINE
8
BLACK
6
CONTINUOUS
10
5.8053548031496058
20
-3.9171537401574801
11
5.8051150393700786
21
-3.917061968503937
0
LINE
8
BLACK
6
CONTINUOUS
10
5.8051150393700786
20
-3.917061968503937
11
5.8048734645669287
21
-3.9169756692913387
0
LINE
8
BLACK
6
CONTINUOUS
10
5.8048734645669287
20
-3.9169756692913387
11
5.8048562992125987
21
-3.9169629527559056
0
LINE
8
BLACK
6
CONTINUOUS
10
5.8048562992125987
20
-3.9169629527559056
11
5.8048142125984254
21
-3.9169468503937006
0
LINE
8
BLACK
6
CONTINUOUS
10
5.8048142125984254
20
-3.9169468503937006
11
5.8010646850393703
21
-3.9150720866141731
0
LINE
8
BLACK
6
CONTINUOUS
10
5.8010646850393703
20
-3.9150720866141731
11
5.8008166535433068
21
-3.9149159842519685
0
LINE
8
BLACK
6
CONTINUOUS
10
5.8008166535433068
20
-3.9149159842519685
11
5.8007447244094488
21
-3.9148861811023621
0
LINE
8
BLACK
6
CONTINUOUS
10
5.8007447244094488
20
-3.9148861811023621
11
5.8006637401574803
21
-3.9148196850393702
0
LINE
8
BLACK
6
CONTINUOUS
10
5.8006637401574803
20
-3.9148196850393702
11
5.8005748031496065
21
-3.9147637401574804
0
LINE
8
BLACK
6
CONTINUOUS
10
5.8005748031496065
20
-3.9147637401574804
11
5.800523622047244
21
-3.9147047244094488
0
LINE
8
BLACK
6
CONTINUOUS
10
5.800523622047244
20
-3.9147047244094488
11
5.800297283464567
21
-3.9145189763779529
0
LINE
8
BLACK
6
CONTINUOUS
10
5.800297283464567
20
-3.9145189763779529
11
5.7984225196850394
21
-3.9126442125984253
0
LINE
8
BLACK
6
CONTINUOUS
10
5.7984225196850394
20
-3.9126442125984253
11
5.7982367322834643
21
-3.9124178346456691
0
LINE
8
BLACK
6
CONTINUOUS
10
5.7982367322834643
20
-3.9124178346456691
11
5.7981777559055114
21
-3.9123666929133858
0
LINE
8
BLACK
6
CONTINUOUS
10
5.7981777559055114
20
-3.9123666929133858
11
5.7981217716535429
21
-3.9122777165354328
0
LINE
8
BLACK
6
CONTINUOUS
10
5.7981217716535429
20
-3.9122777165354328
11
5.7980553149606298
21
-3.9121967716535431
0
LINE
8
BLACK
6
CONTINUOUS
10
5.7980553149606298
20
-3.9121967716535431
11
5.798025472440945
21
-3.9121248031496063
0
LINE
8
BLACK
6
CONTINUOUS
10
5.798025472440945
20
-3.9121248031496063
11
5.7978694094488183
21
-3.9118768110236219
0
LINE
8
BLACK
6
CONTINUOUS
10
5.7978694094488183
20
-3.9118768110236219
11
5.7959946456692908
21
-3.9081272834645668
0
LINE
8
BLACK
6
CONTINUOUS
10
5.7959946456692908
20
-3.9081272834645668
11
5.7957877559055113
21
-3.9075866535433068
0
LINE
8
BLACK
6
CONTINUOUS
10
5.7957877559055113
20
-3.9075866535433068
11
5.7957802362204722
21
-3.9074808267716534
0
LINE
8
BLACK
6
CONTINUOUS
10
5.7957802362204722
20
-3.9074808267716534
11
5.7957396456692916
21
-3.9073828346456692
0
LINE
8
BLACK
6
CONTINUOUS
10
5.7957396456692916
20
-3.9073828346456692
11
5.7956829133858268
21
-3.9068067716535433
0
LINE
8
BLACK
6
CONTINUOUS
10
5.7956829133858268
20
-3.9068067716535433
11
5.7956829133858268
21
-3.9030572440944882
0
LINE
8
BLACK
6
CONTINUOUS
10
5.7956829133858268
20
-3.9030572440944882
11
5.7957396456692916
21
-3.9024811811023623
0
LINE
8
BLACK
6
CONTINUOUS
10
5.7957396456692916
20
-3.9024811811023623
11
5.7957802362204722
21
-3.9023831496062993
0
LINE
8
BLACK
6
CONTINUOUS
10
5.7957802362204722
20
-3.9023831496062993
11
5.7957877559055113
21
-3.9022773622047242
0
LINE
8
BLACK
6
CONTINUOUS
10
5.7957877559055113
20
-3.9022773622047242
11
5.7959946456692908
21
-3.9017367322834646
0
LINE
8
BLACK
6
CONTINUOUS
10
5.7959946456692908
20
-3.9017367322834646
11
5.7978694094488183
21
-3.8979872047244095
0
LINE
8
BLACK
6
CONTINUOUS
10
5.7978694094488183
20
-3.8979872047244095
11
5.798025472440945
21
-3.8977391732283464
0
LINE
8
BLACK
6
CONTINUOUS
10
5.798025472440945
20
-3.8977391732283464
11
5.7980553149606298
21
-3.8976672440944879
0
LINE
8
BLACK
6
CONTINUOUS
10
5.7980553149606298
20
-3.8976672440944879
11
5.7981217716535429
21
-3.8975862598425195
0
LINE
8
BLACK
6
CONTINUOUS
10
5.7981217716535429
20
-3.8975862598425195
11
5.7981777559055114
21
-3.8974973228346457
0
LINE
8
BLACK
6
CONTINUOUS
10
5.7981777559055114
20
-3.8974973228346457
11
5.7982367322834643
21
-3.8974461417322832
0
LINE
8
BLACK
6
CONTINUOUS
10
5.7982367322834643
20
-3.8974461417322832
11
5.7984225196850394
21
-3.8972198031496061
0
LINE
8
BLACK
6
CONTINUOUS
10
5.7984225196850394
20
-3.8972198031496061
11
5.800297283464567
21
-3.8953450393700786
0
LINE
8
BLACK
6
CONTINUOUS
10
5.800297283464567
20
-3.8953450393700786
11
5.800523622047244
21
-3.8951592519685039
0
LINE
8
BLACK
6
CONTINUOUS
10
5.800523622047244
20
-3.8951592519685039
11
5.8005748031496065
21
-3.8951002755905511
0
LINE
8
BLACK
6
CONTINUOUS
10
5.8005748031496065
20
-3.8951002755905511
11
5.8006637401574803
21
-3.8950442913385825
0
LINE
8
BLACK
6
CONTINUOUS
10
5.8006637401574803
20
-3.8950442913385825
11
5.8007447244094488
21
-3.8949778346456694
0
LINE
8
BLACK
6
CONTINUOUS
10
5.8007447244094488
20
-3.8949778346456694
11
5.8008166535433068
21
-3.8949479921259842
0
LINE
8
BLACK
6
CONTINUOUS
10
5.8008166535433068
20
-3.8949479921259842
11
5.8010646850393703
21
-3.894791929133858
0
LINE
8
BLACK
6
CONTINUOUS
10
5.8010646850393703
20
-3.894791929133858
11
5.8048142125984254
21
-3.8929171653543304
0
LINE
8
BLACK
6
CONTINUOUS
10
5.8048142125984254
20
-3.8929171653543304
11
5.8048562992125987
21
-3.8929010236220472
0
LINE
8
BLACK
6
CONTINUOUS
10
5.8048562992125987
20
-3.8929010236220472
11
5.8048734645669287
21
-3.8928883464566928
0
LINE
8
BLACK
6
CONTINUOUS
10
5.8048734645669287
20
-3.8928883464566928
11
5.8051150393700786
21
-3.8928020078740158
0
LINE
8
BLACK
6
CONTINUOUS
10
5.8051150393700786
20
-3.8928020078740158
11
5.8053548031496058
21
-3.8927102755905509
0
LINE
8
BLACK
6
CONTINUOUS
10
5.8053548031496058
20
-3.8927102755905509
11
5.8053760629921261
21
-3.89270874015748
0
LINE
8
BLACK
6
CONTINUOUS
10
5.8053760629921261
20
-3.89270874015748
11
5.8054185826771656
21
-3.8926935826771651
0
LINE
8
BLACK
6
CONTINUOUS
10
5.8054185826771656
20
-3.8926935826771651
11
5.8129176377952758
21
-3.8908188188976376
0
LINE
8
BLACK
6
CONTINUOUS
10
5.8129176377952758
20
-3.8908188188976376
11
5.8130174803149606
21
-3.8908040157480315
0
LINE
8
BLACK
6
CONTINUOUS
10
5.8130174803149606
20
-3.8908040157480315
11
5.8130577165354334
21
-3.8907874015748032
0
LINE
8
BLACK
6
CONTINUOUS
10
5.8130577165354334
20
-3.8907874015748032
11
5.8132747244094487
21
-3.8907660236220472
0
LINE
8
BLACK
6
CONTINUOUS
10
5.8132747244094487
20
-3.8907660236220472
11
5.8134902362204723
21
-3.8907341732283465
0
LINE
8
BLACK
6
CONTINUOUS
10
5.8134902362204723
20
-3.8907341732283465
11
5.8135332283464569
21
-3.8907405511811022
0
LINE
8
BLACK
6
CONTINUOUS
10
5.8135332283464569
20
-3.8907405511811022
11
5.8136337795275592
21
-3.8907306692913384
0
LINE
8
BLACK
6
CONTINUOUS
10
5.8136337795275592
20
-3.8907306692913384
11
5.823007598425197
21
-3.8907306692913384
0
LINE
8
BLACK
6
CONTINUOUS
10
5.823007598425197
20
-3.8907306692913384
11
5.8231081102362205
21
-3.8907405511811022
0
LINE
8
BLACK
6
CONTINUOUS
10
5.8071652755905507
20
-3.8983441732283466
11
5.8041342913385829
21
-3.8998596850393699
0
LINE
8
BLACK
6
CONTINUOUS
10
5.8041342913385829
20
-3.8998596850393699
11
5.8029371653543302
21
-3.9010568110236221
0
LINE
8
BLACK
6
CONTINUOUS
10
5.8029371653543302
20
-3.9010568110236221
11
5.8015884251968499
21
-3.9037542913385828
0
LINE
8
BLACK
6
CONTINUOUS
10
5.8015884251968499
20
-3.9037542913385828
11
5.8015884251968499
21
-3.9061097244094487
0
LINE
8
BLACK
6
CONTINUOUS
10
5.8015884251968499
20
-3.9061097244094487
11
5.8029371653543302
21
-3.9088072047244093
0
LINE
8
BLACK
6
CONTINUOUS
10
5.8029371653543302
20
-3.9088072047244093
11
5.8041342913385829
21
-3.9100043307086612
0
LINE
8
BLACK
6
CONTINUOUS
10
5.8041342913385829
20
-3.9100043307086612
11
5.8071652755905507
21
-3.9115198031496061
0
LINE
8
BLACK
6
CONTINUOUS
10
5.8071652755905507
20
-3.9115198031496061
11
5.8139973228346458
21
-3.913227834645669
0
LINE
8
BLACK
6
CONTINUOUS
10
5.8139973228346458
20
-3.913227834645669
11
5.8226440551181105
21
-3.913227834645669
0
LINE
8
BLACK
6
CONTINUOUS
10
5.8226440551181105
20
-3.913227834645669
11
5.8294761023622046
21
-3.9115198031496061
0
LINE
8
BLACK
6
CONTINUOUS
10
5.8294761023622046
20
-3.9115198031496061
11
5.8325070866141733
21
-3.9100042913385824
0
LINE
8
BLACK
6
CONTINUOUS
10
5.8325070866141733
20
-3.9100042913385824
11
5.8337042519685038
21
-3.9088071653543306
0
LINE
8
BLACK
6
CONTINUOUS
10
5.8337042519685038
20
-3.9088071653543306
11
5.8350529921259842
21
-3.9061097244094487
0
LINE
8
BLACK
6
CONTINUOUS
10
5.8350529921259842
20
-3.9061097244094487
11
5.8350529921259842
21
-3.9037542913385828
0
LINE
8
BLACK
6
CONTINUOUS
10
5.8350529921259842
20
-3.9037542913385828
11
5.8337042519685038
21
-3.9010568110236221
0
LINE
8
BLACK
6
CONTINUOUS
10
5.8337042519685038
20
-3.9010568110236221
11
5.8325070866141733
21
-3.8998596850393699
0
LINE
8
BLACK
6
CONTINUOUS
10
5.8325070866141733
20
-3.8998596850393699
11
5.8294761023622046
21
-3.8983441732283466
0
LINE
8
BLACK
6
CONTINUOUS
10
5.8294761023622046
20
-3.8983441732283466
11
5.8226440551181105
21
-3.896636181102362
0
LINE
8
BLACK
6
CONTINUOUS
10
5.8226440551181105
20
-3.896636181102362
11
5.8139973228346458
21
-3.896636181102362
0
LINE
8
BLACK
6
CONTINUOUS
10
5.8139973228346458
20
-3.896636181102362
11
5.8071652755905507
21
-3.8983441732283466
0
LINE
8
BLACK
6
CONTINUOUS
10
5.7650005511811022
20
-3.8884161417322836
11
5.7658152362204724
21
-3.8892307874015746
0
LINE
8
BLACK
6
CONTINUOUS
10
5.7658152362204724
20
-3.8892307874015746
11
5.7660716929133855
21
-3.88985
0
LINE
8
BLACK
6
CONTINUOUS
10
5.7660716929133855
20
-3.88985
11
5.7662561023622043
21
-3.8902951968503938
0
LINE
8
BLACK
6
CONTINUOUS
10
5.7662561023622043
20
-3.8902951968503938
11
5.7663128346456691
21
-3.8908712598425197
0
LINE
8
BLACK
6
CONTINUOUS
10
5.7663128346456691
20
-3.8908712598425197
11
5.7663128346456691
21
-3.9152431889763779
0
LINE
8
BLACK
6
CONTINUOUS
10
5.7663128346456691
20
-3.9152431889763779
11
5.7662561023622043
21
-3.9158192519685038
0
LINE
8
BLACK
6
CONTINUOUS
10
5.7662561023622043
20
-3.9158192519685038
11
5.7658151968503937
21
-3.9168836614173226
0
LINE
8
BLACK
6
CONTINUOUS
10
5.7658151968503937
20
-3.9168836614173226
11
5.7650005511811022
21
-3.917698307086614
0
LINE
8
BLACK
6
CONTINUOUS
10
5.7650005511811022
20
-3.917698307086614
11
5.763936141732283
21
-3.9181392125984251
0
LINE
8
BLACK
6
CONTINUOUS
10
5.763936141732283
20
-3.9181392125984251
11
5.7627840157480312
21
-3.9181392125984251
0
LINE
8
BLACK
6
CONTINUOUS
10
5.7627840157480312
20
-3.9181392125984251
11
5.7617196062992129
21
-3.917698307086614
0
LINE
8
BLACK
6
CONTINUOUS
10
5.7617196062992129
20
-3.917698307086614
11
5.7609049606299214
21
-3.9168836614173226
0
LINE
8
BLACK
6
CONTINUOUS
10
5.7609049606299214
20
-3.9168836614173226
11
5.7604640551181099
21
-3.9158192519685038
0
LINE
8
BLACK
6
CONTINUOUS
10
5.7604640551181099
20
-3.9158192519685038
11
5.760407322834646
21
-3.9152431889763779
0
LINE
8
BLACK
6
CONTINUOUS
10
5.760407322834646
20
-3.9152431889763779
11
5.760407322834646
21
-3.8979998031496064
0
LINE
8
BLACK
6
CONTINUOUS
10
5.760407322834646
20
-3.8979998031496064
11
5.7429507874015746
21
-3.9154563385826773
0
LINE
8
BLACK
6
CONTINUOUS
10
5.7429507874015746
20
-3.9154563385826773
11
5.7425033464566928
21
-3.9158235433070865
0
LINE
8
BLACK
6
CONTINUOUS
10
5.7425033464566928
20
-3.9158235433070865
11
5.742405275590551
21
-3.9158641338582676
0
LINE
8
BLACK
6
CONTINUOUS
10
5.742405275590551
20
-3.9158641338582676
11
5.7423251574803151
21
-3.9159336614173226
0
LINE
8
BLACK
6
CONTINUOUS
10
5.7423251574803151
20
-3.9159336614173226
11
5.7417966141732286
21
-3.9161696456692914
0
LINE
8
BLACK
6
CONTINUOUS
10
5.7417966141732286
20
-3.9161696456692914
11
5.736172322834646
21
-3.9180444094488189
0
LINE
8
BLACK
6
CONTINUOUS
10
5.736172322834646
20
-3.9180444094488189
11
5.7358867322834648
21
-3.9181093307086612
0
LINE
8
BLACK
6
CONTINUOUS
10
5.7358867322834648
20
-3.9181093307086612
11
5.7358146456692909
21
-3.9181392125984251
0
LINE
8
BLACK
6
CONTINUOUS
10
5.7358146456692909
20
-3.9181392125984251
11
5.7357101181102363
21
-3.9181494881889765
0
LINE
8
BLACK
6
CONTINUOUS
10
5.7357101181102363
20
-3.9181494881889765
11
5.7356078740157477
21
-3.9181727559055117
0
LINE
8
BLACK
6
CONTINUOUS
10
5.7356078740157477
20
-3.9181727559055117
11
5.7355301181102361
21
-3.9181672047244094
0
LINE
8
BLACK
6
CONTINUOUS
10
5.7355301181102361
20
-3.9181672047244094
11
5.735238582677165
21
-3.9181959448818895
0
LINE
8
BLACK
6
CONTINUOUS
10
5.735238582677165
20
-3.9181959448818895
11
5.7314890551181099
21
-3.9181959448818895
0
LINE
8
BLACK
6
CONTINUOUS
10
5.7314890551181099
20
-3.9181959448818895
11
5.730912992125984
21
-3.9181392125984251
0
LINE
8
BLACK
6
CONTINUOUS
10
5.730912992125984
20
-3.9181392125984251
11
5.7308149999999998
21
-3.918098622047244
0
LINE
8
BLACK
6
CONTINUOUS
10
5.7308149999999998
20
-3.918098622047244
11
5.7307091338582676
21
-3.9180911023622045
0
LINE
8
BLACK
6
CONTINUOUS
10
5.7307091338582676
20
-3.9180911023622045
11
5.7301685433070864
21
-3.917884212598425
0
LINE
8
BLACK
6
CONTINUOUS
10
5.7301685433070864
20
-3.917884212598425
11
5.7264190157480312
21
-3.9160094488188975
0
LINE
8
BLACK
6
CONTINUOUS
10
5.7264190157480312
20
-3.9160094488188975
11
5.7261709842519686
21
-3.9158533464566929
0
LINE
8
BLACK
6
CONTINUOUS
10
5.7261709842519686
20
-3.9158533464566929
11
5.7260990551181097
21
-3.9158235433070865
0
LINE
8
BLACK
6
CONTINUOUS
10
5.7260990551181097
20
-3.9158235433070865
11
5.7260180708661412
21
-3.9157570472440946
0
LINE
8
BLACK
6
CONTINUOUS
10
5.7260180708661412
20
-3.9157570472440946
11
5.7259291338582674
21
-3.9157011023622048
0
LINE
8
BLACK
6
CONTINUOUS
10
5.7259291338582674
20
-3.9157011023622048
11
5.7258779527559049
21
-3.9156420866141732
0
LINE
8
BLACK
6
CONTINUOUS
10
5.7258779527559049
20
-3.9156420866141732
11
5.7256516141732279
21
-3.9154563385826773
0
LINE
8
BLACK
6
CONTINUOUS
10
5.7256516141732279
20
-3.9154563385826773
11
5.7237768503937003
21
-3.9135815748031497
0
LINE
8
BLACK
6
CONTINUOUS
10
5.7237768503937003
20
-3.9135815748031497
11
5.7235910629921261
21
-3.9133551968503935
0
LINE
8
BLACK
6
CONTINUOUS
10
5.7235910629921261
20
-3.9133551968503935
11
5.7235320866141732
21
-3.9133040551181102
0
LINE
8
BLACK
6
CONTINUOUS
10
5.7235320866141732
20
-3.9133040551181102
11
5.7234761023622047
21
-3.9132150787401572
0
LINE
8
BLACK
6
CONTINUOUS
10
5.7234761023622047
20
-3.9132150787401572
11
5.7234096456692916
21
-3.9131341338582675
0
LINE
8
BLACK
6
CONTINUOUS
10
5.7234096456692916
20
-3.9131341338582675
11
5.7233798031496059
21
-3.9130621653543307
0
LINE
8
BLACK
6
CONTINUOUS
10
5.7233798031496059
20
-3.9130621653543307
11
5.7232237401574801
21
-3.9128141732283463
0
LINE
8
BLACK
6
CONTINUOUS
10
5.7232237401574801
20
-3.9128141732283463
11
5.7213489763779526
21
-3.9090646456692912
0
LINE
8
BLACK
6
CONTINUOUS
10
5.7213489763779526
20
-3.9090646456692912
11
5.7211420866141731
21
-3.9085240157480312
0
LINE
8
BLACK
6
CONTINUOUS
10
5.7211420866141731
20
-3.9085240157480312
11
5.721134566929134
21
-3.9084181889763778
0
LINE
8
BLACK
6
CONTINUOUS
10
5.721134566929134
20
-3.9084181889763778
11
5.7210939763779525
21
-3.9083201968503936
0
LINE
8
BLACK
6
CONTINUOUS
10
5.7210939763779525
20
-3.9083201968503936
11
5.7210372440944877
21
-3.9077441338582677
0
LINE
8
BLACK
6
CONTINUOUS
10
5.7210372440944877
20
-3.9077441338582677
11
5.7210372440944877
21
-3.8983703149606299
0
LINE
8
BLACK
6
CONTINUOUS
10
5.7210372440944877
20
-3.8983703149606299
11
5.7210939763779525
21
-3.897794251968504
0
LINE
8
BLACK
6
CONTINUOUS
10
5.7210939763779525
20
-3.897794251968504
11
5.721134566929134
21
-3.897696220472441
0
LINE
8
BLACK
6
CONTINUOUS
10
5.721134566929134
20
-3.897696220472441
11
5.7211420866141731
21
-3.8975904330708659
0
LINE
8
BLACK
6
CONTINUOUS
10
5.7211420866141731
20
-3.8975904330708659
11
5.7213489763779526
21
-3.8970498031496064
0
LINE
8
BLACK
6
CONTINUOUS
10
5.7213489763779526
20
-3.8970498031496064
11
5.7232237401574801
21
-3.8933002755905513
0
LINE
8
BLACK
6
CONTINUOUS
10
5.7232237401574801
20
-3.8933002755905513
11
5.7233798031496059
21
-3.8930522440944881
0
LINE
8
BLACK
6
CONTINUOUS
10
5.7233798031496059
20
-3.8930522440944881
11
5.7234096456692916
21
-3.8929803149606297
0
LINE
8
BLACK
6
CONTINUOUS
10
5.7234096456692916
20
-3.8929803149606297
11
5.7234761023622047
21
-3.8928993307086612
0
LINE
8
BLACK
6
CONTINUOUS
10
5.7234761023622047
20
-3.8928993307086612
11
5.7235320866141732
21
-3.8928103937007874
0
LINE
8
BLACK
6
CONTINUOUS
10
5.7235320866141732
20
-3.8928103937007874
11
5.7235910629921261
21
-3.8927592125984249
0
LINE
8
BLACK
6
CONTINUOUS
10
5.7235910629921261
20
-3.8927592125984249
11
5.7237768503937003
21
-3.8925328740157479
0
LINE
8
BLACK
6
CONTINUOUS
10
5.7237768503937003
20
-3.8925328740157479
11
5.7256516141732279
21
-3.8906581102362203
0
LINE
8
BLACK
6
CONTINUOUS
10
5.7256516141732279
20
-3.8906581102362203
11
5.7260990551181097
21
-3.8902909055118111
0
LINE
8
BLACK
6
CONTINUOUS
10
5.7260990551181097
20
-3.8902909055118111
11
5.7271634645669289
21
-3.88985
0
LINE
8
BLACK
6
CONTINUOUS
10
5.7271634645669289
20
-3.88985
11
5.7283155511811019
21
-3.88985
0
LINE
8
BLACK
6
CONTINUOUS
10
5.7283155511811019
20
-3.88985
11
5.7293799606299212
21
-3.8902909055118111
0
LINE
8
BLACK
6
CONTINUOUS
10
5.7293799606299212
20
-3.8902909055118111
11
5.7301946456692914
21
-3.8911055905511809
0
LINE
8
BLACK
6
CONTINUOUS
10
5.7301946456692914
20
-3.8911055905511809
11
5.730635551181102
21
-3.8921700000000001
0
LINE
8
BLACK
6
CONTINUOUS
10
5.730635551181102
20
-3.8921700000000001
11
5.730635551181102
21
-3.8933220866141731
0
LINE
8
BLACK
6
CONTINUOUS
10
5.730635551181102
20
-3.8933220866141731
11
5.7301946456692914
21
-3.8943864960629919
0
LINE
8
BLACK
6
CONTINUOUS
10
5.7301946456692914
20
-3.8943864960629919
11
5.7298274409448817
21
-3.8948339370078737
0
LINE
8
BLACK
6
CONTINUOUS
10
5.7298274409448817
20
-3.8948339370078737
11
5.728291496062992
21
-3.8963698818897639
0
LINE
8
BLACK
6
CONTINUOUS
10
5.728291496062992
20
-3.8963698818897639
11
5.7269427559055117
21
-3.8990673622047245
0
LINE
8
BLACK
6
CONTINUOUS
10
5.7269427559055117
20
-3.8990673622047245
11
5.7269427559055117
21
-3.9070470866141731
0
LINE
8
BLACK
6
CONTINUOUS
10
5.7269427559055117
20
-3.9070470866141731
11
5.728291496062992
21
-3.9097445669291337
0
LINE
8
BLACK
6
CONTINUOUS
10
5.728291496062992
20
-3.9097445669291337
11
5.7294886220472439
21
-3.9109416929133856
0
LINE
8
BLACK
6
CONTINUOUS
10
5.7294886220472439
20
-3.9109416929133856
11
5.7321861023622045
21
-3.9122904330708659
0
LINE
8
BLACK
6
CONTINUOUS
10
5.7321861023622045
20
-3.9122904330708659
11
5.7347594488188971
21
-3.9122904330708659
0
LINE
8
BLACK
6
CONTINUOUS
10
5.7347594488188971
20
-3.9122904330708659
11
5.7392678346456689
21
-3.910787598425197
0
LINE
8
BLACK
6
CONTINUOUS
10
5.7392678346456689
20
-3.910787598425197
11
5.7612721653543302
21
-3.8887833464566928
0
LINE
8
BLACK
6
CONTINUOUS
10
5.7612721653543302
20
-3.8887833464566928
11
5.7617196062992129
21
-3.8884161023622048
0
LINE
8
BLACK
6
CONTINUOUS
10
5.7617196062992129
20
-3.8884161023622048
11
5.7624722440944884
21
-3.8881043307086611
0
LINE
8
BLACK
6
CONTINUOUS
10
5.7624722440944884
20
-3.8881043307086611
11
5.7627840157480312
21
-3.8879752362204725
0
LINE
8
BLACK
6
CONTINUOUS
10
5.7627840157480312
20
-3.8879752362204725
11
5.763936141732283
21
-3.8879752362204725
0
LINE
8
BLACK
6
CONTINUOUS
10
5.763936141732283
20
-3.8879752362204725
11
5.7650005511811022
21
-3.8884161417322836
0
LINE
8
BLACK
6
CONTINUOUS
10
5.8106641338582676
20
-3.8533401968503935
11
5.8116946456692915
21
-3.8538554724409448
0
LINE
8
BLACK
6
CONTINUOUS
10
5.8116946456692915
20
-3.8538554724409448
11
5.8124494881889763
21
-3.8547258267716535
0
LINE
8
BLACK
6
CONTINUOUS
10
5.8124494881889763
20
-3.8547258267716535
11
5.8128138188976379
21
-3.8558188188976379
0
LINE
8
BLACK
6
CONTINUOUS
10
5.8128138188976379
20
-3.8558188188976379
11
5.8127321653543307
21
-3.8569680314960628
0
LINE
8
BLACK
6
CONTINUOUS
10
5.8127321653543307
20
-3.8569680314960628
11
5.8125252755905512
21
-3.8575086220472441
0
LINE
8
BLACK
6
CONTINUOUS
10
5.8125252755905512
20
-3.8575086220472441
11
5.8106505118110237
21
-3.8612581496062992
0
LINE
8
BLACK
6
CONTINUOUS
10
5.8106505118110237
20
-3.8612581496062992
11
5.8104944881889766
21
-3.8615059448818898
0
LINE
8
BLACK
6
CONTINUOUS
10
5.8104944881889766
20
-3.8615059448818898
11
5.810464645669291
21
-3.8615781102362203
0
LINE
8
BLACK
6
CONTINUOUS
10
5.810464645669291
20
-3.8615781102362203
11
5.8103980314960628
21
-3.8616592519685038
0
LINE
8
BLACK
6
CONTINUOUS
10
5.8103980314960628
20
-3.8616592519685038
11
5.8103421653543306
21
-3.861748031496063
0
LINE
8
BLACK
6
CONTINUOUS
10
5.8103421653543306
20
-3.861748031496063
11
5.8102832283464565
21
-3.8617991338582676
0
LINE
8
BLACK
6
CONTINUOUS
10
5.8102832283464565
20
-3.8617991338582676
11
5.8100974015748026
21
-3.8620255511811021
0
LINE
8
BLACK
6
CONTINUOUS
10
5.8100974015748026
20
-3.8620255511811021
11
5.8076390157480313
21
-3.8644839370078738
0
LINE
8
BLACK
6
CONTINUOUS
10
5.8076390157480313
20
-3.8644839370078738
11
5.8350529921259842
21
-3.8644839370078738
0
LINE
8
BLACK
6
CONTINUOUS
10
5.8350529921259842
20
-3.8644839370078738
11
5.8350529921259842
21
-3.8561881102362205
0
LINE
8
BLACK
6
CONTINUOUS
10
5.8350529921259842
20
-3.8561881102362205
11
5.835109724409449
21
-3.8556120472440942
0
LINE
8
BLACK
6
CONTINUOUS
10
5.835109724409449
20
-3.8556120472440942
11
5.8355506299212596
21
-3.8545476377952754
0
LINE
8
BLACK
6
CONTINUOUS
10
5.8355506299212596
20
-3.8545476377952754
11
5.8363652755905511
21
-3.853732992125984
0
LINE
8
BLACK
6
CONTINUOUS
10
5.8363652755905511
20
-3.853732992125984
11
5.8374296850393703
21
-3.8532920866141733
0
LINE
8
BLACK
6
CONTINUOUS
10
5.8374296850393703
20
-3.8532920866141733
11
5.8385818110236221
21
-3.8532920866141733
0
LINE
8
BLACK
6
CONTINUOUS
10
5.8385818110236221
20
-3.8532920866141733
11
5.8396462204724404
21
-3.853732992125984
0
LINE
8
BLACK
6
CONTINUOUS
10
5.8396462204724404
20
-3.853732992125984
11
5.8404608661417319
21
-3.8545476377952754
0
LINE
8
BLACK
6
CONTINUOUS
10
5.8404608661417319
20
-3.8545476377952754
11
5.8409017716535434
21
-3.8556120472440942
0
LINE
8
BLACK
6
CONTINUOUS
10
5.8409017716535434
20
-3.8556120472440942
11
5.8409585039370073
21
-3.8561881102362205
0
LINE
8
BLACK
6
CONTINUOUS
10
5.8409585039370073
20
-3.8561881102362205
11
5.8409585039370073
21
-3.8786852755905512
0
LINE
8
BLACK
6
CONTINUOUS
10
5.8409585039370073
20
-3.8786852755905512
11
5.8409017716535434
21
-3.8792613385826771
0
LINE
8
BLACK
6
CONTINUOUS
10
5.8409017716535434
20
-3.8792613385826771
11
5.8404608661417319
21
-3.8803257480314959
0
LINE
8
BLACK
6
CONTINUOUS
10
5.8404608661417319
20
-3.8803257480314959
11
5.8396462204724404
21
-3.8811403937007873
0
LINE
8
BLACK
6
CONTINUOUS
10
5.8396462204724404
20
-3.8811403937007873
11
5.8385818110236221
21
-3.8815812992125984
0
LINE
8
BLACK
6
CONTINUOUS
10
5.8385818110236221
20
-3.8815812992125984
11
5.8374296850393703
21
-3.8815812992125984
0
LINE
8
BLACK
6
CONTINUOUS
10
5.8374296850393703
20
-3.8815812992125984
11
5.8363652755905511
21
-3.8811403937007873
0
LINE
8
BLACK
6
CONTINUOUS
10
5.8363652755905511
20
-3.8811403937007873
11
5.8355506299212596
21
-3.8803257480314959
0
LINE
8
BLACK
6
CONTINUOUS
10
5.8355506299212596
20
-3.8803257480314959
11
5.835109724409449
21
-3.8792613385826771
0
LINE
8
BLACK
6
CONTINUOUS
10
5.835109724409449
20
-3.8792613385826771
11
5.8350529921259842
21
-3.8786852755905512
0
LINE
8
BLACK
6
CONTINUOUS
10
5.8350529921259842
20
-3.8786852755905512
11
5.8350529921259842
21
-3.8703894488188975
0
LINE
8
BLACK
6
CONTINUOUS
10
5.8350529921259842
20
-3.8703894488188975
11
5.7986356692913388
21
-3.8703894488188975
0
LINE
8
BLACK
6
CONTINUOUS
10
5.7986356692913388
20
-3.8703894488188975
11
5.7986335826771649
21
-3.8703892125984249
0
LINE
8
BLACK
6
CONTINUOUS
10
5.7986335826771649
20
-3.8703892125984249
11
5.7986325590551182
21
-3.8703894488188975
0
LINE
8
BLACK
6
CONTINUOUS
10
5.7986325590551182
20
-3.8703894488188975
11
5.7986295275590551
21
-3.8703888188976379
0
LINE
8
BLACK
6
CONTINUOUS
10
5.7986295275590551
20
-3.8703888188976379
11
5.7980596062992129
21
-3.8703327165354331
0
LINE
8
BLACK
6
CONTINUOUS
10
5.7980596062992129
20
-3.8703327165354331
11
5.7977894881889762
21
-3.8702208267716536
0
LINE
8
BLACK
6
CONTINUOUS
10
5.7977894881889762
20
-3.8702208267716536
11
5.7975028740157475
21
-3.8701635039370079
0
LINE
8
BLACK
6
CONTINUOUS
10
5.7975028740157475
20
-3.8701635039370079
11
5.7972624803149602
21
-3.8700025196850394
0
LINE
8
BLACK
6
CONTINUOUS
10
5.7972624803149602
20
-3.8700025196850394
11
5.7969951968503937
21
-3.869891811023622
0
LINE
8
BLACK
6
CONTINUOUS
10
5.7969951968503937
20
-3.869891811023622
11
5.7967884645669292
21
-3.8696850787401575
0
LINE
8
BLACK
6
CONTINUOUS
10
5.7967884645669292
20
-3.8696850787401575
11
5.7965455905511813
21
-3.8695224409448818
0
LINE
8
BLACK
6
CONTINUOUS
10
5.7965455905511813
20
-3.8695224409448818
11
5.7963850787401574
21
-3.8692816929133858
0
LINE
8
BLACK
6
CONTINUOUS
10
5.7963850787401574
20
-3.8692816929133858
11
5.7961805511811022
21
-3.8690771653543305
0
LINE
8
BLACK
6
CONTINUOUS
10
5.7961805511811022
20
-3.8690771653543305
11
5.7960686614173227
21
-3.8688070472440943
0
LINE
8
BLACK
6
CONTINUOUS
10
5.7960686614173227
20
-3.8688070472440943
11
5.795906496062992
21
-3.8685638188976377
0
LINE
8
BLACK
6
CONTINUOUS
10
5.795906496062992
20
-3.8685638188976377
11
5.7958503543307085
21
-3.8682799999999999
0
LINE
8
BLACK
6
CONTINUOUS
10
5.7958503543307085
20
-3.8682799999999999
11
5.7957396456692916
21
-3.8680127559055117
0
LINE
8
BLACK
6
CONTINUOUS
10
5.7957396456692916
20
-3.8680127559055117
11
5.7957396456692916
21
-3.8677203543307086
0
LINE
8
BLACK
6
CONTINUOUS
10
5.7957396456692916
20
-3.8677203543307086
11
5.7956829133858268
21
-3.8674335826771653
0
LINE
8
BLACK
6
CONTINUOUS
10
5.7956829133858268
20
-3.8674335826771653
11
5.7957396456692916
21
-3.8671499212598426
0
LINE
8
BLACK
6
CONTINUOUS
10
5.7957396456692916
20
-3.8671499212598426
11
5.7957396456692916
21
-3.8668606299212596
0
LINE
8
BLACK
6
CONTINUOUS
10
5.7957396456692916
20
-3.8668606299212596
11
5.7958514960629923
21
-3.8665905118110238
0
LINE
8
BLACK
6
CONTINUOUS
10
5.7958514960629923
20
-3.8665905118110238
11
5.7959088582677163
21
-3.866303897637795
0
LINE
8
BLACK
6
CONTINUOUS
10
5.7959088582677163
20
-3.866303897637795
11
5.7960698031496065
21
-3.8660635039370077
0
LINE
8
BLACK
6
CONTINUOUS
10
5.7960698031496065
20
-3.8660635039370077
11
5.7961805511811022
21
-3.8657962204724408
0
LINE
8
BLACK
6
CONTINUOUS
10
5.7961805511811022
20
-3.8657962204724408
11
5.7963872440944879
21
-3.8655894881889763
0
LINE
8
BLACK
6
CONTINUOUS
10
5.7963872440944879
20
-3.8655894881889763
11
5.7965499212598424
21
-3.8653466141732284
0
LINE
8
BLACK
6
CONTINUOUS
10
5.7965499212598424
20
-3.8653466141732284
11
5.7969931496062994
21
-3.8649835826771652
0
LINE
8
BLACK
6
CONTINUOUS
10
5.7969931496062994
20
-3.8649835826771652
11
5.7969951968503937
21
-3.8649815748031493
0
LINE
8
BLACK
6
CONTINUOUS
10
5.7969951968503937
20
-3.8649815748031493
11
5.7969960629921262
21
-3.8649811811023622
0
LINE
8
BLACK
6
CONTINUOUS
10
5.7969960629921262
20
-3.8649811811023622
11
5.7969977559055117
21
-3.8649798425196851
0
LINE
8
BLACK
6
CONTINUOUS
10
5.7969977559055117
20
-3.8649798425196851
11
5.802378779527559
21
-3.8613924803149606
0
LINE
8
BLACK
6
CONTINUOUS
10
5.802378779527559
20
-3.8613924803149606
11
5.8055827559055118
21
-3.8581885433070866
0
LINE
8
BLACK
6
CONTINUOUS
10
5.8055827559055118
20
-3.8581885433070866
11
5.8072432283464561
21
-3.8548675984251966
0
LINE
8
BLACK
6
CONTINUOUS
10
5.8072432283464561
20
-3.8548675984251966
11
5.8075515748031492
21
-3.8543777165354332
0
LINE
8
BLACK
6
CONTINUOUS
10
5.8075515748031492
20
-3.8543777165354332
11
5.8084219685039367
21
-3.8536228740157479
0
LINE
8
BLACK
6
CONTINUOUS
10
5.8084219685039367
20
-3.8536228740157479
11
5.8095149212598427
21
-3.8532585433070867
0
LINE
8
BLACK
6
CONTINUOUS
10
5.8095149212598427
20
-3.8532585433070867
11
5.8106641338582676
21
-3.8533401968503935
0
LINE
8
BLACK
6
CONTINUOUS
10
5.750002401574803
20
-3.843421771653543
11
5.7508170472440945
21
-3.8442364173228345
0
LINE
8
BLACK
6
CONTINUOUS
10
5.7508170472440945
20
-3.8442364173228345
11
5.7512579527559051
21
-3.8453008267716533
0
LINE
8
BLACK
6
CONTINUOUS
10
5.7512579527559051
20
-3.8453008267716533
11
5.7513146850393699
21
-3.8458768897637796
0
LINE
8
BLACK
6
CONTINUOUS
10
5.7513146850393699
20
-3.8458768897637796
11
5.7513146850393699
21
-3.8758731496062993
0
LINE
8
BLACK
6
CONTINUOUS
10
5.7513146850393699
20
-3.8758731496062993
11
5.7512579527559051
21
-3.8764492125984251
0
LINE
8
BLACK
6
CONTINUOUS
10
5.7512579527559051
20
-3.8764492125984251
11
5.7508170472440945
21
-3.8775136220472439
0
LINE
8
BLACK
6
CONTINUOUS
10
5.7508170472440945
20
-3.8775136220472439
11
5.750002401574803
21
-3.8783282677165354
0
LINE
8
BLACK
6
CONTINUOUS
10
5.750002401574803
20
-3.8783282677165354
11
5.7489379921259838
21
-3.8787691732283465
0
LINE
8
BLACK
6
CONTINUOUS
10
5.7489379921259838
20
-3.8787691732283465
11
5.747785866141732
21
-3.8787691732283465
0
LINE
8
BLACK
6
CONTINUOUS
10
5.747785866141732
20
-3.8787691732283465
11
5.7467214566929137
21
-3.8783282677165354
0
LINE
8
BLACK
6
CONTINUOUS
10
5.7467214566929137
20
-3.8783282677165354
11
5.7459068110236222
21
-3.8775136220472439
0
LINE
8
BLACK
6
CONTINUOUS
10
5.7459068110236222
20
-3.8775136220472439
11
5.7454659055118107
21
-3.8764492125984251
0
LINE
8
BLACK
6
CONTINUOUS
10
5.7454659055118107
20
-3.8764492125984251
11
5.7454091732283468
21
-3.8758731496062993
0
LINE
8
BLACK
6
CONTINUOUS
10
5.7454091732283468
20
-3.8758731496062993
11
5.7454091732283468
21
-3.8458768897637796
0
LINE
8
BLACK
6
CONTINUOUS
10
5.7454091732283468
20
-3.8458768897637796
11
5.7454659055118107
21
-3.8453008267716533
0
LINE
8
BLACK
6
CONTINUOUS
10
5.7454659055118107
20
-3.8453008267716533
11
5.7459068110236222
21
-3.8442364173228345
0
LINE
8
BLACK
6
CONTINUOUS
10
5.7459068110236222
20
-3.8442364173228345
11
5.7467214566929137
21
-3.843421771653543
0
LINE
8
BLACK
6
CONTINUOUS
10
5.7467214566929137
20
-3.843421771653543
11
5.747785866141732
21
-3.8429808661417324
0
LINE
8
BLACK
6
CONTINUOUS
10
5.747785866141732
20
-3.8429808661417324
11
5.7489379921259838
21
-3.8429808661417324
0
LINE
8
BLACK
6
CONTINUOUS
10
5.7489379921259838
20
-3.8429808661417324
11
5.750002401574803
21
-3.843421771653543
0
LINE
8
BLACK
6
CONTINUOUS
10
5.8385818110236221
20
-3.8101724803149604
11
5.8396462204724404
21
-3.8106133858267714
0
LINE
8
BLACK
6
CONTINUOUS
10
5.8396462204724404
20
-3.8106133858267714
11
5.8404608661417319
21
-3.8114280314960629
0
LINE
8
BLACK
6
CONTINUOUS
10
5.8404608661417319
20
-3.8114280314960629
11
5.8409017716535434
21
-3.8124924409448817
0
LINE
8
BLACK
6
CONTINUOUS
10
5.8409017716535434
20
-3.8124924409448817
11
5.8409017716535434
21
-3.8136445669291339
0
LINE
8
BLACK
6
CONTINUOUS
10
5.8409017716535434
20
-3.8136445669291339
11
5.8404608661417319
21
-3.8147089763779527
0
LINE
8
BLACK
6
CONTINUOUS
10
5.8404608661417319
20
-3.8147089763779527
11
5.8396462204724404
21
-3.8155236220472442
0
LINE
8
BLACK
6
CONTINUOUS
10
5.8396462204724404
20
-3.8155236220472442
11
5.8385818110236221
21
-3.8159645275590552
0
LINE
8
BLACK
6
CONTINUOUS
10
5.8385818110236221
20
-3.8159645275590552
11
5.8380057480314962
21
-3.8160212598425196
0
LINE
8
BLACK
6
CONTINUOUS
10
5.8380057480314962
20
-3.8160212598425196
11
5.811945433070866
21
-3.8160212598425196
0
LINE
8
BLACK
6
CONTINUOUS
10
5.811945433070866
20
-3.8160212598425196
11
5.828005826771653
21
-3.8235161023622046
0
LINE
8
BLACK
6
CONTINUOUS
10
5.828005826771653
20
-3.8235161023622046
11
5.8282168110236219
21
-3.823641062992126
0
LINE
8
BLACK
6
CONTINUOUS
10
5.8282168110236219
20
-3.823641062992126
11
5.8282881889763782
21
-3.8236670472440943
0
LINE
8
BLACK
6
CONTINUOUS
10
5.8282881889763782
20
-3.8236670472440943
11
5.8283386614173223
21
-3.8237132677165353
0
LINE
8
BLACK
6
CONTINUOUS
10
5.8283386614173223
20
-3.8237132677165353
11
5.828503858267716
21
-3.8238111417322833
0
LINE
8
BLACK
6
CONTINUOUS
10
5.828503858267716
20
-3.8238111417322833
11
5.8288068897637793
21
-3.8241420472440946
0
LINE
8
BLACK
6
CONTINUOUS
10
5.8288068897637793
20
-3.8241420472440946
11
5.829137874015748
21
-3.8244451574803149
0
LINE
8
BLACK
6
CONTINUOUS
10
5.829137874015748
20
-3.8244451574803149
11
5.8291933464566927
21
-3.8245640551181102
0
LINE
8
BLACK
6
CONTINUOUS
10
5.8291933464566927
20
-3.8245640551181102
11
5.8292819291338578
21
-3.8246607874015748
0
LINE
8
BLACK
6
CONTINUOUS
10
5.8292819291338578
20
-3.8246607874015748
11
5.8294352362204727
21
-3.8250824015748033
0
LINE
8
BLACK
6
CONTINUOUS
10
5.8294352362204727
20
-3.8250824015748033
11
5.8296250787401576
21
-3.8254891732283465
0
LINE
8
BLACK
6
CONTINUOUS
10
5.8296250787401576
20
-3.8254891732283465
11
5.8296308267716537
21
-3.8256201968503936
0
LINE
8
BLACK
6
CONTINUOUS
10
5.8296308267716537
20
-3.8256201968503936
11
5.8296756692913387
21
-3.8257435039370078
0
LINE
8
BLACK
6
CONTINUOUS
10
5.8296756692913387
20
-3.8257435039370078
11
5.8296559448818899
21
-3.8261918503937009
0
LINE
8
BLACK
6
CONTINUOUS
10
5.8296559448818899
20
-3.8261918503937009
11
5.8296756692913387
21
-3.8266401968503936
0
LINE
8
BLACK
6
CONTINUOUS
10
5.8296756692913387
20
-3.8266401968503936
11
5.8296308267716537
21
-3.8267634645669291
0
LINE
8
BLACK
6
CONTINUOUS
10
5.8296308267716537
20
-3.8267634645669291
11
5.8296250787401576
21
-3.8268945275590549
0
LINE
8
BLACK
6
CONTINUOUS
10
5.8296250787401576
20
-3.8268945275590549
11
5.8294352362204727
21
-3.8273012598425198
0
LINE
8
BLACK
6
CONTINUOUS
10
5.8294352362204727
20
-3.8273012598425198
11
5.8292819291338578
21
-3.8277229133858266
0
LINE
8
BLACK
6
CONTINUOUS
10
5.8292819291338578
20
-3.8277229133858266
11
5.8291933464566927
21
-3.8278196062992125
0
LINE
8
BLACK
6
CONTINUOUS
10
5.8291933464566927
20
-3.8278196062992125
11
5.829137874015748
21
-3.8279385433070865
0
LINE
8
BLACK
6
CONTINUOUS
10
5.829137874015748
20
-3.8279385433070865
11
5.8288068897637793
21
-3.8282416141732281
0
LINE
8
BLACK
6
CONTINUOUS
10
5.8288068897637793
20
-3.8282416141732281
11
5.828503858267716
21
-3.8285725590551181
0
LINE
8
BLACK
6
CONTINUOUS
10
5.828503858267716
20
-3.8285725590551181
11
5.8283386614173223
21
-3.8286703937007873
0
LINE
8
BLACK
6
CONTINUOUS
10
5.8283386614173223
20
-3.8286703937007873
11
5.8282881889763782
21
-3.828716653543307
0
LINE
8
BLACK
6
CONTINUOUS
10
5.8282881889763782
20
-3.828716653543307
11
5.8282168110236219
21
-3.8287425984251966
0
LINE
8
BLACK
6
CONTINUOUS
10
5.8282168110236219
20
-3.8287425984251966
11
5.828005826771653
21
-3.8288675984251967
0
LINE
8
BLACK
6
CONTINUOUS
10
5.828005826771653
20
-3.8288675984251967
11
5.811945433070866
21
-3.8363624409448818
0
LINE
8
BLACK
6
CONTINUOUS
10
5.811945433070866
20
-3.8363624409448818
11
5.8380057480314962
21
-3.8363624409448818
0
LINE
8
BLACK
6
CONTINUOUS
10
5.8380057480314962
20
-3.8363624409448818
11
5.8385818110236221
21
-3.8364191732283466
0
LINE
8
BLACK
6
CONTINUOUS
10
5.8385818110236221
20
-3.8364191732283466
11
5.8396462204724404
21
-3.8368600787401572
0
LINE
8
BLACK
6
CONTINUOUS
10
5.8396462204724404
20
-3.8368600787401572
11
5.8404608661417319
21
-3.8376747244094487
0
LINE
8
BLACK
6
CONTINUOUS
10
5.8404608661417319
20
-3.8376747244094487
11
5.8409017716535434
21
-3.8387391338582675
0
LINE
8
BLACK
6
CONTINUOUS
10
5.8409017716535434
20
-3.8387391338582675
11
5.8409017716535434
21
-3.8398912598425197
0
LINE
8
BLACK
6
CONTINUOUS
10
5.8409017716535434
20
-3.8398912598425197
11
5.8404608661417319
21
-3.8409556692913385
0
LINE
8
BLACK
6
CONTINUOUS
10
5.8404608661417319
20
-3.8409556692913385
11
5.8396462204724404
21
-3.8417703149606299
0
LINE
8
BLACK
6
CONTINUOUS
10
5.8396462204724404
20
-3.8417703149606299
11
5.8385818110236221
21
-3.842211220472441
0
LINE
8
BLACK
6
CONTINUOUS
10
5.8385818110236221
20
-3.842211220472441
11
5.8380057480314962
21
-3.8422679527559054
0
LINE
8
BLACK
6
CONTINUOUS
10
5.8380057480314962
20
-3.8422679527559054
11
5.7986356692913388
21
-3.8422679527559054
0
LINE
8
BLACK
6
CONTINUOUS
10
5.7986356692913388
20
-3.8422679527559054
11
5.7982568503937006
21
-3.8422306299212599
0
LINE
8
BLACK
6
CONTINUOUS
10
5.7982568503937006
20
-3.8422306299212599
11
5.7981873228346457
21
-3.8422337007874017
0
LINE
8
BLACK
6
CONTINUOUS
10
5.7981873228346457
20
-3.8422337007874017
11
5.7981499606299209
21
-3.842220118110236
0
LINE
8
BLACK
6
CONTINUOUS
10
5.7981499606299209
20
-3.842220118110236
11
5.7980596062992129
21
-3.842211220472441
0
LINE
8
BLACK
6
CONTINUOUS
10
5.7980596062992129
20
-3.842211220472441
11
5.7975861023622048
21
-3.8420150787401575
0
LINE
8
BLACK
6
CONTINUOUS
10
5.7975861023622048
20
-3.8420150787401575
11
5.7971046062992126
21
-3.8418399999999999
0
LINE
8
BLACK
6
CONTINUOUS
10
5.7971046062992126
20
-3.8418399999999999
11
5.797056023622047
21
-3.8417955118110236
0
LINE
8
BLACK
6
CONTINUOUS
10
5.797056023622047
20
-3.8417955118110236
11
5.7969951968503937
21
-3.8417703149606299
0
LINE
8
BLACK
6
CONTINUOUS
10
5.7969951968503937
20
-3.8417703149606299
11
5.7966327559055113
21
-3.841407874015748
0
LINE
8
BLACK
6
CONTINUOUS
10
5.7966327559055113
20
-3.841407874015748
11
5.7962549606299207
21
-3.8410618897637794
0
LINE
8
BLACK
6
CONTINUOUS
10
5.7962549606299207
20
-3.8410618897637794
11
5.7962270866141727
21
-3.8410022047244095
0
LINE
8
BLACK
6
CONTINUOUS
10
5.7962270866141727
20
-3.8410022047244095
11
5.7961805511811022
21
-3.8409556692913385
0
LINE
8
BLACK
6
CONTINUOUS
10
5.7961805511811022
20
-3.8409556692913385
11
5.7959844881889762
21
-3.8404823622047242
0
LINE
8
BLACK
6
CONTINUOUS
10
5.7959844881889762
20
-3.8404823622047242
11
5.7957677165354333
21
-3.8400178740157478
0
LINE
8
BLACK
6
CONTINUOUS
10
5.7957677165354333
20
-3.8400178740157478
11
5.7957648031496065
21
-3.8399520472440942
0
LINE
8
BLACK
6
CONTINUOUS
10
5.7957648031496065
20
-3.8399520472440942
11
5.7957396456692916
21
-3.8398912598425197
0
LINE
8
BLACK
6
CONTINUOUS
10
5.7957396456692916
20
-3.8398912598425197
11
5.7957396456692916
21
-3.8393787007874014
0
LINE
8
BLACK
6
CONTINUOUS
10
5.7957396456692916
20
-3.8393787007874014
11
5.7957171653543309
21
-3.8388668503937007
0
LINE
8
BLACK
6
CONTINUOUS
10
5.7957171653543309
20
-3.8388668503937007
11
5.7957396456692916
21
-3.8388049999999998
0
LINE
8
BLACK
6
CONTINUOUS
10
5.7957396456692916
20
-3.8388049999999998
11
5.7957396456692916
21
-3.8387391338582675
0
LINE
8
BLACK
6
CONTINUOUS
10
5.7957396456692916
20
-3.8387391338582675
11
5.7959357480314964
21
-3.8382656299212599
0
LINE
8
BLACK
6
CONTINUOUS
10
5.7959357480314964
20
-3.8382656299212599
11
5.7961108661417322
21
-3.8377841338582677
0
LINE
8
BLACK
6
CONTINUOUS
10
5.7961108661417322
20
-3.8377841338582677
11
5.7961553149606297
21
-3.8377355511811024
0
LINE
8
BLACK
6
CONTINUOUS
10
5.7961553149606297
20
-3.8377355511811024
11
5.7961805511811022
21
-3.8376747244094487
0
LINE
8
BLACK
6
CONTINUOUS
10
5.7961805511811022
20
-3.8376747244094487
11
5.7965429527559058
21
-3.8373122834645668
0
LINE
8
BLACK
6
CONTINUOUS
10
5.7965429527559058
20
-3.8373122834645668
11
5.7968889763779528
21
-3.8369344881889762
0
LINE
8
BLACK
6
CONTINUOUS
10
5.7968889763779528
20
-3.8369344881889762
11
5.7969670078740156
21
-3.8368882283464565
0
LINE
8
BLACK
6
CONTINUOUS
10
5.7969670078740156
20
-3.8368882283464565
11
5.7969951968503937
21
-3.8368600787401572
0
LINE
8
BLACK
6
CONTINUOUS
10
5.7969951968503937
20
-3.8368600787401572
11
5.7970596062992126
21
-3.8368333464566926
0
LINE
8
BLACK
6
CONTINUOUS
10
5.7970596062992126
20
-3.8368333464566926
11
5.7973870078740157
21
-3.8366394488188975
0
LINE
8
BLACK
6
CONTINUOUS
10
5.7973870078740157
20
-3.8366394488188975
11
5.8197746850393699
21
-3.8261918503937009
0
LINE
8
BLACK
6
CONTINUOUS
10
5.8197746850393699
20
-3.8261918503937009
11
5.7973870078740157
21
-3.8157442519685039
0
LINE
8
BLACK
6
CONTINUOUS
10
5.7973870078740157
20
-3.8157442519685039
11
5.7970596062992126
21
-3.81555031496063
0
LINE
8
BLACK
6
CONTINUOUS
10
5.7970596062992126
20
-3.81555031496063
11
5.7969951968503937
21
-3.8155236220472442
0
LINE
8
BLACK
6
CONTINUOUS
10
5.7969951968503937
20
-3.8155236220472442
11
5.7969670078740156
21
-3.8154954330708661
0
LINE
8
BLACK
6
CONTINUOUS
10
5.7969670078740156
20
-3.8154954330708661
11
5.7968889763779528
21
-3.8154492125984252
0
LINE
8
BLACK
6
CONTINUOUS
10
5.7968889763779528
20
-3.8154492125984252
11
5.7965429527559058
21
-3.8150713779527559
0
LINE
8
BLACK
6
CONTINUOUS
10
5.7965429527559058
20
-3.8150713779527559
11
5.7961805511811022
21
-3.8147089763779527
0
LINE
8
BLACK
6
CONTINUOUS
10
5.7961805511811022
20
-3.8147089763779527
11
5.7961553149606297
21
-3.8146481102362202
0
LINE
8
BLACK
6
CONTINUOUS
10
5.7961553149606297
20
-3.8146481102362202
11
5.7961108661417322
21
-3.8145995669291337
0
LINE
8
BLACK
6
CONTINUOUS
10
5.7961108661417322
20
-3.8145995669291337
11
5.7959357480314964
21
-3.8141180314960628
0
LINE
8
BLACK
6
CONTINUOUS
10
5.7959357480314964
20
-3.8141180314960628
11
5.7957396456692916
21
-3.8136445669291339
0
LINE
8
BLACK
6
CONTINUOUS
10
5.7957396456692916
20
-3.8136445669291339
11
5.7957396456692916
21
-3.8135786614173228
0
LINE
8
BLACK
6
CONTINUOUS
10
5.7957396456692916
20
-3.8135786614173228
11
5.7957171653543309
21
-3.8135168503937007
0
LINE
8
BLACK
6
CONTINUOUS
10
5.7957171653543309
20
-3.8135168503937007
11
5.7957396456692916
21
-3.8130049606299212
0
LINE
8
BLACK
6
CONTINUOUS
10
5.7957396456692916
20
-3.8130049606299212
11
5.7957396456692916
21
-3.8124924409448817
0
LINE
8
BLACK
6
CONTINUOUS
10
5.7957396456692916
20
-3.8124924409448817
11
5.7957648031496065
21
-3.8124316141732284
0
LINE
8
BLACK
6
CONTINUOUS
10
5.7957648031496065
20
-3.8124316141732284
11
5.7957677165354333
21
-3.8123658267716536
0
LINE
8
BLACK
6
CONTINUOUS
10
5.7957677165354333
20
-3.8123658267716536
11
5.7959844881889762
21
-3.8119012992125985
0
LINE
8
BLACK
6
CONTINUOUS
10
5.7959844881889762
20
-3.8119012992125985
11
5.7961805511811022
21
-3.8114280314960629
0
LINE
8
BLACK
6
CONTINUOUS
10
5.7961805511811022
20
-3.8114280314960629
11
5.7962270866141727
21
-3.8113814566929132
0
LINE
8
BLACK
6
CONTINUOUS
10
5.7962270866141727
20
-3.8113814566929132
11
5.7962549606299207
21
-3.811321811023622
0
LINE
8
BLACK
6
CONTINUOUS
10
5.7962549606299207
20
-3.811321811023622
11
5.7966327559055113
21
-3.8109757874015746
0
LINE
8
BLACK
6
CONTINUOUS
10
5.7966327559055113
20
-3.8109757874015746
11
5.7969951968503937
21
-3.8106133858267714
0
LINE
8
BLACK
6
CONTINUOUS
10
5.7969951968503937
20
-3.8106133858267714
11
5.797056023622047
21
-3.810588149606299
0
LINE
8
BLACK
6
CONTINUOUS
10
5.797056023622047
20
-3.810588149606299
11
5.7971046062992126
21
-3.8105437007874015
0
LINE
8
BLACK
6
CONTINUOUS
10
5.7971046062992126
20
-3.8105437007874015
11
5.7975861023622048
21
-3.8103685826771652
0
LINE
8
BLACK
6
CONTINUOUS
10
5.7975861023622048
20
-3.8103685826771652
11
5.7980596062992129
21
-3.8101724803149604
0
LINE
8
BLACK
6
CONTINUOUS
10
5.7980596062992129
20
-3.8101724803149604
11
5.7981499606299209
21
-3.8101635433070866
0
LINE
8
BLACK
6
CONTINUOUS
10
5.7981499606299209
20
-3.8101635433070866
11
5.7981873228346457
21
-3.8101499999999997
0
LINE
8
BLACK
6
CONTINUOUS
10
5.7981873228346457
20
-3.8101499999999997
11
5.7982568503937006
21
-3.8101530314960628
0
LINE
8
BLACK
6
CONTINUOUS
10
5.7982568503937006
20
-3.8101530314960628
11
5.7986356692913388
21
-3.810115748031496
0
LINE
8
BLACK
6
CONTINUOUS
10
5.7986356692913388
20
-3.810115748031496
11
5.8380057480314962
21
-3.810115748031496
0
LINE
8
BLACK
6
CONTINUOUS
10
5.8380057480314962
20
-3.810115748031496
11
5.8385818110236221
21
-3.8101724803149604
0
LINE
8
BLACK
6
CONTINUOUS
10
5.7358146456692909
20
-3.8036107874015745
11
5.7359126377952752
21
-3.8036513779527557
0
LINE
8
BLACK
6
CONTINUOUS
10
5.7359126377952752
20
-3.8036513779527557
11
5.7360184645669294
21
-3.8036588976377952
0
LINE
8
BLACK
6
CONTINUOUS
10
5.7360184645669294
20
-3.8036588976377952
11
5.7365590944881886
21
-3.8038657874015747
0
LINE
8
BLACK
6
CONTINUOUS
10
5.7365590944881886
20
-3.8038657874015747
11
5.7403086220472437
21
-3.8057405511811022
0
LINE
8
BLACK
6
CONTINUOUS
10
5.7403086220472437
20
-3.8057405511811022
11
5.7405566141732285
21
-3.8058966141732284
0
LINE
8
BLACK
6
CONTINUOUS
10
5.7405566141732285
20
-3.8058966141732284
11
5.7406285826771652
21
-3.8059264566929132
0
LINE
8
BLACK
6
CONTINUOUS
10
5.7406285826771652
20
-3.8059264566929132
11
5.7407095275590549
21
-3.8059929133858268
0
LINE
8
BLACK
6
CONTINUOUS
10
5.7407095275590549
20
-3.8059929133858268
11
5.7407985039370075
21
-3.8060488976377953
0
LINE
8
BLACK
6
CONTINUOUS
10
5.7407985039370075
20
-3.8060488976377953
11
5.7408496456692912
21
-3.8061078740157481
0
LINE
8
BLACK
6
CONTINUOUS
10
5.7408496456692912
20
-3.8061078740157481
11
5.7410760236220471
21
-3.8062936614173228
0
LINE
8
BLACK
6
CONTINUOUS
10
5.7410760236220471
20
-3.8062936614173228
11
5.7429507874015746
21
-3.8081684251968504
0
LINE
8
BLACK
6
CONTINUOUS
10
5.7429507874015746
20
-3.8081684251968504
11
5.743136535433071
21
-3.8083947637795275
0
LINE
8
BLACK
6
CONTINUOUS
10
5.743136535433071
20
-3.8083947637795275
11
5.7431955511811026
21
-3.8084459448818895
0
LINE
8
BLACK
6
CONTINUOUS
10
5.7431955511811026
20
-3.8084459448818895
11
5.7432514960629923
21
-3.8085348818897637
0
LINE
8
BLACK
6
CONTINUOUS
10
5.7432514960629923
20
-3.8085348818897637
11
5.7433179921259843
21
-3.8086158661417322
0
LINE
8
BLACK
6
CONTINUOUS
10
5.7433179921259843
20
-3.8086158661417322
11
5.7433477952755903
21
-3.8086877952755906
0
LINE
8
BLACK
6
CONTINUOUS
10
5.7433477952755903
20
-3.8086877952755906
11
5.7435038976377948
21
-3.8089358267716533
0
LINE
8
BLACK
6
CONTINUOUS
10
5.7435038976377948
20
-3.8089358267716533
11
5.7453786614173223
21
-3.8126853543307084
0
LINE
8
BLACK
6
CONTINUOUS
10
5.7453786614173223
20
-3.8126853543307084
11
5.7453947637795277
21
-3.8127274409448817
0
LINE
8
BLACK
6
CONTINUOUS
10
5.7453947637795277
20
-3.8127274409448817
11
5.7454074803149604
21
-3.8127446062992125
0
LINE
8
BLACK
6
CONTINUOUS
10
5.7454074803149604
20
-3.8127446062992125
11
5.7454937795275587
21
-3.812986181102362
0
LINE
8
BLACK
6
CONTINUOUS
10
5.7454937795275587
20
-3.812986181102362
11
5.7455855511811018
21
-3.8132259448818897
0
LINE
8
BLACK
6
CONTINUOUS
10
5.7455855511811018
20
-3.8132259448818897
11
5.7455870472440944
21
-3.8132472047244095
0
LINE
8
BLACK
6
CONTINUOUS
10
5.7455870472440944
20
-3.8132472047244095
11
5.7456022440944885
21
-3.8132897244094486
0
LINE
8
BLACK
6
CONTINUOUS
10
5.7456022440944885
20
-3.8132897244094486
11
5.7473983858267719
21
-3.82047437007874
0
LINE
8
BLACK
6
CONTINUOUS
10
5.7473983858267719
20
-3.82047437007874
11
5.7489138976377951
21
-3.8235053543307087
0
LINE
8
BLACK
6
CONTINUOUS
10
5.7489138976377951
20
-3.8235053543307087
11
5.750111023622047
21
-3.8247024803149605
0
LINE
8
BLACK
6
CONTINUOUS
10
5.750111023622047
20
-3.8247024803149605
11
5.7528085039370076
21
-3.8260512204724408
0
LINE
8
BLACK
6
CONTINUOUS
10
5.7528085039370076
20
-3.8260512204724408
11
5.7551639370078735
21
-3.8260512204724408
0
LINE
8
BLACK
6
CONTINUOUS
10
5.7551639370078735
20
-3.8260512204724408
11
5.7578614173228342
21
-3.8247024409448818
0
LINE
8
BLACK
6
CONTINUOUS
10
5.7578614173228342
20
-3.8247024409448818
11
5.7590585826771656
21
-3.82350531496063
0
LINE
8
BLACK
6
CONTINUOUS
10
5.7590585826771656
20
-3.82350531496063
11
5.760407322834646
21
-3.8208078740157481
0
LINE
8
BLACK
6
CONTINUOUS
10
5.760407322834646
20
-3.8208078740157481
11
5.760407322834646
21
-3.8126102362204723
0
LINE
8
BLACK
6
CONTINUOUS
10
5.760407322834646
20
-3.8126102362204723
11
5.7586840944881885
21
-3.8074405511811023
0
LINE
8
BLACK
6
CONTINUOUS
10
5.7586840944881885
20
-3.8074405511811023
11
5.7585557480314957
21
-3.8068761023622044
0
LINE
8
BLACK
6
CONTINUOUS
10
5.7585557480314957
20
-3.8068761023622044
11
5.7586374409448817
21
-3.8057268897637795
0
LINE
8
BLACK
6
CONTINUOUS
10
5.7586374409448817
20
-3.8057268897637795
11
5.7591526377952755
21
-3.8046964566929131
0
LINE
8
BLACK
6
CONTINUOUS
10
5.7591526377952755
20
-3.8046964566929131
11
5.7600229921259842
21
-3.8039415748031495
0
LINE
8
BLACK
6
CONTINUOUS
10
5.7600229921259842
20
-3.8039415748031495
11
5.7611160236220469
21
-3.8035772440944879
0
LINE
8
BLACK
6
CONTINUOUS
10
5.7611160236220469
20
-3.8035772440944879
11
5.7622652362204727
21
-3.8036589370078739
0
LINE
8
BLACK
6
CONTINUOUS
10
5.7622652362204727
20
-3.8036589370078739
11
5.7632956692913382
21
-3.8041741338582677
0
LINE
8
BLACK
6
CONTINUOUS
10
5.7632956692913382
20
-3.8041741338582677
11
5.7640505511811027
21
-3.8050444881889764
0
LINE
8
BLACK
6
CONTINUOUS
10
5.7640505511811027
20
-3.8050444881889764
11
5.7642865354330706
21
-3.8055730708661417
0
LINE
8
BLACK
6
CONTINUOUS
10
5.7642865354330706
20
-3.8055730708661417
11
5.7661612992125981
21
-3.8111973228346456
0
LINE
8
BLACK
6
CONTINUOUS
10
5.7661612992125981
20
-3.8111973228346456
11
5.7662262204724408
21
-3.8114829527559055
0
LINE
8
BLACK
6
CONTINUOUS
10
5.7662262204724408
20
-3.8114829527559055
11
5.7662561023622043
21
-3.8115550393700786
0
LINE
8
BLACK
6
CONTINUOUS
10
5.7662561023622043
20
-3.8115550393700786
11
5.7662663779527561
21
-3.8116594881889765
0
LINE
8
BLACK
6
CONTINUOUS
10
5.7662663779527561
20
-3.8116594881889765
11
5.7662896456692909
21
-3.811761771653543
0
LINE
8
BLACK
6
CONTINUOUS
10
5.7662896456692909
20
-3.811761771653543
11
5.7662840944881886
21
-3.8118394881889763
0
LINE
8
BLACK
6
CONTINUOUS
10
5.7662840944881886
20
-3.8118394881889763
11
5.7663128346456691
21
-3.8121311023622044
0
LINE
8
BLACK
6
CONTINUOUS
10
5.7663128346456691
20
-3.8121311023622044
11
5.7663128346456691
21
-3.8215049212598426
0
LINE
8
BLACK
6
CONTINUOUS
10
5.7663128346456691
20
-3.8215049212598426
11
5.7662561023622043
21
-3.8220809842519685
0
LINE
8
BLACK
6
CONTINUOUS
10
5.7662561023622043
20
-3.8220809842519685
11
5.7662155118110237
21
-3.822178937007874
0
LINE
8
BLACK
6
CONTINUOUS
10
5.7662155118110237
20
-3.822178937007874
11
5.7662079921259846
21
-3.8222848425196849
0
LINE
8
BLACK
6
CONTINUOUS
10
5.7662079921259846
20
-3.8222848425196849
11
5.7660011023622042
21
-3.8228254330708662
0
LINE
8
BLACK
6
CONTINUOUS
10
5.7660011023622042
20
-3.8228254330708662
11
5.7641263385826766
21
-3.8265749606299213
0
LINE
8
BLACK
6
CONTINUOUS
10
5.7641263385826766
20
-3.8265749606299213
11
5.7639702362204721
21
-3.8268229527559052
0
LINE
8
BLACK
6
CONTINUOUS
10
5.7639702362204721
20
-3.8268229527559052
11
5.7639404330708661
21
-3.8268949212598424
0
LINE
8
BLACK
6
CONTINUOUS
10
5.7639404330708661
20
-3.8268949212598424
11
5.763873976377953
21
-3.8269758661417321
0
LINE
8
BLACK
6
CONTINUOUS
10
5.763873976377953
20
-3.8269758661417321
11
5.7638179921259844
21
-3.8270648425196852
0
LINE
8
BLACK
6
CONTINUOUS
10
5.7638179921259844
20
-3.8270648425196852
11
5.7637589370078741
21
-3.8271160236220472
0
LINE
8
BLACK
6
CONTINUOUS
10
5.7637589370078741
20
-3.8271160236220472
11
5.7635731889763777
21
-3.827342401574803
0
LINE
8
BLACK
6
CONTINUOUS
10
5.7635731889763777
20
-3.827342401574803
11
5.7616983858267714
21
-3.8292171653543305
0
LINE
8
BLACK
6
CONTINUOUS
10
5.7616983858267714
20
-3.8292171653543305
11
5.7614720472440943
21
-3.8294028740157477
0
LINE
8
BLACK
6
CONTINUOUS
10
5.7614720472440943
20
-3.8294028740157477
11
5.7614209055118106
21
-3.8294618897637793
0
LINE
8
BLACK
6
CONTINUOUS
10
5.7614209055118106
20
-3.8294618897637793
11
5.7613319685039368
21
-3.8295178346456691
0
LINE
8
BLACK
6
CONTINUOUS
10
5.7613319685039368
20
-3.8295178346456691
11
5.7612509448818896
21
-3.8295843700787402
0
LINE
8
BLACK
6
CONTINUOUS
10
5.7612509448818896
20
-3.8295843700787402
11
5.7611788976377953
21
-3.8296141732283462
0
LINE
8
BLACK
6
CONTINUOUS
10
5.7611788976377953
20
-3.8296141732283462
11
5.7609310236220468
21
-3.8297702362204724
0
LINE
8
BLACK
6
CONTINUOUS
10
5.7609310236220468
20
-3.8297702362204724
11
5.7571814960629917
21
-3.831645
0
LINE
8
BLACK
6
CONTINUOUS
10
5.7571814960629917
20
-3.831645
11
5.7566408661417325
21
-3.8318518897637794
0
LINE
8
BLACK
6
CONTINUOUS
10
5.7566408661417325
20
-3.8318518897637794
11
5.7565350393700783
21
-3.8318593700787402
0
LINE
8
BLACK
6
CONTINUOUS
10
5.7565350393700783
20
-3.8318593700787402
11
5.756437047244094
21
-3.8319000000000001
0
LINE
8
BLACK
6
CONTINUOUS
10
5.756437047244094
20
-3.8319000000000001
11
5.7558609842519681
21
-3.8319567322834645
0
LINE
8
BLACK
6
CONTINUOUS
10
5.7558609842519681
20
-3.8319567322834645
11
5.752111456692913
21
-3.8319567322834645
0
LINE
8
BLACK
6
CONTINUOUS
10
5.752111456692913
20
-3.8319567322834645
11
5.7515353937007871
21
-3.8319000000000001
0
LINE
8
BLACK
6
CONTINUOUS
10
5.7515353937007871
20
-3.8319000000000001
11
5.7514374015748029
21
-3.831859409448819
0
LINE
8
BLACK
6
CONTINUOUS
10
5.7514374015748029
20
-3.831859409448819
11
5.7513315354330707
21
-3.8318518897637794
0
LINE
8
BLACK
6
CONTINUOUS
10
5.7513315354330707
20
-3.8318518897637794
11
5.7507909448818895
21
-3.831645
0
LINE
8
BLACK
6
CONTINUOUS
10
5.7507909448818895
20
-3.831645
11
5.7470414173228344
21
-3.8297702362204724
0
LINE
8
BLACK
6
CONTINUOUS
10
5.7470414173228344
20
-3.8297702362204724
11
5.7467933858267717
21
-3.8296141338582674
0
LINE
8
BLACK
6
CONTINUOUS
10
5.7467933858267717
20
-3.8296141338582674
11
5.7467214566929137
21
-3.8295843307086614
0
LINE
8
BLACK
6
CONTINUOUS
10
5.7467214566929137
20
-3.8295843307086614
11
5.7466404724409443
21
-3.8295178346456691
0
LINE
8
BLACK
6
CONTINUOUS
10
5.7466404724409443
20
-3.8295178346456691
11
5.7465515354330705
21
-3.8294618897637793
0
LINE
8
BLACK
6
CONTINUOUS
10
5.7465515354330705
20
-3.8294618897637793
11
5.7465003543307089
21
-3.8294028740157477
0
LINE
8
BLACK
6
CONTINUOUS
10
5.7465003543307089
20
-3.8294028740157477
11
5.746274015748031
21
-3.8292171259842518
0
LINE
8
BLACK
6
CONTINUOUS
10
5.746274015748031
20
-3.8292171259842518
11
5.7443992519685034
21
-3.8273423622047242
0
LINE
8
BLACK
6
CONTINUOUS
10
5.7443992519685034
20
-3.8273423622047242
11
5.7442134645669292
21
-3.8271159842519684
0
LINE
8
BLACK
6
CONTINUOUS
10
5.7442134645669292
20
-3.8271159842519684
11
5.7441544881889763
21
-3.8270648425196852
0
LINE
8
BLACK
6
CONTINUOUS
10
5.7441544881889763
20
-3.8270648425196852
11
5.7440985039370078
21
-3.8269758661417321
0
LINE
8
BLACK
6
CONTINUOUS
10
5.7440985039370078
20
-3.8269758661417321
11
5.7440320472440947
21
-3.8268949212598424
0
LINE
8
BLACK
6
CONTINUOUS
10
5.7440320472440947
20
-3.8268949212598424
11
5.744002204724409
21
-3.8268229527559052
0
LINE
8
BLACK
6
CONTINUOUS
10
5.744002204724409
20
-3.8268229527559052
11
5.7438461417322833
21
-3.8265749606299213
0
LINE
8
BLACK
6
CONTINUOUS
10
5.7438461417322833
20
-3.8265749606299213
11
5.7419713779527557
21
-3.8228254330708662
0
LINE
8
BLACK
6
CONTINUOUS
10
5.7419713779527557
20
-3.8228254330708662
11
5.7419552362204724
21
-3.8227833070866142
0
LINE
8
BLACK
6
CONTINUOUS
10
5.7419552362204724
20
-3.8227833070866142
11
5.7419425590551176
21
-3.8227661811023621
0
LINE
8
BLACK
6
CONTINUOUS
10
5.7419425590551176
20
-3.8227661811023621
11
5.7418561023622043
21
-3.8225242125984251
0
LINE
8
BLACK
6
CONTINUOUS
10
5.7418561023622043
20
-3.8225242125984251
11
5.7417644881889762
21
-3.8222848031496062
0
LINE
8
BLACK
6
CONTINUOUS
10
5.7417644881889762
20
-3.8222848031496062
11
5.7417629527559058
21
-3.8222635433070864
0
LINE
8
BLACK
6
CONTINUOUS
10
5.7417629527559058
20
-3.8222635433070864
11
5.7417477952755904
21
-3.8222210629921261
0
LINE
8
BLACK
6
CONTINUOUS
10
5.7417477952755904
20
-3.8222210629921261
11
5.7399516141732283
21
-3.8150364173228346
0
LINE
8
BLACK
6
CONTINUOUS
10
5.7399516141732283
20
-3.8150364173228346
11
5.7384361417322829
21
-3.8120054330708659
0
LINE
8
BLACK
6
CONTINUOUS
10
5.7384361417322829
20
-3.8120054330708659
11
5.7372390157480311
21
-3.8108083070866141
0
LINE
8
BLACK
6
CONTINUOUS
10
5.7372390157480311
20
-3.8108083070866141
11
5.7345415354330704
21
-3.8094595669291338
0
LINE
8
BLACK
6
CONTINUOUS
10
5.7345415354330704
20
-3.8094595669291338
11
5.7321861023622045
21
-3.8094595669291338
0
LINE
8
BLACK
6
CONTINUOUS
10
5.7321861023622045
20
-3.8094595669291338
11
5.7294886220472439
21
-3.8108083070866141
0
LINE
8
BLACK
6
CONTINUOUS
10
5.7294886220472439
20
-3.8108083070866141
11
5.728291496062992
21
-3.8120054330708659
0
LINE
8
BLACK
6
CONTINUOUS
10
5.728291496062992
20
-3.8120054330708659
11
5.7269427559055117
21
-3.8147029133858266
0
LINE
8
BLACK
6
CONTINUOUS
10
5.7269427559055117
20
-3.8147029133858266
11
5.7269427559055117
21
-3.8229005118110235
0
LINE
8
BLACK
6
CONTINUOUS
10
5.7269427559055117
20
-3.8229005118110235
11
5.7286659842519683
21
-3.8280701968503936
0
LINE
8
BLACK
6
CONTINUOUS
10
5.7286659842519683
20
-3.8280701968503936
11
5.7287943307086611
21
-3.8286346456692915
0
LINE
8
BLACK
6
CONTINUOUS
10
5.7287943307086611
20
-3.8286346456692915
11
5.7287126377952751
21
-3.8297838582677164
0
LINE
8
BLACK
6
CONTINUOUS
10
5.7287126377952751
20
-3.8297838582677164
11
5.7281974409448821
21
-3.8308143307086615
0
LINE
8
BLACK
6
CONTINUOUS
10
5.7281974409448821
20
-3.8308143307086615
11
5.7273270472440947
21
-3.8315692125984251
0
LINE
8
BLACK
6
CONTINUOUS
10
5.7273270472440947
20
-3.8315692125984251
11
5.7262340551181099
21
-3.8319335433070867
0
LINE
8
BLACK
6
CONTINUOUS
10
5.7262340551181099
20
-3.8319335433070867
11
5.725084842519685
21
-3.8318518503937007
0
LINE
8
BLACK
6
CONTINUOUS
10
5.725084842519685
20
-3.8318518503937007
11
5.7240544094488186
21
-3.8313366141732281
0
LINE
8
BLACK
6
CONTINUOUS
10
5.7240544094488186
20
-3.8313366141732281
11
5.723299527559055
21
-3.8304662598425194
0
LINE
8
BLACK
6
CONTINUOUS
10
5.723299527559055
20
-3.8304662598425194
11
5.7230635433070862
21
-3.8299377165354329
0
LINE
8
BLACK
6
CONTINUOUS
10
5.7230635433070862
20
-3.8299377165354329
11
5.7211887795275587
21
-3.8243134251968502
0
LINE
8
BLACK
6
CONTINUOUS
10
5.7211887795275587
20
-3.8243134251968502
11
5.7211238188976381
21
-3.8240278346456691
0
LINE
8
BLACK
6
CONTINUOUS
10
5.7211238188976381
20
-3.8240278346456691
11
5.7210939763779525
21
-3.8239557480314961
0
LINE
8
BLACK
6
CONTINUOUS
10
5.7210939763779525
20
-3.8239557480314961
11
5.7210836614173228
21
-3.8238512204724406
0
LINE
8
BLACK
6
CONTINUOUS
10
5.7210836614173228
20
-3.8238512204724406
11
5.7210604330708659
21
-3.8237489763779529
0
LINE
8
BLACK
6
CONTINUOUS
10
5.7210604330708659
20
-3.8237489763779529
11
5.7210659448818895
21
-3.8236712204724408
0
LINE
8
BLACK
6
CONTINUOUS
10
5.7210659448818895
20
-3.8236712204724408
11
5.7210372440944877
21
-3.8233796850393702
0
LINE
8
BLACK
6
CONTINUOUS
10
5.7210372440944877
20
-3.8233796850393702
11
5.7210372440944877
21
-3.814005866141732
0
LINE
8
BLACK
6
CONTINUOUS
10
5.7210372440944877
20
-3.814005866141732
11
5.7210939763779525
21
-3.8134298031496061
0
LINE
8
BLACK
6
CONTINUOUS
10
5.7210939763779525
20
-3.8134298031496061
11
5.721134566929134
21
-3.8133317716535431
0
LINE
8
BLACK
6
CONTINUOUS
10
5.721134566929134
20
-3.8133317716535431
11
5.7211420866141731
21
-3.8132259842519685
0
LINE
8
BLACK
6
CONTINUOUS
10
5.7211420866141731
20
-3.8132259842519685
11
5.7213489763779526
21
-3.8126853543307084
0
LINE
8
BLACK
6
CONTINUOUS
10
5.7213489763779526
20
-3.8126853543307084
11
5.7232237401574801
21
-3.8089358267716533
0
LINE
8
BLACK
6
CONTINUOUS
10
5.7232237401574801
20
-3.8089358267716533
11
5.7233798031496059
21
-3.8086877952755906
0
LINE
8
BLACK
6
CONTINUOUS
10
5.7233798031496059
20
-3.8086877952755906
11
5.7234096456692916
21
-3.8086158661417322
0
LINE
8
BLACK
6
CONTINUOUS
10
5.7234096456692916
20
-3.8086158661417322
11
5.7234761023622047
21
-3.8085348818897637
0
LINE
8
BLACK
6
CONTINUOUS
10
5.7234761023622047
20
-3.8085348818897637
11
5.7235320866141732
21
-3.8084459448818895
0
LINE
8
BLACK
6
CONTINUOUS
10
5.7235320866141732
20
-3.8084459448818895
11
5.7235910629921261
21
-3.8083947637795275
0
LINE
8
BLACK
6
CONTINUOUS
10
5.7235910629921261
20
-3.8083947637795275
11
5.7237768503937003
21
-3.8081684251968504
0
LINE
8
BLACK
6
CONTINUOUS
10
5.7237768503937003
20
-3.8081684251968504
11
5.7256516141732279
21
-3.8062936614173228
0
LINE
8
BLACK
6
CONTINUOUS
10
5.7256516141732279
20
-3.8062936614173228
11
5.7258779527559049
21
-3.8061078740157481
0
LINE
8
BLACK
6
CONTINUOUS
10
5.7258779527559049
20
-3.8061078740157481
11
5.7259291338582674
21
-3.8060488976377953
0
LINE
8
BLACK
6
CONTINUOUS
10
5.7259291338582674
20
-3.8060488976377953
11
5.7260180708661412
21
-3.8059929133858268
0
LINE
8
BLACK
6
CONTINUOUS
10
5.7260180708661412
20
-3.8059929133858268
11
5.7260990551181097
21
-3.8059264566929132
0
LINE
8
BLACK
6
CONTINUOUS
10
5.7260990551181097
20
-3.8059264566929132
11
5.7261709842519686
21
-3.8058966141732284
0
LINE
8
BLACK
6
CONTINUOUS
10
5.7261709842519686
20
-3.8058966141732284
11
5.7264190157480312
21
-3.8057405511811022
0
LINE
8
BLACK
6
CONTINUOUS
10
5.7264190157480312
20
-3.8057405511811022
11
5.7301685433070864
21
-3.8038657874015747
0
LINE
8
BLACK
6
CONTINUOUS
10
5.7301685433070864
20
-3.8038657874015747
11
5.7307091338582676
21
-3.8036588976377952
0
LINE
8
BLACK
6
CONTINUOUS
10
5.7307091338582676
20
-3.8036588976377952
11
5.7308149999999998
21
-3.8036513385826769
0
LINE
8
BLACK
6
CONTINUOUS
10
5.7308149999999998
20
-3.8036513385826769
11
5.730912992125984
21
-3.8036107874015745
0
LINE
8
BLACK
6
CONTINUOUS
10
5.730912992125984
20
-3.8036107874015745
11
5.7314890551181099
21
-3.8035540551181102
0
LINE
8
BLACK
6
CONTINUOUS
10
5.7314890551181099
20
-3.8035540551181102
11
5.735238582677165
21
-3.8035540551181102
0
LINE
8
BLACK
6
CONTINUOUS
10
5.735238582677165
20
-3.8035540551181102
11
5.7358146456692909
21
-3.8036107874015745
0
LINE
8
BLACK
6
CONTINUOUS
10
5.750002401574803
20
-3.757182559055118
11
5.7508170472440945
21
-3.7579972047244095
0
LINE
8
BLACK
6
CONTINUOUS
10
5.7508170472440945
20
-3.7579972047244095
11
5.7512579527559051
21
-3.7590616141732283
0
LINE
8
BLACK
6
CONTINUOUS
10
5.7512579527559051
20
-3.7590616141732283
11
5.7513146850393699
21
-3.7596376771653541
0
LINE
8
BLACK
6
CONTINUOUS
10
5.7513146850393699
20
-3.7596376771653541
11
5.7513146850393699
21
-3.7896339370078738
0
LINE
8
BLACK
6
CONTINUOUS
10
5.7513146850393699
20
-3.7896339370078738
11
5.7512579527559051
21
-3.7902100000000001
0
LINE
8
BLACK
6
CONTINUOUS
10
5.7512579527559051
20
-3.7902100000000001
11
5.7508170472440945
21
-3.7912744094488189
0
LINE
8
BLACK
6
CONTINUOUS
10
5.7508170472440945
20
-3.7912744094488189
11
5.750002401574803
21
-3.7920890551181103
0
LINE
8
BLACK
6
CONTINUOUS
10
5.750002401574803
20
-3.7920890551181103
11
5.7489379921259838
21
-3.792529960629921
0
LINE
8
BLACK
6
CONTINUOUS
10
5.7489379921259838
20
-3.792529960629921
11
5.747785866141732
21
-3.792529960629921
0
LINE
8
BLACK
6
CONTINUOUS
10
5.747785866141732
20
-3.792529960629921
11
5.7467214566929137
21
-3.7920890551181103
0
LINE
8
BLACK
6
CONTINUOUS
10
5.7467214566929137
20
-3.7920890551181103
11
5.7459068110236222
21
-3.7912744094488189
0
LINE
8
BLACK
6
CONTINUOUS
10
5.7459068110236222
20
-3.7912744094488189
11
5.7454659055118107
21
-3.7902100000000001
0
LINE
8
BLACK
6
CONTINUOUS
10
5.7454659055118107
20
-3.7902100000000001
11
5.7454091732283468
21
-3.7896339370078738
0
LINE
8
BLACK
6
CONTINUOUS
10
5.7454091732283468
20
-3.7896339370078738
11
5.7454091732283468
21
-3.7596376771653541
0
LINE
8
BLACK
6
CONTINUOUS
10
5.7454091732283468
20
-3.7596376771653541
11
5.7454659055118107
21
-3.7590616141732283
0
LINE
8
BLACK
6
CONTINUOUS
10
5.7454659055118107
20
-3.7590616141732283
11
5.7459068110236222
21
-3.7579972047244095
0
LINE
8
BLACK
6
CONTINUOUS
10
5.7459068110236222
20
-3.7579972047244095
11
5.7467214566929137
21
-3.757182559055118
0
LINE
8
BLACK
6
CONTINUOUS
10
5.7467214566929137
20
-3.757182559055118
11
5.747785866141732
21
-3.7567416535433069
0
LINE
8
BLACK
6
CONTINUOUS
10
5.747785866141732
20
-3.7567416535433069
11
5.7489379921259838
21
-3.7567416535433069
0
LINE
8
BLACK
6
CONTINUOUS
10
5.7489379921259838
20
-3.7567416535433069
11
5.750002401574803
21
-3.757182559055118
0
LINE
8
BLACK
6
CONTINUOUS
10
5.763936141732283
20
-3.7379940157480314
11
5.7650005511811022
21
-3.7384349212598424
0
LINE
8
BLACK
6
CONTINUOUS
10
5.7650005511811022
20
-3.7384349212598424
11
5.7658151968503937
21
-3.7392495669291339
0
LINE
8
BLACK
6
CONTINUOUS
10
5.7658151968503937
20
-3.7392495669291339
11
5.7662561023622043
21
-3.7403139763779527
0
LINE
8
BLACK
6
CONTINUOUS
10
5.7662561023622043
20
-3.7403139763779527
11
5.7662561023622043
21
-3.7414661023622044
0
LINE
8
BLACK
6
CONTINUOUS
10
5.7662561023622043
20
-3.7414661023622044
11
5.7658151968503937
21
-3.7425305118110237
0
LINE
8
BLACK
6
CONTINUOUS
10
5.7658151968503937
20
-3.7425305118110237
11
5.7650005511811022
21
-3.7433451574803147
0
LINE
8
BLACK
6
CONTINUOUS
10
5.7650005511811022
20
-3.7433451574803147
11
5.763936141732283
21
-3.7437860629921258
0
LINE
8
BLACK
6
CONTINUOUS
10
5.763936141732283
20
-3.7437860629921258
11
5.7633600787401571
21
-3.7438427952755906
0
LINE
8
BLACK
6
CONTINUOUS
10
5.7633600787401571
20
-3.7438427952755906
11
5.7239899999999997
21
-3.7438427952755906
0
LINE
8
BLACK
6
CONTINUOUS
10
5.7239899999999997
20
-3.7438427952755906
11
5.7234139370078738
21
-3.7437860629921258
0
LINE
8
BLACK
6
CONTINUOUS
10
5.7234139370078738
20
-3.7437860629921258
11
5.7223495275590546
21
-3.7433451574803147
0
LINE
8
BLACK
6
CONTINUOUS
10
5.7223495275590546
20
-3.7433451574803147
11
5.721534881889764
21
-3.7425305118110237
0
LINE
8
BLACK
6
CONTINUOUS
10
5.721534881889764
20
-3.7425305118110237
11
5.7210939763779525
21
-3.7414661023622044
0
LINE
8
BLACK
6
CONTINUOUS
10
5.7210939763779525
20
-3.7414661023622044
11
5.7210939763779525
21
-3.7403139763779527
0
LINE
8
BLACK
6
CONTINUOUS
10
5.7210939763779525
20
-3.7403139763779527
11
5.721534881889764
21
-3.7392495669291339
0
LINE
8
BLACK
6
CONTINUOUS
10
5.721534881889764
20
-3.7392495669291339
11
5.7223495275590546
21
-3.7384349212598424
0
LINE
8
BLACK
6
CONTINUOUS
10
5.7223495275590546
20
-3.7384349212598424
11
5.7234139370078738
21
-3.7379940157480314
0
LINE
8
BLACK
6
CONTINUOUS
10
5.7234139370078738
20
-3.7379940157480314
11
5.7239899999999997
21
-3.737937283464567
0
LINE
8
BLACK
6
CONTINUOUS
10
5.7239899999999997
20
-3.737937283464567
11
5.7633600787401571
21
-3.737937283464567
0
LINE
8
BLACK
6
CONTINUOUS
10
5.7633600787401571
20
-3.737937283464567
11
5.763936141732283
21
-3.7379940157480314
0
LINE
8
BLACK
6
CONTINUOUS
10
5.763936141732283
20
-3.6929996456692913
11
5.7650005511811022
21
-3.6934405511811024
0
LINE
8
BLACK
6
CONTINUOUS
10
5.7650005511811022
20
-3.6934405511811024
11
5.7658151968503937
21
-3.6942551968503938
0
LINE
8
BLACK
6
CONTINUOUS
10
5.7658151968503937
20
-3.6942551968503938
11
5.7662561023622043
21
-3.6953196062992126
0
LINE
8
BLACK
6
CONTINUOUS
10
5.7662561023622043
20
-3.6953196062992126
11
5.7662561023622043
21
-3.6964717322834644
0
LINE
8
BLACK
6
CONTINUOUS
10
5.7662561023622043
20
-3.6964717322834644
11
5.7658151968503937
21
-3.6975361417322832
0
LINE
8
BLACK
6
CONTINUOUS
10
5.7658151968503937
20
-3.6975361417322832
11
5.7650005511811022
21
-3.6983507874015746
0
LINE
8
BLACK
6
CONTINUOUS
10
5.7650005511811022
20
-3.6983507874015746
11
5.763936141732283
21
-3.6987916929133857
0
LINE
8
BLACK
6
CONTINUOUS
10
5.763936141732283
20
-3.6987916929133857
11
5.7633600787401571
21
-3.6988484251968505
0
LINE
8
BLACK
6
CONTINUOUS
10
5.7633600787401571
20
-3.6988484251968505
11
5.7372997637795278
21
-3.6988484251968505
0
LINE
8
BLACK
6
CONTINUOUS
10
5.7372997637795278
20
-3.6988484251968505
11
5.7533601574803148
21
-3.7063432677165355
0
LINE
8
BLACK
6
CONTINUOUS
10
5.7533601574803148
20
-3.7063432677165355
11
5.7535711417322837
21
-3.7064682283464565
0
LINE
8
BLACK
6
CONTINUOUS
10
5.7535711417322837
20
-3.7064682283464565
11
5.7536425196850391
21
-3.7064942125984253
0
LINE
8
BLACK
6
CONTINUOUS
10
5.7536425196850391
20
-3.7064942125984253
11
5.7536929921259841
21
-3.7065404330708662
0
LINE
8
BLACK
6
CONTINUOUS
10
5.7536929921259841
20
-3.7065404330708662
11
5.7538581889763778
21
-3.7066383070866142
0
LINE
8
BLACK
6
CONTINUOUS
10
5.7538581889763778
20
-3.7066383070866142
11
5.7541612204724411
21
-3.706969212598425
0
LINE
8
BLACK
6
CONTINUOUS
10
5.7541612204724411
20
-3.706969212598425
11
5.7544922047244089
21
-3.7072723228346458
0
LINE
8
BLACK
6
CONTINUOUS
10
5.7544922047244089
20
-3.7072723228346458
11
5.7545476771653545
21
-3.7073912204724411
0
LINE
8
BLACK
6
CONTINUOUS
10
5.7545476771653545
20
-3.7073912204724411
11
5.7546362598425196
21
-3.7074879527559053
0
LINE
8
BLACK
6
CONTINUOUS
10
5.7546362598425196
20
-3.7074879527559053
11
5.7547895669291336
21
-3.7079095669291338
0
LINE
8
BLACK
6
CONTINUOUS
10
5.7547895669291336
20
-3.7079095669291338
11
5.7549794094488185
21
-3.708316338582677
0
LINE
8
BLACK
6
CONTINUOUS
10
5.7549794094488185
20
-3.708316338582677
11
5.7549851574803146
21
-3.7084473622047245
0
LINE
8
BLACK
6
CONTINUOUS
10
5.7549851574803146
20
-3.7084473622047245
11
5.7550299999999996
21
-3.7085706692913387
0
LINE
8
BLACK
6
CONTINUOUS
10
5.7550299999999996
20
-3.7085706692913387
11
5.7550102755905508
21
-3.7090190157480314
0
LINE
8
BLACK
6
CONTINUOUS
10
5.7550102755905508
20
-3.7090190157480314
11
5.7550299999999996
21
-3.7094673622047245
0
LINE
8
BLACK
6
CONTINUOUS
10
5.7550299999999996
20
-3.7094673622047245
11
5.7549851574803146
21
-3.7095906299212595
0
LINE
8
BLACK
6
CONTINUOUS
10
5.7549851574803146
20
-3.7095906299212595
11
5.7549794094488185
21
-3.7097216929133858
0
LINE
8
BLACK
6
CONTINUOUS
10
5.7549794094488185
20
-3.7097216929133858
11
5.7547895669291336
21
-3.7101284251968503
0
LINE
8
BLACK
6
CONTINUOUS
10
5.7547895669291336
20
-3.7101284251968503
11
5.7546362598425196
21
-3.7105500787401575
0
LINE
8
BLACK
6
CONTINUOUS
10
5.7546362598425196
20
-3.7105500787401575
11
5.7545476771653545
21
-3.7106467716535434
0
LINE
8
BLACK
6
CONTINUOUS
10
5.7545476771653545
20
-3.7106467716535434
11
5.7544922047244089
21
-3.7107657086614174
0
LINE
8
BLACK
6
CONTINUOUS
10
5.7544922047244089
20
-3.7107657086614174
11
5.7541612204724411
21
-3.711068779527559
0
LINE
8
BLACK
6
CONTINUOUS
10
5.7541612204724411
20
-3.711068779527559
11
5.7538581889763778
21
-3.7113997244094485
0
LINE
8
BLACK
6
CONTINUOUS
10
5.7538581889763778
20
-3.7113997244094485
11
5.7536929921259841
21
-3.7114975590551182
0
LINE
8
BLACK
6
CONTINUOUS
10
5.7536929921259841
20
-3.7114975590551182
11
5.7536425196850391
21
-3.7115438188976375
0
LINE
8
BLACK
6
CONTINUOUS
10
5.7536425196850391
20
-3.7115438188976375
11
5.7535711417322837
21
-3.7115697637795275
0
LINE
8
BLACK
6
CONTINUOUS
10
5.7535711417322837
20
-3.7115697637795275
11
5.7533601574803148
21
-3.7116947637795277
0
LINE
8
BLACK
6
CONTINUOUS
10
5.7533601574803148
20
-3.7116947637795277
11
5.7372997637795278
21
-3.7191896062992127
0
LINE
8
BLACK
6
CONTINUOUS
10
5.7372997637795278
20
-3.7191896062992127
11
5.7633600787401571
21
-3.7191896062992127
0
LINE
8
BLACK
6
CONTINUOUS
10
5.7633600787401571
20
-3.7191896062992127
11
5.763936141732283
21
-3.7192463385826771
0
LINE
8
BLACK
6
CONTINUOUS
10
5.763936141732283
20
-3.7192463385826771
11
5.7650005511811022
21
-3.7196872440944881
0
LINE
8
BLACK
6
CONTINUOUS
10
5.7650005511811022
20
-3.7196872440944881
11
5.7658151968503937
21
-3.7205018897637796
0
LINE
8
BLACK
6
CONTINUOUS
10
5.7658151968503937
20
-3.7205018897637796
11
5.7662561023622043
21
-3.7215662992125984
0
LINE
8
BLACK
6
CONTINUOUS
10
5.7662561023622043
20
-3.7215662992125984
11
5.7662561023622043
21
-3.7227184251968501
0
LINE
8
BLACK
6
CONTINUOUS
10
5.7662561023622043
20
-3.7227184251968501
11
5.7658151968503937
21
-3.7237828346456694
0
LINE
8
BLACK
6
CONTINUOUS
10
5.7658151968503937
20
-3.7237828346456694
11
5.7650005511811022
21
-3.7245974803149604
0
LINE
8
BLACK
6
CONTINUOUS
10
5.7650005511811022
20
-3.7245974803149604
11
5.763936141732283
21
-3.7250383858267715
0
LINE
8
BLACK
6
CONTINUOUS
10
5.763936141732283
20
-3.7250383858267715
11
5.7633600787401571
21
-3.7250951181102363
0
LINE
8
BLACK
6
CONTINUOUS
10
5.7633600787401571
20
-3.7250951181102363
11
5.7239899999999997
21
-3.7250951181102363
0
LINE
8
BLACK
6
CONTINUOUS
10
5.7239899999999997
20
-3.7250951181102363
11
5.7236111811023624
21
-3.7250577952755903
0
LINE
8
BLACK
6
CONTINUOUS
10
5.7236111811023624
20
-3.7250577952755903
11
5.7235416535433066
21
-3.7250608661417322
0
LINE
8
BLACK
6
CONTINUOUS
10
5.7235416535433066
20
-3.7250608661417322
11
5.7235042913385827
21
-3.7250472834645669
0
LINE
8
BLACK
6
CONTINUOUS
10
5.7235042913385827
20
-3.7250472834645669
11
5.7234139370078738
21
-3.7250383858267715
0
LINE
8
BLACK
6
CONTINUOUS
10
5.7234139370078738
20
-3.7250383858267715
11
5.7229404330708658
21
-3.7248422440944879
0
LINE
8
BLACK
6
CONTINUOUS
10
5.7229404330708658
20
-3.7248422440944879
11
5.7224589370078736
21
-3.7246671653543308
0
LINE
8
BLACK
6
CONTINUOUS
10
5.7224589370078736
20
-3.7246671653543308
11
5.7224103543307088
21
-3.7246226771653541
0
LINE
8
BLACK
6
CONTINUOUS
10
5.7224103543307088
20
-3.7246226771653541
11
5.7223495275590546
21
-3.7245974803149604
0
LINE
8
BLACK
6
CONTINUOUS
10
5.7223495275590546
20
-3.7245974803149604
11
5.7219870866141731
21
-3.7242350393700785
0
LINE
8
BLACK
6
CONTINUOUS
10
5.7219870866141731
20
-3.7242350393700785
11
5.7216092913385825
21
-3.7238890551181103
0
LINE
8
BLACK
6
CONTINUOUS
10
5.7216092913385825
20
-3.7238890551181103
11
5.7215814173228345
21
-3.7238293700787399
0
LINE
8
BLACK
6
CONTINUOUS
10
5.7215814173228345
20
-3.7238293700787399
11
5.721534881889764
21
-3.7237828346456694
0
LINE
8
BLACK
6
CONTINUOUS
10
5.721534881889764
20
-3.7237828346456694
11
5.721338818897638
21
-3.7233095275590551
0
LINE
8
BLACK
6
CONTINUOUS
10
5.721338818897638
20
-3.7233095275590551
11
5.7211220472440942
21
-3.7228450393700787
0
LINE
8
BLACK
6
CONTINUOUS
10
5.7211220472440942
20
-3.7228450393700787
11
5.7211191338582674
21
-3.7227792125984251
0
LINE
8
BLACK
6
CONTINUOUS
10
5.7211191338582674
20
-3.7227792125984251
11
5.7210939763779525
21
-3.7227184251968501
0
LINE
8
BLACK
6
CONTINUOUS
10
5.7210939763779525
20
-3.7227184251968501
11
5.7210939763779525
21
-3.7222058661417323
0
LINE
8
BLACK
6
CONTINUOUS
10
5.7210939763779525
20
-3.7222058661417323
11
5.7210714960629918
21
-3.7216940157480316
0
LINE
8
BLACK
6
CONTINUOUS
10
5.7210714960629918
20
-3.7216940157480316
11
5.7210939763779525
21
-3.7216321653543307
0
LINE
8
BLACK
6
CONTINUOUS
10
5.7210939763779525
20
-3.7216321653543307
11
5.7210939763779525
21
-3.7215662992125984
0
LINE
8
BLACK
6
CONTINUOUS
10
5.7210939763779525
20
-3.7215662992125984
11
5.7212900787401573
21
-3.7210927952755903
0
LINE
8
BLACK
6
CONTINUOUS
10
5.7212900787401573
20
-3.7210927952755903
11
5.721465196850394
21
-3.7206112992125981
0
LINE
8
BLACK
6
CONTINUOUS
10
5.721465196850394
20
-3.7206112992125981
11
5.7215096456692915
21
-3.7205627165354329
0
LINE
8
BLACK
6
CONTINUOUS
10
5.7215096456692915
20
-3.7205627165354329
11
5.721534881889764
21
-3.7205018897637796
0
LINE
8
BLACK
6
CONTINUOUS
10
5.721534881889764
20
-3.7205018897637796
11
5.7218972834645667
21
-3.7201394488188977
0
LINE
8
BLACK
6
CONTINUOUS
10
5.7218972834645667
20
-3.7201394488188977
11
5.7222433070866137
21
-3.7197616535433071
0
LINE
8
BLACK
6
CONTINUOUS
10
5.7222433070866137
20
-3.7197616535433071
11
5.7223213385826774
21
-3.7197153937007874
0
LINE
8
BLACK
6
CONTINUOUS
10
5.7223213385826774
20
-3.7197153937007874
11
5.7223495275590546
21
-3.7196872440944881
0
LINE
8
BLACK
6
CONTINUOUS
10
5.7223495275590546
20
-3.7196872440944881
11
5.7224139370078735
21
-3.7196605118110235
0
LINE
8
BLACK
6
CONTINUOUS
10
5.7224139370078735
20
-3.7196605118110235
11
5.7227413385826766
21
-3.7194666141732284
0
LINE
8
BLACK
6
CONTINUOUS
10
5.7227413385826766
20
-3.7194666141732284
11
5.7451290157480317
21
-3.7090190157480314
0
LINE
8
BLACK
6
CONTINUOUS
10
5.7451290157480317
20
-3.7090190157480314
11
5.7227413385826766
21
-3.6985714173228343
0
LINE
8
BLACK
6
CONTINUOUS
10
5.7227413385826766
20
-3.6985714173228343
11
5.7224139370078735
21
-3.6983774803149605
0
LINE
8
BLACK
6
CONTINUOUS
10
5.7224139370078735
20
-3.6983774803149605
11
5.7223495275590546
21
-3.6983507874015746
0
LINE
8
BLACK
6
CONTINUOUS
10
5.7223495275590546
20
-3.6983507874015746
11
5.7223213385826774
21
-3.6983225984251966
0
LINE
8
BLACK
6
CONTINUOUS
10
5.7223213385826774
20
-3.6983225984251966
11
5.7222433070866137
21
-3.6982763779527557
0
LINE
8
BLACK
6
CONTINUOUS
10
5.7222433070866137
20
-3.6982763779527557
11
5.7218972834645667
21
-3.6978985433070863
0
LINE
8
BLACK
6
CONTINUOUS
10
5.7218972834645667
20
-3.6978985433070863
11
5.721534881889764
21
-3.6975361417322832
0
LINE
8
BLACK
6
CONTINUOUS
10
5.721534881889764
20
-3.6975361417322832
11
5.7215096456692915
21
-3.6974752755905511
0
LINE
8
BLACK
6
CONTINUOUS
10
5.7215096456692915
20
-3.6974752755905511
11
5.721465196850394
21
-3.6974267322834646
0
LINE
8
BLACK
6
CONTINUOUS
10
5.721465196850394
20
-3.6974267322834646
11
5.7212900787401573
21
-3.6969451968503937
0
LINE
8
BLACK
6
CONTINUOUS
10
5.7212900787401573
20
-3.6969451968503937
11
5.7210939763779525
21
-3.6964717322834644
0
LINE
8
BLACK
6
CONTINUOUS
10
5.7210939763779525
20
-3.6964717322834644
11
5.7210939763779525
21
-3.6964058267716533
0
LINE
8
BLACK
6
CONTINUOUS
10
5.7210939763779525
20
-3.6964058267716533
11
5.7210714960629918
21
-3.6963440157480316
0
LINE
8
BLACK
6
CONTINUOUS
10
5.7210714960629918
20
-3.6963440157480316
11
5.7210939763779525
21
-3.6958321259842517
0
LINE
8
BLACK
6
CONTINUOUS
10
5.7210939763779525
20
-3.6958321259842517
11
5.7210939763779525
21
-3.6953196062992126
0
LINE
8
BLACK
6
CONTINUOUS
10
5.7210939763779525
20
-3.6953196062992126
11
5.7211191338582674
21
-3.6952587795275589
0
LINE
8
BLACK
6
CONTINUOUS
10
5.7211191338582674
20
-3.6952587795275589
11
5.7211220472440942
21
-3.6951929921259841
0
LINE
8
BLACK
6
CONTINUOUS
10
5.7211220472440942
20
-3.6951929921259841
11
5.721338818897638
21
-3.6947284645669289
0
LINE
8
BLACK
6
CONTINUOUS
10
5.721338818897638
20
-3.6947284645669289
11
5.721534881889764
21
-3.6942551968503938
0
LINE
8
BLACK
6
CONTINUOUS
10
5.721534881889764
20
-3.6942551968503938
11
5.7215814173228345
21
-3.6942086220472441
0
LINE
8
BLACK
6
CONTINUOUS
10
5.7215814173228345
20
-3.6942086220472441
11
5.7216092913385825
21
-3.6941489763779525
0
LINE
8
BLACK
6
CONTINUOUS
10
5.7216092913385825
20
-3.6941489763779525
11
5.7219870866141731
21
-3.6938029527559055
0
LINE
8
BLACK
6
CONTINUOUS
10
5.7219870866141731
20
-3.6938029527559055
11
5.7223495275590546
21
-3.6934405511811024
0
LINE
8
BLACK
6
CONTINUOUS
10
5.7223495275590546
20
-3.6934405511811024
11
5.7224103543307088
21
-3.6934153149606299
0
LINE
8
BLACK
6
CONTINUOUS
10
5.7224103543307088
20
-3.6934153149606299
11
5.7224589370078736
21
-3.6933708661417324
0
LINE
8
BLACK
6
CONTINUOUS
10
5.7224589370078736
20
-3.6933708661417324
11
5.7229404330708658
21
-3.6931957480314961
0
LINE
8
BLACK
6
CONTINUOUS
10
5.7229404330708658
20
-3.6931957480314961
11
5.7234139370078738
21
-3.6929996456692913
0
LINE
8
BLACK
6
CONTINUOUS
10
5.7234139370078738
20
-3.6929996456692913
11
5.7235042913385827
21
-3.6929907086614171
0
LINE
8
BLACK
6
CONTINUOUS
10
5.7235042913385827
20
-3.6929907086614171
11
5.7235416535433066
21
-3.6929771653543306
0
LINE
8
BLACK
6
CONTINUOUS
10
5.7235416535433066
20
-3.6929771653543306
11
5.7236111811023624
21
-3.6929801968503937
0
LINE
8
BLACK
6
CONTINUOUS
10
5.7236111811023624
20
-3.6929801968503937
11
5.7239899999999997
21
-3.6929429133858265
0
LINE
8
BLACK
6
CONTINUOUS
10
5.7239899999999997
20
-3.6929429133858265
11
5.7633600787401571
21
-3.6929429133858265
0
LINE
8
BLACK
6
CONTINUOUS
10
5.7633600787401571
20
-3.6929429133858265
11
5.763936141732283
21
-3.6929996456692913
0
LINE
8
BLACK
6
CONTINUOUS
10
5.763936141732283
20
-3.6536295669291339
11
5.7650005511811022
21
-3.654070472440945
0
LINE
8
BLACK
6
CONTINUOUS
10
5.7650005511811022
20
-3.654070472440945
11
5.7658151968503937
21
-3.654885118110236
0
LINE
8
BLACK
6
CONTINUOUS
10
5.7658151968503937
20
-3.654885118110236
11
5.7662561023622043
21
-3.6559495275590552
0
LINE
8
BLACK
6
CONTINUOUS
10
5.7662561023622043
20
-3.6559495275590552
11
5.7663128346456691
21
-3.6565255905511811
0
LINE
8
BLACK
6
CONTINUOUS
10
5.7663128346456691
20
-3.6565255905511811
11
5.7663128346456691
21
-3.6715237007874015
0
LINE
8
BLACK
6
CONTINUOUS
10
5.7663128346456691
20
-3.6715237007874015
11
5.7662561023622043
21
-3.6720997637795274
0
LINE
8
BLACK
6
CONTINUOUS
10
5.7662561023622043
20
-3.6720997637795274
11
5.7662155118110237
21
-3.6721977165354329
0
LINE
8
BLACK
6
CONTINUOUS
10
5.7662155118110237
20
-3.6721977165354329
11
5.7662079921259846
21
-3.6723036220472438
0
LINE
8
BLACK
6
CONTINUOUS
10
5.7662079921259846
20
-3.6723036220472438
11
5.7660011023622042
21
-3.6728442125984251
0
LINE
8
BLACK
6
CONTINUOUS
10
5.7660011023622042
20
-3.6728442125984251
11
5.7641263385826766
21
-3.6765937401574802
0
LINE
8
BLACK
6
CONTINUOUS
10
5.7641263385826766
20
-3.6765937401574802
11
5.7639702362204721
21
-3.6768417322834646
0
LINE
8
BLACK
6
CONTINUOUS
10
5.7639702362204721
20
-3.6768417322834646
11
5.7639404330708661
21
-3.6769137007874013
0
LINE
8
BLACK
6
CONTINUOUS
10
5.7639404330708661
20
-3.6769137007874013
11
5.763873976377953
21
-3.6769946456692915
0
LINE
8
BLACK
6
CONTINUOUS
10
5.763873976377953
20
-3.6769946456692915
11
5.7638179921259844
21
-3.677083622047244
0
LINE
8
BLACK
6
CONTINUOUS
10
5.7638179921259844
20
-3.677083622047244
11
5.7637589370078741
21
-3.6771348031496061
0
LINE
8
BLACK
6
CONTINUOUS
10
5.7637589370078741
20
-3.6771348031496061
11
5.7635731889763777
21
-3.6773611811023623
0
LINE
8
BLACK
6
CONTINUOUS
10
5.7635731889763777
20
-3.6773611811023623
11
5.7616983858267714
21
-3.6792359448818899
0
LINE
8
BLACK
6
CONTINUOUS
10
5.7616983858267714
20
-3.6792359448818899
11
5.7614720472440943
21
-3.6794216535433071
0
LINE
8
BLACK
6
CONTINUOUS
10
5.7614720472440943
20
-3.6794216535433071
11
5.7614209055118106
21
-3.6794806692913387
0
LINE
8
BLACK
6
CONTINUOUS
10
5.7614209055118106
20
-3.6794806692913387
11
5.7613319685039368
21
-3.6795366141732284
0
LINE
8
BLACK
6
CONTINUOUS
10
5.7613319685039368
20
-3.6795366141732284
11
5.7612509448818896
21
-3.6796031496062991
0
LINE
8
BLACK
6
CONTINUOUS
10
5.7612509448818896
20
-3.6796031496062991
11
5.7611788976377953
21
-3.6796329527559055
0
LINE
8
BLACK
6
CONTINUOUS
10
5.7611788976377953
20
-3.6796329527559055
11
5.7609310236220468
21
-3.6797890157480313
0
LINE
8
BLACK
6
CONTINUOUS
10
5.7609310236220468
20
-3.6797890157480313
11
5.7571814960629917
21
-3.6816637795275589
0
LINE
8
BLACK
6
CONTINUOUS
10
5.7571814960629917
20
-3.6816637795275589
11
5.7566408661417325
21
-3.6818706692913383
0
LINE
8
BLACK
6
CONTINUOUS
10
5.7566408661417325
20
-3.6818706692913383
11
5.7565350393700783
21
-3.6818781496062991
0
LINE
8
BLACK
6
CONTINUOUS
10
5.7565350393700783
20
-3.6818781496062991
11
5.756437047244094
21
-3.681918779527559
0
LINE
8
BLACK
6
CONTINUOUS
10
5.756437047244094
20
-3.681918779527559
11
5.7558609842519681
21
-3.6819755118110233
0
LINE
8
BLACK
6
CONTINUOUS
10
5.7558609842519681
20
-3.6819755118110233
11
5.7502366929133855
21
-3.6819755118110233
0
LINE
8
BLACK
6
CONTINUOUS
10
5.7502366929133855
20
-3.6819755118110233
11
5.7496606299212596
21
-3.681918779527559
0
LINE
8
BLACK
6
CONTINUOUS
10
5.7496606299212596
20
-3.681918779527559
11
5.7495626377952753
21
-3.6818781889763779
0
LINE
8
BLACK
6
CONTINUOUS
10
5.7495626377952753
20
-3.6818781889763779
11
5.7494567716535432
21
-3.6818706692913383
0
LINE
8
BLACK
6
CONTINUOUS
10
5.7494567716535432
20
-3.6818706692913383
11
5.7489161811023619
21
-3.6816637795275589
0
LINE
8
BLACK
6
CONTINUOUS
10
5.7489161811023619
20
-3.6816637795275589
11
5.7451666535433068
21
-3.6797890157480313
0
LINE
8
BLACK
6
CONTINUOUS
10
5.7451666535433068
20
-3.6797890157480313
11
5.7449186220472441
21
-3.6796329133858268
0
LINE
8
BLACK
6
CONTINUOUS
10
5.7449186220472441
20
-3.6796329133858268
11
5.7448466929133861
21
-3.6796031102362203
0
LINE
8
BLACK
6
CONTINUOUS
10
5.7448466929133861
20
-3.6796031102362203
11
5.7447657086614168
21
-3.6795366141732284
0
LINE
8
BLACK
6
CONTINUOUS
10
5.7447657086614168
20
-3.6795366141732284
11
5.744676771653543
21
-3.6794806692913387
0
LINE
8
BLACK
6
CONTINUOUS
10
5.744676771653543
20
-3.6794806692913387
11
5.7446255905511814
21
-3.6794216535433071
0
LINE
8
BLACK
6
CONTINUOUS
10
5.7446255905511814
20
-3.6794216535433071
11
5.7443992519685034
21
-3.6792359055118111
0
LINE
8
BLACK
6
CONTINUOUS
10
5.7443992519685034
20
-3.6792359055118111
11
5.7425244881889759
21
-3.6773611417322836
0
LINE
8
BLACK
6
CONTINUOUS
10
5.7425244881889759
20
-3.6773611417322836
11
5.7421572834645671
21
-3.6769137007874013
0
LINE
8
BLACK
6
CONTINUOUS
10
5.7421572834645671
20
-3.6769137007874013
11
5.7421166535433068
21
-3.6768156299212595
0
LINE
8
BLACK
6
CONTINUOUS
10
5.7421166535433068
20
-3.6768156299212595
11
5.7420471653543306
21
-3.6767355118110236
0
LINE
8
BLACK
6
CONTINUOUS
10
5.7420471653543306
20
-3.6767355118110236
11
5.7419405118110234
21
-3.6764966141732285
0
LINE
8
BLACK
6
CONTINUOUS
10
5.7419405118110234
20
-3.6764966141732285
11
5.7410760236220471
21
-3.6773611417322836
0
LINE
8
BLACK
6
CONTINUOUS
10
5.7410760236220471
20
-3.6773611417322836
11
5.7408496456692912
21
-3.6775468897637795
0
LINE
8
BLACK
6
CONTINUOUS
10
5.7408496456692912
20
-3.6775468897637795
11
5.7407985039370075
21
-3.6776059055118111
0
LINE
8
BLACK
6
CONTINUOUS
10
5.7407985039370075
20
-3.6776059055118111
11
5.7407095275590549
21
-3.6776618503937009
0
LINE
8
BLACK
6
CONTINUOUS
10
5.7407095275590549
20
-3.6776618503937009
11
5.7406285826771652
21
-3.6777283464566928
0
LINE
8
BLACK
6
CONTINUOUS
10
5.7406285826771652
20
-3.6777283464566928
11
5.7405566141732285
21
-3.6777581496062992
0
LINE
8
BLACK
6
CONTINUOUS
10
5.7405566141732285
20
-3.6777581496062992
11
5.7403086220472437
21
-3.6779142519685037
0
LINE
8
BLACK
6
CONTINUOUS
10
5.7403086220472437
20
-3.6779142519685037
11
5.7365590944881886
21
-3.6797890157480313
0
LINE
8
BLACK
6
CONTINUOUS
10
5.7365590944881886
20
-3.6797890157480313
11
5.7360184645669294
21
-3.6799959055118108
0
LINE
8
BLACK
6
CONTINUOUS
10
5.7360184645669294
20
-3.6799959055118108
11
5.7359126377952752
21
-3.6800033858267716
0
LINE
8
BLACK
6
CONTINUOUS
10
5.7359126377952752
20
-3.6800033858267716
11
5.7358146456692909
21
-3.6800440157480314
0
LINE
8
BLACK
6
CONTINUOUS
10
5.7358146456692909
20
-3.6800440157480314
11
5.735238582677165
21
-3.6801007480314958
0
LINE
8
BLACK
6
CONTINUOUS
10
5.735238582677165
20
-3.6801007480314958
11
5.7314890551181099
21
-3.6801007480314958
0
LINE
8
BLACK
6
CONTINUOUS
10
5.7314890551181099
20
-3.6801007480314958
11
5.730912992125984
21
-3.6800440157480314
0
LINE
8
BLACK
6
CONTINUOUS
10
5.730912992125984
20
-3.6800440157480314
11
5.7308149999999998
21
-3.6800034251968503
0
LINE
8
BLACK
6
CONTINUOUS
10
5.7308149999999998
20
-3.6800034251968503
11
5.7307091338582676
21
-3.6799959055118108
0
LINE
8
BLACK
6
CONTINUOUS
10
5.7307091338582676
20
-3.6799959055118108
11
5.7301685433070864
21
-3.6797890157480313
0
LINE
8
BLACK
6
CONTINUOUS
10
5.7301685433070864
20
-3.6797890157480313
11
5.7264190157480312
21
-3.6779142519685037
0
LINE
8
BLACK
6
CONTINUOUS
10
5.7264190157480312
20
-3.6779142519685037
11
5.7261709842519686
21
-3.6777581496062992
0
LINE
8
BLACK
6
CONTINUOUS
10
5.7261709842519686
20
-3.6777581496062992
11
5.7260990551181097
21
-3.6777283464566928
0
LINE
8
BLACK
6
CONTINUOUS
10
5.7260990551181097
20
-3.6777283464566928
11
5.7260180708661412
21
-3.6776618503937009
0
LINE
8
BLACK
6
CONTINUOUS
10
5.7260180708661412
20
-3.6776618503937009
11
5.7259291338582674
21
-3.6776059055118111
0
LINE
8
BLACK
6
CONTINUOUS
10
5.7259291338582674
20
-3.6776059055118111
11
5.7258779527559049
21
-3.6775468897637795
0
LINE
8
BLACK
6
CONTINUOUS
10
5.7258779527559049
20
-3.6775468897637795
11
5.7256516141732279
21
-3.6773611417322836
0
LINE
8
BLACK
6
CONTINUOUS
10
5.7256516141732279
20
-3.6773611417322836
11
5.7237768503937003
21
-3.675486377952756
0
LINE
8
BLACK
6
CONTINUOUS
10
5.7237768503937003
20
-3.675486377952756
11
5.7235910629921261
21
-3.6752599999999997
0
LINE
8
BLACK
6
CONTINUOUS
10
5.7235910629921261
20
-3.6752599999999997
11
5.7235320866141732
21
-3.6752088582677165
0
LINE
8
BLACK
6
CONTINUOUS
10
5.7235320866141732
20
-3.6752088582677165
11
5.7234761023622047
21
-3.6751198818897639
0
LINE
8
BLACK
6
CONTINUOUS
10
5.7234761023622047
20
-3.6751198818897639
11
5.7234096456692916
21
-3.6750389370078738
0
LINE
8
BLACK
6
CONTINUOUS
10
5.7234096456692916
20
-3.6750389370078738
11
5.7233798031496059
21
-3.674966968503937
0
LINE
8
BLACK
6
CONTINUOUS
10
5.7233798031496059
20
-3.674966968503937
11
5.7232237401574801
21
-3.6747189763779526
0
LINE
8
BLACK
6
CONTINUOUS
10
5.7232237401574801
20
-3.6747189763779526
11
5.7213489763779526
21
-3.6709694488188975
0
LINE
8
BLACK
6
CONTINUOUS
10
5.7213489763779526
20
-3.6709694488188975
11
5.7211420866141731
21
-3.6704288188976375
0
LINE
8
BLACK
6
CONTINUOUS
10
5.7211420866141731
20
-3.6704288188976375
11
5.721134566929134
21
-3.6703229921259841
0
LINE
8
BLACK
6
CONTINUOUS
10
5.721134566929134
20
-3.6703229921259841
11
5.7210939763779525
21
-3.6702249999999998
0
LINE
8
BLACK
6
CONTINUOUS
10
5.7210939763779525
20
-3.6702249999999998
11
5.7210372440944877
21
-3.669648937007874
0
LINE
8
BLACK
6
CONTINUOUS
10
5.7210372440944877
20
-3.669648937007874
11
5.7210372440944877
21
-3.6565255905511811
0
LINE
8
BLACK
6
CONTINUOUS
10
5.7210372440944877
20
-3.6565255905511811
11
5.7210939763779525
21
-3.6559495275590552
0
LINE
8
BLACK
6
CONTINUOUS
10
5.7210939763779525
20
-3.6559495275590552
11
5.721534881889764
21
-3.654885118110236
0
LINE
8
BLACK
6
CONTINUOUS
10
5.721534881889764
20
-3.654885118110236
11
5.7223495275590546
21
-3.654070472440945
0
LINE
8
BLACK
6
CONTINUOUS
10
5.7223495275590546
20
-3.654070472440945
11
5.7234139370078738
21
-3.6536295669291339
0
LINE
8
BLACK
6
CONTINUOUS
10
5.7234139370078738
20
-3.6536295669291339
11
5.7239899999999997
21
-3.6535728346456691
0
LINE
8
BLACK
6
CONTINUOUS
10
5.7239899999999997
20
-3.6535728346456691
11
5.7633600787401571
21
-3.6535728346456691
0
LINE
8
BLACK
6
CONTINUOUS
10
5.7633600787401571
20
-3.6535728346456691
11
5.763936141732283
21
-3.6536295669291339
0
LINE
8
BLACK
6
CONTINUOUS
10
5.7456903937007873
20
-3.6691697637795273
11
5.7471931889763779
21
-3.6736781889763779
0
LINE
8
BLACK
6
CONTINUOUS
10
5.7471931889763779
20
-3.6736781889763779
11
5.7482362598425194
21
-3.6747212598425194
0
LINE
8
BLACK
6
CONTINUOUS
10
5.7482362598425194
20
-3.6747212598425194
11
5.75093374015748
21
-3.6760699999999997
0
LINE
8
BLACK
6
CONTINUOUS
10
5.75093374015748
20
-3.6760699999999997
11
5.7551639370078735
21
-3.6760699999999997
0
LINE
8
BLACK
6
CONTINUOUS
10
5.7551639370078735
20
-3.6760699999999997
11
5.7578614173228342
21
-3.6747212204724407
0
LINE
8
BLACK
6
CONTINUOUS
10
5.7578614173228342
20
-3.6747212204724407
11
5.7590585826771656
21
-3.6735240944881888
0
LINE
8
BLACK
6
CONTINUOUS
10
5.7590585826771656
20
-3.6735240944881888
11
5.760407322834646
21
-3.6708266535433069
0
LINE
8
BLACK
6
CONTINUOUS
10
5.760407322834646
20
-3.6708266535433069
11
5.760407322834646
21
-3.6594783464566927
0
LINE
8
BLACK
6
CONTINUOUS
10
5.760407322834646
20
-3.6594783464566927
11
5.7456903937007873
21
-3.6594783464566927
0
LINE
8
BLACK
6
CONTINUOUS
10
5.7456903937007873
20
-3.6594783464566927
11
5.7456903937007873
21
-3.6691697637795273
0
LINE
8
BLACK
6
CONTINUOUS
10
5.7269427559055117
20
-3.6689518897637794
11
5.728291496062992
21
-3.67164937007874
0
LINE
8
BLACK
6
CONTINUOUS
10
5.728291496062992
20
-3.67164937007874
11
5.7294886220472439
21
-3.6728464960629919
0
LINE
8
BLACK
6
CONTINUOUS
10
5.7294886220472439
20
-3.6728464960629919
11
5.7321861023622045
21
-3.6741952362204722
0
LINE
8
BLACK
6
CONTINUOUS
10
5.7321861023622045
20
-3.6741952362204722
11
5.7345415354330704
21
-3.6741952362204722
0
LINE
8
BLACK
6
CONTINUOUS
10
5.7345415354330704
20
-3.6741952362204722
11
5.7372390157480311
21
-3.6728464960629919
0
LINE
8
BLACK
6
CONTINUOUS
10
5.7372390157480311
20
-3.6728464960629919
11
5.7384361417322829
21
-3.67164937007874
0
LINE
8
BLACK
6
CONTINUOUS
10
5.7384361417322829
20
-3.67164937007874
11
5.7397848818897632
21
-3.6689518897637794
0
LINE
8
BLACK
6
CONTINUOUS
10
5.7397848818897632
20
-3.6689518897637794
11
5.7397848818897632
21
-3.6594783464566927
0
LINE
8
BLACK
6
CONTINUOUS
10
5.7397848818897632
20
-3.6594783464566927
11
5.7269427559055117
21
-3.6594783464566927
0
LINE
8
BLACK
6
CONTINUOUS
10
5.7269427559055117
20
-3.6594783464566927
11
5.7269427559055117
21
-3.6689518897637794
0
LINE
8
BLACK
6
CONTINUOUS
10
6.4507740551181101
20
-3.2319472440944881
11
6.4518394094488185
21
-3.2330125984251969
0
LINE
8
BLACK
6
CONTINUOUS
10
6.4518394094488185
20
-3.2330125984251969
11
6.451989251968504
21
-3.2337659055118109
0
LINE
8
BLACK
6
CONTINUOUS
10
6.451989251968504
20
-3.2337659055118109
11
6.451989251968504
21
-4.4936084251968502
0
LINE
8
BLACK
6
CONTINUOUS
10
6.451989251968504
20
-4.4936084251968502
11
6.4518394094488185
21
-4.4943617322834646
0
LINE
8
BLACK
6
CONTINUOUS
10
6.4518394094488185
20
-4.4943617322834646
11
6.4507740551181101
21
-4.495427086614173
0
LINE
8
BLACK
6
CONTINUOUS
10
6.4507740551181101
20
-4.495427086614173
11
6.4500207480314957
21
-4.4955769291338585
0
LINE
8
BLACK
6
CONTINUOUS
10
6.4500207480314957
20
-4.4955769291338585
11
6.0352120472440944
21
-4.4955769291338585
0
LINE
8
BLACK
6
CONTINUOUS
10
6.0352120472440944
20
-4.4955769291338585
11
6.0353827952755905
21
-4.4964306299212593
0
LINE
8
BLACK
6
CONTINUOUS
10
6.0353827952755905
20
-4.4964306299212593
11
6.03493562992126
21
-4.4986910629921262
0
LINE
8
BLACK
6
CONTINUOUS
10
6.03493562992126
20
-4.4986910629921262
11
6.0336574803149601
21
-4.5006083070866136
0
LINE
8
BLACK
6
CONTINUOUS
10
6.0336574803149601
20
-4.5006083070866136
11
6.0317429133858269
21
-4.5018904724409445
0
LINE
8
BLACK
6
CONTINUOUS
10
6.0317429133858269
20
-4.5018904724409445
11
6.0294834645669289
21
-4.5023423622047245
0
LINE
8
BLACK
6
CONTINUOUS
10
6.0294834645669289
20
-4.5023423622047245
11
6.0272230708661416
21
-4.501895196850394
0
LINE
8
BLACK
6
CONTINUOUS
10
6.0272230708661416
20
-4.501895196850394
11
6.0262014960629919
21
-4.5013505118110233
0
LINE
8
BLACK
6
CONTINUOUS
10
6.0262014960629919
20
-4.5013505118110233
11
6.0175411023622045
21
-4.4955769291338585
0
LINE
8
BLACK
6
CONTINUOUS
10
6.0175411023622045
20
-4.4955769291338585
11
5.9902324015748034
21
-4.4955769291338585
0
LINE
8
BLACK
6
CONTINUOUS
10
5.9902324015748034
20
-4.4955769291338585
11
5.9815719685039372
21
-4.5013505511811021
0
LINE
8
BLACK
6
CONTINUOUS
10
5.9815719685039372
20
-4.5013505511811021
11
5.9805503937007876
21
-4.501895196850394
0
LINE
8
BLACK
6
CONTINUOUS
10
5.9805503937007876
20
-4.501895196850394
11
5.9782899606299207
21
-4.5023423622047245
0
LINE
8
BLACK
6
CONTINUOUS
10
5.9782899606299207
20
-4.5023423622047245
11
5.9760305511811023
21
-4.5018904724409445
0
LINE
8
BLACK
6
CONTINUOUS
10
5.9760305511811023
20
-4.5018904724409445
11
5.9741159842519682
21
-4.5006083070866136
0
LINE
8
BLACK
6
CONTINUOUS
10
5.9741159842519682
20
-4.5006083070866136
11
5.9728378346456692
21
-4.4986910629921262
0
LINE
8
BLACK
6
CONTINUOUS
10
5.9728378346456692
20
-4.4986910629921262
11
5.9723906692913387
21
-4.4964306299212593
0
LINE
8
BLACK
6
CONTINUOUS
10
5.9723906692913387
20
-4.4964306299212593
11
5.9725614173228347
21
-4.4955769291338585
0
LINE
8
BLACK
6
CONTINUOUS
10
5.9725614173228347
20
-4.4955769291338585
11
5.936667992125984
21
-4.4955769291338585
0
LINE
8
BLACK
6
CONTINUOUS
10
5.936667992125984
20
-4.4955769291338585
11
5.9359622834645664
21
-4.49728062992126
0
LINE
8
BLACK
6
CONTINUOUS
10
5.9359622834645664
20
-4.49728062992126
11
5.9343329921259844
21
-4.498909921259842
0
LINE
8
BLACK
6
CONTINUOUS
10
5.9343329921259844
20
-4.498909921259842
11
5.9322041732283459
21
-4.4997917322834642
0
LINE
8
BLACK
6
CONTINUOUS
10
5.9322041732283459
20
-4.4997917322834642
11
5.9310520472440942
21
-4.4999051968503938
0
LINE
8
BLACK
6
CONTINUOUS
10
5.9310520472440942
20
-4.4999051968503938
11
5.8798709448818895
21
-4.4999051968503938
0
LINE
8
BLACK
6
CONTINUOUS
10
5.8798709448818895
20
-4.4999051968503938
11
5.8787188188976378
21
-4.4997917322834642
0
LINE
8
BLACK
6
CONTINUOUS
10
5.8787188188976378
20
-4.4997917322834642
11
5.8765900000000002
21
-4.498909921259842
0
LINE
8
BLACK
6
CONTINUOUS
10
5.8765900000000002
20
-4.498909921259842
11
5.8749607086614173
21
-4.49728062992126
0
LINE
8
BLACK
6
CONTINUOUS
10
5.8749607086614173
20
-4.49728062992126
11
5.8742549999999998
21
-4.4955769291338585
0
LINE
8
BLACK
6
CONTINUOUS
10
5.8742549999999998
20
-4.4955769291338585
11
5.1901782283464568
21
-4.4955769291338585
0
LINE
8
BLACK
6
CONTINUOUS
10
5.1901782283464568
20
-4.4955769291338585
11
5.1894249212598424
21
-4.495427086614173
0
LINE
8
BLACK
6
CONTINUOUS
10
5.1894249212598424
20
-4.495427086614173
11
5.188359566929134
21
-4.4943617322834646
0
LINE
8
BLACK
6
CONTINUOUS
10
5.188359566929134
20
-4.4943617322834646
11
5.1882097244094485
21
-4.4936084251968502
0
LINE
8
BLACK
6
CONTINUOUS
10
5.1882097244094485
20
-4.4936084251968502
11
5.1882097244094485
21
-3.2337659055118109
0
LINE
8
BLACK
6
CONTINUOUS
10
5.1882097244094485
20
-3.2337659055118109
11
5.188359566929134
21
-3.2330125984251969
0
LINE
8
BLACK
6
CONTINUOUS
10
5.188359566929134
20
-3.2330125984251969
11
5.1894249212598424
21
-3.2319472440944881
0
LINE
8
BLACK
6
CONTINUOUS
10
5.1894249212598424
20
-3.2319472440944881
11
5.1901782283464568
21
-3.231797401574803
0
LINE
8
BLACK
6
CONTINUOUS
10
5.1901782283464568
20
-3.231797401574803
11
6.4500207480314957
21
-3.231797401574803
0
LINE
8
BLACK
6
CONTINUOUS
10
6.4500207480314957
20
-3.231797401574803
11
6.4507740551181101
21
-3.2319472440944881
0
LINE
8
BLACK
6
CONTINUOUS
10
5.1921467322834642
20
-3.2357344094488187
11
5.1921467322834642
21
-4.4916399212598428
0
LINE
8
BLACK
6
CONTINUOUS
10
5.1921467322834642
20
-4.4916399212598428
11
5.8739654330708664
21
-4.4916399212598428
0
LINE
8
BLACK
6
CONTINUOUS
10
5.8739654330708664
20
-4.4916399212598428
11
5.8739654330708664
21
-4.4818137007874013
0
LINE
8
BLACK
6
CONTINUOUS
10
5.8739654330708664
20
-4.4818137007874013
11
5.8740228346456691
21
-4.4812305511811026
0
LINE
8
BLACK
6
CONTINUOUS
10
5.8740228346456691
20
-4.4812305511811026
11
5.8740118110236219
21
-4.4810750787401572
0
LINE
8
BLACK
6
CONTINUOUS
10
5.8740118110236219
20
-4.4810750787401572
11
5.8740583070866137
21
-4.480870551181102
0
LINE
8
BLACK
6
CONTINUOUS
10
5.8740583070866137
20
-4.480870551181102
11
5.8740788976377951
21
-4.4806615748031495
0
LINE
8
BLACK
6
CONTINUOUS
10
5.8740788976377951
20
-4.4806615748031495
11
5.8741386220472442
21
-4.4805173622047247
0
LINE
8
BLACK
6
CONTINUOUS
10
5.8741386220472442
20
-4.4805173622047247
11
5.8742685039370075
21
-4.4799462204724412
0
LINE
8
BLACK
6
CONTINUOUS
10
5.8742685039370075
20
-4.4799462204724412
11
5.8767057086614169
21
-4.4726346062992128
0
LINE
8
BLACK
6
CONTINUOUS
10
5.8767057086614169
20
-4.4726346062992128
11
5.8771776771653546
21
-4.4715775196850389
0
LINE
8
BLACK
6
CONTINUOUS
10
5.8771776771653546
20
-4.4715775196850389
11
5.877316653543307
21
-4.4714172440944884
0
LINE
8
BLACK
6
CONTINUOUS
10
5.877316653543307
20
-4.4714172440944884
11
5.877397874015748
21
-4.4712212204724411
0
LINE
8
BLACK
6
CONTINUOUS
10
5.877397874015748
20
-4.4712212204724411
11
5.8781323228346452
21
-4.4703262992125987
0
LINE
8
BLACK
6
CONTINUOUS
10
5.8781323228346452
20
-4.4703262992125987
11
5.8830066929133853
21
-4.4654518897637798
0
LINE
8
BLACK
6
CONTINUOUS
10
5.8830066929133853
20
-4.4654518897637798
11
5.8834595275590553
21
-4.4650801968503933
0
LINE
8
BLACK
6
CONTINUOUS
10
5.8834595275590553
20
-4.4650801968503933
11
5.8835617322834644
21
-4.4649624015748026
0
LINE
8
BLACK
6
CONTINUOUS
10
5.8835617322834644
20
-4.4649624015748026
11
5.8837392519685041
21
-4.4648506299212594
0
LINE
8
BLACK
6
CONTINUOUS
10
5.8837392519685041
20
-4.4648506299212594
11
5.8839015748031498
21
-4.4647174409448818
0
LINE
8
BLACK
6
CONTINUOUS
10
5.8839015748031498
20
-4.4647174409448818
11
5.8840457480314958
21
-4.4646576771653539
0
LINE
8
BLACK
6
CONTINUOUS
10
5.8840457480314958
20
-4.4646576771653539
11
5.884541496062992
21
-4.4643456692913386
0
LINE
8
BLACK
6
CONTINUOUS
10
5.884541496062992
20
-4.4643456692913386
11
5.8894159055118109
21
-4.4619084645669291
0
LINE
8
BLACK
6
CONTINUOUS
10
5.8894159055118109
20
-4.4619084645669291
11
5.889500157480315
21
-4.4618761811023617
0
LINE
8
BLACK
6
CONTINUOUS
10
5.889500157480315
20
-4.4618761811023617
11
5.8895344488188979
21
-4.461850826771653
0
LINE
8
BLACK
6
CONTINUOUS
10
5.8895344488188979
20
-4.461850826771653
11
5.8900172834645668
21
-4.4616783070866139
0
LINE
8
BLACK
6
CONTINUOUS
10
5.8900172834645668
20
-4.4616783070866139
11
5.890497165354331
21
-4.4614946850393702
0
LINE
8
BLACK
6
CONTINUOUS
10
5.890497165354331
20
-4.4614946850393702
11
5.8905397637795271
21
-4.4614916535433071
0
LINE
8
BLACK
6
CONTINUOUS
10
5.8905397637795271
20
-4.4614916535433071
11
5.8906246456692912
21
-4.4614613385826773
0
LINE
8
BLACK
6
CONTINUOUS
10
5.8906246456692912
20
-4.4614613385826773
11
5.9003734251968503
21
-4.4590241338582679
0
LINE
8
BLACK
6
CONTINUOUS
10
5.9003734251968503
20
-4.4590241338582679
11
5.9005731889763782
21
-4.4589945669291335
0
LINE
8
BLACK
6
CONTINUOUS
10
5.9005731889763782
20
-4.4589945669291335
11
5.9006535826771653
21
-4.4589612992125982
0
LINE
8
BLACK
6
CONTINUOUS
10
5.9006535826771653
20
-4.4589612992125982
11
5.9010872834645669
21
-4.4589185826771649
0
LINE
8
BLACK
6
CONTINUOUS
10
5.9010872834645669
20
-4.4589185826771649
11
5.9015187007874017
21
-4.458854803149606
0
LINE
8
BLACK
6
CONTINUOUS
10
5.9015187007874017
20
-4.458854803149606
11
5.9016048031496062
21
-4.4588675984251971
0
LINE
8
BLACK
6
CONTINUOUS
10
5.9016048031496062
20
-4.4588675984251971
11
5.9018057086614171
21
-4.4588478346456695
0
LINE
8
BLACK
6
CONTINUOUS
10
5.9018057086614171
20
-4.4588478346456695
11
5.9091172834645667
21
-4.4588478346456695
0
LINE
8
BLACK
6
CONTINUOUS
10
5.9091172834645667
20
-4.4588478346456695
11
5.9093181889763775
21
-4.4588675984251971
0
LINE
8
BLACK
6
CONTINUOUS
10
5.9093181889763775
20
-4.4588675984251971
11
5.9094043307086617
21
-4.458854803149606
0
LINE
8
BLACK
6
CONTINUOUS
10
5.9094043307086617
20
-4.458854803149606
11
5.9098354330708665
21
-4.4589185433070861
0
LINE
8
BLACK
6
CONTINUOUS
10
5.9098354330708665
20
-4.4589185433070861
11
5.9102694094488184
21
-4.4589612992125982
0
LINE
8
BLACK
6
CONTINUOUS
10
5.9102694094488184
20
-4.4589612992125982
11
5.910349881889764
21
-4.458994645669291
0
LINE
8
BLACK
6
CONTINUOUS
10
5.910349881889764
20
-4.458994645669291
11
5.9105495669291335
21
-4.4590241732283467
0
LINE
8
BLACK
6
CONTINUOUS
10
5.9105495669291335
20
-4.4590241732283467
11
5.9202983464566925
21
-4.4614613385826773
0
LINE
8
BLACK
6
CONTINUOUS
10
5.9202983464566925
20
-4.4614613385826773
11
5.9203833070866141
21
-4.4614916929133859
0
LINE
8
BLACK
6
CONTINUOUS
10
5.9203833070866141
20
-4.4614916929133859
11
5.9204258661417324
21
-4.4614947244094489
0
LINE
8
BLACK
6
CONTINUOUS
10
5.9204258661417324
20
-4.4614947244094489
11
5.9209048425196853
21
-4.4616779921259839
0
LINE
8
BLACK
6
CONTINUOUS
10
5.9209048425196853
20
-4.4616779921259839
11
5.9213885826771655
21
-4.461850826771653
0
LINE
8
BLACK
6
CONTINUOUS
10
5.9213885826771655
20
-4.461850826771653
11
5.9214228740157475
21
-4.4618762204724405
0
LINE
8
BLACK
6
CONTINUOUS
10
5.9214228740157475
20
-4.4618762204724405
11
5.9215070866141728
21
-4.4619084645669291
0
LINE
8
BLACK
6
CONTINUOUS
10
5.9215070866141728
20
-4.4619084645669291
11
5.9263814960629917
21
-4.4643456692913386
0
LINE
8
BLACK
6
CONTINUOUS
10
5.9263814960629917
20
-4.4643456692913386
11
5.9268772834645667
21
-4.4646577559055114
0
LINE
8
BLACK
6
CONTINUOUS
10
5.9268772834645667
20
-4.4646577559055114
11
5.9270213385826773
21
-4.4647174409448818
0
LINE
8
BLACK
6
CONTINUOUS
10
5.9270213385826773
20
-4.4647174409448818
11
5.927183503937008
21
-4.4648505118110231
0
LINE
8
BLACK
6
CONTINUOUS
10
5.927183503937008
20
-4.4648505118110231
11
5.9273612204724406
21
-4.4649624015748026
0
LINE
8
BLACK
6
CONTINUOUS
10
5.9273612204724406
20
-4.4649624015748026
11
5.9274634251968505
21
-4.465080236220472
0
LINE
8
BLACK
6
CONTINUOUS
10
5.9274634251968505
20
-4.465080236220472
11
5.9279162598425197
21
-4.4654518897637798
0
LINE
8
BLACK
6
CONTINUOUS
10
5.9279162598425197
20
-4.4654518897637798
11
5.9327906692913386
21
-4.4703262992125987
0
LINE
8
BLACK
6
CONTINUOUS
10
5.9327906692913386
20
-4.4703262992125987
11
5.9335251181102358
21
-4.4712212204724411
0
LINE
8
BLACK
6
CONTINUOUS
10
5.9335251181102358
20
-4.4712212204724411
11
5.933606299212598
21
-4.4714172440944884
0
LINE
8
BLACK
6
CONTINUOUS
10
5.933606299212598
20
-4.4714172440944884
11
5.9337453149606301
21
-4.4715775196850389
0
LINE
8
BLACK
6
CONTINUOUS
10
5.9337453149606301
20
-4.4715775196850389
11
5.9342172834645668
21
-4.4726346456692916
0
LINE
8
BLACK
6
CONTINUOUS
10
5.9342172834645668
20
-4.4726346456692916
11
5.9366544881889762
21
-4.4799462204724412
0
LINE
8
BLACK
6
CONTINUOUS
10
5.9366544881889762
20
-4.4799462204724412
11
5.9367843307086616
21
-4.4805173622047247
0
LINE
8
BLACK
6
CONTINUOUS
10
5.9367843307086616
20
-4.4805173622047247
11
5.9368440944881886
21
-4.4806615748031495
0
LINE
8
BLACK
6
CONTINUOUS
10
5.9368440944881886
20
-4.4806615748031495
11
5.9368646456692913
21
-4.480870551181102
0
LINE
8
BLACK
6
CONTINUOUS
10
5.9368646456692913
20
-4.480870551181102
11
5.9369111811023618
21
-4.4810750787401572
0
LINE
8
BLACK
6
CONTINUOUS
10
5.9369111811023618
20
-4.4810750787401572
11
5.9369001181102359
21
-4.4812305511811026
0
LINE
8
BLACK
6
CONTINUOUS
10
5.9369001181102359
20
-4.4812305511811026
11
5.9369575590551182
21
-4.4818137007874013
0
LINE
8
BLACK
6
CONTINUOUS
10
5.9369575590551182
20
-4.4818137007874013
11
5.9369575590551182
21
-4.4916399212598428
0
LINE
8
BLACK
6
CONTINUOUS
10
5.9369575590551182
20
-4.4916399212598428
11
5.9748777952755905
21
-4.4916399212598428
0
LINE
8
BLACK
6
CONTINUOUS
10
5.9748777952755905
20
-4.4916399212598428
11
5.9750203937007873
21
-4.4915231496062988
0
LINE
8
BLACK
6
CONTINUOUS
10
5.9750203937007873
20
-4.4915231496062988
11
5.9932403937007876
21
-4.4793764960629918
0
LINE
8
BLACK
6
CONTINUOUS
10
5.9932403937007876
20
-4.4793764960629918
11
5.9750203937007873
21
-4.4672298425196848
0
LINE
8
BLACK
6
CONTINUOUS
10
5.9750203937007873
20
-4.4672298425196848
11
5.9741247244094486
21
-4.4664963385826768
0
LINE
8
BLACK
6
CONTINUOUS
10
5.9741247244094486
20
-4.4664963385826768
11
5.9728425590551177
21
-4.4645817716535436
0
LINE
8
BLACK
6
CONTINUOUS
10
5.9728425590551177
20
-4.4645817716535436
11
5.9723906692913387
21
-4.4623223622047243
0
LINE
8
BLACK
6
CONTINUOUS
10
5.9723906692913387
20
-4.4623223622047243
11
5.9728378346456692
21
-4.4600619291338583
0
LINE
8
BLACK
6
CONTINUOUS
10
5.9728378346456692
20
-4.4600619291338583
11
5.9741159842519682
21
-4.45814468503937
0
LINE
8
BLACK
6
CONTINUOUS
10
5.9741159842519682
20
-4.45814468503937
11
5.9760305511811023
21
-4.4568625196850391
0
LINE
8
BLACK
6
CONTINUOUS
10
5.9760305511811023
20
-4.4568625196850391
11
5.9782899606299207
21
-4.45641062992126
0
LINE
8
BLACK
6
CONTINUOUS
10
5.9782899606299207
20
-4.45641062992126
11
5.9805503937007876
21
-4.4568577952755906
0
LINE
8
BLACK
6
CONTINUOUS
10
5.9805503937007876
20
-4.4568577952755906
11
5.9815719685039372
21
-4.4574024409448816
0
LINE
8
BLACK
6
CONTINUOUS
10
5.9815719685039372
20
-4.4574024409448816
11
6.0038867322834646
21
-4.4722789370078742
0
LINE
8
BLACK
6
CONTINUOUS
10
6.0038867322834646
20
-4.4722789370078742
11
6.0262014960629919
21
-4.4574024803149603
0
LINE
8
BLACK
6
CONTINUOUS
10
6.0262014960629919
20
-4.4574024803149603
11
6.0272230708661416
21
-4.4568577952755906
0
LINE
8
BLACK
6
CONTINUOUS
10
6.0272230708661416
20
-4.4568577952755906
11
6.0294834645669289
21
-4.45641062992126
0
LINE
8
BLACK
6
CONTINUOUS
10
6.0294834645669289
20
-4.45641062992126
11
6.0317429133858269
21
-4.4568625196850391
0
LINE
8
BLACK
6
CONTINUOUS
10
6.0317429133858269
20
-4.4568625196850391
11
6.0336574803149601
21
-4.45814468503937
0
LINE
8
BLACK
6
CONTINUOUS
10
6.0336574803149601
20
-4.45814468503937
11
6.03493562992126
21
-4.4600619291338583
0
LINE
8
BLACK
6
CONTINUOUS
10
6.03493562992126
20
-4.4600619291338583
11
6.0353827952755905
21
-4.4623223622047243
0
LINE
8
BLACK
6
CONTINUOUS
10
6.0353827952755905
20
-4.4623223622047243
11
6.0349309055118106
21
-4.4645817716535436
0
LINE
8
BLACK
6
CONTINUOUS
10
6.0349309055118106
20
-4.4645817716535436
11
6.0336487401574805
21
-4.4664963385826768
0
LINE
8
BLACK
6
CONTINUOUS
10
6.0336487401574805
20
-4.4664963385826768
11
6.0327530708661419
21
-4.4672298425196848
0
LINE
8
BLACK
6
CONTINUOUS
10
6.0327530708661419
20
-4.4672298425196848
11
6.0145330708661415
21
-4.4793764960629918
0
LINE
8
BLACK
6
CONTINUOUS
10
6.0145330708661415
20
-4.4793764960629918
11
6.0327530708661419
21
-4.4915231496062988
0
LINE
8
BLACK
6
CONTINUOUS
10
6.0327530708661419
20
-4.4915231496062988
11
6.0328956692913387
21
-4.4916399212598428
0
LINE
8
BLACK
6
CONTINUOUS
10
6.0328956692913387
20
-4.4916399212598428
11
6.4480522440944883
21
-4.4916399212598428
0
LINE
8
BLACK
6
CONTINUOUS
10
6.4480522440944883
20
-4.4916399212598428
11
6.4480522440944883
21
-3.2357344094488187
0
LINE
8
BLACK
6
CONTINUOUS
10
6.4480522440944883
20
-3.2357344094488187
11
5.1921467322834642
21
-3.2357344094488187
0
LINE
8
BLACK
6
CONTINUOUS
10
5.9961378740157478
20
-4.4916399212598428
11
6.0116355905511814
21
-4.4916399212598428
0
LINE
8
BLACK
6
CONTINUOUS
10
6.0116355905511814
20
-4.4916399212598428
11
6.0038867322834646
21
-4.4864740157480316
0
LINE
8
BLACK
6
CONTINUOUS
10
6.0038867322834646
20
-4.4864740157480316
11
5.9961378740157478
21
-4.4916399212598428
0
LINE
8
BLACK
6
CONTINUOUS
10
5.8941181496062987
20
-4.4727624409448818
11
5.8906807086614172
21
-4.4744811417322836
0
LINE
8
BLACK
6
CONTINUOUS
10
5.8906807086614172
20
-4.4744811417322836
11
5.8874697244094483
21
-4.4776921653543305
0
LINE
8
BLACK
6
CONTINUOUS
10
5.8874697244094483
20
-4.4776921653543305
11
5.8857764566929136
21
-4.4827719685039371
0
LINE
8
BLACK
6
CONTINUOUS
10
5.8857764566929136
20
-4.4827719685039371
11
5.8857764566929136
21
-4.4880941732283466
0
LINE
8
BLACK
6
CONTINUOUS
10
5.8857764566929136
20
-4.4880941732283466
11
5.925146535433071
21
-4.4880941732283466
0
LINE
8
BLACK
6
CONTINUOUS
10
5.925146535433071
20
-4.4880941732283466
11
5.925146535433071
21
-4.4827720078740159
0
LINE
8
BLACK
6
CONTINUOUS
10
5.925146535433071
20
-4.4827720078740159
11
5.9234532677165355
21
-4.4776922047244092
0
LINE
8
BLACK
6
CONTINUOUS
10
5.9234532677165355
20
-4.4776922047244092
11
5.920242204724409
21
-4.4744811417322836
0
LINE
8
BLACK
6
CONTINUOUS
10
5.920242204724409
20
-4.4744811417322836
11
5.9168049212598426
21
-4.4727624803149606
0
LINE
8
BLACK
6
CONTINUOUS
10
5.9168049212598426
20
-4.4727624803149606
11
5.9083903543307086
21
-4.4706588582677167
0
LINE
8
BLACK
6
CONTINUOUS
10
5.9083903543307086
20
-4.4706588582677167
11
5.9025326377952751
21
-4.4706588582677167
0
LINE
8
BLACK
6
CONTINUOUS
10
5.9025326377952751
20
-4.4706588582677167
11
5.8941181496062987
21
-4.4727624409448818
0
CIRCLE
8
BLACK
10
4.485611338582677
20
-3.323687125984252
40
0.0068897637795276
0
CIRCLE
8
BLACK
10
6.6466349212598423
20
-3.323687125984252
40
0.0068897637795276
0
CIRCLE
8
BLACK
10
7.1552963385826773
20
-4.823687125984252
40
0.0068897637795276
0
CIRCLE
8
BLACK
10
3.7800994881889762
20
-4.9236871653543304
40
0.0068897637795276
0
CIRCLE
8
BLACK
10
4.4300994881889766
20
-4.4969154724409446
40
0.0068897637795276
0
CIRCLE
8
BLACK
10
4.2332490944881886
20
-4.4969154724409446
40
0.0068897637795276
0
CIRCLE
8
BLACK
10
6.1000994881889765
20
-4.7036871259842519
40
0.0068897637795276
0
CIRCLE
8
BLACK
10
6.1000994881889765
20
-4.6036871259842522
40
0.0068897637795276
0
CIRCLE
8
BLACK
10
6.000099488188976
20
-4.6036871259842522
40
0.0068897637795276
0
CIRCLE
8
BLACK
10
5.9000994881889763
20
-4.6036871259842522
40
0.0068897637795276
0
CIRCLE
8
BLACK
10
6.000099488188976
20
-4.7036871259842519
40
0.0068897637795276
0
CIRCLE
8
BLACK
10
6.4000994881889763
20
-4.6036871259842522
40
0.0068897637795276
0
CIRCLE
8
BLACK
10
6.4000994881889763
20
-4.7036871259842519
40
0.0068897637795276
0
CIRCLE
8
BLACK
10
6.2000994881889762
20
-4.6036871259842522
40
0.0068897637795276
0
CIRCLE
8
BLACK
10
6.2000994881889762
20
-4.7036871259842519
40
0.0068897637795276
0
CIRCLE
8
BLACK
10
5.9000994881889763
20
-4.7036871259842519
40
0.0068897637795276
0
CIRCLE
8
BLACK
10
6.3000994881889758
20
-4.7036871259842519
40
0.0068897637795276
0
CIRCLE
8
BLACK
10
6.3000994881889758
20
-4.6036871259842522
40
0.0068897637795276
0
CIRCLE
8
BLACK
10
4.485611338582677
20
-3.323687125984252
40
0.0068897637795276
0
CIRCLE
8
BLACK
10
6.6466349212598423
20
-3.323687125984252
40
0.0068897637795276
0
CIRCLE
8
BLACK
10
7.1552963385826773
20
-4.823687125984252
40
0.0068897637795276
0
CIRCLE
8
BLACK
10
3.7800994881889762
20
-4.9236871653543304
40
0.0068897637795276
0
CIRCLE
8
BLACK
10
4.4300994881889766
20
-4.4969154724409446
40
0.0068897637795276
0
CIRCLE
8
BLACK
10
4.2332490944881886
20
-4.4969154724409446
40
0.0068897637795276
0
CIRCLE
8
BLACK
10
6.1000994881889765
20
-4.7036871259842519
40
0.0068897637795276
0
CIRCLE
8
BLACK
10
6.1000994881889765
20
-4.6036871259842522
40
0.0068897637795276
0
CIRCLE
8
BLACK
10
6.000099488188976
20
-4.6036871259842522
40
0.0068897637795276
0
CIRCLE
8
BLACK
10
5.9000994881889763
20
-4.6036871259842522
40
0.0068897637795276
0
CIRCLE
8
BLACK
10
6.000099488188976
20
-4.7036871259842519
40
0.0068897637795276
0
CIRCLE
8
BLACK
10
6.4000994881889763
20
-4.6036871259842522
40
0.0068897637795276
0
CIRCLE
8
BLACK
10
6.4000994881889763
20
-4.7036871259842519
40
0.0068897637795276
0
CIRCLE
8
BLACK
10
6.2000994881889762
20
-4.6036871259842522
40
0.0068897637795276
0
CIRCLE
8
BLACK
10
6.2000994881889762
20
-4.7036871259842519
40
0.0068897637795276
0
CIRCLE
8
BLACK
10
5.9000994881889763
20
-4.7036871259842519
40
0.0068897637795276
0
CIRCLE
8
BLACK
10
6.3000994881889758
20
-4.7036871259842519
40
0.0068897637795276
0
CIRCLE
8
BLACK
10
6.3000994881889758
20
-4.6036871259842522
40
0.0068897637795276
  0
ENDSEC
  0
EOF
