  0
SECTION
  2
HEADER
  9
$ANGBASE
  50
0.0
  9
$ANGDIR
  70
1
  9
$MEASUREMENT
  70
0
  0
ENDSEC
  0
SECTION
  2
TABLES
  0
TABLE
  2
LTYPE
  70
4
  0
LTYPE
  5
40F
  2
CONTINUOUS
  70
0
  3
Solid line
  72
65
  73
0
  40
0.0
  0
LTYPE
  5
410
  2
DASHDOT
 70
0
  3
Dash Dot ____ _ ____ _
 72
65
 73
4
 40
2.0
 49
1.25
 49
-0.25
 49
0.25
 49
-0.25
  0
LTYPE
  5
411
  2
DASHED
 70
0
  3
Dashed __ __ __ __ __
 72
65
 73
2
 40
0.75
 49
0.5
 49
-0.25
  0
LTYPE
  5
43B
  2
DOTTED
 70
0
  3
Dotted .  .  .  .
 72
65
 73
2
 40
0.2
 49
0.0
 49
-0.2
  0
ENDTAB
  0
TABLE
  2
STYLE
  70
4
  0
STYLE
  2
KICAD
  70
0
  40
0
  41
1
  42
1
  50
0
  71
0
  3
isocp.shx
  0
STYLE
  2
KICADB
  70
0
  40
0
  41
1
  42
1
  50
0
  71
0
  3
isocp.shx
  0
STYLE
  2
KICADI
  70
0
  40
0
  41
1
  42
1
  50
15
  71
0
  3
isocp.shx
  0
STYLE
  2
KICADBI
  70
0
  40
0
  41
1
  42
1
  50
15
  71
0
  3
isocp.shx
  0
ENDTAB
  0
TABLE
  2
LAYER
  70
1
  0
LAYER
  2
BLACK
  70
0
  62
7
  6
CONTINUOUS
  0
ENDTAB
  0
ENDSEC
  0
SECTION
  2
ENTITIES
0
LINE
8
BLACK
6
CONTINUOUS
10
6.03572968503937
20
-4.978414527559055
11
6.0373589763779529
21
-4.9800438188976379
0
LINE
8
BLACK
6
CONTINUOUS
10
6.0373589763779529
20
-4.9800438188976379
11
6.0382407874015751
21
-4.9821726377952755
0
LINE
8
BLACK
6
CONTINUOUS
10
6.0382407874015751
20
-4.9821726377952755
11
6.0383542519685038
21
-4.9833247637795273
0
LINE
8
BLACK
6
CONTINUOUS
10
6.0383542519685038
20
-4.9833247637795273
11
6.0383542519685038
21
-5.0170705118110233
0
LINE
8
BLACK
6
CONTINUOUS
10
6.0383542519685038
20
-5.0170705118110233
11
6.0382407874015751
21
-5.0182226377952759
0
LINE
8
BLACK
6
CONTINUOUS
10
6.0382407874015751
20
-5.0182226377952759
11
6.0373589763779529
21
-5.0203514566929135
0
LINE
8
BLACK
6
CONTINUOUS
10
6.0373589763779529
20
-5.0203514566929135
11
6.03572968503937
21
-5.0219807480314955
0
LINE
8
BLACK
6
CONTINUOUS
10
6.03572968503937
20
-5.0219807480314955
11
6.0336008661417324
21
-5.0228625590551177
0
LINE
8
BLACK
6
CONTINUOUS
10
6.0336008661417324
20
-5.0228625590551177
11
6.031296614173228
21
-5.0228625590551177
0
LINE
8
BLACK
6
CONTINUOUS
10
6.031296614173228
20
-5.0228625590551177
11
6.0291677952755904
21
-5.0219807480314955
0
LINE
8
BLACK
6
CONTINUOUS
10
6.0291677952755904
20
-5.0219807480314955
11
6.0275385039370075
21
-5.0203514566929135
0
LINE
8
BLACK
6
CONTINUOUS
10
6.0275385039370075
20
-5.0203514566929135
11
6.0266566929133853
21
-5.0182226377952759
0
LINE
8
BLACK
6
CONTINUOUS
10
6.0266566929133853
20
-5.0182226377952759
11
6.0265432283464566
21
-5.0170705118110233
0
LINE
8
BLACK
6
CONTINUOUS
10
6.0265432283464566
20
-5.0170705118110233
11
6.0265432283464566
21
-5.0061031496062993
0
LINE
8
BLACK
6
CONTINUOUS
10
6.0265432283464566
20
-5.0061031496062993
11
5.9733936220472437
21
-5.0061031496062993
0
LINE
8
BLACK
6
CONTINUOUS
10
5.9733936220472437
20
-5.0061031496062993
11
5.9722414960629919
21
-5.0059896850393697
0
LINE
8
BLACK
6
CONTINUOUS
10
5.9722414960629919
20
-5.0059896850393697
11
5.9701126771653543
21
-5.0051078740157475
0
LINE
8
BLACK
6
CONTINUOUS
10
5.9701126771653543
20
-5.0051078740157475
11
5.9684833858267714
21
-5.0034785826771655
0
LINE
8
BLACK
6
CONTINUOUS
10
5.9684833858267714
20
-5.0034785826771655
11
5.9676015748031492
21
-5.001349763779527
0
LINE
8
BLACK
6
CONTINUOUS
10
5.9676015748031492
20
-5.001349763779527
11
5.9676015748031492
21
-4.9990455118110235
0
LINE
8
BLACK
6
CONTINUOUS
10
5.9676015748031492
20
-4.9990455118110235
11
5.9684833858267714
21
-4.9969166929133859
0
LINE
8
BLACK
6
CONTINUOUS
10
5.9684833858267714
20
-4.9969166929133859
11
5.9701126771653543
21
-4.995287401574803
0
LINE
8
BLACK
6
CONTINUOUS
10
5.9701126771653543
20
-4.995287401574803
11
5.9722414960629919
21
-4.9944055905511808
0
LINE
8
BLACK
6
CONTINUOUS
10
5.9722414960629919
20
-4.9944055905511808
11
5.9733936220472437
21
-4.9942921259842521
0
LINE
8
BLACK
6
CONTINUOUS
10
5.9733936220472437
20
-4.9942921259842521
11
6.0265432283464566
21
-4.9942921259842521
0
LINE
8
BLACK
6
CONTINUOUS
10
6.0265432283464566
20
-4.9942921259842521
11
6.0265432283464566
21
-4.9833247637795273
0
LINE
8
BLACK
6
CONTINUOUS
10
6.0265432283464566
20
-4.9833247637795273
11
6.0266566929133853
21
-4.9821726377952755
0
LINE
8
BLACK
6
CONTINUOUS
10
6.0266566929133853
20
-4.9821726377952755
11
6.0275385039370075
21
-4.9800438188976379
0
LINE
8
BLACK
6
CONTINUOUS
10
6.0275385039370075
20
-4.9800438188976379
11
6.0291677952755904
21
-4.978414527559055
0
LINE
8
BLACK
6
CONTINUOUS
10
6.0291677952755904
20
-4.978414527559055
11
6.031296614173228
21
-4.9775327165354328
0
LINE
8
BLACK
6
CONTINUOUS
10
6.031296614173228
20
-4.9775327165354328
11
6.0336008661417324
21
-4.9775327165354328
0
LINE
8
BLACK
6
CONTINUOUS
10
6.0336008661417324
20
-4.9775327165354328
11
6.03572968503937
21
-4.978414527559055
0
LINE
8
BLACK
6
CONTINUOUS
10
6.1223522834645667
20
-4.9372064960629922
11
6.1225482677165353
21
-4.9372876771653544
0
LINE
8
BLACK
6
CONTINUOUS
10
6.1225482677165353
20
-4.9372876771653544
11
6.122759921259842
21
-4.9373027165354326
0
LINE
8
BLACK
6
CONTINUOUS
10
6.122759921259842
20
-4.9373027165354326
11
6.1238411811023621
21
-4.9377164960629925
0
LINE
8
BLACK
6
CONTINUOUS
10
6.1238411811023621
20
-4.9377164960629925
11
6.1294654724409448
21
-4.9405286220472444
0
LINE
8
BLACK
6
CONTINUOUS
10
6.1294654724409448
20
-4.9405286220472444
11
6.1299613385826772
21
-4.940840748031496
0
LINE
8
BLACK
6
CONTINUOUS
10
6.1299613385826772
20
-4.940840748031496
11
6.130105393700787
21
-4.9409004330708663
0
LINE
8
BLACK
6
CONTINUOUS
10
6.130105393700787
20
-4.9409004330708663
11
6.1302674803149602
21
-4.9410334645669289
0
LINE
8
BLACK
6
CONTINUOUS
10
6.1302674803149602
20
-4.9410334645669289
11
6.1304452362204724
21
-4.9411453543307085
0
LINE
8
BLACK
6
CONTINUOUS
10
6.1304452362204724
20
-4.9411453543307085
11
6.1305474409448815
21
-4.9412632283464566
0
LINE
8
BLACK
6
CONTINUOUS
10
6.1305474409448815
20
-4.9412632283464566
11
6.1310003149606294
21
-4.9416348818897635
0
LINE
8
BLACK
6
CONTINUOUS
10
6.1310003149606294
20
-4.9416348818897635
11
6.1338124409448813
21
-4.9444470472440942
0
LINE
8
BLACK
6
CONTINUOUS
10
6.1338124409448813
20
-4.9444470472440942
11
6.1341840157480316
21
-4.9448998031496059
0
LINE
8
BLACK
6
CONTINUOUS
10
6.1341840157480316
20
-4.9448998031496059
11
6.1343018897637798
21
-4.9450020472440945
0
LINE
8
BLACK
6
CONTINUOUS
10
6.1343018897637798
20
-4.9450020472440945
11
6.1344137007874018
21
-4.9451796850393697
0
LINE
8
BLACK
6
CONTINUOUS
10
6.1344137007874018
20
-4.9451796850393697
11
6.1345468503937006
21
-4.9453419291338578
0
LINE
8
BLACK
6
CONTINUOUS
10
6.1345468503937006
20
-4.9453419291338578
11
6.1346064960629922
21
-4.9454859842519685
0
LINE
8
BLACK
6
CONTINUOUS
10
6.1346064960629922
20
-4.9454859842519685
11
6.1349186220472438
21
-4.9459818110236222
0
LINE
8
BLACK
6
CONTINUOUS
10
6.1349186220472438
20
-4.9459818110236222
11
6.1377307874015745
21
-4.9516060629921261
0
LINE
8
BLACK
6
CONTINUOUS
10
6.1377307874015745
20
-4.9516060629921261
11
6.1381445275590547
21
-4.9526873228346453
0
LINE
8
BLACK
6
CONTINUOUS
10
6.1381445275590547
20
-4.9526873228346453
11
6.138159527559055
21
-4.9528988976377955
0
LINE
8
BLACK
6
CONTINUOUS
10
6.138159527559055
20
-4.9528988976377955
11
6.1382407874015747
21
-4.9530950000000002
0
LINE
8
BLACK
6
CONTINUOUS
10
6.1382407874015747
20
-4.9530950000000002
11
6.1383542519685035
21
-4.954247125984252
0
LINE
8
BLACK
6
CONTINUOUS
10
6.1383542519685035
20
-4.954247125984252
11
6.1383542519685035
21
-4.9767443307086614
0
LINE
8
BLACK
6
CONTINUOUS
10
6.1383542519685035
20
-4.9767443307086614
11
6.1382407874015747
21
-4.9778964566929131
0
LINE
8
BLACK
6
CONTINUOUS
10
6.1382407874015747
20
-4.9778964566929131
11
6.1373589763779526
21
-4.9800252755905507
0
LINE
8
BLACK
6
CONTINUOUS
10
6.1373589763779526
20
-4.9800252755905507
11
6.1357296850393697
21
-4.9816545669291337
0
LINE
8
BLACK
6
CONTINUOUS
10
6.1357296850393697
20
-4.9816545669291337
11
6.1336008661417321
21
-4.9825363779527558
0
LINE
8
BLACK
6
CONTINUOUS
10
6.1336008661417321
20
-4.9825363779527558
11
6.1324487401574803
21
-4.9826498425196846
0
LINE
8
BLACK
6
CONTINUOUS
10
6.1324487401574803
20
-4.9826498425196846
11
6.0733936220472442
21
-4.9826498425196846
0
LINE
8
BLACK
6
CONTINUOUS
10
6.0733936220472442
20
-4.9826498425196846
11
6.0722414960629916
21
-4.9825363779527558
0
LINE
8
BLACK
6
CONTINUOUS
10
6.0722414960629916
20
-4.9825363779527558
11
6.070112677165354
21
-4.9816545669291337
0
LINE
8
BLACK
6
CONTINUOUS
10
6.070112677165354
20
-4.9816545669291337
11
6.0684833858267719
21
-4.9800252755905507
0
LINE
8
BLACK
6
CONTINUOUS
10
6.0684833858267719
20
-4.9800252755905507
11
6.0676015748031498
21
-4.9778964566929131
0
LINE
8
BLACK
6
CONTINUOUS
10
6.0676015748031498
20
-4.9778964566929131
11
6.0676015748031498
21
-4.9755922047244097
0
LINE
8
BLACK
6
CONTINUOUS
10
6.0676015748031498
20
-4.9755922047244097
11
6.0684833858267719
21
-4.9734633858267712
0
LINE
8
BLACK
6
CONTINUOUS
10
6.0684833858267719
20
-4.9734633858267712
11
6.070112677165354
21
-4.9718340944881891
0
LINE
8
BLACK
6
CONTINUOUS
10
6.070112677165354
20
-4.9718340944881891
11
6.0722414960629916
21
-4.970952283464567
0
LINE
8
BLACK
6
CONTINUOUS
10
6.0722414960629916
20
-4.970952283464567
11
6.0733936220472442
21
-4.9708388188976373
0
LINE
8
BLACK
6
CONTINUOUS
10
6.0733936220472442
20
-4.9708388188976373
11
6.0956096062992122
21
-4.9708388188976373
0
LINE
8
BLACK
6
CONTINUOUS
10
6.0956096062992122
20
-4.9708388188976373
11
6.0956096062992122
21
-4.965758307086614
0
LINE
8
BLACK
6
CONTINUOUS
10
6.0956096062992122
20
-4.965758307086614
11
6.0700070472440943
21
-4.9478365354330709
0
LINE
8
BLACK
6
CONTINUOUS
10
6.0700070472440943
20
-4.9478365354330709
11
6.0691282283464565
21
-4.9470828740157478
0
LINE
8
BLACK
6
CONTINUOUS
10
6.0691282283464565
20
-4.9470828740157478
11
6.0678899212598427
21
-4.9451396850393703
0
LINE
8
BLACK
6
CONTINUOUS
10
6.0678899212598427
20
-4.9451396850393703
11
6.0674894881889765
21
-4.9428705511811026
0
LINE
8
BLACK
6
CONTINUOUS
10
6.0674894881889765
20
-4.9428705511811026
11
6.0679878740157482
21
-4.9406208661417326
0
LINE
8
BLACK
6
CONTINUOUS
10
6.0679878740157482
20
-4.9406208661417326
11
6.0693092913385822
21
-4.9387331496062989
0
LINE
8
BLACK
6
CONTINUOUS
10
6.0693092913385822
20
-4.9387331496062989
11
6.0712524803149606
21
-4.9374948425196852
0
LINE
8
BLACK
6
CONTINUOUS
10
6.0712524803149606
20
-4.9374948425196852
11
6.0735216141732282
21
-4.9370944094488189
0
LINE
8
BLACK
6
CONTINUOUS
10
6.0735216141732282
20
-4.9370944094488189
11
6.0757712992125983
21
-4.9375927952755907
0
LINE
8
BLACK
6
CONTINUOUS
10
6.0757712992125983
20
-4.9375927952755907
11
6.0767801968503932
21
-4.9381605511811024
0
LINE
8
BLACK
6
CONTINUOUS
10
6.0767801968503932
20
-4.9381605511811024
11
6.0961812992125983
21
-4.951741299212598
0
LINE
8
BLACK
6
CONTINUOUS
10
6.0961812992125983
20
-4.951741299212598
11
6.0962330708661412
21
-4.9516061023622049
0
LINE
8
BLACK
6
CONTINUOUS
10
6.0962330708661412
20
-4.9516061023622049
11
6.0990451968503931
21
-4.9459818110236222
0
LINE
8
BLACK
6
CONTINUOUS
10
6.0990451968503931
20
-4.9459818110236222
11
6.0993572834645668
21
-4.9454859842519685
0
LINE
8
BLACK
6
CONTINUOUS
10
6.0993572834645668
20
-4.9454859842519685
11
6.0994169685039372
21
-4.9453419291338578
0
LINE
8
BLACK
6
CONTINUOUS
10
6.0994169685039372
20
-4.9453419291338578
11
6.0995500787401573
21
-4.9451797244094484
0
LINE
8
BLACK
6
CONTINUOUS
10
6.0995500787401573
20
-4.9451797244094484
11
6.0996619291338581
21
-4.9450020472440945
0
LINE
8
BLACK
6
CONTINUOUS
10
6.0996619291338581
20
-4.9450020472440945
11
6.0997797637795275
21
-4.9448998031496059
0
LINE
8
BLACK
6
CONTINUOUS
10
6.0997797637795275
20
-4.9448998031496059
11
6.1001514173228344
21
-4.9444470078740155
0
LINE
8
BLACK
6
CONTINUOUS
10
6.1001514173228344
20
-4.9444470078740155
11
6.1029635826771651
21
-4.9416348425196848
0
LINE
8
BLACK
6
CONTINUOUS
10
6.1029635826771651
20
-4.9416348425196848
11
6.1034164960629917
21
-4.9412631102362203
0
LINE
8
BLACK
6
CONTINUOUS
10
6.1034164960629917
20
-4.9412631102362203
11
6.1035186614173229
21
-4.9411453543307085
0
LINE
8
BLACK
6
CONTINUOUS
10
6.1035186614173229
20
-4.9411453543307085
11
6.1036961811023618
21
-4.9410335826771652
0
LINE
8
BLACK
6
CONTINUOUS
10
6.1036961811023618
20
-4.9410335826771652
11
6.1038585039370075
21
-4.9409003937007876
0
LINE
8
BLACK
6
CONTINUOUS
10
6.1038585039370075
20
-4.9409003937007876
11
6.1040026377952756
21
-4.9408406692913385
0
LINE
8
BLACK
6
CONTINUOUS
10
6.1040026377952756
20
-4.9408406692913385
11
6.1044983858267718
21
-4.9405286220472444
0
LINE
8
BLACK
6
CONTINUOUS
10
6.1044983858267718
20
-4.9405286220472444
11
6.1101227165354333
21
-4.9377164960629925
0
LINE
8
BLACK
6
CONTINUOUS
10
6.1101227165354333
20
-4.9377164960629925
11
6.1112039370078737
21
-4.9373027165354326
0
LINE
8
BLACK
6
CONTINUOUS
10
6.1112039370078737
20
-4.9373027165354326
11
6.1114155511811026
21
-4.9372876771653544
0
LINE
8
BLACK
6
CONTINUOUS
10
6.1114155511811026
20
-4.9372876771653544
11
6.1116115748031499
21
-4.9372064960629922
0
LINE
8
BLACK
6
CONTINUOUS
10
6.1116115748031499
20
-4.9372064960629922
11
6.1127637007874016
21
-4.9370930314960626
0
LINE
8
BLACK
6
CONTINUOUS
10
6.1127637007874016
20
-4.9370930314960626
11
6.121200157480315
21
-4.9370930314960626
0
LINE
8
BLACK
6
CONTINUOUS
10
6.121200157480315
20
-4.9370930314960626
11
6.1223522834645667
21
-4.9372064960629922
0
LINE
8
BLACK
6
CONTINUOUS
10
6.1106375590551183
20
-4.9506641338582673
11
6.1091806692913382
21
-4.9521210236220474
0
LINE
8
BLACK
6
CONTINUOUS
10
6.1091806692913382
20
-4.9521210236220474
11
6.1074206299212594
21
-4.9556411811023624
0
LINE
8
BLACK
6
CONTINUOUS
10
6.1074206299212594
20
-4.9556411811023624
11
6.1074206299212594
21
-4.9708388188976373
0
LINE
8
BLACK
6
CONTINUOUS
10
6.1074206299212594
20
-4.9708388188976373
11
6.1265432283464563
21
-4.9708388188976373
0
LINE
8
BLACK
6
CONTINUOUS
10
6.1265432283464563
20
-4.9708388188976373
11
6.1265432283464563
21
-4.9556412204724412
0
LINE
8
BLACK
6
CONTINUOUS
10
6.1265432283464563
20
-4.9556412204724412
11
6.1247830708661413
21
-4.9521209842519687
0
LINE
8
BLACK
6
CONTINUOUS
10
6.1247830708661413
20
-4.9521209842519687
11
6.123326181102362
21
-4.9506640944881886
0
LINE
8
BLACK
6
CONTINUOUS
10
6.123326181102362
20
-4.9506640944881886
11
6.1198060629921258
21
-4.9489040551181098
0
LINE
8
BLACK
6
CONTINUOUS
10
6.1198060629921258
20
-4.9489040551181098
11
6.1141577952755908
21
-4.9489040551181098
0
LINE
8
BLACK
6
CONTINUOUS
10
6.1141577952755908
20
-4.9489040551181098
11
6.1106375590551183
21
-4.9506641338582673
0
LINE
8
BLACK
6
CONTINUOUS
10
6.0347143700787402
20
-4.9244403149606297
11
6.0366289370078743
21
-4.9257224409448819
0
LINE
8
BLACK
6
CONTINUOUS
10
6.0366289370078743
20
-4.9257224409448819
11
6.0379071259842521
21
-4.927639724409449
0
LINE
8
BLACK
6
CONTINUOUS
10
6.0379071259842521
20
-4.927639724409449
11
6.0383542519685038
21
-4.9299001181102362
0
LINE
8
BLACK
6
CONTINUOUS
10
6.0383542519685038
20
-4.9299001181102362
11
6.0379023622047239
21
-4.9321595669291334
0
LINE
8
BLACK
6
CONTINUOUS
10
6.0379023622047239
20
-4.9321595669291334
11
6.0366202362204726
21
-4.9340741338582674
0
LINE
8
BLACK
6
CONTINUOUS
10
6.0366202362204726
20
-4.9340741338582674
11
6.0357245275590552
21
-4.9348075984251967
0
LINE
8
BLACK
6
CONTINUOUS
10
6.0357245275590552
20
-4.9348075984251967
11
6.0135674803149604
21
-4.9495789763779525
0
LINE
8
BLACK
6
CONTINUOUS
10
6.0135674803149604
20
-4.9495789763779525
11
6.0357245275590552
21
-4.9643503543307084
0
LINE
8
BLACK
6
CONTINUOUS
10
6.0357245275590552
20
-4.9643503543307084
11
6.0366202362204726
21
-4.9650838188976376
0
LINE
8
BLACK
6
CONTINUOUS
10
6.0366202362204726
20
-4.9650838188976376
11
6.0379023622047239
21
-4.9669983858267717
0
LINE
8
BLACK
6
CONTINUOUS
10
6.0379023622047239
20
-4.9669983858267717
11
6.0383542519685038
21
-4.9692578346456688
0
LINE
8
BLACK
6
CONTINUOUS
10
6.0383542519685038
20
-4.9692578346456688
11
6.0379071259842521
21
-4.971518228346457
0
LINE
8
BLACK
6
CONTINUOUS
10
6.0379071259842521
20
-4.971518228346457
11
6.0366289370078743
21
-4.9734355118110232
0
LINE
8
BLACK
6
CONTINUOUS
10
6.0366289370078743
20
-4.9734355118110232
11
6.0347143700787402
21
-4.9747176377952753
0
LINE
8
BLACK
6
CONTINUOUS
10
6.0347143700787402
20
-4.9747176377952753
11
6.0324549606299209
21
-4.9751695275590553
0
LINE
8
BLACK
6
CONTINUOUS
10
6.0324549606299209
20
-4.9751695275590553
11
6.0301945275590549
21
-4.9747224015748026
0
LINE
8
BLACK
6
CONTINUOUS
10
6.0301945275590549
20
-4.9747224015748026
11
6.0291729527559053
21
-4.9741777165354328
0
LINE
8
BLACK
6
CONTINUOUS
10
6.0291729527559053
20
-4.9741777165354328
11
6.0029211417322834
21
-4.9566764960629923
0
LINE
8
BLACK
6
CONTINUOUS
10
6.0029211417322834
20
-4.9566764960629923
11
5.9766694094488191
21
-4.9741777165354328
0
LINE
8
BLACK
6
CONTINUOUS
10
5.9766694094488191
20
-4.9741777165354328
11
5.9756478346456694
21
-4.9747223622047239
0
LINE
8
BLACK
6
CONTINUOUS
10
5.9756478346456694
20
-4.9747223622047239
11
5.9733874015748034
21
-4.9751695275590553
0
LINE
8
BLACK
6
CONTINUOUS
10
5.9733874015748034
20
-4.9751695275590553
11
5.9711279921259841
21
-4.9747176377952753
0
LINE
8
BLACK
6
CONTINUOUS
10
5.9711279921259841
20
-4.9747176377952753
11
5.9692134251968501
21
-4.9734355118110232
0
LINE
8
BLACK
6
CONTINUOUS
10
5.9692134251968501
20
-4.9734355118110232
11
5.967935275590551
21
-4.971518228346457
0
LINE
8
BLACK
6
CONTINUOUS
10
5.967935275590551
20
-4.971518228346457
11
5.9674881102362205
21
-4.9692577952755901
0
LINE
8
BLACK
6
CONTINUOUS
10
5.9674881102362205
20
-4.9692577952755901
11
5.9679399999999996
21
-4.9669983858267717
0
LINE
8
BLACK
6
CONTINUOUS
10
5.9679399999999996
20
-4.9669983858267717
11
5.9692221259842517
21
-4.9650838188976376
0
LINE
8
BLACK
6
CONTINUOUS
10
5.9692221259842517
20
-4.9650838188976376
11
5.9701178346456691
21
-4.9643503149606296
0
LINE
8
BLACK
6
CONTINUOUS
10
5.9701178346456691
20
-4.9643503149606296
11
5.9922748425196852
21
-4.9495789763779525
0
LINE
8
BLACK
6
CONTINUOUS
10
5.9922748425196852
20
-4.9495789763779525
11
5.9701178346456691
21
-4.9348076377952754
0
LINE
8
BLACK
6
CONTINUOUS
10
5.9701178346456691
20
-4.9348076377952754
11
5.9692221259842517
21
-4.9340741338582674
0
LINE
8
BLACK
6
CONTINUOUS
10
5.9692221259842517
20
-4.9340741338582674
11
5.9679399999999996
21
-4.9321595669291334
0
LINE
8
BLACK
6
CONTINUOUS
10
5.9679399999999996
20
-4.9321595669291334
11
5.9674881102362205
21
-4.929900157480315
0
LINE
8
BLACK
6
CONTINUOUS
10
5.9674881102362205
20
-4.929900157480315
11
5.967935275590551
21
-4.927639724409449
0
LINE
8
BLACK
6
CONTINUOUS
10
5.967935275590551
20
-4.927639724409449
11
5.9692134251968501
21
-4.9257224409448819
0
LINE
8
BLACK
6
CONTINUOUS
10
5.9692134251968501
20
-4.9257224409448819
11
5.9711279921259841
21
-4.9244403149606297
0
LINE
8
BLACK
6
CONTINUOUS
10
5.9711279921259841
20
-4.9244403149606297
11
5.9733874015748034
21
-4.9239884251968506
0
LINE
8
BLACK
6
CONTINUOUS
10
5.9733874015748034
20
-4.9239884251968506
11
5.9756478346456694
21
-4.9244355905511812
0
LINE
8
BLACK
6
CONTINUOUS
10
5.9756478346456694
20
-4.9244355905511812
11
5.9766694094488191
21
-4.9249802362204722
0
LINE
8
BLACK
6
CONTINUOUS
10
5.9766694094488191
20
-4.9249802362204722
11
6.0029211417322834
21
-4.9424814173228349
0
LINE
8
BLACK
6
CONTINUOUS
10
6.0029211417322834
20
-4.9424814173228349
11
6.0291729527559053
21
-4.9249802362204722
0
LINE
8
BLACK
6
CONTINUOUS
10
6.0291729527559053
20
-4.9249802362204722
11
6.0301945275590549
21
-4.9244355511811024
0
LINE
8
BLACK
6
CONTINUOUS
10
6.0301945275590549
20
-4.9244355511811024
11
6.0324549606299209
21
-4.9239884251968506
0
LINE
8
BLACK
6
CONTINUOUS
10
6.0324549606299209
20
-4.9239884251968506
11
6.0347143700787402
21
-4.9244403149606297
0
LINE
8
BLACK
6
CONTINUOUS
10
5.9223522834645665
20
-4.9022121259842519
11
5.9225482677165351
21
-4.9022933070866141
0
LINE
8
BLACK
6
CONTINUOUS
10
5.9225482677165351
20
-4.9022933070866141
11
5.9227599212598427
21
-4.9023083464566932
0
LINE
8
BLACK
6
CONTINUOUS
10
5.9227599212598427
20
-4.9023083464566932
11
5.9238411811023619
21
-4.9027221259842522
0
LINE
8
BLACK
6
CONTINUOUS
10
5.9238411811023619
20
-4.9027221259842522
11
5.9294654724409446
21
-4.9055342519685041
0
LINE
8
BLACK
6
CONTINUOUS
10
5.9294654724409446
20
-4.9055342519685041
11
5.929961338582677
21
-4.9058463779527557
0
LINE
8
BLACK
6
CONTINUOUS
10
5.929961338582677
20
-4.9058463779527557
11
5.9301053937007877
21
-4.9059060629921261
0
LINE
8
BLACK
6
CONTINUOUS
10
5.9301053937007877
20
-4.9059060629921261
11
5.9302674803149609
21
-4.9060390944881886
0
LINE
8
BLACK
6
CONTINUOUS
10
5.9302674803149609
20
-4.9060390944881886
11
5.9304452362204723
21
-4.9061509842519682
0
LINE
8
BLACK
6
CONTINUOUS
10
5.9304452362204723
20
-4.9061509842519682
11
5.9305474409448822
21
-4.9062688582677163
0
LINE
8
BLACK
6
CONTINUOUS
10
5.9305474409448822
20
-4.9062688582677163
11
5.9310003149606301
21
-4.9066405118110232
0
LINE
8
BLACK
6
CONTINUOUS
10
5.9310003149606301
20
-4.9066405118110232
11
5.933812440944882
21
-4.9094526771653539
0
LINE
8
BLACK
6
CONTINUOUS
10
5.933812440944882
20
-4.9094526771653539
11
5.9341840157480314
21
-4.9099054330708665
0
LINE
8
BLACK
6
CONTINUOUS
10
5.9341840157480314
20
-4.9099054330708665
11
5.9343018897637796
21
-4.9100076771653542
0
LINE
8
BLACK
6
CONTINUOUS
10
5.9343018897637796
20
-4.9100076771653542
11
5.9344137007874016
21
-4.9101853149606294
0
LINE
8
BLACK
6
CONTINUOUS
10
5.9344137007874016
20
-4.9101853149606294
11
5.9345468503937004
21
-4.9103475590551184
0
LINE
8
BLACK
6
CONTINUOUS
10
5.9345468503937004
20
-4.9103475590551184
11
5.9346064960629921
21
-4.9104916141732282
0
LINE
8
BLACK
6
CONTINUOUS
10
5.9346064960629921
20
-4.9104916141732282
11
5.9349186220472436
21
-4.9109874409448819
0
LINE
8
BLACK
6
CONTINUOUS
10
5.9349186220472436
20
-4.9109874409448819
11
5.9377307874015743
21
-4.9166116929133858
0
LINE
8
BLACK
6
CONTINUOUS
10
5.9377307874015743
20
-4.9166116929133858
11
5.9381445275590554
21
-4.917692952755905
0
LINE
8
BLACK
6
CONTINUOUS
10
5.9381445275590554
20
-4.917692952755905
11
5.9381595275590549
21
-4.9179045275590552
0
LINE
8
BLACK
6
CONTINUOUS
10
5.9381595275590549
20
-4.9179045275590552
11
5.9382407874015746
21
-4.91810062992126
0
LINE
8
BLACK
6
CONTINUOUS
10
5.9382407874015746
20
-4.91810062992126
11
5.9383542519685042
21
-4.9192527559055117
0
LINE
8
BLACK
6
CONTINUOUS
10
5.9383542519685042
20
-4.9192527559055117
11
5.9383542519685042
21
-4.9417499606299211
0
LINE
8
BLACK
6
CONTINUOUS
10
5.9383542519685042
20
-4.9417499606299211
11
5.9382407874015746
21
-4.9429020866141729
0
LINE
8
BLACK
6
CONTINUOUS
10
5.9382407874015746
20
-4.9429020866141729
11
5.9373589763779524
21
-4.9450309055118113
0
LINE
8
BLACK
6
CONTINUOUS
10
5.9373589763779524
20
-4.9450309055118113
11
5.9357296850393704
21
-4.9466601968503934
0
LINE
8
BLACK
6
CONTINUOUS
10
5.9357296850393704
20
-4.9466601968503934
11
5.9336008661417319
21
-4.9475420078740155
0
LINE
8
BLACK
6
CONTINUOUS
10
5.9336008661417319
20
-4.9475420078740155
11
5.9324487401574801
21
-4.9476554724409452
0
LINE
8
BLACK
6
CONTINUOUS
10
5.9324487401574801
20
-4.9476554724409452
11
5.873393622047244
21
-4.9476554724409452
0
LINE
8
BLACK
6
CONTINUOUS
10
5.873393622047244
20
-4.9476554724409452
11
5.8722414960629923
21
-4.9475420078740155
0
LINE
8
BLACK
6
CONTINUOUS
10
5.8722414960629923
20
-4.9475420078740155
11
5.8701126771653538
21
-4.9466601968503934
0
LINE
8
BLACK
6
CONTINUOUS
10
5.8701126771653538
20
-4.9466601968503934
11
5.8684833858267718
21
-4.9450309055118113
0
LINE
8
BLACK
6
CONTINUOUS
10
5.8684833858267718
20
-4.9450309055118113
11
5.8676015748031496
21
-4.9429020866141729
0
LINE
8
BLACK
6
CONTINUOUS
10
5.8676015748031496
20
-4.9429020866141729
11
5.8676015748031496
21
-4.9405978346456694
0
LINE
8
BLACK
6
CONTINUOUS
10
5.8676015748031496
20
-4.9405978346456694
11
5.8684833858267718
21
-4.9384690157480318
0
LINE
8
BLACK
6
CONTINUOUS
10
5.8684833858267718
20
-4.9384690157480318
11
5.8701126771653538
21
-4.9368397244094488
0
LINE
8
BLACK
6
CONTINUOUS
10
5.8701126771653538
20
-4.9368397244094488
11
5.8722414960629923
21
-4.9359579133858267
0
LINE
8
BLACK
6
CONTINUOUS
10
5.8722414960629923
20
-4.9359579133858267
11
5.873393622047244
21
-4.9358444488188979
0
LINE
8
BLACK
6
CONTINUOUS
10
5.873393622047244
20
-4.9358444488188979
11
5.895609606299212
21
-4.9358444488188979
0
LINE
8
BLACK
6
CONTINUOUS
10
5.895609606299212
20
-4.9358444488188979
11
5.895609606299212
21
-4.9192527559055117
0
LINE
8
BLACK
6
CONTINUOUS
10
5.895609606299212
20
-4.9192527559055117
11
5.8957230708661417
21
-4.91810062992126
0
LINE
8
BLACK
6
CONTINUOUS
10
5.8957230708661417
20
-4.91810062992126
11
5.8958042519685039
21
-4.9179046062992127
0
LINE
8
BLACK
6
CONTINUOUS
10
5.8958042519685039
20
-4.9179046062992127
11
5.895819291338583
21
-4.9176929921259838
0
LINE
8
BLACK
6
CONTINUOUS
10
5.895819291338583
20
-4.9176929921259838
11
5.8962330708661419
21
-4.9166117322834646
0
LINE
8
BLACK
6
CONTINUOUS
10
5.8962330708661419
20
-4.9166117322834646
11
5.8990451968503939
21
-4.9109874409448819
0
LINE
8
BLACK
6
CONTINUOUS
10
5.8990451968503939
20
-4.9109874409448819
11
5.8993572834645667
21
-4.9104916141732282
0
LINE
8
BLACK
6
CONTINUOUS
10
5.8993572834645667
20
-4.9104916141732282
11
5.899416968503937
21
-4.9103475590551184
0
LINE
8
BLACK
6
CONTINUOUS
10
5.899416968503937
20
-4.9103475590551184
11
5.8995500787401571
21
-4.9101853543307081
0
LINE
8
BLACK
6
CONTINUOUS
10
5.8995500787401571
20
-4.9101853543307081
11
5.8996619291338579
21
-4.9100076771653542
0
LINE
8
BLACK
6
CONTINUOUS
10
5.8996619291338579
20
-4.9100076771653542
11
5.8997797637795273
21
-4.9099054330708665
0
LINE
8
BLACK
6
CONTINUOUS
10
5.8997797637795273
20
-4.9099054330708665
11
5.9001514173228342
21
-4.9094526377952752
0
LINE
8
BLACK
6
CONTINUOUS
10
5.9001514173228342
20
-4.9094526377952752
11
5.9029635826771649
21
-4.9066404724409445
0
LINE
8
BLACK
6
CONTINUOUS
10
5.9029635826771649
20
-4.9066404724409445
11
5.9034164960629916
21
-4.90626874015748
0
LINE
8
BLACK
6
CONTINUOUS
10
5.9034164960629916
20
-4.90626874015748
11
5.9035186614173227
21
-4.9061509842519682
0
LINE
8
BLACK
6
CONTINUOUS
10
5.9035186614173227
20
-4.9061509842519682
11
5.9036961811023625
21
-4.9060392125984249
0
LINE
8
BLACK
6
CONTINUOUS
10
5.9036961811023625
20
-4.9060392125984249
11
5.9038585039370082
21
-4.9059060236220473
0
LINE
8
BLACK
6
CONTINUOUS
10
5.9038585039370082
20
-4.9059060236220473
11
5.9040026377952755
21
-4.9058462992125982
0
LINE
8
BLACK
6
CONTINUOUS
10
5.9040026377952755
20
-4.9058462992125982
11
5.9044983858267717
21
-4.9055342519685041
0
LINE
8
BLACK
6
CONTINUOUS
10
5.9044983858267717
20
-4.9055342519685041
11
5.9101227165354331
21
-4.9027221259842522
0
LINE
8
BLACK
6
CONTINUOUS
10
5.9101227165354331
20
-4.9027221259842522
11
5.9112039370078735
21
-4.9023083464566932
0
LINE
8
BLACK
6
CONTINUOUS
10
5.9112039370078735
20
-4.9023083464566932
11
5.9114155511811024
21
-4.9022933070866141
0
LINE
8
BLACK
6
CONTINUOUS
10
5.9114155511811024
20
-4.9022933070866141
11
5.9116115748031497
21
-4.9022121259842519
0
LINE
8
BLACK
6
CONTINUOUS
10
5.9116115748031497
20
-4.9022121259842519
11
5.9127637007874014
21
-4.9020986614173223
0
LINE
8
BLACK
6
CONTINUOUS
10
5.9127637007874014
20
-4.9020986614173223
11
5.9212001574803148
21
-4.9020986614173223
0
LINE
8
BLACK
6
CONTINUOUS
10
5.9212001574803148
20
-4.9020986614173223
11
5.9223522834645665
21
-4.9022121259842519
0
LINE
8
BLACK
6
CONTINUOUS
10
5.9106375590551181
20
-4.915669763779527
11
5.909180669291338
21
-4.9171266535433071
0
LINE
8
BLACK
6
CONTINUOUS
10
5.909180669291338
20
-4.9171266535433071
11
5.9074206299212593
21
-4.9206468110236221
0
LINE
8
BLACK
6
CONTINUOUS
10
5.9074206299212593
20
-4.9206468110236221
11
5.9074206299212593
21
-4.9358444488188979
0
LINE
8
BLACK
6
CONTINUOUS
10
5.9074206299212593
20
-4.9358444488188979
11
5.926543228346457
21
-4.9358444488188979
0
LINE
8
BLACK
6
CONTINUOUS
10
5.926543228346457
20
-4.9358444488188979
11
5.926543228346457
21
-4.9206468503937009
0
LINE
8
BLACK
6
CONTINUOUS
10
5.926543228346457
20
-4.9206468503937009
11
5.924783070866142
21
-4.9171266141732284
0
LINE
8
BLACK
6
CONTINUOUS
10
5.924783070866142
20
-4.9171266141732284
11
5.9233261811023619
21
-4.9156697244094483
0
LINE
8
BLACK
6
CONTINUOUS
10
5.9233261811023619
20
-4.9156697244094483
11
5.9198060629921256
21
-4.9139096850393695
0
LINE
8
BLACK
6
CONTINUOUS
10
5.9198060629921256
20
-4.9139096850393695
11
5.9141577952755906
21
-4.9139096850393695
0
LINE
8
BLACK
6
CONTINUOUS
10
5.9141577952755906
20
-4.9139096850393695
11
5.9106375590551181
21
-4.915669763779527
0
LINE
8
BLACK
6
CONTINUOUS
10
6.199855078740157
20
-4.8978364566929136
11
6.2019838976377955
21
-4.8987182677165357
0
LINE
8
BLACK
6
CONTINUOUS
10
6.2019838976377955
20
-4.8987182677165357
11
6.2036131889763775
21
-4.9003475590551178
0
LINE
8
BLACK
6
CONTINUOUS
10
6.2036131889763775
20
-4.9003475590551178
11
6.2044949999999996
21
-4.9024763779527554
0
LINE
8
BLACK
6
CONTINUOUS
10
6.2044949999999996
20
-4.9024763779527554
11
6.2046084645669293
21
-4.903628503937008
0
LINE
8
BLACK
6
CONTINUOUS
10
6.2046084645669293
20
-4.903628503937008
11
6.2046084645669293
21
-4.9148770866141733
0
LINE
8
BLACK
6
CONTINUOUS
10
6.2046084645669293
20
-4.9148770866141733
11
6.2044949999999996
21
-4.9160292125984251
0
LINE
8
BLACK
6
CONTINUOUS
10
6.2044949999999996
20
-4.9160292125984251
11
6.2036131889763775
21
-4.9181580314960627
0
LINE
8
BLACK
6
CONTINUOUS
10
6.2036131889763775
20
-4.9181580314960627
11
6.2019838976377955
21
-4.9197873228346456
0
LINE
8
BLACK
6
CONTINUOUS
10
6.2019838976377955
20
-4.9197873228346456
11
6.199855078740157
21
-4.9206691338582678
0
LINE
8
BLACK
6
CONTINUOUS
10
6.199855078740157
20
-4.9206691338582678
11
6.1975508267716535
21
-4.9206691338582678
0
LINE
8
BLACK
6
CONTINUOUS
10
6.1975508267716535
20
-4.9206691338582678
11
6.1954220078740159
21
-4.9197873228346456
0
LINE
8
BLACK
6
CONTINUOUS
10
6.1954220078740159
20
-4.9197873228346456
11
6.193792716535433
21
-4.9181580314960627
0
LINE
8
BLACK
6
CONTINUOUS
10
6.193792716535433
20
-4.9181580314960627
11
6.1929109055118108
21
-4.9160292125984251
0
LINE
8
BLACK
6
CONTINUOUS
10
6.1929109055118108
20
-4.9160292125984251
11
6.192797440944882
21
-4.9148770866141733
0
LINE
8
BLACK
6
CONTINUOUS
10
6.192797440944882
20
-4.9148770866141733
11
6.192797440944882
21
-4.9095340157480312
0
LINE
8
BLACK
6
CONTINUOUS
10
6.192797440944882
20
-4.9095340157480312
11
6.1814640551181101
21
-4.9095340157480312
0
LINE
8
BLACK
6
CONTINUOUS
10
6.1814640551181101
20
-4.9095340157480312
11
6.1813673622047238
21
-4.9096306692913387
0
LINE
8
BLACK
6
CONTINUOUS
10
6.1813673622047238
20
-4.9096306692913387
11
6.1792991338582679
21
-4.9158353543307083
0
LINE
8
BLACK
6
CONTINUOUS
10
6.1792991338582679
20
-4.9158353543307083
11
6.1792991338582679
21
-4.9195430708661414
0
LINE
8
BLACK
6
CONTINUOUS
10
6.1792991338582679
20
-4.9195430708661414
11
6.1813673622047238
21
-4.9257477559055118
0
LINE
8
BLACK
6
CONTINUOUS
10
6.1813673622047238
20
-4.9257477559055118
11
6.1853282677165353
21
-4.9297086614173224
0
LINE
8
BLACK
6
CONTINUOUS
10
6.1853282677165353
20
-4.9297086614173224
11
6.1895156299212601
21
-4.9318023228346455
0
LINE
8
BLACK
6
CONTINUOUS
10
6.1895156299212601
20
-4.9318023228346455
11
6.1994298818897633
21
-4.9342809055118106
0
LINE
8
BLACK
6
CONTINUOUS
10
6.1994298818897633
20
-4.9342809055118106
11
6.2064124803149605
21
-4.9342809055118106
0
LINE
8
BLACK
6
CONTINUOUS
10
6.2064124803149605
20
-4.9342809055118106
11
6.2163266929133858
21
-4.9318023622047242
0
LINE
8
BLACK
6
CONTINUOUS
10
6.2163266929133858
20
-4.9318023622047242
11
6.2205140944881885
21
-4.9297086220472437
0
LINE
8
BLACK
6
CONTINUOUS
10
6.2205140944881885
20
-4.9297086220472437
11
6.2244749606299212
21
-4.9257477559055118
0
LINE
8
BLACK
6
CONTINUOUS
10
6.2244749606299212
20
-4.9257477559055118
11
6.2265432283464568
21
-4.9195429921259839
0
LINE
8
BLACK
6
CONTINUOUS
10
6.2265432283464568
20
-4.9195429921259839
11
6.2265432283464568
21
-4.9134590551181105
0
LINE
8
BLACK
6
CONTINUOUS
10
6.2265432283464568
20
-4.9134590551181105
11
6.2243545275590551
21
-4.9090816535433071
0
LINE
8
BLACK
6
CONTINUOUS
10
6.2243545275590551
20
-4.9090816535433071
11
6.2239407480314961
21
-4.9080004330708658
0
LINE
8
BLACK
6
CONTINUOUS
10
6.2239407480314961
20
-4.9080004330708658
11
6.2237774409448816
21
-4.9057019685039371
0
LINE
8
BLACK
6
CONTINUOUS
10
6.2237774409448816
20
-4.9057019685039371
11
6.2245061023622048
21
-4.9035160629921259
0
LINE
8
BLACK
6
CONTINUOUS
10
6.2245061023622048
20
-4.9035160629921259
11
6.2260157874015745
21
-4.9017753149606298
0
LINE
8
BLACK
6
CONTINUOUS
10
6.2260157874015745
20
-4.9017753149606298
11
6.2280767716535435
21
-4.9007448031496059
0
LINE
8
BLACK
6
CONTINUOUS
10
6.2280767716535435
20
-4.9007448031496059
11
6.2303752362204721
21
-4.9005814960629923
0
LINE
8
BLACK
6
CONTINUOUS
10
6.2303752362204721
20
-4.9005814960629923
11
6.2325611417322833
21
-4.9013101574803146
0
LINE
8
BLACK
6
CONTINUOUS
10
6.2325611417322833
20
-4.9013101574803146
11
6.2343018897637794
21
-4.9028198425196852
0
LINE
8
BLACK
6
CONTINUOUS
10
6.2343018897637794
20
-4.9028198425196852
11
6.2349186220472443
21
-4.9037996062992129
0
LINE
8
BLACK
6
CONTINUOUS
10
6.2349186220472443
20
-4.9037996062992129
11
6.237730787401575
21
-4.9094239370078743
0
LINE
8
BLACK
6
CONTINUOUS
10
6.237730787401575
20
-4.9094239370078743
11
6.238144566929134
21
-4.9105051574803147
0
LINE
8
BLACK
6
CONTINUOUS
10
6.238144566929134
20
-4.9105051574803147
11
6.2381596062992122
21
-4.9107168503937011
0
LINE
8
BLACK
6
CONTINUOUS
10
6.2381596062992122
20
-4.9107168503937011
11
6.2382407874015744
21
-4.9109128346456687
0
LINE
8
BLACK
6
CONTINUOUS
10
6.2382407874015744
20
-4.9109128346456687
11
6.238354251968504
21
-4.9120649606299214
0
LINE
8
BLACK
6
CONTINUOUS
10
6.238354251968504
20
-4.9120649606299214
11
6.238354251968504
21
-4.920501377952756
0
LINE
8
BLACK
6
CONTINUOUS
10
6.238354251968504
20
-4.920501377952756
11
6.2382968110236217
21
-4.9210844881889759
0
LINE
8
BLACK
6
CONTINUOUS
10
6.2382968110236217
20
-4.9210844881889759
11
6.2383078740157476
21
-4.9212400000000001
0
LINE
8
BLACK
6
CONTINUOUS
10
6.2383078740157476
20
-4.9212400000000001
11
6.2382613385826771
21
-4.9214444881889765
0
LINE
8
BLACK
6
CONTINUOUS
10
6.2382613385826771
20
-4.9214444881889765
11
6.2382407874015744
21
-4.9216535039370077
0
LINE
8
BLACK
6
CONTINUOUS
10
6.2382407874015744
20
-4.9216535039370077
11
6.2381810629921262
21
-4.9217976377952759
0
LINE
8
BLACK
6
CONTINUOUS
10
6.2381810629921262
20
-4.9217976377952759
11
6.238051181102362
21
-4.9223688976377948
0
LINE
8
BLACK
6
CONTINUOUS
10
6.238051181102362
20
-4.9223688976377948
11
6.2352390157480313
21
-4.9308053149606295
0
LINE
8
BLACK
6
CONTINUOUS
10
6.2352390157480313
20
-4.9308053149606295
11
6.2347670472440946
21
-4.9318624409448821
0
LINE
8
BLACK
6
CONTINUOUS
10
6.2347670472440946
20
-4.9318624409448821
11
6.2346280708661412
21
-4.9320226377952752
0
LINE
8
BLACK
6
CONTINUOUS
10
6.2346280708661412
20
-4.9320226377952752
11
6.2345468503937003
21
-4.9322187795275587
0
LINE
8
BLACK
6
CONTINUOUS
10
6.2345468503937003
20
-4.9322187795275587
11
6.2338124015748031
21
-4.9331136614173223
0
LINE
8
BLACK
6
CONTINUOUS
10
6.2338124015748031
20
-4.9331136614173223
11
6.2281881102362204
21
-4.938737952755905
0
LINE
8
BLACK
6
CONTINUOUS
10
6.2281881102362204
20
-4.938737952755905
11
6.2277352755905513
21
-4.9391095669291341
0
LINE
8
BLACK
6
CONTINUOUS
10
6.2277352755905513
20
-4.9391095669291341
11
6.2276330708661414
21
-4.9392274409448822
0
LINE
8
BLACK
6
CONTINUOUS
10
6.2276330708661414
20
-4.9392274409448822
11
6.2274553543307087
21
-4.9393392519685042
0
LINE
8
BLACK
6
CONTINUOUS
10
6.2274553543307087
20
-4.9393392519685042
11
6.2272931889763781
21
-4.9394724015748031
0
LINE
8
BLACK
6
CONTINUOUS
10
6.2272931889763781
20
-4.9394724015748031
11
6.2271490944881887
21
-4.9395320472440947
0
LINE
8
BLACK
6
CONTINUOUS
10
6.2271490944881887
20
-4.9395320472440947
11
6.2266533070866137
21
-4.9398441732283462
0
LINE
8
BLACK
6
CONTINUOUS
10
6.2266533070866137
20
-4.9398441732283462
11
6.221029015748031
21
-4.9426563385826769
0
LINE
8
BLACK
6
CONTINUOUS
10
6.221029015748031
20
-4.9426563385826769
11
6.2209447244094482
21
-4.9426885826771656
0
LINE
8
BLACK
6
CONTINUOUS
10
6.2209447244094482
20
-4.9426885826771656
11
6.220910472440945
21
-4.9427139763779531
0
LINE
8
BLACK
6
CONTINUOUS
10
6.220910472440945
20
-4.9427139763779531
11
6.2204270866141727
21
-4.9428866535433071
0
LINE
8
BLACK
6
CONTINUOUS
10
6.2204270866141727
20
-4.9428866535433071
11
6.2199477952755906
21
-4.9430700787401571
0
LINE
8
BLACK
6
CONTINUOUS
10
6.2199477952755906
20
-4.9430700787401571
11
6.2199052362204723
21
-4.9430730708661414
0
LINE
8
BLACK
6
CONTINUOUS
10
6.2199052362204723
20
-4.9430730708661414
11
6.2198202755905507
21
-4.9431034645669287
0
LINE
8
BLACK
6
CONTINUOUS
10
6.2198202755905507
20
-4.9431034645669287
11
6.2085716929133854
21
-4.9459155905511807
0
LINE
8
BLACK
6
CONTINUOUS
10
6.2085716929133854
20
-4.9459155905511807
11
6.2083720078740159
21
-4.9459450787401575
0
LINE
8
BLACK
6
CONTINUOUS
10
6.2083720078740159
20
-4.9459450787401575
11
6.2082915354330703
21
-4.9459784645669291
0
LINE
8
BLACK
6
CONTINUOUS
10
6.2082915354330703
20
-4.9459784645669291
11
6.2078575590551184
21
-4.9460211811023624
0
LINE
8
BLACK
6
CONTINUOUS
10
6.2078575590551184
20
-4.9460211811023624
11
6.2074264566929136
21
-4.9460849606299213
0
LINE
8
BLACK
6
CONTINUOUS
10
6.2074264566929136
20
-4.9460849606299213
11
6.2073403149606294
21
-4.9460721259842515
0
LINE
8
BLACK
6
CONTINUOUS
10
6.2073403149606294
20
-4.9460721259842515
11
6.2071394094488186
21
-4.9460919291338579
0
LINE
8
BLACK
6
CONTINUOUS
10
6.2071394094488186
20
-4.9460919291338579
11
6.1987029527559052
21
-4.9460919291338579
0
LINE
8
BLACK
6
CONTINUOUS
10
6.1987029527559052
20
-4.9460919291338579
11
6.1985020078740156
21
-4.9460721259842515
0
LINE
8
BLACK
6
CONTINUOUS
10
6.1985020078740156
20
-4.9460721259842515
11
6.1984159055118111
21
-4.9460849606299213
0
LINE
8
BLACK
6
CONTINUOUS
10
6.1984159055118111
20
-4.9460849606299213
11
6.1979847637795276
21
-4.9460211811023624
0
LINE
8
BLACK
6
CONTINUOUS
10
6.1979847637795276
20
-4.9460211811023624
11
6.1975508267716535
21
-4.9459784645669291
0
LINE
8
BLACK
6
CONTINUOUS
10
6.1975508267716535
20
-4.9459784645669291
11
6.1974703149606301
21
-4.9459450787401575
0
LINE
8
BLACK
6
CONTINUOUS
10
6.1974703149606301
20
-4.9459450787401575
11
6.1972706692913384
21
-4.9459155905511807
0
LINE
8
BLACK
6
CONTINUOUS
10
6.1972706692913384
20
-4.9459155905511807
11
6.1860220866141731
21
-4.9431034645669287
0
LINE
8
BLACK
6
CONTINUOUS
10
6.1860220866141731
20
-4.9431034645669287
11
6.1859370866141727
21
-4.9430730708661414
0
LINE
8
BLACK
6
CONTINUOUS
10
6.1859370866141727
20
-4.9430730708661414
11
6.1858945669291341
21
-4.9430700787401571
0
LINE
8
BLACK
6
CONTINUOUS
10
6.1858945669291341
20
-4.9430700787401571
11
6.1854149999999999
21
-4.9428865748031496
0
LINE
8
BLACK
6
CONTINUOUS
10
6.1854149999999999
20
-4.9428865748031496
11
6.1849318897637797
21
-4.9427139763779531
0
LINE
8
BLACK
6
CONTINUOUS
10
6.1849318897637797
20
-4.9427139763779531
11
6.1848976377952756
21
-4.9426885826771656
0
LINE
8
BLACK
6
CONTINUOUS
10
6.1848976377952756
20
-4.9426885826771656
11
6.184813307086614
21
-4.9426563385826769
0
LINE
8
BLACK
6
CONTINUOUS
10
6.184813307086614
20
-4.9426563385826769
11
6.1791890551181101
21
-4.9398441732283462
0
LINE
8
BLACK
6
CONTINUOUS
10
6.1791890551181101
20
-4.9398441732283462
11
6.1786933070866139
21
-4.9395320866141734
0
LINE
8
BLACK
6
CONTINUOUS
10
6.1786933070866139
20
-4.9395320866141734
11
6.1785491338582679
21
-4.9394724015748031
0
LINE
8
BLACK
6
CONTINUOUS
10
6.1785491338582679
20
-4.9394724015748031
11
6.1783868110236222
21
-4.9393391732283467
0
LINE
8
BLACK
6
CONTINUOUS
10
6.1783868110236222
20
-4.9393391732283467
11
6.1782092913385824
21
-4.9392274409448822
0
LINE
8
BLACK
6
CONTINUOUS
10
6.1782092913385824
20
-4.9392274409448822
11
6.1781070866141734
21
-4.9391096062992128
0
LINE
8
BLACK
6
CONTINUOUS
10
6.1781070866141734
20
-4.9391096062992128
11
6.1776542519685034
21
-4.938737952755905
0
LINE
8
BLACK
6
CONTINUOUS
10
6.1776542519685034
20
-4.938737952755905
11
6.1720299606299207
21
-4.9331136614173223
0
LINE
8
BLACK
6
CONTINUOUS
10
6.1720299606299207
20
-4.9331136614173223
11
6.1712955118110235
21
-4.93221874015748
0
LINE
8
BLACK
6
CONTINUOUS
10
6.1712955118110235
20
-4.93221874015748
11
6.1712142913385826
21
-4.9320226771653539
0
LINE
8
BLACK
6
CONTINUOUS
10
6.1712142913385826
20
-4.9320226771653539
11
6.1710753149606301
21
-4.9318624409448821
0
LINE
8
BLACK
6
CONTINUOUS
10
6.1710753149606301
20
-4.9318624409448821
11
6.1706033070866138
21
-4.9308053149606295
0
LINE
8
BLACK
6
CONTINUOUS
10
6.1706033070866138
20
-4.9308053149606295
11
6.1677911811023618
21
-4.9223688582677161
0
LINE
8
BLACK
6
CONTINUOUS
10
6.1677911811023618
20
-4.9223688582677161
11
6.1676612992125985
21
-4.9217976771653547
0
LINE
8
BLACK
6
CONTINUOUS
10
6.1676612992125985
20
-4.9217976771653547
11
6.1676015748031494
21
-4.9216535039370077
0
LINE
8
BLACK
6
CONTINUOUS
10
6.1676015748031494
20
-4.9216535039370077
11
6.167580984251968
21
-4.9214444881889765
0
LINE
8
BLACK
6
CONTINUOUS
10
6.167580984251968
20
-4.9214444881889765
11
6.1675344881889762
21
-4.9212400000000001
0
LINE
8
BLACK
6
CONTINUOUS
10
6.1675344881889762
20
-4.9212400000000001
11
6.1675455118110234
21
-4.9210844881889759
0
LINE
8
BLACK
6
CONTINUOUS
10
6.1675455118110234
20
-4.9210844881889759
11
6.1674881102362207
21
-4.920501377952756
0
LINE
8
BLACK
6
CONTINUOUS
10
6.1674881102362207
20
-4.920501377952756
11
6.1674881102362207
21
-4.9148770866141733
0
LINE
8
BLACK
6
CONTINUOUS
10
6.1674881102362207
20
-4.9148770866141733
11
6.1675455118110234
21
-4.9142939370078738
0
LINE
8
BLACK
6
CONTINUOUS
10
6.1675455118110234
20
-4.9142939370078738
11
6.1675344881889762
21
-4.9141384645669293
0
LINE
8
BLACK
6
CONTINUOUS
10
6.1675344881889762
20
-4.9141384645669293
11
6.167580984251968
21
-4.9139339370078741
0
LINE
8
BLACK
6
CONTINUOUS
10
6.167580984251968
20
-4.9139339370078741
11
6.1676015748031494
21
-4.9137249606299216
0
LINE
8
BLACK
6
CONTINUOUS
10
6.1676015748031494
20
-4.9137249606299216
11
6.1676612992125985
21
-4.9135807480314959
0
LINE
8
BLACK
6
CONTINUOUS
10
6.1676612992125985
20
-4.9135807480314959
11
6.1677911811023618
21
-4.9130096062992124
0
LINE
8
BLACK
6
CONTINUOUS
10
6.1677911811023618
20
-4.9130096062992124
11
6.1706033070866138
21
-4.904573149606299
0
LINE
8
BLACK
6
CONTINUOUS
10
6.1706033070866138
20
-4.904573149606299
11
6.1710753149606301
21
-4.9035160236220472
0
LINE
8
BLACK
6
CONTINUOUS
10
6.1710753149606301
20
-4.9035160236220472
11
6.1712142913385826
21
-4.9033557480314958
0
LINE
8
BLACK
6
CONTINUOUS
10
6.1712142913385826
20
-4.9033557480314958
11
6.1712955118110235
21
-4.9031597244094485
0
LINE
8
BLACK
6
CONTINUOUS
10
6.1712955118110235
20
-4.9031597244094485
11
6.1720299606299207
21
-4.9022648031496061
0
LINE
8
BLACK
6
CONTINUOUS
10
6.1720299606299207
20
-4.9022648031496061
11
6.1748420866141727
21
-4.8994526771653542
0
LINE
8
BLACK
6
CONTINUOUS
10
6.1748420866141727
20
-4.8994526771653542
11
6.1757369685039372
21
-4.898718228346457
0
LINE
8
BLACK
6
CONTINUOUS
10
6.1757369685039372
20
-4.898718228346457
11
6.1766187401574806
21
-4.8983529921259841
0
LINE
8
BLACK
6
CONTINUOUS
10
6.1766187401574806
20
-4.8983529921259841
11
6.1778657874015748
21
-4.8978364566929136
0
LINE
8
BLACK
6
CONTINUOUS
10
6.1778657874015748
20
-4.8978364566929136
11
6.1790179133858265
21
-4.8977229921259839
0
LINE
8
BLACK
6
CONTINUOUS
10
6.1790179133858265
20
-4.8977229921259839
11
6.1987029527559052
21
-4.8977229921259839
0
LINE
8
BLACK
6
CONTINUOUS
10
6.1987029527559052
20
-4.8977229921259839
11
6.199855078740157
21
-4.8978364566929136
0
LINE
8
BLACK
6
CONTINUOUS
10
6.0914186220472439
20
-4.8809635039370081
11
6.0916145669291337
21
-4.8810446456692915
0
LINE
8
BLACK
6
CONTINUOUS
10
6.0916145669291337
20
-4.8810446456692915
11
6.091826299212598
21
-4.8810597244094485
0
LINE
8
BLACK
6
CONTINUOUS
10
6.091826299212598
20
-4.8810597244094485
11
6.0929075196850393
21
-4.8814735039370074
0
LINE
8
BLACK
6
CONTINUOUS
10
6.0929075196850393
20
-4.8814735039370074
11
6.0985318503937007
21
-4.8842856692913381
0
LINE
8
BLACK
6
CONTINUOUS
10
6.0985318503937007
20
-4.8842856692913381
11
6.0990277165354332
21
-4.8845977952755906
0
LINE
8
BLACK
6
CONTINUOUS
10
6.0990277165354332
20
-4.8845977952755906
11
6.099171771653543
21
-4.8846574803149609
0
LINE
8
BLACK
6
CONTINUOUS
10
6.099171771653543
20
-4.8846574803149609
11
6.0993338582677161
21
-4.8847905118110235
0
LINE
8
BLACK
6
CONTINUOUS
10
6.0993338582677161
20
-4.8847905118110235
11
6.0995116141732284
21
-4.884902401574803
0
LINE
8
BLACK
6
CONTINUOUS
10
6.0995116141732284
20
-4.884902401574803
11
6.0996138188976374
21
-4.8850202755905512
0
LINE
8
BLACK
6
CONTINUOUS
10
6.0996138188976374
20
-4.8850202755905512
11
6.1000666929133853
21
-4.8853919291338581
0
LINE
8
BLACK
6
CONTINUOUS
10
6.1000666929133853
20
-4.8853919291338581
11
6.1028788188976373
21
-4.8882040944881888
0
LINE
8
BLACK
6
CONTINUOUS
10
6.1028788188976373
20
-4.8882040944881888
11
6.1032503937007876
21
-4.8886568503937005
0
LINE
8
BLACK
6
CONTINUOUS
10
6.1032503937007876
20
-4.8886568503937005
11
6.1033682677165357
21
-4.8887590944881891
0
LINE
8
BLACK
6
CONTINUOUS
10
6.1033682677165357
20
-4.8887590944881891
11
6.1034800787401577
21
-4.8889367322834643
0
LINE
8
BLACK
6
CONTINUOUS
10
6.1034800787401577
20
-4.8889367322834643
11
6.1036132283464566
21
-4.8890989763779524
0
LINE
8
BLACK
6
CONTINUOUS
10
6.1036132283464566
20
-4.8890989763779524
11
6.1036728740157482
21
-4.8892430314960631
0
LINE
8
BLACK
6
CONTINUOUS
10
6.1036728740157482
20
-4.8892430314960631
11
6.1039849999999998
21
-4.8897388582677168
0
LINE
8
BLACK
6
CONTINUOUS
10
6.1039849999999998
20
-4.8897388582677168
11
6.1067971653543305
21
-4.8953631102362207
0
LINE
8
BLACK
6
CONTINUOUS
10
6.1067971653543305
20
-4.8953631102362207
11
6.1068294094488191
21
-4.8954474409448814
0
LINE
8
BLACK
6
CONTINUOUS
10
6.1068294094488191
20
-4.8954474409448814
11
6.1068548031496066
21
-4.8954816929133855
0
LINE
8
BLACK
6
CONTINUOUS
10
6.1068548031496066
20
-4.8954816929133855
11
6.1070274015748032
21
-4.8959648031496066
0
LINE
8
BLACK
6
CONTINUOUS
10
6.1070274015748032
20
-4.8959648031496066
11
6.1072109055118107
21
-4.8964443700787399
0
LINE
8
BLACK
6
CONTINUOUS
10
6.1072109055118107
20
-4.8964443700787399
11
6.107213897637795
21
-4.8964868897637794
0
LINE
8
BLACK
6
CONTINUOUS
10
6.107213897637795
20
-4.8964868897637794
11
6.1072442913385823
21
-4.8965718897637798
0
LINE
8
BLACK
6
CONTINUOUS
10
6.1072442913385823
20
-4.8965718897637798
11
6.109899133858268
21
-4.9071914566929129
0
LINE
8
BLACK
6
CONTINUOUS
10
6.109899133858268
20
-4.9071914566929129
11
6.1119928740157476
21
-4.9113788976377952
0
LINE
8
BLACK
6
CONTINUOUS
10
6.1119928740157476
20
-4.9113788976377952
11
6.1134497637795278
21
-4.9128357480314957
0
LINE
8
BLACK
6
CONTINUOUS
10
6.1134497637795278
20
-4.9128357480314957
11
6.1169699212598427
21
-4.9145958267716532
0
LINE
8
BLACK
6
CONTINUOUS
10
6.1169699212598427
20
-4.9145958267716532
11
6.1198060629921258
21
-4.9145958267716532
0
LINE
8
BLACK
6
CONTINUOUS
10
6.1198060629921258
20
-4.9145958267716532
11
6.123326181102362
21
-4.9128357480314957
0
LINE
8
BLACK
6
CONTINUOUS
10
6.123326181102362
20
-4.9128357480314957
11
6.1247830708661413
21
-4.9113788582677165
0
LINE
8
BLACK
6
CONTINUOUS
10
6.1247830708661413
20
-4.9113788582677165
11
6.1265432283464563
21
-4.907858622047244
0
LINE
8
BLACK
6
CONTINUOUS
10
6.1265432283464563
20
-4.907858622047244
11
6.1265432283464563
21
-4.8961503543307083
0
LINE
8
BLACK
6
CONTINUOUS
10
6.1265432283464563
20
-4.8961503543307083
11
6.1240341338582676
21
-4.8886230314960626
0
LINE
8
BLACK
6
CONTINUOUS
10
6.1240341338582676
20
-4.8886230314960626
11
6.123777440944882
21
-4.8874941732283466
0
LINE
8
BLACK
6
CONTINUOUS
10
6.123777440944882
20
-4.8874941732283466
11
6.1239407874015743
21
-4.8851957480314958
0
LINE
8
BLACK
6
CONTINUOUS
10
6.1239407874015743
20
-4.8851957480314958
11
6.1249712204724407
21
-4.8831348425196852
0
LINE
8
BLACK
6
CONTINUOUS
10
6.1249712204724407
20
-4.8831348425196852
11
6.1267119685039368
21
-4.8816250787401572
0
LINE
8
BLACK
6
CONTINUOUS
10
6.1267119685039368
20
-4.8816250787401572
11
6.1288979527559055
21
-4.8808964173228349
0
LINE
8
BLACK
6
CONTINUOUS
10
6.1288979527559055
20
-4.8808964173228349
11
6.1311963779527554
21
-4.8810597637795272
0
LINE
8
BLACK
6
CONTINUOUS
10
6.1311963779527554
20
-4.8810597637795272
11
6.1332572834645669
21
-4.8820901968503936
0
LINE
8
BLACK
6
CONTINUOUS
10
6.1332572834645669
20
-4.8820901968503936
11
6.1347670472440941
21
-4.8838309448818897
0
LINE
8
BLACK
6
CONTINUOUS
10
6.1347670472440941
20
-4.8838309448818897
11
6.1352390157480317
21
-4.8848880708661415
0
LINE
8
BLACK
6
CONTINUOUS
10
6.1352390157480317
20
-4.8848880708661415
11
6.1380511811023624
21
-4.8933244881889761
0
LINE
8
BLACK
6
CONTINUOUS
10
6.1380511811023624
20
-4.8933244881889761
11
6.1381810629921256
21
-4.8938957086614172
0
LINE
8
BLACK
6
CONTINUOUS
10
6.1381810629921256
20
-4.8938957086614172
11
6.1382407874015747
21
-4.8940398818897632
0
LINE
8
BLACK
6
CONTINUOUS
10
6.1382407874015747
20
-4.8940398818897632
11
6.1382613385826774
21
-4.8942488582677166
0
LINE
8
BLACK
6
CONTINUOUS
10
6.1382613385826774
20
-4.8942488582677166
11
6.138307874015748
21
-4.8944533858267718
0
LINE
8
BLACK
6
CONTINUOUS
10
6.138307874015748
20
-4.8944533858267718
11
6.138296811023622
21
-4.8946088582677163
0
LINE
8
BLACK
6
CONTINUOUS
10
6.138296811023622
20
-4.8946088582677163
11
6.1383542519685035
21
-4.8951920078740159
0
LINE
8
BLACK
6
CONTINUOUS
10
6.1383542519685035
20
-4.8951920078740159
11
6.1383542519685035
21
-4.9092527559055119
0
LINE
8
BLACK
6
CONTINUOUS
10
6.1383542519685035
20
-4.9092527559055119
11
6.1382407874015747
21
-4.9104048818897637
0
LINE
8
BLACK
6
CONTINUOUS
10
6.1382407874015747
20
-4.9104048818897637
11
6.138159527559055
21
-4.9106009448818897
0
LINE
8
BLACK
6
CONTINUOUS
10
6.138159527559055
20
-4.9106009448818897
11
6.1381445275590547
21
-4.9108125590551177
0
LINE
8
BLACK
6
CONTINUOUS
10
6.1381445275590547
20
-4.9108125590551177
11
6.1377307874015745
21
-4.9118938188976378
0
LINE
8
BLACK
6
CONTINUOUS
10
6.1377307874015745
20
-4.9118938188976378
11
6.1349186220472438
21
-4.9175180708661417
0
LINE
8
BLACK
6
CONTINUOUS
10
6.1349186220472438
20
-4.9175180708661417
11
6.1346064960629922
21
-4.9180138582677166
0
LINE
8
BLACK
6
CONTINUOUS
10
6.1346064960629922
20
-4.9180138582677166
11
6.1345468503937006
21
-4.9181579527559052
0
LINE
8
BLACK
6
CONTINUOUS
10
6.1345468503937006
20
-4.9181579527559052
11
6.1344137007874018
21
-4.9183201574803146
0
LINE
8
BLACK
6
CONTINUOUS
10
6.1344137007874018
20
-4.9183201574803146
11
6.1343018897637798
21
-4.9184978346456694
0
LINE
8
BLACK
6
CONTINUOUS
10
6.1343018897637798
20
-4.9184978346456694
11
6.1341840157480316
21
-4.9186000393700784
0
LINE
8
BLACK
6
CONTINUOUS
10
6.1341840157480316
20
-4.9186000393700784
11
6.1338124409448813
21
-4.9190528346456688
0
LINE
8
BLACK
6
CONTINUOUS
10
6.1338124409448813
20
-4.9190528346456688
11
6.1310003149606294
21
-4.9218649999999995
0
LINE
8
BLACK
6
CONTINUOUS
10
6.1310003149606294
20
-4.9218649999999995
11
6.1305474409448815
21
-4.9222366141732286
0
LINE
8
BLACK
6
CONTINUOUS
10
6.1305474409448815
20
-4.9222366141732286
11
6.1304452362204724
21
-4.9223545275590554
0
LINE
8
BLACK
6
CONTINUOUS
10
6.1304452362204724
20
-4.9223545275590554
11
6.1302674803149602
21
-4.9224663779527562
0
LINE
8
BLACK
6
CONTINUOUS
10
6.1302674803149602
20
-4.9224663779527562
11
6.130105393700787
21
-4.9225994488188975
0
LINE
8
BLACK
6
CONTINUOUS
10
6.130105393700787
20
-4.9225994488188975
11
6.1299613385826772
21
-4.9226590944881892
0
LINE
8
BLACK
6
CONTINUOUS
10
6.1299613385826772
20
-4.9226590944881892
11
6.1294654724409448
21
-4.9229712598425195
0
LINE
8
BLACK
6
CONTINUOUS
10
6.1294654724409448
20
-4.9229712598425195
11
6.1238411811023621
21
-4.9257833858267714
0
LINE
8
BLACK
6
CONTINUOUS
10
6.1238411811023621
20
-4.9257833858267714
11
6.122759921259842
21
-4.9261971653543304
0
LINE
8
BLACK
6
CONTINUOUS
10
6.122759921259842
20
-4.9261971653543304
11
6.1225482677165353
21
-4.9262121653543307
0
LINE
8
BLACK
6
CONTINUOUS
10
6.1225482677165353
20
-4.9262121653543307
11
6.1223522834645667
21
-4.9262933858267717
0
LINE
8
BLACK
6
CONTINUOUS
10
6.1223522834645667
20
-4.9262933858267717
11
6.121200157480315
21
-4.9264068503937004
0
LINE
8
BLACK
6
CONTINUOUS
10
6.121200157480315
20
-4.9264068503937004
11
6.1155758661417323
21
-4.9264068503937004
0
LINE
8
BLACK
6
CONTINUOUS
10
6.1155758661417323
20
-4.9264068503937004
11
6.1144237401574806
21
-4.9262933858267717
0
LINE
8
BLACK
6
CONTINUOUS
10
6.1144237401574806
20
-4.9262933858267717
11
6.1142277165354333
21
-4.9262121653543307
0
LINE
8
BLACK
6
CONTINUOUS
10
6.1142277165354333
20
-4.9262121653543307
11
6.1140161023622044
21
-4.9261971653543304
0
LINE
8
BLACK
6
CONTINUOUS
10
6.1140161023622044
20
-4.9261971653543304
11
6.112934881889764
21
-4.9257834251968502
0
LINE
8
BLACK
6
CONTINUOUS
10
6.112934881889764
20
-4.9257834251968502
11
6.1073105511811026
21
-4.9229712598425195
0
LINE
8
BLACK
6
CONTINUOUS
10
6.1073105511811026
20
-4.9229712598425195
11
6.1068146062992126
21
-4.9226590944881892
0
LINE
8
BLACK
6
CONTINUOUS
10
6.1068146062992126
20
-4.9226590944881892
11
6.1066705905511807
21
-4.9225994488188975
0
LINE
8
BLACK
6
CONTINUOUS
10
6.1066705905511807
20
-4.9225994488188975
11
6.1065085039370075
21
-4.922466417322835
0
LINE
8
BLACK
6
CONTINUOUS
10
6.1065085039370075
20
-4.922466417322835
11
6.1063307874015749
21
-4.9223545669291333
0
LINE
8
BLACK
6
CONTINUOUS
10
6.1063307874015749
20
-4.9223545669291333
11
6.1062285039370074
21
-4.9222366141732286
0
LINE
8
BLACK
6
CONTINUOUS
10
6.1062285039370074
20
-4.9222366141732286
11
6.1057756692913383
21
-4.9218649999999995
0
LINE
8
BLACK
6
CONTINUOUS
10
6.1057756692913383
20
-4.9218649999999995
11
6.1029635433070863
21
-4.9190528346456688
0
LINE
8
BLACK
6
CONTINUOUS
10
6.1029635433070863
20
-4.9190528346456688
11
6.1025919685039369
21
-4.9186000787401571
0
LINE
8
BLACK
6
CONTINUOUS
10
6.1025919685039369
20
-4.9186000787401571
11
6.1024740944881888
21
-4.9184978346456694
0
LINE
8
BLACK
6
CONTINUOUS
10
6.1024740944881888
20
-4.9184978346456694
11
6.1023621653543305
21
-4.9183199999999996
0
LINE
8
BLACK
6
CONTINUOUS
10
6.1023621653543305
20
-4.9183199999999996
11
6.1022291338582679
21
-4.9181579133858264
0
LINE
8
BLACK
6
CONTINUOUS
10
6.1022291338582679
20
-4.9181579133858264
11
6.1021694881889763
21
-4.9180139370078741
0
LINE
8
BLACK
6
CONTINUOUS
10
6.1021694881889763
20
-4.9180139370078741
11
6.1018573622047239
21
-4.9175180708661417
0
LINE
8
BLACK
6
CONTINUOUS
10
6.1018573622047239
20
-4.9175180708661417
11
6.0990451968503931
21
-4.911893779527559
0
LINE
8
BLACK
6
CONTINUOUS
10
6.0990451968503931
20
-4.911893779527559
11
6.0990129133858266
21
-4.9118094881889762
0
LINE
8
BLACK
6
CONTINUOUS
10
6.0990129133858266
20
-4.9118094881889762
11
6.0989875590551179
21
-4.9117752362204721
0
LINE
8
BLACK
6
CONTINUOUS
10
6.0989875590551179
20
-4.9117752362204721
11
6.0988148425196851
21
-4.9112918503937006
0
LINE
8
BLACK
6
CONTINUOUS
10
6.0988148425196851
20
-4.9112918503937006
11
6.098631456692913
21
-4.9108125590551177
0
LINE
8
BLACK
6
CONTINUOUS
10
6.098631456692913
20
-4.9108125590551177
11
6.0986284251968499
21
-4.9107700000000003
0
LINE
8
BLACK
6
CONTINUOUS
10
6.0986284251968499
20
-4.9107700000000003
11
6.0985980708661414
21
-4.9106850393700787
0
LINE
8
BLACK
6
CONTINUOUS
10
6.0985980708661414
20
-4.9106850393700787
11
6.095943149606299
21
-4.900065433070866
0
LINE
8
BLACK
6
CONTINUOUS
10
6.095943149606299
20
-4.900065433070866
11
6.0938494488188972
21
-4.8958780314960633
0
LINE
8
BLACK
6
CONTINUOUS
10
6.0938494488188972
20
-4.8958780314960633
11
6.0923925984251968
21
-4.8944211417322832
0
LINE
8
BLACK
6
CONTINUOUS
10
6.0923925984251968
20
-4.8944211417322832
11
6.088872401574803
21
-4.8926610629921257
0
LINE
8
BLACK
6
CONTINUOUS
10
6.088872401574803
20
-4.8926610629921257
11
6.0860362992125987
21
-4.8926610629921257
0
LINE
8
BLACK
6
CONTINUOUS
10
6.0860362992125987
20
-4.8926610629921257
11
6.082516102362205
21
-4.8944211417322832
0
LINE
8
BLACK
6
CONTINUOUS
10
6.082516102362205
20
-4.8944211417322832
11
6.0810592519685036
21
-4.8958779921259845
0
LINE
8
BLACK
6
CONTINUOUS
10
6.0810592519685036
20
-4.8958779921259845
11
6.0792991338582674
21
-4.8993982677165357
0
LINE
8
BLACK
6
CONTINUOUS
10
6.0792991338582674
20
-4.8993982677165357
11
6.0792991338582674
21
-4.9111065748031493
0
LINE
8
BLACK
6
CONTINUOUS
10
6.0792991338582674
20
-4.9111065748031493
11
6.081808228346457
21
-4.9186338188976375
0
LINE
8
BLACK
6
CONTINUOUS
10
6.081808228346457
20
-4.9186338188976375
11
6.0820649212598425
21
-4.9197627165354332
0
LINE
8
BLACK
6
CONTINUOUS
10
6.0820649212598425
20
-4.9197627165354332
11
6.0819015748031493
21
-4.922061141732283
0
LINE
8
BLACK
6
CONTINUOUS
10
6.0819015748031493
20
-4.922061141732283
11
6.0808711417322829
21
-4.9241220472440945
0
LINE
8
BLACK
6
CONTINUOUS
10
6.0808711417322829
20
-4.9241220472440945
11
6.0791303937007877
21
-4.9256318110236217
0
LINE
8
BLACK
6
CONTINUOUS
10
6.0791303937007877
20
-4.9256318110236217
11
6.076944409448819
21
-4.9263604724409449
0
LINE
8
BLACK
6
CONTINUOUS
10
6.076944409448819
20
-4.9263604724409449
11
6.0746459842519682
21
-4.9261971259842516
0
LINE
8
BLACK
6
CONTINUOUS
10
6.0746459842519682
20
-4.9261971259842516
11
6.0725850787401576
21
-4.9251666535433074
0
LINE
8
BLACK
6
CONTINUOUS
10
6.0725850787401576
20
-4.9251666535433074
11
6.0710753149606296
21
-4.92342594488189
0
LINE
8
BLACK
6
CONTINUOUS
10
6.0710753149606296
20
-4.92342594488189
11
6.0706033464566929
21
-4.9223688188976373
0
LINE
8
BLACK
6
CONTINUOUS
10
6.0706033464566929
20
-4.9223688188976373
11
6.0677911811023622
21
-4.9139324409448815
0
LINE
8
BLACK
6
CONTINUOUS
10
6.0677911811023622
20
-4.9139324409448815
11
6.0676612598425193
21
-4.9133611811023625
0
LINE
8
BLACK
6
CONTINUOUS
10
6.0676612598425193
20
-4.9133611811023625
11
6.0676015748031498
21
-4.9132170472440944
0
LINE
8
BLACK
6
CONTINUOUS
10
6.0676015748031498
20
-4.9132170472440944
11
6.0675809842519683
21
-4.9130080314960631
0
LINE
8
BLACK
6
CONTINUOUS
10
6.0675809842519683
20
-4.9130080314960631
11
6.0675344881889766
21
-4.9128035433070867
0
LINE
8
BLACK
6
CONTINUOUS
10
6.0675344881889766
20
-4.9128035433070867
11
6.0675455118110238
21
-4.9126480314960626
0
LINE
8
BLACK
6
CONTINUOUS
10
6.0675455118110238
20
-4.9126480314960626
11
6.0674881102362201
21
-4.9120649212598426
0
LINE
8
BLACK
6
CONTINUOUS
10
6.0674881102362201
20
-4.9120649212598426
11
6.0674881102362201
21
-4.8980041732283466
0
LINE
8
BLACK
6
CONTINUOUS
10
6.0674881102362201
20
-4.8980041732283466
11
6.0676015748031498
21
-4.896852047244094
0
LINE
8
BLACK
6
CONTINUOUS
10
6.0676015748031498
20
-4.896852047244094
11
6.0676827952755907
21
-4.89665594488189
0
LINE
8
BLACK
6
CONTINUOUS
10
6.0676827952755907
20
-4.89665594488189
11
6.0676978346456689
21
-4.8964443700787399
0
LINE
8
BLACK
6
CONTINUOUS
10
6.0676978346456689
20
-4.8964443700787399
11
6.0681115748031491
21
-4.8953631496062995
0
LINE
8
BLACK
6
CONTINUOUS
10
6.0681115748031491
20
-4.8953631496062995
11
6.0709237401574798
21
-4.8897388582677168
0
LINE
8
BLACK
6
CONTINUOUS
10
6.0709237401574798
20
-4.8897388582677168
11
6.0712358661417323
21
-4.8892429527559056
0
LINE
8
BLACK
6
CONTINUOUS
10
6.0712358661417323
20
-4.8892429527559056
11
6.0712955118110239
21
-4.8890990157480312
0
LINE
8
BLACK
6
CONTINUOUS
10
6.0712955118110239
20
-4.8890990157480312
11
6.0714285433070865
21
-4.8889368897637793
0
LINE
8
BLACK
6
CONTINUOUS
10
6.0714285433070865
20
-4.8889368897637793
11
6.0715404724409447
21
-4.8887590944881891
0
LINE
8
BLACK
6
CONTINUOUS
10
6.0715404724409447
20
-4.8887590944881891
11
6.0716583464566929
21
-4.8886568110236217
0
LINE
8
BLACK
6
CONTINUOUS
10
6.0716583464566929
20
-4.8886568110236217
11
6.0720299212598423
21
-4.8882040944881888
0
LINE
8
BLACK
6
CONTINUOUS
10
6.0720299212598423
20
-4.8882040944881888
11
6.0748420472440943
21
-4.8853919291338581
0
LINE
8
BLACK
6
CONTINUOUS
10
6.0748420472440943
20
-4.8853919291338581
11
6.0752948425196847
21
-4.8850202755905512
0
LINE
8
BLACK
6
CONTINUOUS
10
6.0752948425196847
20
-4.8850202755905512
11
6.0753971259842521
21
-4.884902401574803
0
LINE
8
BLACK
6
CONTINUOUS
10
6.0753971259842521
20
-4.884902401574803
11
6.0755748425196847
21
-4.8847905118110235
0
LINE
8
BLACK
6
CONTINUOUS
10
6.0755748425196847
20
-4.8847905118110235
11
6.0757369685039366
21
-4.8846574803149609
0
LINE
8
BLACK
6
CONTINUOUS
10
6.0757369685039366
20
-4.8846574803149609
11
6.0758809448818898
21
-4.8845977952755906
0
LINE
8
BLACK
6
CONTINUOUS
10
6.0758809448818898
20
-4.8845977952755906
11
6.0763768897637798
21
-4.8842856692913381
0
LINE
8
BLACK
6
CONTINUOUS
10
6.0763768897637798
20
-4.8842856692913381
11
6.0820011417322837
21
-4.8814735039370074
0
LINE
8
BLACK
6
CONTINUOUS
10
6.0820011417322837
20
-4.8814735039370074
11
6.0830824015748028
21
-4.8810597637795272
0
LINE
8
BLACK
6
CONTINUOUS
10
6.0830824015748028
20
-4.8810597637795272
11
6.083293976377953
21
-4.881044724409449
0
LINE
8
BLACK
6
CONTINUOUS
10
6.083293976377953
20
-4.881044724409449
11
6.0834900787401569
21
-4.8809635039370081
0
LINE
8
BLACK
6
CONTINUOUS
10
6.0834900787401569
20
-4.8809635039370081
11
6.0846422047244095
21
-4.8808500393700784
0
LINE
8
BLACK
6
CONTINUOUS
10
6.0846422047244095
20
-4.8808500393700784
11
6.0902664960629922
21
-4.8808500393700784
0
LINE
8
BLACK
6
CONTINUOUS
10
6.0902664960629922
20
-4.8808500393700784
11
6.0914186220472439
21
-4.8809635039370081
0
LINE
8
BLACK
6
CONTINUOUS
10
6.3898550787401573
20
-4.8737755905511806
11
6.3900511417322834
21
-4.8738568110236216
0
LINE
8
BLACK
6
CONTINUOUS
10
6.3900511417322834
20
-4.8738568110236216
11
6.3902627559055114
21
-4.8738718503937006
0
LINE
8
BLACK
6
CONTINUOUS
10
6.3902627559055114
20
-4.8738718503937006
11
6.3913439763779527
21
-4.8742855905511808
0
LINE
8
BLACK
6
CONTINUOUS
10
6.3913439763779527
20
-4.8742855905511808
11
6.3969682677165354
21
-4.8770977559055115
0
LINE
8
BLACK
6
CONTINUOUS
10
6.3969682677165354
20
-4.8770977559055115
11
6.3974640551181103
21
-4.8774098425196852
0
LINE
8
BLACK
6
CONTINUOUS
10
6.3974640551181103
20
-4.8774098425196852
11
6.3976081496062989
21
-4.8774695275590547
0
LINE
8
BLACK
6
CONTINUOUS
10
6.3976081496062989
20
-4.8774695275590547
11
6.3977703149606295
21
-4.8776026377952757
0
LINE
8
BLACK
6
CONTINUOUS
10
6.3977703149606295
20
-4.8776026377952757
11
6.3979480314960631
21
-4.8777144881889765
0
LINE
8
BLACK
6
CONTINUOUS
10
6.3979480314960631
20
-4.8777144881889765
11
6.3980502362204721
21
-4.8778323228346459
0
LINE
8
BLACK
6
CONTINUOUS
10
6.3980502362204721
20
-4.8778323228346459
11
6.3985030708661412
21
-4.8782039763779528
0
LINE
8
BLACK
6
CONTINUOUS
10
6.3985030708661412
20
-4.8782039763779528
11
6.4013152362204719
21
-4.8810161417322835
0
LINE
8
BLACK
6
CONTINUOUS
10
6.4013152362204719
20
-4.8810161417322835
11
6.4016869291338585
21
-4.8814690551181101
0
LINE
8
BLACK
6
CONTINUOUS
10
6.4016869291338585
20
-4.8814690551181101
11
6.4018047244094483
21
-4.8815712204724404
0
LINE
8
BLACK
6
CONTINUOUS
10
6.4018047244094483
20
-4.8815712204724404
11
6.4019164566929136
21
-4.8817487401574802
0
LINE
8
BLACK
6
CONTINUOUS
10
6.4019164566929136
20
-4.8817487401574802
11
6.40204968503937
21
-4.8819110629921258
0
LINE
8
BLACK
6
CONTINUOUS
10
6.40204968503937
20
-4.8819110629921258
11
6.4021093700787404
21
-4.882055196850394
0
LINE
8
BLACK
6
CONTINUOUS
10
6.4021093700787404
20
-4.882055196850394
11
6.4024214566929132
21
-4.8825509448818893
0
LINE
8
BLACK
6
CONTINUOUS
10
6.4024214566929132
20
-4.8825509448818893
11
6.4047495669291337
21
-4.8872072834645666
0
LINE
8
BLACK
6
CONTINUOUS
10
6.4047495669291337
20
-4.8872072834645666
11
6.4185599212598428
21
-4.8751233070866142
0
LINE
8
BLACK
6
CONTINUOUS
10
6.4185599212598428
20
-4.8751233070866142
11
6.419057913385827
21
-4.874767244094488
0
LINE
8
BLACK
6
CONTINUOUS
10
6.419057913385827
20
-4.874767244094488
11
6.4191677952755901
21
-4.8746574015748028
0
LINE
8
BLACK
6
CONTINUOUS
10
6.4191677952755901
20
-4.8746574015748028
11
6.4192718897637793
21
-4.8746142519685041
0
LINE
8
BLACK
6
CONTINUOUS
10
6.4192718897637793
20
-4.8746142519685041
11
6.4195016929133857
21
-4.8744499999999995
0
LINE
8
BLACK
6
CONTINUOUS
10
6.4195016929133857
20
-4.8744499999999995
11
6.4204103149606295
21
-4.874142677165354
0
LINE
8
BLACK
6
CONTINUOUS
10
6.4204103149606295
20
-4.874142677165354
11
6.4212966141732286
21
-4.8737755905511806
0
LINE
8
BLACK
6
CONTINUOUS
10
6.4212966141732286
20
-4.8737755905511806
11
6.4214959055118106
21
-4.8737755905511806
0
LINE
8
BLACK
6
CONTINUOUS
10
6.4214959055118106
20
-4.8737755905511806
11
6.4216844881889763
21
-4.8737118110236217
0
LINE
8
BLACK
6
CONTINUOUS
10
6.4216844881889763
20
-4.8737118110236217
11
6.422641181102362
21
-4.8737755905511806
0
LINE
8
BLACK
6
CONTINUOUS
10
6.422641181102362
20
-4.8737755905511806
11
6.4236008661417321
21
-4.8737755905511806
0
LINE
8
BLACK
6
CONTINUOUS
10
6.4236008661417321
20
-4.8737755905511806
11
6.4237849212598421
21
-4.8738518110236217
0
LINE
8
BLACK
6
CONTINUOUS
10
6.4237849212598421
20
-4.8738518110236217
11
6.4239835433070862
21
-4.873865078740157
0
LINE
8
BLACK
6
CONTINUOUS
10
6.4239835433070862
20
-4.873865078740157
11
6.4248431889763777
21
-4.874290196850394
0
LINE
8
BLACK
6
CONTINUOUS
10
6.4248431889763777
20
-4.874290196850394
11
6.4257296850393697
21
-4.8746574015748028
0
LINE
8
BLACK
6
CONTINUOUS
10
6.4257296850393697
20
-4.8746574015748028
11
6.4258704724409448
21
-4.8747981889763778
0
LINE
8
BLACK
6
CONTINUOUS
10
6.4258704724409448
20
-4.8747981889763778
11
6.4260490157480312
21
-4.8748864960629916
0
LINE
8
BLACK
6
CONTINUOUS
10
6.4260490157480312
20
-4.8748864960629916
11
6.4266806299212593
21
-4.8756083464566924
0
LINE
8
BLACK
6
CONTINUOUS
10
6.4266806299212593
20
-4.8756083464566924
11
6.4273589763779526
21
-4.8762866929133857
0
LINE
8
BLACK
6
CONTINUOUS
10
6.4273589763779526
20
-4.8762866929133857
11
6.4274351968503938
21
-4.876470708661417
0
LINE
8
BLACK
6
CONTINUOUS
10
6.4274351968503938
20
-4.876470708661417
11
6.4275663779527559
21
-4.87662062992126
0
LINE
8
BLACK
6
CONTINUOUS
10
6.4275663779527559
20
-4.87662062992126
11
6.4278735826771651
21
-4.8775290944881888
0
LINE
8
BLACK
6
CONTINUOUS
10
6.4278735826771651
20
-4.8775290944881888
11
6.4282407874015748
21
-4.8784155118110233
0
LINE
8
BLACK
6
CONTINUOUS
10
6.4282407874015748
20
-4.8784155118110233
11
6.428268464566929
21
-4.8786966535433072
0
LINE
8
BLACK
6
CONTINUOUS
10
6.428268464566929
20
-4.8786966535433072
11
6.4283045669291337
21
-4.8788033858267719
0
LINE
8
BLACK
6
CONTINUOUS
10
6.4283045669291337
20
-4.8788033858267719
11
6.4282942125984253
21
-4.8789582677165351
0
LINE
8
BLACK
6
CONTINUOUS
10
6.4282942125984253
20
-4.8789582677165351
11
6.4283542519685035
21
-4.8795676377952759
0
LINE
8
BLACK
6
CONTINUOUS
10
6.4283542519685035
20
-4.8795676377952759
11
6.4283542519685035
21
-4.9161255905511814
0
LINE
8
BLACK
6
CONTINUOUS
10
6.4283542519685035
20
-4.9161255905511814
11
6.4282407874015748
21
-4.9172777165354331
0
LINE
8
BLACK
6
CONTINUOUS
10
6.4282407874015748
20
-4.9172777165354331
11
6.4273589763779526
21
-4.9194065354330707
0
LINE
8
BLACK
6
CONTINUOUS
10
6.4273589763779526
20
-4.9194065354330707
11
6.4257296850393697
21
-4.9210358267716536
0
LINE
8
BLACK
6
CONTINUOUS
10
6.4257296850393697
20
-4.9210358267716536
11
6.4236008661417321
21
-4.9219176377952758
0
LINE
8
BLACK
6
CONTINUOUS
10
6.4236008661417321
20
-4.9219176377952758
11
6.4212966141732286
21
-4.9219176377952758
0
LINE
8
BLACK
6
CONTINUOUS
10
6.4212966141732286
20
-4.9219176377952758
11
6.4191677952755901
21
-4.9210358267716536
0
LINE
8
BLACK
6
CONTINUOUS
10
6.4191677952755901
20
-4.9210358267716536
11
6.4175385039370081
21
-4.9194065354330707
0
LINE
8
BLACK
6
CONTINUOUS
10
6.4175385039370081
20
-4.9194065354330707
11
6.4166566929133859
21
-4.9172777165354331
0
LINE
8
BLACK
6
CONTINUOUS
10
6.4166566929133859
20
-4.9172777165354331
11
6.4165432283464563
21
-4.9161255905511814
0
LINE
8
BLACK
6
CONTINUOUS
10
6.4165432283464563
20
-4.9161255905511814
11
6.4165432283464563
21
-4.8925820078740152
0
LINE
8
BLACK
6
CONTINUOUS
10
6.4165432283464563
20
-4.8925820078740152
11
6.4038403543307085
21
-4.9036970472440942
0
LINE
8
BLACK
6
CONTINUOUS
10
6.4038403543307085
20
-4.9036970472440942
11
6.4033422834645668
21
-4.9040530708661416
0
LINE
8
BLACK
6
CONTINUOUS
10
6.4033422834645668
20
-4.9040530708661416
11
6.4032324803149603
21
-4.9041629133858269
0
LINE
8
BLACK
6
CONTINUOUS
10
6.4032324803149603
20
-4.9041629133858269
11
6.4031283070866136
21
-4.9042060629921256
0
LINE
8
BLACK
6
CONTINUOUS
10
6.4031283070866136
20
-4.9042060629921256
11
6.4028985433070869
21
-4.9043703149606301
0
LINE
8
BLACK
6
CONTINUOUS
10
6.4028985433070869
20
-4.9043703149606301
11
6.4019898031496059
21
-4.9046776377952757
0
LINE
8
BLACK
6
CONTINUOUS
10
6.4019898031496059
20
-4.9046776377952757
11
6.4011036614173227
21
-4.9050447244094491
0
LINE
8
BLACK
6
CONTINUOUS
10
6.4011036614173227
20
-4.9050447244094491
11
6.4009044881889761
21
-4.9050447244094491
0
LINE
8
BLACK
6
CONTINUOUS
10
6.4009044881889761
20
-4.9050447244094491
11
6.400715787401575
21
-4.9051085433070867
0
LINE
8
BLACK
6
CONTINUOUS
10
6.400715787401575
20
-4.9051085433070867
11
6.3997587401574805
21
-4.9050447244094491
0
LINE
8
BLACK
6
CONTINUOUS
10
6.3997587401574805
20
-4.9050447244094491
11
6.3987994094488183
21
-4.9050447244094491
0
LINE
8
BLACK
6
CONTINUOUS
10
6.3987994094488183
20
-4.9050447244094491
11
6.3986153149606295
21
-4.9049684645669291
0
LINE
8
BLACK
6
CONTINUOUS
10
6.3986153149606295
20
-4.9049684645669291
11
6.3984167322834642
21
-4.9049552362204727
0
LINE
8
BLACK
6
CONTINUOUS
10
6.3984167322834642
20
-4.9049552362204727
11
6.3975570472440939
21
-4.9045300787401578
0
LINE
8
BLACK
6
CONTINUOUS
10
6.3975570472440939
20
-4.9045300787401578
11
6.3966705905511807
21
-4.9041629133858269
0
LINE
8
BLACK
6
CONTINUOUS
10
6.3966705905511807
20
-4.9041629133858269
11
6.3965297637795278
21
-4.904022086614173
0
LINE
8
BLACK
6
CONTINUOUS
10
6.3965297637795278
20
-4.904022086614173
11
6.3963512598425192
21
-4.903933818897638
0
LINE
8
BLACK
6
CONTINUOUS
10
6.3963512598425192
20
-4.903933818897638
11
6.3957196062992123
21
-4.9032119291338585
0
LINE
8
BLACK
6
CONTINUOUS
10
6.3957196062992123
20
-4.9032119291338585
11
6.3950412992125987
21
-4.902533622047244
0
LINE
8
BLACK
6
CONTINUOUS
10
6.3950412992125987
20
-4.902533622047244
11
6.3949650393700788
21
-4.9023495669291339
0
LINE
8
BLACK
6
CONTINUOUS
10
6.3949650393700788
20
-4.9023495669291339
11
6.3948338976377954
21
-4.9021996850393696
0
LINE
8
BLACK
6
CONTINUOUS
10
6.3948338976377954
20
-4.9021996850393696
11
6.3945265354330711
21
-4.9012909448818895
0
LINE
8
BLACK
6
CONTINUOUS
10
6.3945265354330711
20
-4.9012909448818895
11
6.3941594881889765
21
-4.9004048031496064
0
LINE
8
BLACK
6
CONTINUOUS
10
6.3941594881889765
20
-4.9004048031496064
11
6.3941318110236223
21
-4.9001237795275587
0
LINE
8
BLACK
6
CONTINUOUS
10
6.3941318110236223
20
-4.9001237795275587
11
6.3940956692913389
21
-4.9000169291338578
0
LINE
8
BLACK
6
CONTINUOUS
10
6.3940956692913389
20
-4.9000169291338578
11
6.3941059842519685
21
-4.8998618110236221
0
LINE
8
BLACK
6
CONTINUOUS
10
6.3941059842519685
20
-4.8998618110236221
11
6.3940460236220469
21
-4.8992526771653546
0
LINE
8
BLACK
6
CONTINUOUS
10
6.3940460236220469
20
-4.8992526771653546
11
6.3940460236220469
21
-4.8922103149606295
0
LINE
8
BLACK
6
CONTINUOUS
10
6.3940460236220469
20
-4.8922103149606295
11
6.3922859055118106
21
-4.8886901181102358
0
LINE
8
BLACK
6
CONTINUOUS
10
6.3922859055118106
20
-4.8886901181102358
11
6.3908290551181102
21
-4.8872332677165353
0
LINE
8
BLACK
6
CONTINUOUS
10
6.3908290551181102
20
-4.8872332677165353
11
6.3873088582677164
21
-4.8854731496062991
0
LINE
8
BLACK
6
CONTINUOUS
10
6.3873088582677164
20
-4.8854731496062991
11
6.3760362992125978
21
-4.8854731496062991
0
LINE
8
BLACK
6
CONTINUOUS
10
6.3760362992125978
20
-4.8854731496062991
11
6.372516102362205
21
-4.8872332283464566
0
LINE
8
BLACK
6
CONTINUOUS
10
6.372516102362205
20
-4.8872332283464566
11
6.3710592519685036
21
-4.888690078740157
0
LINE
8
BLACK
6
CONTINUOUS
10
6.3710592519685036
20
-4.888690078740157
11
6.3692991338582674
21
-4.8922103543307083
0
LINE
8
BLACK
6
CONTINUOUS
10
6.3692991338582674
20
-4.8922103543307083
11
6.3692991338582674
21
-4.9062950000000001
0
LINE
8
BLACK
6
CONTINUOUS
10
6.3692991338582674
20
-4.9062950000000001
11
6.3710592519685036
21
-4.9098152755905513
0
LINE
8
BLACK
6
CONTINUOUS
10
6.3710592519685036
20
-4.9098152755905513
11
6.3731937795275586
21
-4.9119498031496063
0
LINE
8
BLACK
6
CONTINUOUS
10
6.3731937795275586
20
-4.9119498031496063
11
6.3739281889763779
21
-4.9128446850393699
0
LINE
8
BLACK
6
CONTINUOUS
10
6.3739281889763779
20
-4.9128446850393699
11
6.3748099606299213
21
-4.9149735433070862
0
LINE
8
BLACK
6
CONTINUOUS
10
6.3748099606299213
20
-4.9149735433070862
11
6.3748099212598426
21
-4.9172777165354331
0
LINE
8
BLACK
6
CONTINUOUS
10
6.3748099212598426
20
-4.9172777165354331
11
6.3739281496062992
21
-4.9194065354330707
0
LINE
8
BLACK
6
CONTINUOUS
10
6.3739281496062992
20
-4.9194065354330707
11
6.3722987795275587
21
-4.9210358661417324
0
LINE
8
BLACK
6
CONTINUOUS
10
6.3722987795275587
20
-4.9210358661417324
11
6.3701699606299211
21
-4.9219176377952758
0
LINE
8
BLACK
6
CONTINUOUS
10
6.3701699606299211
20
-4.9219176377952758
11
6.3678657874015743
21
-4.921917598425197
0
LINE
8
BLACK
6
CONTINUOUS
10
6.3678657874015743
20
-4.921917598425197
11
6.3657369685039367
21
-4.9210358267716536
0
LINE
8
BLACK
6
CONTINUOUS
10
6.3657369685039367
20
-4.9210358267716536
11
6.3648420472440943
21
-4.9203013779527556
0
LINE
8
BLACK
6
CONTINUOUS
10
6.3648420472440943
20
-4.9203013779527556
11
6.3620299212598423
21
-4.9174892125984249
0
LINE
8
BLACK
6
CONTINUOUS
10
6.3620299212598423
20
-4.9174892125984249
11
6.3616583464566929
21
-4.9170364566929132
0
LINE
8
BLACK
6
CONTINUOUS
10
6.3616583464566929
20
-4.9170364566929132
11
6.3615404724409448
21
-4.9169342125984254
0
LINE
8
BLACK
6
CONTINUOUS
10
6.3615404724409448
20
-4.9169342125984254
11
6.3614285433070865
21
-4.9167563779527557
0
LINE
8
BLACK
6
CONTINUOUS
10
6.3614285433070865
20
-4.9167563779527557
11
6.361295511811023
21
-4.9165942913385825
0
LINE
8
BLACK
6
CONTINUOUS
10
6.361295511811023
20
-4.9165942913385825
11
6.3612358661417323
21
-4.9164503149606302
0
LINE
8
BLACK
6
CONTINUOUS
10
6.3612358661417323
20
-4.9164503149606302
11
6.3609237401574799
21
-4.9159544488188978
0
LINE
8
BLACK
6
CONTINUOUS
10
6.3609237401574799
20
-4.9159544488188978
11
6.3581115748031491
21
-4.9103301574803151
0
LINE
8
BLACK
6
CONTINUOUS
10
6.3581115748031491
20
-4.9103301574803151
11
6.357697834645669
21
-4.9092489370078738
0
LINE
8
BLACK
6
CONTINUOUS
10
6.357697834645669
20
-4.9092489370078738
11
6.3576827952755908
21
-4.9090373228346458
0
LINE
8
BLACK
6
CONTINUOUS
10
6.3576827952755908
20
-4.9090373228346458
11
6.3576015748031498
21
-4.9088412598425197
0
LINE
8
BLACK
6
CONTINUOUS
10
6.3576015748031498
20
-4.9088412598425197
11
6.3574881102362202
21
-4.907689133858268
0
LINE
8
BLACK
6
CONTINUOUS
10
6.3574881102362202
20
-4.907689133858268
11
6.3574881102362202
21
-4.89081625984252
0
LINE
8
BLACK
6
CONTINUOUS
10
6.3574881102362202
20
-4.89081625984252
11
6.3576015748031498
21
-4.8896641338582674
0
LINE
8
BLACK
6
CONTINUOUS
10
6.3576015748031498
20
-4.8896641338582674
11
6.3576827952755908
21
-4.8894680314960626
0
LINE
8
BLACK
6
CONTINUOUS
10
6.3576827952755908
20
-4.8894680314960626
11
6.357697834645669
21
-4.8892564566929133
0
LINE
8
BLACK
6
CONTINUOUS
10
6.357697834645669
20
-4.8892564566929133
11
6.3581115748031491
21
-4.888175236220472
0
LINE
8
BLACK
6
CONTINUOUS
10
6.3581115748031491
20
-4.888175236220472
11
6.3609237401574799
21
-4.8825509448818893
0
LINE
8
BLACK
6
CONTINUOUS
10
6.3609237401574799
20
-4.8825509448818893
11
6.3612358661417323
21
-4.882055039370079
0
LINE
8
BLACK
6
CONTINUOUS
10
6.3612358661417323
20
-4.882055039370079
11
6.361295511811023
21
-4.8819111023622046
0
LINE
8
BLACK
6
CONTINUOUS
10
6.361295511811023
20
-4.8819111023622046
11
6.3614285433070865
21
-4.8817489763779527
0
LINE
8
BLACK
6
CONTINUOUS
10
6.3614285433070865
20
-4.8817489763779527
11
6.3615404724409448
21
-4.8815711811023617
0
LINE
8
BLACK
6
CONTINUOUS
10
6.3615404724409448
20
-4.8815711811023617
11
6.3616583464566929
21
-4.8814688976377951
0
LINE
8
BLACK
6
CONTINUOUS
10
6.3616583464566929
20
-4.8814688976377951
11
6.3620299212598423
21
-4.8810161811023622
0
LINE
8
BLACK
6
CONTINUOUS
10
6.3620299212598423
20
-4.8810161811023622
11
6.3648420472440943
21
-4.8782040157480315
0
LINE
8
BLACK
6
CONTINUOUS
10
6.3648420472440943
20
-4.8782040157480315
11
6.3652948425196847
21
-4.8778323622047246
0
LINE
8
BLACK
6
CONTINUOUS
10
6.3652948425196847
20
-4.8778323622047246
11
6.3653971259842521
21
-4.8777144881889765
0
LINE
8
BLACK
6
CONTINUOUS
10
6.3653971259842521
20
-4.8777144881889765
11
6.3655748425196848
21
-4.8776025984251969
0
LINE
8
BLACK
6
CONTINUOUS
10
6.3655748425196848
20
-4.8776025984251969
11
6.3657369685039367
21
-4.8774695669291335
0
LINE
8
BLACK
6
CONTINUOUS
10
6.3657369685039367
20
-4.8774695669291335
11
6.3658809448818898
21
-4.877409881889764
0
LINE
8
BLACK
6
CONTINUOUS
10
6.3658809448818898
20
-4.877409881889764
11
6.3663768897637798
21
-4.8770977559055115
0
LINE
8
BLACK
6
CONTINUOUS
10
6.3663768897637798
20
-4.8770977559055115
11
6.3720011417322837
21
-4.8742855905511808
0
LINE
8
BLACK
6
CONTINUOUS
10
6.3720011417322837
20
-4.8742855905511808
11
6.3730824015748029
21
-4.8738718503937006
0
LINE
8
BLACK
6
CONTINUOUS
10
6.3730824015748029
20
-4.8738718503937006
11
6.373293976377953
21
-4.8738568110236216
0
LINE
8
BLACK
6
CONTINUOUS
10
6.373293976377953
20
-4.8738568110236216
11
6.3734900787401569
21
-4.8737755905511806
0
LINE
8
BLACK
6
CONTINUOUS
10
6.3734900787401569
20
-4.8737755905511806
11
6.3746422047244096
21
-4.8736621259842519
0
LINE
8
BLACK
6
CONTINUOUS
10
6.3746422047244096
20
-4.8736621259842519
11
6.3887029527559056
21
-4.8736621259842519
0
LINE
8
BLACK
6
CONTINUOUS
10
6.3887029527559056
20
-4.8736621259842519
11
6.3898550787401573
21
-4.8737755905511806
0
LINE
8
BLACK
6
CONTINUOUS
10
5.9073403149606296
20
-4.8430633070866138
11
5.9074264566929129
21
-4.8430505118110236
0
LINE
8
BLACK
6
CONTINUOUS
10
5.9074264566929129
20
-4.8430505118110236
11
5.9078575590551177
21
-4.8431142519685038
0
LINE
8
BLACK
6
CONTINUOUS
10
5.9078575590551177
20
-4.8431142519685038
11
5.9082915354330705
21
-4.8431570078740158
0
LINE
8
BLACK
6
CONTINUOUS
10
5.9082915354330705
20
-4.8431570078740158
11
5.9083720078740152
21
-4.8431903543307087
0
LINE
8
BLACK
6
CONTINUOUS
10
5.9083720078740152
20
-4.8431903543307087
11
5.9085716929133856
21
-4.8432198818897634
0
LINE
8
BLACK
6
CONTINUOUS
10
5.9085716929133856
20
-4.8432198818897634
11
5.9198202755905509
21
-4.8460320078740153
0
LINE
8
BLACK
6
CONTINUOUS
10
5.9198202755905509
20
-4.8460320078740153
11
5.9199052362204725
21
-4.8460623622047239
0
LINE
8
BLACK
6
CONTINUOUS
10
5.9199052362204725
20
-4.8460623622047239
11
5.9199477952755908
21
-4.8460653937007869
0
LINE
8
BLACK
6
CONTINUOUS
10
5.9199477952755908
20
-4.8460653937007869
11
5.9204270866141728
21
-4.8462487795275591
0
LINE
8
BLACK
6
CONTINUOUS
10
5.9204270866141728
20
-4.8462487795275591
11
5.9209104724409451
21
-4.8464214960629919
0
LINE
8
BLACK
6
CONTINUOUS
10
5.9209104724409451
20
-4.8464214960629919
11
5.9209447244094484
21
-4.8464468503937006
0
LINE
8
BLACK
6
CONTINUOUS
10
5.9209447244094484
20
-4.8464468503937006
11
5.9210290157480312
21
-4.846479133858268
0
LINE
8
BLACK
6
CONTINUOUS
10
5.9210290157480312
20
-4.846479133858268
11
5.9266533070866139
21
-4.8492912992125987
0
LINE
8
BLACK
6
CONTINUOUS
10
5.9266533070866139
20
-4.8492912992125987
11
5.9271490944881888
21
-4.8496033858267715
0
LINE
8
BLACK
6
CONTINUOUS
10
5.9271490944881888
20
-4.8496033858267715
11
5.9272931889763782
21
-4.8496630708661419
0
LINE
8
BLACK
6
CONTINUOUS
10
5.9272931889763782
20
-4.8496630708661419
11
5.9274553543307089
21
-4.849796181102362
0
LINE
8
BLACK
6
CONTINUOUS
10
5.9274553543307089
20
-4.849796181102362
11
5.9276330708661416
21
-4.8499080314960628
0
LINE
8
BLACK
6
CONTINUOUS
10
5.9276330708661416
20
-4.8499080314960628
11
5.9277352755905515
21
-4.8500258661417321
0
LINE
8
BLACK
6
CONTINUOUS
10
5.9277352755905515
20
-4.8500258661417321
11
5.9281881102362206
21
-4.8503975196850391
0
LINE
8
BLACK
6
CONTINUOUS
10
5.9281881102362206
20
-4.8503975196850391
11
5.9338124015748033
21
-4.8560218110236217
0
LINE
8
BLACK
6
CONTINUOUS
10
5.9338124015748033
20
-4.8560218110236217
11
5.9345468503937004
21
-4.8569166929133853
0
LINE
8
BLACK
6
CONTINUOUS
10
5.9345468503937004
20
-4.8569166929133853
11
5.9346280708661414
21
-4.8571127952755901
0
LINE
8
BLACK
6
CONTINUOUS
10
5.9346280708661414
20
-4.8571127952755901
11
5.9347670472440948
21
-4.8572730314960628
0
LINE
8
BLACK
6
CONTINUOUS
10
5.9347670472440948
20
-4.8572730314960628
11
5.9352390157480315
21
-4.8583301574803146
0
LINE
8
BLACK
6
CONTINUOUS
10
5.9352390157480315
20
-4.8583301574803146
11
5.9380511811023622
21
-4.8667665748031492
0
LINE
8
BLACK
6
CONTINUOUS
10
5.9380511811023622
20
-4.8667665748031492
11
5.9381810629921254
21
-4.8673377952755903
0
LINE
8
BLACK
6
CONTINUOUS
10
5.9381810629921254
20
-4.8673377952755903
11
5.9382407874015746
21
-4.8674819685039372
0
LINE
8
BLACK
6
CONTINUOUS
10
5.9382407874015746
20
-4.8674819685039372
11
5.9382613385826772
21
-4.8676909448818897
0
LINE
8
BLACK
6
CONTINUOUS
10
5.9382613385826772
20
-4.8676909448818897
11
5.9383078740157478
21
-4.8678954724409449
0
LINE
8
BLACK
6
CONTINUOUS
10
5.9383078740157478
20
-4.8678954724409449
11
5.9382968110236218
21
-4.8680509448818894
0
LINE
8
BLACK
6
CONTINUOUS
10
5.9382968110236218
20
-4.8680509448818894
11
5.9383542519685042
21
-4.868634094488189
0
LINE
8
BLACK
6
CONTINUOUS
10
5.9383542519685042
20
-4.868634094488189
11
5.9383542519685042
21
-4.882694842519685
0
LINE
8
BLACK
6
CONTINUOUS
10
5.9383542519685042
20
-4.882694842519685
11
5.9382407874015746
21
-4.8838469685039367
0
LINE
8
BLACK
6
CONTINUOUS
10
5.9382407874015746
20
-4.8838469685039367
11
5.9373589763779524
21
-4.8859757874015743
0
LINE
8
BLACK
6
CONTINUOUS
10
5.9373589763779524
20
-4.8859757874015743
11
5.9357296850393704
21
-4.8876050787401573
0
LINE
8
BLACK
6
CONTINUOUS
10
5.9357296850393704
20
-4.8876050787401573
11
5.9336008661417319
21
-4.8884868897637794
0
LINE
8
BLACK
6
CONTINUOUS
10
5.9336008661417319
20
-4.8884868897637794
11
5.9324487401574801
21
-4.8886003543307082
0
LINE
8
BLACK
6
CONTINUOUS
10
5.9324487401574801
20
-4.8886003543307082
11
5.873393622047244
21
-4.8886003543307082
0
LINE
8
BLACK
6
CONTINUOUS
10
5.873393622047244
20
-4.8886003543307082
11
5.8722414960629923
21
-4.8884868897637794
0
LINE
8
BLACK
6
CONTINUOUS
10
5.8722414960629923
20
-4.8884868897637794
11
5.8701126771653538
21
-4.8876050787401573
0
LINE
8
BLACK
6
CONTINUOUS
10
5.8701126771653538
20
-4.8876050787401573
11
5.8684833858267718
21
-4.8859757874015743
0
LINE
8
BLACK
6
CONTINUOUS
10
5.8684833858267718
20
-4.8859757874015743
11
5.8676015748031496
21
-4.8838469685039367
0
LINE
8
BLACK
6
CONTINUOUS
10
5.8676015748031496
20
-4.8838469685039367
11
5.86748811023622
21
-4.882694842519685
0
LINE
8
BLACK
6
CONTINUOUS
10
5.86748811023622
20
-4.882694842519685
11
5.86748811023622
21
-4.868634094488189
0
LINE
8
BLACK
6
CONTINUOUS
10
5.86748811023622
20
-4.868634094488189
11
5.8675455118110236
21
-4.8680509448818894
0
LINE
8
BLACK
6
CONTINUOUS
10
5.8675455118110236
20
-4.8680509448818894
11
5.8675344881889764
21
-4.8678954724409449
0
LINE
8
BLACK
6
CONTINUOUS
10
5.8675344881889764
20
-4.8678954724409449
11
5.8675809842519682
21
-4.8676909448818897
0
LINE
8
BLACK
6
CONTINUOUS
10
5.8675809842519682
20
-4.8676909448818897
11
5.8676015748031496
21
-4.8674819685039372
0
LINE
8
BLACK
6
CONTINUOUS
10
5.8676015748031496
20
-4.8674819685039372
11
5.8676612992125987
21
-4.8673377559055115
0
LINE
8
BLACK
6
CONTINUOUS
10
5.8676612992125987
20
-4.8673377559055115
11
5.867791181102362
21
-4.866766614173228
0
LINE
8
BLACK
6
CONTINUOUS
10
5.867791181102362
20
-4.866766614173228
11
5.8706033070866139
21
-4.8583301574803146
0
LINE
8
BLACK
6
CONTINUOUS
10
5.8706033070866139
20
-4.8583301574803146
11
5.8710753149606294
21
-4.8572730314960628
0
LINE
8
BLACK
6
CONTINUOUS
10
5.8710753149606294
20
-4.8572730314960628
11
5.8712142913385827
21
-4.8571127559055114
0
LINE
8
BLACK
6
CONTINUOUS
10
5.8712142913385827
20
-4.8571127559055114
11
5.8712955118110237
21
-4.8569167322834641
0
LINE
8
BLACK
6
CONTINUOUS
10
5.8712955118110237
20
-4.8569167322834641
11
5.8720299606299209
21
-4.8560218110236217
0
LINE
8
BLACK
6
CONTINUOUS
10
5.8720299606299209
20
-4.8560218110236217
11
5.8776542519685036
21
-4.8503975196850391
0
LINE
8
BLACK
6
CONTINUOUS
10
5.8776542519685036
20
-4.8503975196850391
11
5.8781070866141727
21
-4.8500258267716534
0
LINE
8
BLACK
6
CONTINUOUS
10
5.8781070866141727
20
-4.8500258267716534
11
5.8782092913385826
21
-4.8499080314960628
0
LINE
8
BLACK
6
CONTINUOUS
10
5.8782092913385826
20
-4.8499080314960628
11
5.8783868110236215
21
-4.8497962598425195
0
LINE
8
BLACK
6
CONTINUOUS
10
5.8783868110236215
20
-4.8497962598425195
11
5.8785491338582672
21
-4.8496630708661419
0
LINE
8
BLACK
6
CONTINUOUS
10
5.8785491338582672
20
-4.8496630708661419
11
5.8786933070866141
21
-4.8496033464566928
0
LINE
8
BLACK
6
CONTINUOUS
10
5.8786933070866141
20
-4.8496033464566928
11
5.8791890551181103
21
-4.8492912992125987
0
LINE
8
BLACK
6
CONTINUOUS
10
5.8791890551181103
20
-4.8492912992125987
11
5.8848133070866142
21
-4.846479133858268
0
LINE
8
BLACK
6
CONTINUOUS
10
5.8848133070866142
20
-4.846479133858268
11
5.8848976377952757
21
-4.8464468503937006
0
LINE
8
BLACK
6
CONTINUOUS
10
5.8848976377952757
20
-4.8464468503937006
11
5.884931889763779
21
-4.8464214960629919
0
LINE
8
BLACK
6
CONTINUOUS
10
5.884931889763779
20
-4.8464214960629919
11
5.8854150000000001
21
-4.8462488582677166
0
LINE
8
BLACK
6
CONTINUOUS
10
5.8854150000000001
20
-4.8462488582677166
11
5.8858945669291334
21
-4.8460653937007869
0
LINE
8
BLACK
6
CONTINUOUS
10
5.8858945669291334
20
-4.8460653937007869
11
5.8859370866141729
21
-4.8460623622047239
0
LINE
8
BLACK
6
CONTINUOUS
10
5.8859370866141729
20
-4.8460623622047239
11
5.8860220866141733
21
-4.8460320078740153
0
LINE
8
BLACK
6
CONTINUOUS
10
5.8860220866141733
20
-4.8460320078740153
11
5.8972706692913386
21
-4.8432198818897634
0
LINE
8
BLACK
6
CONTINUOUS
10
5.8972706692913386
20
-4.8432198818897634
11
5.8974703149606293
21
-4.8431903543307087
0
LINE
8
BLACK
6
CONTINUOUS
10
5.8974703149606293
20
-4.8431903543307087
11
5.8975508267716537
21
-4.8431570078740158
0
LINE
8
BLACK
6
CONTINUOUS
10
5.8975508267716537
20
-4.8431570078740158
11
5.8979847637795277
21
-4.8431142519685038
0
LINE
8
BLACK
6
CONTINUOUS
10
5.8979847637795277
20
-4.8431142519685038
11
5.8984159055118113
21
-4.8430505118110236
0
LINE
8
BLACK
6
CONTINUOUS
10
5.8984159055118113
20
-4.8430505118110236
11
5.8985020078740158
21
-4.8430633070866138
0
LINE
8
BLACK
6
CONTINUOUS
10
5.8985020078740158
20
-4.8430633070866138
11
5.8987029527559054
21
-4.8430435433070862
0
LINE
8
BLACK
6
CONTINUOUS
10
5.8987029527559054
20
-4.8430435433070862
11
5.9071394094488188
21
-4.8430435433070862
0
LINE
8
BLACK
6
CONTINUOUS
10
5.9071394094488188
20
-4.8430435433070862
11
5.9073403149606296
21
-4.8430633070866138
0
LINE
8
BLACK
6
CONTINUOUS
10
5.8895156299212594
20
-4.8573331102362207
11
5.8853282677165355
21
-4.8594267716535429
0
LINE
8
BLACK
6
CONTINUOUS
10
5.8853282677165355
20
-4.8594267716535429
11
5.881367362204724
21
-4.8633876771653544
0
LINE
8
BLACK
6
CONTINUOUS
10
5.881367362204724
20
-4.8633876771653544
11
5.8792991338582672
21
-4.8695923622047239
0
LINE
8
BLACK
6
CONTINUOUS
10
5.8792991338582672
20
-4.8695923622047239
11
5.8792991338582672
21
-4.8767893307086609
0
LINE
8
BLACK
6
CONTINUOUS
10
5.8792991338582672
20
-4.8767893307086609
11
5.926543228346457
21
-4.8767893307086609
0
LINE
8
BLACK
6
CONTINUOUS
10
5.926543228346457
20
-4.8767893307086609
11
5.926543228346457
21
-4.8695924409448814
0
LINE
8
BLACK
6
CONTINUOUS
10
5.926543228346457
20
-4.8695924409448814
11
5.9244749606299214
21
-4.8633876771653544
0
LINE
8
BLACK
6
CONTINUOUS
10
5.9244749606299214
20
-4.8633876771653544
11
5.9205140944881887
21
-4.8594268110236216
0
LINE
8
BLACK
6
CONTINUOUS
10
5.9205140944881887
20
-4.8594268110236216
11
5.916326692913386
21
-4.857333070866142
0
LINE
8
BLACK
6
CONTINUOUS
10
5.916326692913386
20
-4.857333070866142
11
5.9064124803149607
21
-4.8548545669291334
0
LINE
8
BLACK
6
CONTINUOUS
10
5.9064124803149607
20
-4.8548545669291334
11
5.8994298818897635
21
-4.8548545669291334
0
LINE
8
BLACK
6
CONTINUOUS
10
5.8994298818897635
20
-4.8548545669291334
11
5.8895156299212594
21
-4.8573331102362207
0
LINE
8
BLACK
6
CONTINUOUS
10
6.2336008661417317
20
-4.8387813385826774
11
6.2357296850393702
21
-4.8396631496062987
0
LINE
8
BLACK
6
CONTINUOUS
10
6.2357296850393702
20
-4.8396631496062987
11
6.2373589763779522
21
-4.8412924409448816
0
LINE
8
BLACK
6
CONTINUOUS
10
6.2373589763779522
20
-4.8412924409448816
11
6.2382407874015744
21
-4.8434212598425193
0
LINE
8
BLACK
6
CONTINUOUS
10
6.2382407874015744
20
-4.8434212598425193
11
6.2382407874015744
21
-4.8457255118110236
0
LINE
8
BLACK
6
CONTINUOUS
10
6.2382407874015744
20
-4.8457255118110236
11
6.2373589763779522
21
-4.8478543307086612
0
LINE
8
BLACK
6
CONTINUOUS
10
6.2373589763779522
20
-4.8478543307086612
11
6.2357296850393702
21
-4.8494836220472441
0
LINE
8
BLACK
6
CONTINUOUS
10
6.2357296850393702
20
-4.8494836220472441
11
6.2336008661417317
21
-4.8503654330708663
0
LINE
8
BLACK
6
CONTINUOUS
10
6.2336008661417317
20
-4.8503654330708663
11
6.23244874015748
21
-4.8504788976377951
0
LINE
8
BLACK
6
CONTINUOUS
10
6.23244874015748
20
-4.8504788976377951
11
6.1956311811023621
21
-4.8504788976377951
0
LINE
8
BLACK
6
CONTINUOUS
10
6.1956311811023621
20
-4.8504788976377951
11
6.2353787007874013
21
-4.8731917716535431
0
LINE
8
BLACK
6
CONTINUOUS
10
6.2353787007874013
20
-4.8731917716535431
11
6.2356214960629917
21
-4.8733640944881893
0
LINE
8
BLACK
6
CONTINUOUS
10
6.2356214960629917
20
-4.8733640944881893
11
6.2357296850393702
21
-4.8734089370078735
0
LINE
8
BLACK
6
CONTINUOUS
10
6.2357296850393702
20
-4.8734089370078735
11
6.2358398818897633
21
-4.8735191338582675
0
LINE
8
BLACK
6
CONTINUOUS
10
6.2358398818897633
20
-4.8735191338582675
11
6.2363227165354331
21
-4.8738618897637798
0
LINE
8
BLACK
6
CONTINUOUS
10
6.2363227165354331
20
-4.8738618897637798
11
6.236803622047244
21
-4.8744828740157482
0
LINE
8
BLACK
6
CONTINUOUS
10
6.236803622047244
20
-4.8744828740157482
11
6.2373589763779522
21
-4.8750382283464564
0
LINE
8
BLACK
6
CONTINUOUS
10
6.2373589763779522
20
-4.8750382283464564
11
6.2375029921259841
21
-4.8753859842519685
0
LINE
8
BLACK
6
CONTINUOUS
10
6.2375029921259841
20
-4.8753859842519685
11
6.2377335826771656
21
-4.8756837007874019
0
LINE
8
BLACK
6
CONTINUOUS
10
6.2377335826771656
20
-4.8756837007874019
11
6.2379402362204726
21
-4.8764414960629923
0
LINE
8
BLACK
6
CONTINUOUS
10
6.2379402362204726
20
-4.8764414960629923
11
6.2382407874015744
21
-4.877167047244094
0
LINE
8
BLACK
6
CONTINUOUS
10
6.2382407874015744
20
-4.877167047244094
11
6.2382407874015744
21
-4.8775434645669291
0
LINE
8
BLACK
6
CONTINUOUS
10
6.2382407874015744
20
-4.8775434645669291
11
6.238339842519685
21
-4.8779066929133856
0
LINE
8
BLACK
6
CONTINUOUS
10
6.238339842519685
20
-4.8779066929133856
11
6.2382407874015744
21
-4.8786858661417325
0
LINE
8
BLACK
6
CONTINUOUS
10
6.2382407874015744
20
-4.8786858661417325
11
6.2382407874015744
21
-4.8794712992125984
0
LINE
8
BLACK
6
CONTINUOUS
10
6.2382407874015744
20
-4.8794712992125984
11
6.2380966929133859
21
-4.8798190551181104
0
LINE
8
BLACK
6
CONTINUOUS
10
6.2380966929133859
20
-4.8798190551181104
11
6.238049251968504
21
-4.8801925196850391
0
LINE
8
BLACK
6
CONTINUOUS
10
6.238049251968504
20
-4.8801925196850391
11
6.237659527559055
21
-4.8808744881889758
0
LINE
8
BLACK
6
CONTINUOUS
10
6.237659527559055
20
-4.8808744881889758
11
6.2373589763779522
21
-4.881600118110236
0
LINE
8
BLACK
6
CONTINUOUS
10
6.2373589763779522
20
-4.881600118110236
11
6.2370927952755908
21
-4.8818662598425195
0
LINE
8
BLACK
6
CONTINUOUS
10
6.2370927952755908
20
-4.8818662598425195
11
6.2369060236220468
21
-4.8821931496062989
0
LINE
8
BLACK
6
CONTINUOUS
10
6.2369060236220468
20
-4.8821931496062989
11
6.2362850787401571
21
-4.8826739763779523
0
LINE
8
BLACK
6
CONTINUOUS
10
6.2362850787401571
20
-4.8826739763779523
11
6.2357296850393702
21
-4.8832294094488189
0
LINE
8
BLACK
6
CONTINUOUS
10
6.2357296850393702
20
-4.8832294094488189
11
6.2353818110236219
21
-4.8833734645669287
0
LINE
8
BLACK
6
CONTINUOUS
10
6.2353818110236219
20
-4.8833734645669287
11
6.2350842125984247
21
-4.8836039763779526
0
LINE
8
BLACK
6
CONTINUOUS
10
6.2350842125984247
20
-4.8836039763779526
11
6.2343265354330706
21
-4.8838105905511808
0
LINE
8
BLACK
6
CONTINUOUS
10
6.2343265354330706
20
-4.8838105905511808
11
6.2336008661417317
21
-4.8841112204724411
0
LINE
8
BLACK
6
CONTINUOUS
10
6.2336008661417317
20
-4.8841112204724411
11
6.2330116929133856
21
-4.8841692125984251
0
LINE
8
BLACK
6
CONTINUOUS
10
6.2330116929133856
20
-4.8841692125984251
11
6.2328612598425197
21
-4.8842102755905508
0
LINE
8
BLACK
6
CONTINUOUS
10
6.2328612598425197
20
-4.8842102755905508
11
6.2327450393700783
21
-4.8841954724409451
0
LINE
8
BLACK
6
CONTINUOUS
10
6.2327450393700783
20
-4.8841954724409451
11
6.23244874015748
21
-4.8842246850393698
0
LINE
8
BLACK
6
CONTINUOUS
10
6.23244874015748
20
-4.8842246850393698
11
6.1733936220472438
21
-4.8842246850393698
0
LINE
8
BLACK
6
CONTINUOUS
10
6.1733936220472438
20
-4.8842246850393698
11
6.1722414960629921
21
-4.8841112204724411
0
LINE
8
BLACK
6
CONTINUOUS
10
6.1722414960629921
20
-4.8841112204724411
11
6.1701126771653545
21
-4.8832294094488189
0
LINE
8
BLACK
6
CONTINUOUS
10
6.1701126771653545
20
-4.8832294094488189
11
6.1684833858267716
21
-4.881600118110236
0
LINE
8
BLACK
6
CONTINUOUS
10
6.1684833858267716
20
-4.881600118110236
11
6.1676015748031494
21
-4.8794712992125984
0
LINE
8
BLACK
6
CONTINUOUS
10
6.1676015748031494
20
-4.8794712992125984
11
6.1676015748031494
21
-4.877167047244094
0
LINE
8
BLACK
6
CONTINUOUS
10
6.1676015748031494
20
-4.877167047244094
11
6.1684833858267716
21
-4.8750382283464564
0
LINE
8
BLACK
6
CONTINUOUS
10
6.1684833858267716
20
-4.8750382283464564
11
6.1701126771653545
21
-4.8734089370078735
0
LINE
8
BLACK
6
CONTINUOUS
10
6.1701126771653545
20
-4.8734089370078735
11
6.1722414960629921
21
-4.8725271259842522
0
LINE
8
BLACK
6
CONTINUOUS
10
6.1722414960629921
20
-4.8725271259842522
11
6.1733936220472438
21
-4.8724136614173226
0
LINE
8
BLACK
6
CONTINUOUS
10
6.1733936220472438
20
-4.8724136614173226
11
6.2102111417322829
21
-4.8724136614173226
0
LINE
8
BLACK
6
CONTINUOUS
10
6.2102111417322829
20
-4.8724136614173226
11
6.1704636614173225
21
-4.8497007874015745
0
LINE
8
BLACK
6
CONTINUOUS
10
6.1704636614173225
20
-4.8497007874015745
11
6.1702208267716534
21
-4.8495284251968505
0
LINE
8
BLACK
6
CONTINUOUS
10
6.1702208267716534
20
-4.8495284251968505
11
6.1701126771653545
21
-4.8494836220472441
0
LINE
8
BLACK
6
CONTINUOUS
10
6.1701126771653545
20
-4.8494836220472441
11
6.1700024409448817
21
-4.8493733858267714
0
LINE
8
BLACK
6
CONTINUOUS
10
6.1700024409448817
20
-4.8493733858267714
11
6.1695196456692916
21
-4.8490306692913387
0
LINE
8
BLACK
6
CONTINUOUS
10
6.1695196456692916
20
-4.8490306692913387
11
6.1690387795275585
21
-4.8484097244094491
0
LINE
8
BLACK
6
CONTINUOUS
10
6.1690387795275585
20
-4.8484097244094491
11
6.1684833858267716
21
-4.8478543307086612
0
LINE
8
BLACK
6
CONTINUOUS
10
6.1684833858267716
20
-4.8478543307086612
11
6.1683392913385822
21
-4.8475064566929129
0
LINE
8
BLACK
6
CONTINUOUS
10
6.1683392913385822
20
-4.8475064566929129
11
6.1681088188976378
21
-4.8472088582677166
0
LINE
8
BLACK
6
CONTINUOUS
10
6.1681088188976378
20
-4.8472088582677166
11
6.1679021653543309
21
-4.8464511811023625
0
LINE
8
BLACK
6
CONTINUOUS
10
6.1679021653543309
20
-4.8464511811023625
11
6.1676015748031494
21
-4.8457255118110236
0
LINE
8
BLACK
6
CONTINUOUS
10
6.1676015748031494
20
-4.8457255118110236
11
6.1676015748031494
21
-4.845349015748031
0
LINE
8
BLACK
6
CONTINUOUS
10
6.1676015748031494
20
-4.845349015748031
11
6.1675025196850388
21
-4.844985866141732
0
LINE
8
BLACK
6
CONTINUOUS
10
6.1675025196850388
20
-4.844985866141732
11
6.1676015748031494
21
-4.8442066535433073
0
LINE
8
BLACK
6
CONTINUOUS
10
6.1676015748031494
20
-4.8442066535433073
11
6.1676015748031494
21
-4.8434212598425193
0
LINE
8
BLACK
6
CONTINUOUS
10
6.1676015748031494
20
-4.8434212598425193
11
6.1677456299212601
21
-4.8430734645669293
0
LINE
8
BLACK
6
CONTINUOUS
10
6.1677456299212601
20
-4.8430734645669293
11
6.1677931102362207
21
-4.8427000393700785
0
LINE
8
BLACK
6
CONTINUOUS
10
6.1677931102362207
20
-4.8427000393700785
11
6.1681827952755901
21
-4.842018031496063
0
LINE
8
BLACK
6
CONTINUOUS
10
6.1681827952755901
20
-4.842018031496063
11
6.1684833858267716
21
-4.8412924409448816
0
LINE
8
BLACK
6
CONTINUOUS
10
6.1684833858267716
20
-4.8412924409448816
11
6.1687495275590551
21
-4.8410262598425193
0
LINE
8
BLACK
6
CONTINUOUS
10
6.1687495275590551
20
-4.8410262598425193
11
6.168936338582677
21
-4.8406994094488187
0
LINE
8
BLACK
6
CONTINUOUS
10
6.168936338582677
20
-4.8406994094488187
11
6.1695572440944879
21
-4.8402185433070866
0
LINE
8
BLACK
6
CONTINUOUS
10
6.1695572440944879
20
-4.8402185433070866
11
6.1701126771653545
21
-4.8396631496062987
0
LINE
8
BLACK
6
CONTINUOUS
10
6.1701126771653545
20
-4.8396631496062987
11
6.1704605118110232
21
-4.8395190551181102
0
LINE
8
BLACK
6
CONTINUOUS
10
6.1704605118110232
20
-4.8395190551181102
11
6.1707581496062991
21
-4.839288582677165
0
LINE
8
BLACK
6
CONTINUOUS
10
6.1707581496062991
20
-4.839288582677165
11
6.1715157874015745
21
-4.839081929133858
0
LINE
8
BLACK
6
CONTINUOUS
10
6.1715157874015745
20
-4.839081929133858
11
6.1722414960629921
21
-4.8387813385826774
0
LINE
8
BLACK
6
CONTINUOUS
10
6.1722414960629921
20
-4.8387813385826774
11
6.1728307086614169
21
-4.8387233070866138
0
LINE
8
BLACK
6
CONTINUOUS
10
6.1728307086614169
20
-4.8387233070866138
11
6.1729811417322837
21
-4.8386822834645669
0
LINE
8
BLACK
6
CONTINUOUS
10
6.1729811417322837
20
-4.8386822834645669
11
6.1730973228346455
21
-4.8386970472440947
0
LINE
8
BLACK
6
CONTINUOUS
10
6.1730973228346455
20
-4.8386970472440947
11
6.1733936220472438
21
-4.8386678740157478
0
LINE
8
BLACK
6
CONTINUOUS
10
6.1733936220472438
20
-4.8386678740157478
11
6.23244874015748
21
-4.8386678740157478
0
LINE
8
BLACK
6
CONTINUOUS
10
6.23244874015748
20
-4.8386678740157478
11
6.2336008661417317
21
-4.8387813385826774
0
LINE
8
BLACK
6
CONTINUOUS
10
6.0223522834645671
20
-4.8377375590551184
11
6.0225482677165356
21
-4.8378187401574806
0
LINE
8
BLACK
6
CONTINUOUS
10
6.0225482677165356
20
-4.8378187401574806
11
6.0227599212598424
21
-4.8378337795275588
0
LINE
8
BLACK
6
CONTINUOUS
10
6.0227599212598424
20
-4.8378337795275588
11
6.0238411811023624
21
-4.8382475590551177
0
LINE
8
BLACK
6
CONTINUOUS
10
6.0238411811023624
20
-4.8382475590551177
11
6.0294654724409451
21
-4.8410596850393697
0
LINE
8
BLACK
6
CONTINUOUS
10
6.0294654724409451
20
-4.8410596850393697
11
6.0299613385826767
21
-4.8413718110236221
0
LINE
8
BLACK
6
CONTINUOUS
10
6.0299613385826767
20
-4.8413718110236221
11
6.0301053937007874
21
-4.8414314960629916
0
LINE
8
BLACK
6
CONTINUOUS
10
6.0301053937007874
20
-4.8414314960629916
11
6.0302674803149605
21
-4.8415645275590551
0
LINE
8
BLACK
6
CONTINUOUS
10
6.0302674803149605
20
-4.8415645275590551
11
6.0304452362204719
21
-4.8416764173228346
0
LINE
8
BLACK
6
CONTINUOUS
10
6.0304452362204719
20
-4.8416764173228346
11
6.0305474409448818
21
-4.8417942913385827
0
LINE
8
BLACK
6
CONTINUOUS
10
6.0305474409448818
20
-4.8417942913385827
11
6.0310003149606297
21
-4.8421659448818897
0
LINE
8
BLACK
6
CONTINUOUS
10
6.0310003149606297
20
-4.8421659448818897
11
6.0338124409448817
21
-4.8449781102362204
0
LINE
8
BLACK
6
CONTINUOUS
10
6.0338124409448817
20
-4.8449781102362204
11
6.0341840157480311
21
-4.845430866141732
0
LINE
8
BLACK
6
CONTINUOUS
10
6.0341840157480311
20
-4.845430866141732
11
6.0343018897637792
21
-4.8455331102362207
0
LINE
8
BLACK
6
CONTINUOUS
10
6.0343018897637792
20
-4.8455331102362207
11
6.0344137007874012
21
-4.8457107480314958
0
LINE
8
BLACK
6
CONTINUOUS
10
6.0344137007874012
20
-4.8457107480314958
11
6.034546850393701
21
-4.845872992125984
0
LINE
8
BLACK
6
CONTINUOUS
10
6.034546850393701
20
-4.845872992125984
11
6.0346064960629917
21
-4.8460170472440947
0
LINE
8
BLACK
6
CONTINUOUS
10
6.0346064960629917
20
-4.8460170472440947
11
6.0349186220472442
21
-4.8465128740157475
0
LINE
8
BLACK
6
CONTINUOUS
10
6.0349186220472442
20
-4.8465128740157475
11
6.0377307874015749
21
-4.8521371259842523
0
LINE
8
BLACK
6
CONTINUOUS
10
6.0377307874015749
20
-4.8521371259842523
11
6.0381445275590551
21
-4.8532183858267715
0
LINE
8
BLACK
6
CONTINUOUS
10
6.0381445275590551
20
-4.8532183858267715
11
6.0381595275590554
21
-4.8534299606299207
0
LINE
8
BLACK
6
CONTINUOUS
10
6.0381595275590554
20
-4.8534299606299207
11
6.0382407874015751
21
-4.8536260629921255
0
LINE
8
BLACK
6
CONTINUOUS
10
6.0382407874015751
20
-4.8536260629921255
11
6.0383542519685038
21
-4.8547781889763781
0
LINE
8
BLACK
6
CONTINUOUS
10
6.0383542519685038
20
-4.8547781889763781
11
6.0383542519685038
21
-4.8772753937007876
0
LINE
8
BLACK
6
CONTINUOUS
10
6.0383542519685038
20
-4.8772753937007876
11
6.0382407874015751
21
-4.8784275196850393
0
LINE
8
BLACK
6
CONTINUOUS
10
6.0382407874015751
20
-4.8784275196850393
11
6.0373589763779529
21
-4.8805563385826769
0
LINE
8
BLACK
6
CONTINUOUS
10
6.0373589763779529
20
-4.8805563385826769
11
6.03572968503937
21
-4.8821856299212598
0
LINE
8
BLACK
6
CONTINUOUS
10
6.03572968503937
20
-4.8821856299212598
11
6.0336008661417324
21
-4.883067440944882
0
LINE
8
BLACK
6
CONTINUOUS
10
6.0336008661417324
20
-4.883067440944882
11
6.0324487401574798
21
-4.8831809055118107
0
LINE
8
BLACK
6
CONTINUOUS
10
6.0324487401574798
20
-4.8831809055118107
11
5.9733936220472437
21
-4.8831809055118107
0
LINE
8
BLACK
6
CONTINUOUS
10
5.9733936220472437
20
-4.8831809055118107
11
5.9722414960629919
21
-4.883067440944882
0
LINE
8
BLACK
6
CONTINUOUS
10
5.9722414960629919
20
-4.883067440944882
11
5.9701126771653543
21
-4.8821856299212598
0
LINE
8
BLACK
6
CONTINUOUS
10
5.9701126771653543
20
-4.8821856299212598
11
5.9684833858267714
21
-4.8805563385826769
0
LINE
8
BLACK
6
CONTINUOUS
10
5.9684833858267714
20
-4.8805563385826769
11
5.9676015748031492
21
-4.8784275196850393
0
LINE
8
BLACK
6
CONTINUOUS
10
5.9676015748031492
20
-4.8784275196850393
11
5.9676015748031492
21
-4.8761232677165349
0
LINE
8
BLACK
6
CONTINUOUS
10
5.9676015748031492
20
-4.8761232677165349
11
5.9684833858267714
21
-4.8739944488188973
0
LINE
8
BLACK
6
CONTINUOUS
10
5.9684833858267714
20
-4.8739944488188973
11
5.9701126771653543
21
-4.8723651574803153
0
LINE
8
BLACK
6
CONTINUOUS
10
5.9701126771653543
20
-4.8723651574803153
11
5.9722414960629919
21
-4.8714833464566931
0
LINE
8
BLACK
6
CONTINUOUS
10
5.9722414960629919
20
-4.8714833464566931
11
5.9733936220472437
21
-4.8713698818897635
0
LINE
8
BLACK
6
CONTINUOUS
10
5.9733936220472437
20
-4.8713698818897635
11
5.9956096062992126
21
-4.8713698818897635
0
LINE
8
BLACK
6
CONTINUOUS
10
5.9956096062992126
20
-4.8713698818897635
11
5.9956096062992126
21
-4.8662893700787402
0
LINE
8
BLACK
6
CONTINUOUS
10
5.9956096062992126
20
-4.8662893700787402
11
5.9700070472440947
21
-4.848367598425197
0
LINE
8
BLACK
6
CONTINUOUS
10
5.9700070472440947
20
-4.848367598425197
11
5.9691282283464568
21
-4.8476139370078739
0
LINE
8
BLACK
6
CONTINUOUS
10
5.9691282283464568
20
-4.8476139370078739
11
5.9678899212598422
21
-4.8456707480314956
0
LINE
8
BLACK
6
CONTINUOUS
10
5.9678899212598422
20
-4.8456707480314956
11
5.967489488188976
21
-4.8434016141732279
0
LINE
8
BLACK
6
CONTINUOUS
10
5.967489488188976
20
-4.8434016141732279
11
5.9679878740157477
21
-4.8411519291338578
0
LINE
8
BLACK
6
CONTINUOUS
10
5.9679878740157477
20
-4.8411519291338578
11
5.9693092913385826
21
-4.8392642125984251
0
LINE
8
BLACK
6
CONTINUOUS
10
5.9693092913385826
20
-4.8392642125984251
11
5.9712524803149609
21
-4.8380259055118113
0
LINE
8
BLACK
6
CONTINUOUS
10
5.9712524803149609
20
-4.8380259055118113
11
5.9735216141732286
21
-4.8376254724409451
0
LINE
8
BLACK
6
CONTINUOUS
10
5.9735216141732286
20
-4.8376254724409451
11
5.9757712992125986
21
-4.8381238582677168
0
LINE
8
BLACK
6
CONTINUOUS
10
5.9757712992125986
20
-4.8381238582677168
11
5.9767801968503935
21
-4.8386916141732286
0
LINE
8
BLACK
6
CONTINUOUS
10
5.9767801968503935
20
-4.8386916141732286
11
5.9961812992125987
21
-4.8522723622047241
0
LINE
8
BLACK
6
CONTINUOUS
10
5.9961812992125987
20
-4.8522723622047241
11
5.9962330708661415
21
-4.852137165354331
0
LINE
8
BLACK
6
CONTINUOUS
10
5.9962330708661415
20
-4.852137165354331
11
5.9990451968503935
21
-4.8465128740157475
0
LINE
8
BLACK
6
CONTINUOUS
10
5.9990451968503935
20
-4.8465128740157475
11
5.9993572834645672
21
-4.8460170472440947
0
LINE
8
BLACK
6
CONTINUOUS
10
5.9993572834645672
20
-4.8460170472440947
11
5.9994169685039367
21
-4.845872992125984
0
LINE
8
BLACK
6
CONTINUOUS
10
5.9994169685039367
20
-4.845872992125984
11
5.9995500787401577
21
-4.8457107874015746
0
LINE
8
BLACK
6
CONTINUOUS
10
5.9995500787401577
20
-4.8457107874015746
11
5.9996619291338584
21
-4.8455331102362207
0
LINE
8
BLACK
6
CONTINUOUS
10
5.9996619291338584
20
-4.8455331102362207
11
5.9997797637795278
21
-4.845430866141732
0
LINE
8
BLACK
6
CONTINUOUS
10
5.9997797637795278
20
-4.845430866141732
11
6.0001514173228347
21
-4.8449780708661416
0
LINE
8
BLACK
6
CONTINUOUS
10
6.0001514173228347
20
-4.8449780708661416
11
6.0029635826771655
21
-4.8421659055118109
0
LINE
8
BLACK
6
CONTINUOUS
10
6.0029635826771655
20
-4.8421659055118109
11
6.0034164960629921
21
-4.8417941732283465
0
LINE
8
BLACK
6
CONTINUOUS
10
6.0034164960629921
20
-4.8417941732283465
11
6.0035186614173224
21
-4.8416764173228346
0
LINE
8
BLACK
6
CONTINUOUS
10
6.0035186614173224
20
-4.8416764173228346
11
6.0036961811023621
21
-4.8415646456692913
0
LINE
8
BLACK
6
CONTINUOUS
10
6.0036961811023621
20
-4.8415646456692913
11
6.0038585039370078
21
-4.8414314566929129
0
LINE
8
BLACK
6
CONTINUOUS
10
6.0038585039370078
20
-4.8414314566929129
11
6.0040026377952751
21
-4.8413717322834646
0
LINE
8
BLACK
6
CONTINUOUS
10
6.0040026377952751
20
-4.8413717322834646
11
6.0044983858267713
21
-4.8410596850393697
0
LINE
8
BLACK
6
CONTINUOUS
10
6.0044983858267713
20
-4.8410596850393697
11
6.0101227165354327
21
-4.8382475590551177
0
LINE
8
BLACK
6
CONTINUOUS
10
6.0101227165354327
20
-4.8382475590551177
11
6.011203937007874
21
-4.8378337795275588
0
LINE
8
BLACK
6
CONTINUOUS
10
6.011203937007874
20
-4.8378337795275588
11
6.011415551181102
21
-4.8378187401574806
0
LINE
8
BLACK
6
CONTINUOUS
10
6.011415551181102
20
-4.8378187401574806
11
6.0116115748031493
21
-4.8377375590551184
0
LINE
8
BLACK
6
CONTINUOUS
10
6.0116115748031493
20
-4.8377375590551184
11
6.0127637007874011
21
-4.8376240944881888
0
LINE
8
BLACK
6
CONTINUOUS
10
6.0127637007874011
20
-4.8376240944881888
11
6.0212001574803145
21
-4.8376240944881888
0
LINE
8
BLACK
6
CONTINUOUS
10
6.0212001574803145
20
-4.8376240944881888
11
6.0223522834645671
21
-4.8377375590551184
0
LINE
8
BLACK
6
CONTINUOUS
10
6.0106375590551178
20
-4.8511951968503935
11
6.0091806692913385
21
-4.8526520866141727
0
LINE
8
BLACK
6
CONTINUOUS
10
6.0091806692913385
20
-4.8526520866141727
11
6.0074206299212598
21
-4.8561722440944877
0
LINE
8
BLACK
6
CONTINUOUS
10
6.0074206299212598
20
-4.8561722440944877
11
6.0074206299212598
21
-4.8713698818897635
0
LINE
8
BLACK
6
CONTINUOUS
10
6.0074206299212598
20
-4.8713698818897635
11
6.0265432283464566
21
-4.8713698818897635
0
LINE
8
BLACK
6
CONTINUOUS
10
6.0265432283464566
20
-4.8713698818897635
11
6.0265432283464566
21
-4.8561722834645664
0
LINE
8
BLACK
6
CONTINUOUS
10
6.0265432283464566
20
-4.8561722834645664
11
6.0247830708661416
21
-4.8526520472440939
0
LINE
8
BLACK
6
CONTINUOUS
10
6.0247830708661416
20
-4.8526520472440939
11
6.0233261811023624
21
-4.8511951574803147
0
LINE
8
BLACK
6
CONTINUOUS
10
6.0233261811023624
20
-4.8511951574803147
11
6.0198060629921262
21
-4.849435118110236
0
LINE
8
BLACK
6
CONTINUOUS
10
6.0198060629921262
20
-4.849435118110236
11
6.0141577952755902
21
-4.849435118110236
0
LINE
8
BLACK
6
CONTINUOUS
10
6.0141577952755902
20
-4.849435118110236
11
6.0106375590551178
21
-4.8511951968503935
0
LINE
8
BLACK
6
CONTINUOUS
10
6.1357296850393697
20
-4.8312266929133854
11
6.1373589763779526
21
-4.8328559842519683
0
LINE
8
BLACK
6
CONTINUOUS
10
6.1373589763779526
20
-4.8328559842519683
11
6.1382407874015747
21
-4.8349848031496059
0
LINE
8
BLACK
6
CONTINUOUS
10
6.1382407874015747
20
-4.8349848031496059
11
6.1383542519685035
21
-4.8361369291338585
0
LINE
8
BLACK
6
CONTINUOUS
10
6.1383542519685035
20
-4.8361369291338585
11
6.1383542519685035
21
-4.8698826771653545
0
LINE
8
BLACK
6
CONTINUOUS
10
6.1383542519685035
20
-4.8698826771653545
11
6.1382407874015747
21
-4.8710348031496062
0
LINE
8
BLACK
6
CONTINUOUS
10
6.1382407874015747
20
-4.8710348031496062
11
6.1373589763779526
21
-4.8731636220472438
0
LINE
8
BLACK
6
CONTINUOUS
10
6.1373589763779526
20
-4.8731636220472438
11
6.1357296850393697
21
-4.8747929133858268
0
LINE
8
BLACK
6
CONTINUOUS
10
6.1357296850393697
20
-4.8747929133858268
11
6.1336008661417321
21
-4.8756747244094489
0
LINE
8
BLACK
6
CONTINUOUS
10
6.1336008661417321
20
-4.8756747244094489
11
6.1312966141732286
21
-4.8756747244094489
0
LINE
8
BLACK
6
CONTINUOUS
10
6.1312966141732286
20
-4.8756747244094489
11
6.1291677952755901
21
-4.8747929133858268
0
LINE
8
BLACK
6
CONTINUOUS
10
6.1291677952755901
20
-4.8747929133858268
11
6.1275385039370081
21
-4.8731636220472438
0
LINE
8
BLACK
6
CONTINUOUS
10
6.1275385039370081
20
-4.8731636220472438
11
6.1266566929133859
21
-4.8710348031496062
0
LINE
8
BLACK
6
CONTINUOUS
10
6.1266566929133859
20
-4.8710348031496062
11
6.1265432283464563
21
-4.8698826771653545
0
LINE
8
BLACK
6
CONTINUOUS
10
6.1265432283464563
20
-4.8698826771653545
11
6.1265432283464563
21
-4.8589153149606297
0
LINE
8
BLACK
6
CONTINUOUS
10
6.1265432283464563
20
-4.8589153149606297
11
6.0733936220472442
21
-4.8589153149606297
0
LINE
8
BLACK
6
CONTINUOUS
10
6.0733936220472442
20
-4.8589153149606297
11
6.0722414960629916
21
-4.8588018503937009
0
LINE
8
BLACK
6
CONTINUOUS
10
6.0722414960629916
20
-4.8588018503937009
11
6.070112677165354
21
-4.8579200393700788
0
LINE
8
BLACK
6
CONTINUOUS
10
6.070112677165354
20
-4.8579200393700788
11
6.0684833858267719
21
-4.8562907480314959
0
LINE
8
BLACK
6
CONTINUOUS
10
6.0684833858267719
20
-4.8562907480314959
11
6.0676015748031498
21
-4.8541619291338582
0
LINE
8
BLACK
6
CONTINUOUS
10
6.0676015748031498
20
-4.8541619291338582
11
6.0676015748031498
21
-4.8518576771653539
0
LINE
8
BLACK
6
CONTINUOUS
10
6.0676015748031498
20
-4.8518576771653539
11
6.0684833858267719
21
-4.8497288582677163
0
LINE
8
BLACK
6
CONTINUOUS
10
6.0684833858267719
20
-4.8497288582677163
11
6.070112677165354
21
-4.8480995669291334
0
LINE
8
BLACK
6
CONTINUOUS
10
6.070112677165354
20
-4.8480995669291334
11
6.0722414960629916
21
-4.8472177559055121
0
LINE
8
BLACK
6
CONTINUOUS
10
6.0722414960629916
20
-4.8472177559055121
11
6.0733936220472442
21
-4.8471042913385824
0
LINE
8
BLACK
6
CONTINUOUS
10
6.0733936220472442
20
-4.8471042913385824
11
6.1265432283464563
21
-4.8471042913385824
0
LINE
8
BLACK
6
CONTINUOUS
10
6.1265432283464563
20
-4.8471042913385824
11
6.1265432283464563
21
-4.8361369291338585
0
LINE
8
BLACK
6
CONTINUOUS
10
6.1265432283464563
20
-4.8361369291338585
11
6.1266566929133859
21
-4.8349848031496059
0
LINE
8
BLACK
6
CONTINUOUS
10
6.1266566929133859
20
-4.8349848031496059
11
6.1275385039370081
21
-4.8328559842519683
0
LINE
8
BLACK
6
CONTINUOUS
10
6.1275385039370081
20
-4.8328559842519683
11
6.1291677952755901
21
-4.8312266929133854
0
LINE
8
BLACK
6
CONTINUOUS
10
6.1291677952755901
20
-4.8312266929133854
11
6.1312966141732286
21
-4.8303448818897641
0
LINE
8
BLACK
6
CONTINUOUS
10
6.1312966141732286
20
-4.8303448818897641
11
6.1336008661417321
21
-4.8303448818897641
0
LINE
8
BLACK
6
CONTINUOUS
10
6.1336008661417321
20
-4.8303448818897641
11
6.1357296850393697
21
-4.8312266929133854
0
LINE
8
BLACK
6
CONTINUOUS
10
6.4240085826771649
20
-4.8176288976377952
11
6.4260694881889764
21
-4.8186593700787403
0
LINE
8
BLACK
6
CONTINUOUS
10
6.4260694881889764
20
-4.8186593700787403
11
6.4275792125984248
21
-4.8204000787401577
0
LINE
8
BLACK
6
CONTINUOUS
10
6.4275792125984248
20
-4.8204000787401577
11
6.4283079133858267
21
-4.8225860629921256
0
LINE
8
BLACK
6
CONTINUOUS
10
6.4283079133858267
20
-4.8225860629921256
11
6.4281445275590547
21
-4.8248844881889763
0
LINE
8
BLACK
6
CONTINUOUS
10
6.4281445275590547
20
-4.8248844881889763
11
6.4271140944881893
21
-4.8269454330708657
0
LINE
8
BLACK
6
CONTINUOUS
10
6.4271140944881893
20
-4.8269454330708657
11
6.4253733464566931
21
-4.828455157480315
0
LINE
8
BLACK
6
CONTINUOUS
10
6.4253733464566931
20
-4.828455157480315
11
6.4243162204724404
21
-4.8289271259842517
0
LINE
8
BLACK
6
CONTINUOUS
10
6.4243162204724404
20
-4.8289271259842517
11
6.3820684251968505
21
-4.8430097244094483
0
LINE
8
BLACK
6
CONTINUOUS
10
6.3820684251968505
20
-4.8430097244094483
11
6.4243162204724404
21
-4.8570923228346459
0
LINE
8
BLACK
6
CONTINUOUS
10
6.4243162204724404
20
-4.8570923228346459
11
6.4253733464566931
21
-4.8575642913385826
0
LINE
8
BLACK
6
CONTINUOUS
10
6.4253733464566931
20
-4.8575642913385826
11
6.4271140944881893
21
-4.859074015748031
0
LINE
8
BLACK
6
CONTINUOUS
10
6.4271140944881893
20
-4.859074015748031
11
6.4281445275590547
21
-4.8611349606299212
0
LINE
8
BLACK
6
CONTINUOUS
10
6.4281445275590547
20
-4.8611349606299212
11
6.4283079133858267
21
-4.863433385826772
0
LINE
8
BLACK
6
CONTINUOUS
10
6.4283079133858267
20
-4.863433385826772
11
6.4275792125984248
21
-4.8656193700787398
0
LINE
8
BLACK
6
CONTINUOUS
10
6.4275792125984248
20
-4.8656193700787398
11
6.4260694881889764
21
-4.8673600787401572
0
LINE
8
BLACK
6
CONTINUOUS
10
6.4260694881889764
20
-4.8673600787401572
11
6.4240085826771649
21
-4.8683905511811023
0
LINE
8
BLACK
6
CONTINUOUS
10
6.4240085826771649
20
-4.8683905511811023
11
6.421710157480315
21
-4.8685539370078743
0
LINE
8
BLACK
6
CONTINUOUS
10
6.421710157480315
20
-4.8685539370078743
11
6.4205812598425194
21
-4.8682972440944878
0
LINE
8
BLACK
6
CONTINUOUS
10
6.4205812598425194
20
-4.8682972440944878
11
6.3615261417322833
21
-4.8486121653543304
0
LINE
8
BLACK
6
CONTINUOUS
10
6.3615261417322833
20
-4.8486121653543304
11
6.3604690157480315
21
-4.8481401968503937
0
LINE
8
BLACK
6
CONTINUOUS
10
6.3604690157480315
20
-4.8481401968503937
11
6.3601502362204725
21
-4.8478637007874017
0
LINE
8
BLACK
6
CONTINUOUS
10
6.3601502362204725
20
-4.8478637007874017
11
6.3597728740157482
21
-4.8476750393700785
0
LINE
8
BLACK
6
CONTINUOUS
10
6.3597728740157482
20
-4.8476750393700785
11
6.3592876771653541
21
-4.8471156299212597
0
LINE
8
BLACK
6
CONTINUOUS
10
6.3592876771653541
20
-4.8471156299212597
11
6.3587283070866141
21
-4.8466304724409444
0
LINE
8
BLACK
6
CONTINUOUS
10
6.3587283070866141
20
-4.8466304724409444
11
6.3585396062992121
21
-4.8462530708661413
0
LINE
8
BLACK
6
CONTINUOUS
10
6.3585396062992121
20
-4.8462530708661413
11
6.3582631496062989
21
-4.8459343307086611
0
LINE
8
BLACK
6
CONTINUOUS
10
6.3582631496062989
20
-4.8459343307086611
11
6.3580289763779527
21
-4.8452318897637792
0
LINE
8
BLACK
6
CONTINUOUS
10
6.3580289763779527
20
-4.8452318897637792
11
6.357697834645669
21
-4.8445695669291338
0
LINE
8
BLACK
6
CONTINUOUS
10
6.357697834645669
20
-4.8445695669291338
11
6.3576679133858267
21
-4.8441486220472436
0
LINE
8
BLACK
6
CONTINUOUS
10
6.3576679133858267
20
-4.8441486220472436
11
6.3575344881889766
21
-4.8437483464566924
0
LINE
8
BLACK
6
CONTINUOUS
10
6.3575344881889766
20
-4.8437483464566924
11
6.357586968503937
21
-4.8430097244094483
0
LINE
8
BLACK
6
CONTINUOUS
10
6.357586968503937
20
-4.8430097244094483
11
6.3575344881889766
21
-4.8422711023622043
0
LINE
8
BLACK
6
CONTINUOUS
10
6.3575344881889766
20
-4.8422711023622043
11
6.3576679133858267
21
-4.8418707874015743
0
LINE
8
BLACK
6
CONTINUOUS
10
6.3576679133858267
20
-4.8418707874015743
11
6.357697834645669
21
-4.8414498818897638
0
LINE
8
BLACK
6
CONTINUOUS
10
6.357697834645669
20
-4.8414498818897638
11
6.3580289763779527
21
-4.8407875196850396
0
LINE
8
BLACK
6
CONTINUOUS
10
6.3580289763779527
20
-4.8407875196850396
11
6.3582631496062989
21
-4.8400851181102365
0
LINE
8
BLACK
6
CONTINUOUS
10
6.3582631496062989
20
-4.8400851181102365
11
6.3585396062992121
21
-4.8397663385826775
0
LINE
8
BLACK
6
CONTINUOUS
10
6.3585396062992121
20
-4.8397663385826775
11
6.3587283070866141
21
-4.8393889763779523
0
LINE
8
BLACK
6
CONTINUOUS
10
6.3587283070866141
20
-4.8393889763779523
11
6.3592876771653541
21
-4.8389037795275591
0
LINE
8
BLACK
6
CONTINUOUS
10
6.3592876771653541
20
-4.8389037795275591
11
6.3597728740157482
21
-4.8383444094488191
0
LINE
8
BLACK
6
CONTINUOUS
10
6.3597728740157482
20
-4.8383444094488191
11
6.3601502362204725
21
-4.8381557086614171
0
LINE
8
BLACK
6
CONTINUOUS
10
6.3601502362204725
20
-4.8381557086614171
11
6.3604690157480315
21
-4.8378792519685039
0
LINE
8
BLACK
6
CONTINUOUS
10
6.3604690157480315
20
-4.8378792519685039
11
6.3615261417322833
21
-4.8374072834645672
0
LINE
8
BLACK
6
CONTINUOUS
10
6.3615261417322833
20
-4.8374072834645672
11
6.4205812598425194
21
-4.8177222047244097
0
LINE
8
BLACK
6
CONTINUOUS
10
6.4205812598425194
20
-4.8177222047244097
11
6.421710157480315
21
-4.8174655118110232
0
LINE
8
BLACK
6
CONTINUOUS
10
6.421710157480315
20
-4.8174655118110232
11
6.4240085826771649
21
-4.8176288976377952
0
LINE
8
BLACK
6
CONTINUOUS
10
5.9223522834645665
20
-4.7869140157480317
11
5.9225483464566926
21
-4.7869952362204726
0
LINE
8
BLACK
6
CONTINUOUS
10
5.9225483464566926
20
-4.7869952362204726
11
5.9227599606299215
21
-4.7870102755905508
0
LINE
8
BLACK
6
CONTINUOUS
10
5.9227599606299215
20
-4.7870102755905508
11
5.9238411811023619
21
-4.787424015748031
0
LINE
8
BLACK
6
CONTINUOUS
10
5.9238411811023619
20
-4.787424015748031
11
5.9294654724409446
21
-4.7902361811023617
0
LINE
8
BLACK
6
CONTINUOUS
10
5.9294654724409446
20
-4.7902361811023617
11
5.929961338582677
21
-4.7905483070866142
0
LINE
8
BLACK
6
CONTINUOUS
10
5.929961338582677
20
-4.7905483070866142
11
5.9301053937007877
21
-4.7906079921259845
0
LINE
8
BLACK
6
CONTINUOUS
10
5.9301053937007877
20
-4.7906079921259845
11
5.9302674803149609
21
-4.7907410236220471
0
LINE
8
BLACK
6
CONTINUOUS
10
5.9302674803149609
20
-4.7907410236220471
11
5.9304452362204723
21
-4.7908529133858266
0
LINE
8
BLACK
6
CONTINUOUS
10
5.9304452362204723
20
-4.7908529133858266
11
5.9305474409448822
21
-4.7909707874015748
0
LINE
8
BLACK
6
CONTINUOUS
10
5.9305474409448822
20
-4.7909707874015748
11
5.9310003149606301
21
-4.7913424409448817
0
LINE
8
BLACK
6
CONTINUOUS
10
5.9310003149606301
20
-4.7913424409448817
11
5.933812440944882
21
-4.7941546062992124
0
LINE
8
BLACK
6
CONTINUOUS
10
5.933812440944882
20
-4.7941546062992124
11
5.9341840157480314
21
-4.7946073622047241
0
LINE
8
BLACK
6
CONTINUOUS
10
5.9341840157480314
20
-4.7946073622047241
11
5.9343018897637796
21
-4.7947096062992127
0
LINE
8
BLACK
6
CONTINUOUS
10
5.9343018897637796
20
-4.7947096062992127
11
5.9344137007874016
21
-4.7948872440944879
0
LINE
8
BLACK
6
CONTINUOUS
10
5.9344137007874016
20
-4.7948872440944879
11
5.9345468503937004
21
-4.795049488188976
0
LINE
8
BLACK
6
CONTINUOUS
10
5.9345468503937004
20
-4.795049488188976
11
5.9346064960629921
21
-4.7951935433070867
0
LINE
8
BLACK
6
CONTINUOUS
10
5.9346064960629921
20
-4.7951935433070867
11
5.9349186220472436
21
-4.7956893700787404
0
LINE
8
BLACK
6
CONTINUOUS
10
5.9349186220472436
20
-4.7956893700787404
11
5.9377307874015743
21
-4.8013136220472443
0
LINE
8
BLACK
6
CONTINUOUS
10
5.9377307874015743
20
-4.8013136220472443
11
5.9381445275590554
21
-4.8023948818897635
0
LINE
8
BLACK
6
CONTINUOUS
10
5.9381445275590554
20
-4.8023948818897635
11
5.9381595275590549
21
-4.8026064566929136
0
LINE
8
BLACK
6
CONTINUOUS
10
5.9381595275590549
20
-4.8026064566929136
11
5.9382407874015746
21
-4.8028025590551184
0
LINE
8
BLACK
6
CONTINUOUS
10
5.9382407874015746
20
-4.8028025590551184
11
5.9383542519685042
21
-4.8039546850393702
0
LINE
8
BLACK
6
CONTINUOUS
10
5.9383542519685042
20
-4.8039546850393702
11
5.9383542519685042
21
-4.8180154330708662
0
LINE
8
BLACK
6
CONTINUOUS
10
5.9383542519685042
20
-4.8180154330708662
11
5.9382407874015746
21
-4.819167559055118
0
LINE
8
BLACK
6
CONTINUOUS
10
5.9382407874015746
20
-4.819167559055118
11
5.9381595275590549
21
-4.819363622047244
0
LINE
8
BLACK
6
CONTINUOUS
10
5.9381595275590549
20
-4.819363622047244
11
5.9381445275590554
21
-4.819575236220472
0
LINE
8
BLACK
6
CONTINUOUS
10
5.9381445275590554
20
-4.819575236220472
11
5.9377307874015743
21
-4.8206564960629921
0
LINE
8
BLACK
6
CONTINUOUS
10
5.9377307874015743
20
-4.8206564960629921
11
5.9349186220472436
21
-4.826280748031496
0
LINE
8
BLACK
6
CONTINUOUS
10
5.9349186220472436
20
-4.826280748031496
11
5.9346065354330708
21
-4.8267764566929134
0
LINE
8
BLACK
6
CONTINUOUS
10
5.9346065354330708
20
-4.8267764566929134
11
5.9345468503937004
21
-4.8269206692913382
0
LINE
8
BLACK
6
CONTINUOUS
10
5.9345468503937004
20
-4.8269206692913382
11
5.9344136220472441
21
-4.8270829527559052
0
LINE
8
BLACK
6
CONTINUOUS
10
5.9344136220472441
20
-4.8270829527559052
11
5.9343018897637796
21
-4.8272605118110237
0
LINE
8
BLACK
6
CONTINUOUS
10
5.9343018897637796
20
-4.8272605118110237
11
5.9341840551181102
21
-4.8273626771653539
0
LINE
8
BLACK
6
CONTINUOUS
10
5.9341840551181102
20
-4.8273626771653539
11
5.9338124015748033
21
-4.8278155511811018
0
LINE
8
BLACK
6
CONTINUOUS
10
5.9338124015748033
20
-4.8278155511811018
11
5.9310002755905513
21
-4.8306276771653538
0
LINE
8
BLACK
6
CONTINUOUS
10
5.9310002755905513
20
-4.8306276771653538
11
5.930105354330709
21
-4.8313621259842519
0
LINE
8
BLACK
6
CONTINUOUS
10
5.930105354330709
20
-4.8313621259842519
11
5.9279765354330705
21
-4.8322438976377953
0
LINE
8
BLACK
6
CONTINUOUS
10
5.9279765354330705
20
-4.8322438976377953
11
5.9256723622047245
21
-4.8322438976377953
0
LINE
8
BLACK
6
CONTINUOUS
10
5.9256723622047245
20
-4.8322438976377953
11
5.9235435433070869
21
-4.8313621259842519
0
LINE
8
BLACK
6
CONTINUOUS
10
5.9235435433070869
20
-4.8313621259842519
11
5.9219141732283465
21
-4.8297327559055114
0
LINE
8
BLACK
6
CONTINUOUS
10
5.9219141732283465
20
-4.8297327559055114
11
5.921032401574803
21
-4.8276039370078738
0
LINE
8
BLACK
6
CONTINUOUS
10
5.921032401574803
20
-4.8276039370078738
11
5.921032401574803
21
-4.8252997637795279
0
LINE
8
BLACK
6
CONTINUOUS
10
5.921032401574803
20
-4.8252997637795279
11
5.9219141732283465
21
-4.8231709448818894
0
LINE
8
BLACK
6
CONTINUOUS
10
5.9219141732283465
20
-4.8231709448818894
11
5.9226486220472436
21
-4.822276023622047
0
LINE
8
BLACK
6
CONTINUOUS
10
5.9226486220472436
20
-4.822276023622047
11
5.9247831102362207
21
-4.820141496062992
0
LINE
8
BLACK
6
CONTINUOUS
10
5.9247831102362207
20
-4.820141496062992
11
5.926543228346457
21
-4.8166212992125983
0
LINE
8
BLACK
6
CONTINUOUS
10
5.926543228346457
20
-4.8166212992125983
11
5.926543228346457
21
-4.8053487795275593
0
LINE
8
BLACK
6
CONTINUOUS
10
5.926543228346457
20
-4.8053487795275593
11
5.924783070866142
21
-4.8018285433070869
0
LINE
8
BLACK
6
CONTINUOUS
10
5.924783070866142
20
-4.8018285433070869
11
5.9233262598425194
21
-4.8003716929133855
0
LINE
8
BLACK
6
CONTINUOUS
10
5.9233262598425194
20
-4.8003716929133855
11
5.9198060629921256
21
-4.7986115748031493
0
LINE
8
BLACK
6
CONTINUOUS
10
5.9198060629921256
20
-4.7986115748031493
11
5.9165342519685042
21
-4.7986115748031493
0
LINE
8
BLACK
6
CONTINUOUS
10
5.9165342519685042
20
-4.7986115748031493
11
5.9103294488188975
21
-4.8006798031496061
0
LINE
8
BLACK
6
CONTINUOUS
10
5.9103294488188975
20
-4.8006798031496061
11
5.8775694488188979
21
-4.8334398425196845
0
LINE
8
BLACK
6
CONTINUOUS
10
5.8775694488188979
20
-4.8334398425196845
11
5.8766745275590546
21
-4.8341742913385826
0
LINE
8
BLACK
6
CONTINUOUS
10
5.8766745275590546
20
-4.8341742913385826
11
5.8754275196850392
21
-4.8346907874015743
0
LINE
8
BLACK
6
CONTINUOUS
10
5.8754275196850392
20
-4.8346907874015743
11
5.8745457480314958
21
-4.835056062992126
0
LINE
8
BLACK
6
CONTINUOUS
10
5.8745457480314958
20
-4.835056062992126
11
5.874545708661417
21
-4.835056062992126
0
LINE
8
BLACK
6
CONTINUOUS
10
5.874545708661417
20
-4.835056062992126
11
5.872241535433071
21
-4.835056062992126
0
LINE
8
BLACK
6
CONTINUOUS
10
5.872241535433071
20
-4.835056062992126
11
5.8722414960629923
21
-4.835056062992126
0
LINE
8
BLACK
6
CONTINUOUS
10
5.8722414960629923
20
-4.835056062992126
11
5.8713597244094489
21
-4.8346907874015743
0
LINE
8
BLACK
6
CONTINUOUS
10
5.8713597244094489
20
-4.8346907874015743
11
5.8701127165354325
21
-4.8341742913385826
0
LINE
8
BLACK
6
CONTINUOUS
10
5.8701127165354325
20
-4.8341742913385826
11
5.868483346456693
21
-4.8325449212598421
0
LINE
8
BLACK
6
CONTINUOUS
10
5.868483346456693
20
-4.8325449212598421
11
5.8676015748031496
21
-4.8304161023622045
0
LINE
8
BLACK
6
CONTINUOUS
10
5.8676015748031496
20
-4.8304161023622045
11
5.86748811023622
21
-4.8292640157480315
0
LINE
8
BLACK
6
CONTINUOUS
10
5.86748811023622
20
-4.8292640157480315
11
5.86748811023622
21
-4.7927060629921261
0
LINE
8
BLACK
6
CONTINUOUS
10
5.86748811023622
20
-4.7927060629921261
11
5.8676015748031496
21
-4.7915539370078735
0
LINE
8
BLACK
6
CONTINUOUS
10
5.8676015748031496
20
-4.7915539370078735
11
5.8684833858267718
21
-4.7894251181102359
0
LINE
8
BLACK
6
CONTINUOUS
10
5.8684833858267718
20
-4.7894251181102359
11
5.8701126771653538
21
-4.7877958267716538
0
LINE
8
BLACK
6
CONTINUOUS
10
5.8701126771653538
20
-4.7877958267716538
11
5.8722414960629923
21
-4.7869140157480317
0
LINE
8
BLACK
6
CONTINUOUS
10
5.8722414960629923
20
-4.7869140157480317
11
5.8745457480314958
21
-4.7869140157480317
0
LINE
8
BLACK
6
CONTINUOUS
10
5.8745457480314958
20
-4.7869140157480317
11
5.8766745669291334
21
-4.7877958267716538
0
LINE
8
BLACK
6
CONTINUOUS
10
5.8766745669291334
20
-4.7877958267716538
11
5.8783038582677163
21
-4.7894251181102359
0
LINE
8
BLACK
6
CONTINUOUS
10
5.8783038582677163
20
-4.7894251181102359
11
5.8791856692913385
21
-4.7915539370078735
0
LINE
8
BLACK
6
CONTINUOUS
10
5.8791856692913385
20
-4.7915539370078735
11
5.8792991338582672
21
-4.7927060629921261
0
LINE
8
BLACK
6
CONTINUOUS
10
5.8792991338582672
20
-4.7927060629921261
11
5.8792991338582672
21
-4.8150068503937007
0
LINE
8
BLACK
6
CONTINUOUS
10
5.8792991338582672
20
-4.8150068503937007
11
5.9029635826771649
21
-4.791342401574803
0
LINE
8
BLACK
6
CONTINUOUS
10
5.9029635826771649
20
-4.791342401574803
11
5.9038584645669294
21
-4.7906079527559058
0
LINE
8
BLACK
6
CONTINUOUS
10
5.9038584645669294
20
-4.7906079527559058
11
5.9040545669291333
21
-4.7905266929133861
0
LINE
8
BLACK
6
CONTINUOUS
10
5.9040545669291333
20
-4.7905266929133861
11
5.904214803149606
21
-4.7903877559055115
0
LINE
8
BLACK
6
CONTINUOUS
10
5.904214803149606
20
-4.7903877559055115
11
5.9052719291338578
21
-4.7899157874015748
0
LINE
8
BLACK
6
CONTINUOUS
10
5.9052719291338578
20
-4.7899157874015748
11
5.9137083464566924
21
-4.787103622047244
0
LINE
8
BLACK
6
CONTINUOUS
10
5.9137083464566924
20
-4.787103622047244
11
5.9142795669291335
21
-4.7869737007874011
0
LINE
8
BLACK
6
CONTINUOUS
10
5.9142795669291335
20
-4.7869737007874011
11
5.9144237401574804
21
-4.7869140157480317
0
LINE
8
BLACK
6
CONTINUOUS
10
5.9144237401574804
20
-4.7869140157480317
11
5.9146327165354329
21
-4.7868934251968502
0
LINE
8
BLACK
6
CONTINUOUS
10
5.9146327165354329
20
-4.7868934251968502
11
5.9148372440944881
21
-4.7868469291338585
0
LINE
8
BLACK
6
CONTINUOUS
10
5.9148372440944881
20
-4.7868469291338585
11
5.9149927165354326
21
-4.7868579527559056
0
LINE
8
BLACK
6
CONTINUOUS
10
5.9149927165354326
20
-4.7868579527559056
11
5.9155758661417321
21
-4.786800551181102
0
LINE
8
BLACK
6
CONTINUOUS
10
5.9155758661417321
20
-4.786800551181102
11
5.9212001574803148
21
-4.786800551181102
0
LINE
8
BLACK
6
CONTINUOUS
10
5.9212001574803148
20
-4.786800551181102
11
5.9223522834645665
21
-4.7869140157480317
0
LINE
8
BLACK
6
CONTINUOUS
10
6.116044645669291
20
-4.7721715748031492
11
6.1176739370078739
21
-4.7738008661417322
0
LINE
8
BLACK
6
CONTINUOUS
10
6.1176739370078739
20
-4.7738008661417322
11
6.118555748031496
21
-4.7759296850393698
0
LINE
8
BLACK
6
CONTINUOUS
10
6.118555748031496
20
-4.7759296850393698
11
6.1186692125984248
21
-4.7770818110236215
0
LINE
8
BLACK
6
CONTINUOUS
10
6.1186692125984248
20
-4.7770818110236215
11
6.1186692125984248
21
-4.7809684645669286
0
LINE
8
BLACK
6
CONTINUOUS
10
6.1186692125984248
20
-4.7809684645669286
11
6.1367919291338584
21
-4.7769412204724411
0
LINE
8
BLACK
6
CONTINUOUS
10
6.1367919291338584
20
-4.7769412204724411
11
6.1379412598425196
21
-4.776802047244094
0
LINE
8
BLACK
6
CONTINUOUS
10
6.1379412598425196
20
-4.776802047244094
11
6.1402106692913385
21
-4.777201062992126
0
LINE
8
BLACK
6
CONTINUOUS
10
6.1402106692913385
20
-4.777201062992126
11
6.1421546062992123
21
-4.7784381102362206
0
LINE
8
BLACK
6
CONTINUOUS
10
6.1421546062992123
20
-4.7784381102362206
11
6.1434772047244097
21
-4.7803249606299207
0
LINE
8
BLACK
6
CONTINUOUS
10
6.1434772047244097
20
-4.7803249606299207
11
6.1439770866141732
21
-4.7825743307086617
0
LINE
8
BLACK
6
CONTINUOUS
10
6.1439770866141732
20
-4.7825743307086617
11
6.1435780708661412
21
-4.7848437401574806
0
LINE
8
BLACK
6
CONTINUOUS
10
6.1435780708661412
20
-4.7848437401574806
11
6.1423410236220475
21
-4.7867876771653544
0
LINE
8
BLACK
6
CONTINUOUS
10
6.1423410236220475
20
-4.7867876771653544
11
6.1404541732283464
21
-4.7881102755905509
0
LINE
8
BLACK
6
CONTINUOUS
10
6.1404541732283464
20
-4.7881102755905509
11
6.1393540944881888
21
-4.7884709842519682
0
LINE
8
BLACK
6
CONTINUOUS
10
6.1393540944881888
20
-4.7884709842519682
11
6.1186692125984248
21
-4.7930675984251971
0
LINE
8
BLACK
6
CONTINUOUS
10
6.1186692125984248
20
-4.7930675984251971
11
6.1186692125984248
21
-4.8006535039370082
0
LINE
8
BLACK
6
CONTINUOUS
10
6.1186692125984248
20
-4.8006535039370082
11
6.1367919291338584
21
-4.7966262598425198
0
LINE
8
BLACK
6
CONTINUOUS
10
6.1367919291338584
20
-4.7966262598425198
11
6.1379412598425196
21
-4.7964870866141736
0
LINE
8
BLACK
6
CONTINUOUS
10
6.1379412598425196
20
-4.7964870866141736
11
6.1402106692913385
21
-4.7968861023622047
0
LINE
8
BLACK
6
CONTINUOUS
10
6.1402106692913385
20
-4.7968861023622047
11
6.1421546062992123
21
-4.7981231496062993
0
LINE
8
BLACK
6
CONTINUOUS
10
6.1421546062992123
20
-4.7981231496062993
11
6.1434772047244097
21
-4.8000100000000003
0
LINE
8
BLACK
6
CONTINUOUS
10
6.1434772047244097
20
-4.8000100000000003
11
6.1439770866141732
21
-4.8022593700787404
0
LINE
8
BLACK
6
CONTINUOUS
10
6.1439770866141732
20
-4.8022593700787404
11
6.1435780708661412
21
-4.8045287795275593
0
LINE
8
BLACK
6
CONTINUOUS
10
6.1435780708661412
20
-4.8045287795275593
11
6.1423410236220475
21
-4.8064727165354331
0
LINE
8
BLACK
6
CONTINUOUS
10
6.1423410236220475
20
-4.8064727165354331
11
6.1404541732283464
21
-4.8077953149606296
0
LINE
8
BLACK
6
CONTINUOUS
10
6.1404541732283464
20
-4.8077953149606296
11
6.1393540944881888
21
-4.8081560236220469
0
LINE
8
BLACK
6
CONTINUOUS
10
6.1393540944881888
20
-4.8081560236220469
11
6.1186692125984248
21
-4.8127526377952758
0
LINE
8
BLACK
6
CONTINUOUS
10
6.1186692125984248
20
-4.8127526377952758
11
6.1186692125984248
21
-4.8192640157480318
0
LINE
8
BLACK
6
CONTINUOUS
10
6.1186692125984248
20
-4.8192640157480318
11
6.118555748031496
21
-4.8204161417322835
0
LINE
8
BLACK
6
CONTINUOUS
10
6.118555748031496
20
-4.8204161417322835
11
6.1176739370078739
21
-4.8225449606299211
0
LINE
8
BLACK
6
CONTINUOUS
10
6.1176739370078739
20
-4.8225449606299211
11
6.116044645669291
21
-4.824174251968504
0
LINE
8
BLACK
6
CONTINUOUS
10
6.116044645669291
20
-4.824174251968504
11
6.1139158267716534
21
-4.8250560629921262
0
LINE
8
BLACK
6
CONTINUOUS
10
6.1139158267716534
20
-4.8250560629921262
11
6.1116115748031499
21
-4.8250560629921262
0
LINE
8
BLACK
6
CONTINUOUS
10
6.1116115748031499
20
-4.8250560629921262
11
6.1094827559055114
21
-4.824174251968504
0
LINE
8
BLACK
6
CONTINUOUS
10
6.1094827559055114
20
-4.824174251968504
11
6.1078534645669293
21
-4.8225449606299211
0
LINE
8
BLACK
6
CONTINUOUS
10
6.1078534645669293
20
-4.8225449606299211
11
6.1069716535433072
21
-4.8204161417322835
0
LINE
8
BLACK
6
CONTINUOUS
10
6.1069716535433072
20
-4.8204161417322835
11
6.1068581889763776
21
-4.8192640157480318
0
LINE
8
BLACK
6
CONTINUOUS
10
6.1068581889763776
20
-4.8192640157480318
11
6.1068581889763776
21
-4.8153773228346459
0
LINE
8
BLACK
6
CONTINUOUS
10
6.1068581889763776
20
-4.8153773228346459
11
6.0933598818897634
21
-4.8183769291338585
0
LINE
8
BLACK
6
CONTINUOUS
10
6.0933598818897634
20
-4.8183769291338585
11
6.0933598818897634
21
-4.8248883070866144
0
LINE
8
BLACK
6
CONTINUOUS
10
6.0933598818897634
20
-4.8248883070866144
11
6.0932464173228347
21
-4.8260404330708662
0
LINE
8
BLACK
6
CONTINUOUS
10
6.0932464173228347
20
-4.8260404330708662
11
6.0923646062992125
21
-4.8281692519685038
0
LINE
8
BLACK
6
CONTINUOUS
10
6.0923646062992125
20
-4.8281692519685038
11
6.0907353149606296
21
-4.8297985433070867
0
LINE
8
BLACK
6
CONTINUOUS
10
6.0907353149606296
20
-4.8297985433070867
11
6.088606496062992
21
-4.8306803543307089
0
LINE
8
BLACK
6
CONTINUOUS
10
6.088606496062992
20
-4.8306803543307089
11
6.0863022440944876
21
-4.8306803543307089
0
LINE
8
BLACK
6
CONTINUOUS
10
6.0863022440944876
20
-4.8306803543307089
11
6.08417342519685
21
-4.8297985433070867
0
LINE
8
BLACK
6
CONTINUOUS
10
6.08417342519685
20
-4.8297985433070867
11
6.082544133858268
21
-4.8281692519685038
0
LINE
8
BLACK
6
CONTINUOUS
10
6.082544133858268
20
-4.8281692519685038
11
6.0816623228346458
21
-4.8260404330708662
0
LINE
8
BLACK
6
CONTINUOUS
10
6.0816623228346458
20
-4.8260404330708662
11
6.0815488582677162
21
-4.8248883070866144
0
LINE
8
BLACK
6
CONTINUOUS
10
6.0815488582677162
20
-4.8248883070866144
11
6.0815488582677162
21
-4.8210016141732286
0
LINE
8
BLACK
6
CONTINUOUS
10
6.0815488582677162
20
-4.8210016141732286
11
6.0634261417322834
21
-4.8250288976377949
0
LINE
8
BLACK
6
CONTINUOUS
10
6.0634261417322834
20
-4.8250288976377949
11
6.0622768110236223
21
-4.825168070866142
0
LINE
8
BLACK
6
CONTINUOUS
10
6.0622768110236223
20
-4.825168070866142
11
6.0600074015748033
21
-4.8247690551181099
0
LINE
8
BLACK
6
CONTINUOUS
10
6.0600074015748033
20
-4.8247690551181099
11
6.0580634645669287
21
-4.8235320078740154
0
LINE
8
BLACK
6
CONTINUOUS
10
6.0580634645669287
20
-4.8235320078740154
11
6.0567408661417321
21
-4.8216451574803152
0
LINE
8
BLACK
6
CONTINUOUS
10
6.0567408661417321
20
-4.8216451574803152
11
6.0562409842519687
21
-4.8193957874015743
0
LINE
8
BLACK
6
CONTINUOUS
10
6.0562409842519687
20
-4.8193957874015743
11
6.0566399999999998
21
-4.8171263779527562
0
LINE
8
BLACK
6
CONTINUOUS
10
6.0566399999999998
20
-4.8171263779527562
11
6.0578770472440944
21
-4.8151824409448816
0
LINE
8
BLACK
6
CONTINUOUS
10
6.0578770472440944
20
-4.8151824409448816
11
6.0597638976377954
21
-4.813859842519685
0
LINE
8
BLACK
6
CONTINUOUS
10
6.0597638976377954
20
-4.813859842519685
11
6.0608639370078743
21
-4.8134991338582678
0
LINE
8
BLACK
6
CONTINUOUS
10
6.0608639370078743
20
-4.8134991338582678
11
6.0815488582677162
21
-4.8089024803149609
0
LINE
8
BLACK
6
CONTINUOUS
10
6.0815488582677162
20
-4.8089024803149609
11
6.0815488582677162
21
-4.8013165748031499
0
LINE
8
BLACK
6
CONTINUOUS
10
6.0815488582677162
20
-4.8013165748031499
11
6.0634261417322834
21
-4.8053438582677162
0
LINE
8
BLACK
6
CONTINUOUS
10
6.0634261417322834
20
-4.8053438582677162
11
6.0622768110236223
21
-4.8054830314960633
0
LINE
8
BLACK
6
CONTINUOUS
10
6.0622768110236223
20
-4.8054830314960633
11
6.0600074015748033
21
-4.8050840157480312
0
LINE
8
BLACK
6
CONTINUOUS
10
6.0600074015748033
20
-4.8050840157480312
11
6.0580634645669287
21
-4.8038469685039367
0
LINE
8
BLACK
6
CONTINUOUS
10
6.0580634645669287
20
-4.8038469685039367
11
6.0567408661417321
21
-4.8019601181102365
0
LINE
8
BLACK
6
CONTINUOUS
10
6.0567408661417321
20
-4.8019601181102365
11
6.0562409842519687
21
-4.7997107480314956
0
LINE
8
BLACK
6
CONTINUOUS
10
6.0562409842519687
20
-4.7997107480314956
11
6.0566399999999998
21
-4.7974413385826766
0
LINE
8
BLACK
6
CONTINUOUS
10
6.0566399999999998
20
-4.7974413385826766
11
6.0578770472440944
21
-4.7954974015748029
0
LINE
8
BLACK
6
CONTINUOUS
10
6.0578770472440944
20
-4.7954974015748029
11
6.0597638976377954
21
-4.7941748031496063
0
LINE
8
BLACK
6
CONTINUOUS
10
6.0597638976377954
20
-4.7941748031496063
11
6.0608639370078743
21
-4.7938140944881891
0
LINE
8
BLACK
6
CONTINUOUS
10
6.0608639370078743
20
-4.7938140944881891
11
6.0815488582677162
21
-4.7892174409448822
0
LINE
8
BLACK
6
CONTINUOUS
10
6.0815488582677162
20
-4.7892174409448822
11
6.0815488582677162
21
-4.7827061023622051
0
LINE
8
BLACK
6
CONTINUOUS
10
6.0815488582677162
20
-4.7827061023622051
11
6.0816623228346458
21
-4.7815539763779524
0
LINE
8
BLACK
6
CONTINUOUS
10
6.0816623228346458
20
-4.7815539763779524
11
6.082544133858268
21
-4.7794251574803148
0
LINE
8
BLACK
6
CONTINUOUS
10
6.082544133858268
20
-4.7794251574803148
11
6.08417342519685
21
-4.7777958661417319
0
LINE
8
BLACK
6
CONTINUOUS
10
6.08417342519685
20
-4.7777958661417319
11
6.0863022440944876
21
-4.7769140551181097
0
LINE
8
BLACK
6
CONTINUOUS
10
6.0863022440944876
20
-4.7769140551181097
11
6.088606496062992
21
-4.7769140551181097
0
LINE
8
BLACK
6
CONTINUOUS
10
6.088606496062992
20
-4.7769140551181097
11
6.0907353149606296
21
-4.7777958661417319
0
LINE
8
BLACK
6
CONTINUOUS
10
6.0907353149606296
20
-4.7777958661417319
11
6.0923646062992125
21
-4.7794251574803148
0
LINE
8
BLACK
6
CONTINUOUS
10
6.0923646062992125
20
-4.7794251574803148
11
6.0932464173228347
21
-4.7815539763779524
0
LINE
8
BLACK
6
CONTINUOUS
10
6.0932464173228347
20
-4.7815539763779524
11
6.0933598818897634
21
-4.7827061023622051
0
LINE
8
BLACK
6
CONTINUOUS
10
6.0933598818897634
20
-4.7827061023622051
11
6.0933598818897634
21
-4.7865927559055121
0
LINE
8
BLACK
6
CONTINUOUS
10
6.0933598818897634
20
-4.7865927559055121
11
6.1068581889763776
21
-4.7835931496062987
0
LINE
8
BLACK
6
CONTINUOUS
10
6.1068581889763776
20
-4.7835931496062987
11
6.1068581889763776
21
-4.7770818110236215
0
LINE
8
BLACK
6
CONTINUOUS
10
6.1068581889763776
20
-4.7770818110236215
11
6.1069716535433072
21
-4.7759296850393698
0
LINE
8
BLACK
6
CONTINUOUS
10
6.1069716535433072
20
-4.7759296850393698
11
6.1078534645669293
21
-4.7738008661417322
0
LINE
8
BLACK
6
CONTINUOUS
10
6.1078534645669293
20
-4.7738008661417322
11
6.1094827559055114
21
-4.7721715748031492
0
LINE
8
BLACK
6
CONTINUOUS
10
6.1094827559055114
20
-4.7721715748031492
11
6.1116115748031499
21
-4.7712897637795271
0
LINE
8
BLACK
6
CONTINUOUS
10
6.1116115748031499
20
-4.7712897637795271
11
6.1139158267716534
21
-4.7712897637795271
0
LINE
8
BLACK
6
CONTINUOUS
10
6.1139158267716534
20
-4.7712897637795271
11
6.116044645669291
21
-4.7721715748031492
0
LINE
8
BLACK
6
CONTINUOUS
10
6.0933598818897634
20
-4.7986918897637798
11
6.0933598818897634
21
-4.8062777952755908
0
LINE
8
BLACK
6
CONTINUOUS
10
6.0933598818897634
20
-4.8062777952755908
11
6.1068581889763776
21
-4.8032781889763783
0
LINE
8
BLACK
6
CONTINUOUS
10
6.1068581889763776
20
-4.8032781889763783
11
6.1068581889763776
21
-4.7956922834645672
0
LINE
8
BLACK
6
CONTINUOUS
10
6.1068581889763776
20
-4.7956922834645672
11
6.0933598818897634
21
-4.7986918897637798
0
LINE
8
BLACK
6
CONTINUOUS
10
6.0347143700787402
20
-4.7790208661417326
11
6.0366289370078743
21
-4.7803029921259839
0
LINE
8
BLACK
6
CONTINUOUS
10
6.0366289370078743
20
-4.7803029921259839
11
6.0379071259842521
21
-4.782220275590551
0
LINE
8
BLACK
6
CONTINUOUS
10
6.0379071259842521
20
-4.782220275590551
11
6.0383542519685038
21
-4.7844806692913382
0
LINE
8
BLACK
6
CONTINUOUS
10
6.0383542519685038
20
-4.7844806692913382
11
6.0379023622047239
21
-4.7867401181102363
0
LINE
8
BLACK
6
CONTINUOUS
10
6.0379023622047239
20
-4.7867401181102363
11
6.0366202362204726
21
-4.7886546850393703
0
LINE
8
BLACK
6
CONTINUOUS
10
6.0366202362204726
20
-4.7886546850393703
11
6.0357245275590552
21
-4.7893881496062987
0
LINE
8
BLACK
6
CONTINUOUS
10
6.0357245275590552
20
-4.7893881496062987
11
6.0135674803149604
21
-4.8041595275590554
0
LINE
8
BLACK
6
CONTINUOUS
10
6.0135674803149604
20
-4.8041595275590554
11
6.0357245275590552
21
-4.8189309055118112
0
LINE
8
BLACK
6
CONTINUOUS
10
6.0357245275590552
20
-4.8189309055118112
11
6.0366202362204726
21
-4.8196643700787405
0
LINE
8
BLACK
6
CONTINUOUS
10
6.0366202362204726
20
-4.8196643700787405
11
6.0379023622047239
21
-4.8215789370078737
0
LINE
8
BLACK
6
CONTINUOUS
10
6.0379023622047239
20
-4.8215789370078737
11
6.0383542519685038
21
-4.8238383858267717
0
LINE
8
BLACK
6
CONTINUOUS
10
6.0383542519685038
20
-4.8238383858267717
11
6.0379071259842521
21
-4.8260987795275589
0
LINE
8
BLACK
6
CONTINUOUS
10
6.0379071259842521
20
-4.8260987795275589
11
6.0366289370078743
21
-4.828016062992126
0
LINE
8
BLACK
6
CONTINUOUS
10
6.0366289370078743
20
-4.828016062992126
11
6.0347143700787402
21
-4.8292981889763782
0
LINE
8
BLACK
6
CONTINUOUS
10
6.0347143700787402
20
-4.8292981889763782
11
6.0324549606299209
21
-4.8297500787401573
0
LINE
8
BLACK
6
CONTINUOUS
10
6.0324549606299209
20
-4.8297500787401573
11
6.0301945275590549
21
-4.8293029527559055
0
LINE
8
BLACK
6
CONTINUOUS
10
6.0301945275590549
20
-4.8293029527559055
11
6.0291729527559053
21
-4.8287582677165357
0
LINE
8
BLACK
6
CONTINUOUS
10
6.0291729527559053
20
-4.8287582677165357
11
6.0029211417322834
21
-4.8112570472440943
0
LINE
8
BLACK
6
CONTINUOUS
10
6.0029211417322834
20
-4.8112570472440943
11
5.9766694094488191
21
-4.8287582677165357
0
LINE
8
BLACK
6
CONTINUOUS
10
5.9766694094488191
20
-4.8287582677165357
11
5.9756478346456694
21
-4.8293029133858267
0
LINE
8
BLACK
6
CONTINUOUS
10
5.9756478346456694
20
-4.8293029133858267
11
5.9733874015748034
21
-4.8297500787401573
0
LINE
8
BLACK
6
CONTINUOUS
10
5.9733874015748034
20
-4.8297500787401573
11
5.9711279921259841
21
-4.8292981889763782
0
LINE
8
BLACK
6
CONTINUOUS
10
5.9711279921259841
20
-4.8292981889763782
11
5.9692134251968501
21
-4.828016062992126
0
LINE
8
BLACK
6
CONTINUOUS
10
5.9692134251968501
20
-4.828016062992126
11
5.967935275590551
21
-4.8260987795275589
0
LINE
8
BLACK
6
CONTINUOUS
10
5.967935275590551
20
-4.8260987795275589
11
5.9674881102362205
21
-4.823838346456693
0
LINE
8
BLACK
6
CONTINUOUS
10
5.9674881102362205
20
-4.823838346456693
11
5.9679399999999996
21
-4.8215789370078737
0
LINE
8
BLACK
6
CONTINUOUS
10
5.9679399999999996
20
-4.8215789370078737
11
5.9692221259842517
21
-4.8196643700787405
0
LINE
8
BLACK
6
CONTINUOUS
10
5.9692221259842517
20
-4.8196643700787405
11
5.9701178346456691
21
-4.8189308661417325
0
LINE
8
BLACK
6
CONTINUOUS
10
5.9701178346456691
20
-4.8189308661417325
11
5.9922748425196852
21
-4.8041595275590554
0
LINE
8
BLACK
6
CONTINUOUS
10
5.9922748425196852
20
-4.8041595275590554
11
5.9701178346456691
21
-4.7893881889763774
0
LINE
8
BLACK
6
CONTINUOUS
10
5.9701178346456691
20
-4.7893881889763774
11
5.9692221259842517
21
-4.7886546850393703
0
LINE
8
BLACK
6
CONTINUOUS
10
5.9692221259842517
20
-4.7886546850393703
11
5.9679399999999996
21
-4.7867401181102363
0
LINE
8
BLACK
6
CONTINUOUS
10
5.9679399999999996
20
-4.7867401181102363
11
5.9674881102362205
21
-4.7844807086614169
0
LINE
8
BLACK
6
CONTINUOUS
10
5.9674881102362205
20
-4.7844807086614169
11
5.967935275590551
21
-4.782220275590551
0
LINE
8
BLACK
6
CONTINUOUS
10
5.967935275590551
20
-4.782220275590551
11
5.9692134251968501
21
-4.7803029921259839
0
LINE
8
BLACK
6
CONTINUOUS
10
5.9692134251968501
20
-4.7803029921259839
11
5.9711279921259841
21
-4.7790208661417326
0
LINE
8
BLACK
6
CONTINUOUS
10
5.9711279921259841
20
-4.7790208661417326
11
5.9733874015748034
21
-4.7785689763779526
0
LINE
8
BLACK
6
CONTINUOUS
10
5.9733874015748034
20
-4.7785689763779526
11
5.9756478346456694
21
-4.7790161417322832
0
LINE
8
BLACK
6
CONTINUOUS
10
5.9756478346456694
20
-4.7790161417322832
11
5.9766694094488191
21
-4.7795607874015751
0
LINE
8
BLACK
6
CONTINUOUS
10
5.9766694094488191
20
-4.7795607874015751
11
6.0029211417322834
21
-4.7970619685039368
0
LINE
8
BLACK
6
CONTINUOUS
10
6.0029211417322834
20
-4.7970619685039368
11
6.0291729527559053
21
-4.7795607874015751
0
LINE
8
BLACK
6
CONTINUOUS
10
6.0291729527559053
20
-4.7795607874015751
11
6.0301945275590549
21
-4.7790161023622044
0
LINE
8
BLACK
6
CONTINUOUS
10
6.0301945275590549
20
-4.7790161023622044
11
6.0324549606299209
21
-4.7785689763779526
0
LINE
8
BLACK
6
CONTINUOUS
10
6.0324549606299209
20
-4.7785689763779526
11
6.0347143700787402
21
-4.7790208661417326
0
LINE
8
BLACK
6
CONTINUOUS
10
6.2073403149606294
20
-4.7768203543307086
11
6.2074264566929136
21
-4.7768075590551176
0
LINE
8
BLACK
6
CONTINUOUS
10
6.2074264566929136
20
-4.7768075590551176
11
6.2078575590551184
21
-4.7768712992125986
0
LINE
8
BLACK
6
CONTINUOUS
10
6.2078575590551184
20
-4.7768712992125986
11
6.2082915354330703
21
-4.7769140551181097
0
LINE
8
BLACK
6
CONTINUOUS
10
6.2082915354330703
20
-4.7769140551181097
11
6.2083720078740159
21
-4.7769474015748035
0
LINE
8
BLACK
6
CONTINUOUS
10
6.2083720078740159
20
-4.7769474015748035
11
6.2085716929133854
21
-4.7769769291338582
0
LINE
8
BLACK
6
CONTINUOUS
10
6.2085716929133854
20
-4.7769769291338582
11
6.2198202755905507
21
-4.7797890551181101
0
LINE
8
BLACK
6
CONTINUOUS
10
6.2198202755905507
20
-4.7797890551181101
11
6.2199052362204723
21
-4.7798194094488187
0
LINE
8
BLACK
6
CONTINUOUS
10
6.2199052362204723
20
-4.7798194094488187
11
6.2199477952755906
21
-4.7798224409448817
0
LINE
8
BLACK
6
CONTINUOUS
10
6.2199477952755906
20
-4.7798224409448817
11
6.2204270866141727
21
-4.7800058267716539
0
LINE
8
BLACK
6
CONTINUOUS
10
6.2204270866141727
20
-4.7800058267716539
11
6.220910472440945
21
-4.7801785433070867
0
LINE
8
BLACK
6
CONTINUOUS
10
6.220910472440945
20
-4.7801785433070867
11
6.2209447244094482
21
-4.7802038976377954
0
LINE
8
BLACK
6
CONTINUOUS
10
6.2209447244094482
20
-4.7802038976377954
11
6.221029015748031
21
-4.7802361811023619
0
LINE
8
BLACK
6
CONTINUOUS
10
6.221029015748031
20
-4.7802361811023619
11
6.2266533070866137
21
-4.7830483464566926
0
LINE
8
BLACK
6
CONTINUOUS
10
6.2266533070866137
20
-4.7830483464566926
11
6.2271490944881887
21
-4.7833604330708663
0
LINE
8
BLACK
6
CONTINUOUS
10
6.2271490944881887
20
-4.7833604330708663
11
6.2272931889763781
21
-4.7834201181102358
0
LINE
8
BLACK
6
CONTINUOUS
10
6.2272931889763781
20
-4.7834201181102358
11
6.2274553543307087
21
-4.7835532283464568
0
LINE
8
BLACK
6
CONTINUOUS
10
6.2274553543307087
20
-4.7835532283464568
11
6.2276330708661414
21
-4.7836650787401576
0
LINE
8
BLACK
6
CONTINUOUS
10
6.2276330708661414
20
-4.7836650787401576
11
6.2277352755905513
21
-4.783782913385827
0
LINE
8
BLACK
6
CONTINUOUS
10
6.2277352755905513
20
-4.783782913385827
11
6.2281881102362204
21
-4.7841545669291339
0
LINE
8
BLACK
6
CONTINUOUS
10
6.2281881102362204
20
-4.7841545669291339
11
6.2338124015748031
21
-4.7897788582677165
0
LINE
8
BLACK
6
CONTINUOUS
10
6.2338124015748031
20
-4.7897788582677165
11
6.2345468503937003
21
-4.7906737401574802
0
LINE
8
BLACK
6
CONTINUOUS
10
6.2345468503937003
20
-4.7906737401574802
11
6.2346280708661412
21
-4.790869842519685
0
LINE
8
BLACK
6
CONTINUOUS
10
6.2346280708661412
20
-4.790869842519685
11
6.2347670472440946
21
-4.7910300787401576
0
LINE
8
BLACK
6
CONTINUOUS
10
6.2347670472440946
20
-4.7910300787401576
11
6.2352390157480313
21
-4.7920872047244094
0
LINE
8
BLACK
6
CONTINUOUS
10
6.2352390157480313
20
-4.7920872047244094
11
6.238051181102362
21
-4.800523622047244
0
LINE
8
BLACK
6
CONTINUOUS
10
6.238051181102362
20
-4.800523622047244
11
6.2381810629921262
21
-4.8010948425196851
0
LINE
8
BLACK
6
CONTINUOUS
10
6.2381810629921262
20
-4.8010948425196851
11
6.2382407874015744
21
-4.8012390157480311
0
LINE
8
BLACK
6
CONTINUOUS
10
6.2382407874015744
20
-4.8012390157480311
11
6.2382613385826771
21
-4.8014479921259845
0
LINE
8
BLACK
6
CONTINUOUS
10
6.2382613385826771
20
-4.8014479921259845
11
6.2383078740157476
21
-4.8016525196850397
0
LINE
8
BLACK
6
CONTINUOUS
10
6.2383078740157476
20
-4.8016525196850397
11
6.2382968110236217
21
-4.8018079921259842
0
LINE
8
BLACK
6
CONTINUOUS
10
6.2382968110236217
20
-4.8018079921259842
11
6.238354251968504
21
-4.8023911417322838
0
LINE
8
BLACK
6
CONTINUOUS
10
6.238354251968504
20
-4.8023911417322838
11
6.238354251968504
21
-4.8164518897637798
0
LINE
8
BLACK
6
CONTINUOUS
10
6.238354251968504
20
-4.8164518897637798
11
6.2382407874015744
21
-4.8176040157480315
0
LINE
8
BLACK
6
CONTINUOUS
10
6.2382407874015744
20
-4.8176040157480315
11
6.2373589763779522
21
-4.8197328346456692
0
LINE
8
BLACK
6
CONTINUOUS
10
6.2373589763779522
20
-4.8197328346456692
11
6.2357296850393702
21
-4.8213621259842521
0
LINE
8
BLACK
6
CONTINUOUS
10
6.2357296850393702
20
-4.8213621259842521
11
6.2336008661417317
21
-4.8222439370078742
0
LINE
8
BLACK
6
CONTINUOUS
10
6.2336008661417317
20
-4.8222439370078742
11
6.23244874015748
21
-4.822357401574803
0
LINE
8
BLACK
6
CONTINUOUS
10
6.23244874015748
20
-4.822357401574803
11
6.1733936220472438
21
-4.822357401574803
0
LINE
8
BLACK
6
CONTINUOUS
10
6.1733936220472438
20
-4.822357401574803
11
6.1722414960629921
21
-4.8222439370078742
0
LINE
8
BLACK
6
CONTINUOUS
10
6.1722414960629921
20
-4.8222439370078742
11
6.1701126771653545
21
-4.8213621259842521
0
LINE
8
BLACK
6
CONTINUOUS
10
6.1701126771653545
20
-4.8213621259842521
11
6.1684833858267716
21
-4.8197328346456692
0
LINE
8
BLACK
6
CONTINUOUS
10
6.1684833858267716
20
-4.8197328346456692
11
6.1676015748031494
21
-4.8176040157480315
0
LINE
8
BLACK
6
CONTINUOUS
10
6.1676015748031494
20
-4.8176040157480315
11
6.1674881102362207
21
-4.8164518897637798
0
LINE
8
BLACK
6
CONTINUOUS
10
6.1674881102362207
20
-4.8164518897637798
11
6.1674881102362207
21
-4.8023911417322838
0
LINE
8
BLACK
6
CONTINUOUS
10
6.1674881102362207
20
-4.8023911417322838
11
6.1675455118110234
21
-4.8018079921259842
0
LINE
8
BLACK
6
CONTINUOUS
10
6.1675455118110234
20
-4.8018079921259842
11
6.1675344881889762
21
-4.8016525196850397
0
LINE
8
BLACK
6
CONTINUOUS
10
6.1675344881889762
20
-4.8016525196850397
11
6.167580984251968
21
-4.8014479921259845
0
LINE
8
BLACK
6
CONTINUOUS
10
6.167580984251968
20
-4.8014479921259845
11
6.1676015748031494
21
-4.8012390157480311
0
LINE
8
BLACK
6
CONTINUOUS
10
6.1676015748031494
20
-4.8012390157480311
11
6.1676612992125985
21
-4.8010948031496063
0
LINE
8
BLACK
6
CONTINUOUS
10
6.1676612992125985
20
-4.8010948031496063
11
6.1677911811023618
21
-4.8005236614173228
0
LINE
8
BLACK
6
CONTINUOUS
10
6.1677911811023618
20
-4.8005236614173228
11
6.1706033070866138
21
-4.7920872047244094
0
LINE
8
BLACK
6
CONTINUOUS
10
6.1706033070866138
20
-4.7920872047244094
11
6.1710753149606301
21
-4.7910300787401576
0
LINE
8
BLACK
6
CONTINUOUS
10
6.1710753149606301
20
-4.7910300787401576
11
6.1712142913385826
21
-4.7908698031496062
0
LINE
8
BLACK
6
CONTINUOUS
10
6.1712142913385826
20
-4.7908698031496062
11
6.1712955118110235
21
-4.7906737795275589
0
LINE
8
BLACK
6
CONTINUOUS
10
6.1712955118110235
20
-4.7906737795275589
11
6.1720299606299207
21
-4.7897788582677165
0
LINE
8
BLACK
6
CONTINUOUS
10
6.1720299606299207
20
-4.7897788582677165
11
6.1776542519685034
21
-4.7841545669291339
0
LINE
8
BLACK
6
CONTINUOUS
10
6.1776542519685034
20
-4.7841545669291339
11
6.1781070866141734
21
-4.7837828740157482
0
LINE
8
BLACK
6
CONTINUOUS
10
6.1781070866141734
20
-4.7837828740157482
11
6.1782092913385824
21
-4.7836650787401576
0
LINE
8
BLACK
6
CONTINUOUS
10
6.1782092913385824
20
-4.7836650787401576
11
6.1783868110236222
21
-4.7835533070866143
0
LINE
8
BLACK
6
CONTINUOUS
10
6.1783868110236222
20
-4.7835533070866143
11
6.1785491338582679
21
-4.7834201181102358
0
LINE
8
BLACK
6
CONTINUOUS
10
6.1785491338582679
20
-4.7834201181102358
11
6.1786933070866139
21
-4.7833603937007876
0
LINE
8
BLACK
6
CONTINUOUS
10
6.1786933070866139
20
-4.7833603937007876
11
6.1791890551181101
21
-4.7830483464566926
0
LINE
8
BLACK
6
CONTINUOUS
10
6.1791890551181101
20
-4.7830483464566926
11
6.184813307086614
21
-4.7802361811023619
0
LINE
8
BLACK
6
CONTINUOUS
10
6.184813307086614
20
-4.7802361811023619
11
6.1848976377952756
21
-4.7802038976377954
0
LINE
8
BLACK
6
CONTINUOUS
10
6.1848976377952756
20
-4.7802038976377954
11
6.1849318897637797
21
-4.7801785433070867
0
LINE
8
BLACK
6
CONTINUOUS
10
6.1849318897637797
20
-4.7801785433070867
11
6.1854149999999999
21
-4.7800059055118105
0
LINE
8
BLACK
6
CONTINUOUS
10
6.1854149999999999
20
-4.7800059055118105
11
6.1858945669291341
21
-4.7798224409448817
0
LINE
8
BLACK
6
CONTINUOUS
10
6.1858945669291341
20
-4.7798224409448817
11
6.1859370866141727
21
-4.7798194094488187
0
LINE
8
BLACK
6
CONTINUOUS
10
6.1859370866141727
20
-4.7798194094488187
11
6.1860220866141731
21
-4.7797890551181101
0
LINE
8
BLACK
6
CONTINUOUS
10
6.1860220866141731
20
-4.7797890551181101
11
6.1972706692913384
21
-4.7769769291338582
0
LINE
8
BLACK
6
CONTINUOUS
10
6.1972706692913384
20
-4.7769769291338582
11
6.1974703149606301
21
-4.7769474015748035
0
LINE
8
BLACK
6
CONTINUOUS
10
6.1974703149606301
20
-4.7769474015748035
11
6.1975508267716535
21
-4.7769140551181097
0
LINE
8
BLACK
6
CONTINUOUS
10
6.1975508267716535
20
-4.7769140551181097
11
6.1979847637795276
21
-4.7768712992125986
0
LINE
8
BLACK
6
CONTINUOUS
10
6.1979847637795276
20
-4.7768712992125986
11
6.1984159055118111
21
-4.7768075590551176
0
LINE
8
BLACK
6
CONTINUOUS
10
6.1984159055118111
20
-4.7768075590551176
11
6.1985020078740156
21
-4.7768203543307086
0
LINE
8
BLACK
6
CONTINUOUS
10
6.1985020078740156
20
-4.7768203543307086
11
6.1987029527559052
21
-4.776800590551181
0
LINE
8
BLACK
6
CONTINUOUS
10
6.1987029527559052
20
-4.776800590551181
11
6.2071394094488186
21
-4.776800590551181
0
LINE
8
BLACK
6
CONTINUOUS
10
6.2071394094488186
20
-4.776800590551181
11
6.2073403149606294
21
-4.7768203543307086
0
LINE
8
BLACK
6
CONTINUOUS
10
6.1895156299212601
20
-4.7910901574803146
11
6.1853282677165353
21
-4.7931838188976377
0
LINE
8
BLACK
6
CONTINUOUS
10
6.1853282677165353
20
-4.7931838188976377
11
6.1813673622047238
21
-4.7971447244094483
0
LINE
8
BLACK
6
CONTINUOUS
10
6.1813673622047238
20
-4.7971447244094483
11
6.1792991338582679
21
-4.8033494094488187
0
LINE
8
BLACK
6
CONTINUOUS
10
6.1792991338582679
20
-4.8033494094488187
11
6.1792991338582679
21
-4.8105463779527557
0
LINE
8
BLACK
6
CONTINUOUS
10
6.1792991338582679
20
-4.8105463779527557
11
6.2265432283464568
21
-4.8105463779527557
0
LINE
8
BLACK
6
CONTINUOUS
10
6.2265432283464568
20
-4.8105463779527557
11
6.2265432283464568
21
-4.8033494881889762
0
LINE
8
BLACK
6
CONTINUOUS
10
6.2265432283464568
20
-4.8033494881889762
11
6.2244749606299212
21
-4.7971447244094483
0
LINE
8
BLACK
6
CONTINUOUS
10
6.2244749606299212
20
-4.7971447244094483
11
6.2205140944881885
21
-4.7931838582677164
0
LINE
8
BLACK
6
CONTINUOUS
10
6.2205140944881885
20
-4.7931838582677164
11
6.2163266929133858
21
-4.7910901181102359
0
LINE
8
BLACK
6
CONTINUOUS
10
6.2163266929133858
20
-4.7910901181102359
11
6.2064124803149605
21
-4.7886116141732282
0
LINE
8
BLACK
6
CONTINUOUS
10
6.2064124803149605
20
-4.7886116141732282
11
6.1994298818897633
21
-4.7886116141732282
0
LINE
8
BLACK
6
CONTINUOUS
10
6.1994298818897633
20
-4.7886116141732282
11
6.1895156299212601
21
-4.7910901574803146
0
LINE
8
BLACK
6
CONTINUOUS
10
6.3898550787401573
20
-4.7669139763779524
11
6.3900511417322834
21
-4.7669951968503934
0
LINE
8
BLACK
6
CONTINUOUS
10
6.3900511417322834
20
-4.7669951968503934
11
6.3902627559055114
21
-4.7670102362204725
0
LINE
8
BLACK
6
CONTINUOUS
10
6.3902627559055114
20
-4.7670102362204725
11
6.3913439763779527
21
-4.7674239763779527
0
LINE
8
BLACK
6
CONTINUOUS
10
6.3913439763779527
20
-4.7674239763779527
11
6.3969682677165354
21
-4.7702361417322834
0
LINE
8
BLACK
6
CONTINUOUS
10
6.3969682677165354
20
-4.7702361417322834
11
6.3974640551181103
21
-4.7705482283464562
0
LINE
8
BLACK
6
CONTINUOUS
10
6.3974640551181103
20
-4.7705482283464562
11
6.3976081496062989
21
-4.7706079133858266
0
LINE
8
BLACK
6
CONTINUOUS
10
6.3976081496062989
20
-4.7706079133858266
11
6.3977703149606295
21
-4.7707410236220475
0
LINE
8
BLACK
6
CONTINUOUS
10
6.3977703149606295
20
-4.7707410236220475
11
6.3979480314960631
21
-4.7708528740157483
0
LINE
8
BLACK
6
CONTINUOUS
10
6.3979480314960631
20
-4.7708528740157483
11
6.3980502362204721
21
-4.7709707086614168
0
LINE
8
BLACK
6
CONTINUOUS
10
6.3980502362204721
20
-4.7709707086614168
11
6.3985030708661412
21
-4.7713423622047246
0
LINE
8
BLACK
6
CONTINUOUS
10
6.3985030708661412
20
-4.7713423622047246
11
6.4013152362204719
21
-4.7741545275590553
0
LINE
8
BLACK
6
CONTINUOUS
10
6.4013152362204719
20
-4.7741545275590553
11
6.4016869291338585
21
-4.774607440944882
0
LINE
8
BLACK
6
CONTINUOUS
10
6.4016869291338585
20
-4.774607440944882
11
6.4018047244094483
21
-4.7747096062992123
0
LINE
8
BLACK
6
CONTINUOUS
10
6.4018047244094483
20
-4.7747096062992123
11
6.4019164566929136
21
-4.774887125984252
0
LINE
8
BLACK
6
CONTINUOUS
10
6.4019164566929136
20
-4.774887125984252
11
6.40204968503937
21
-4.7750494488188977
0
LINE
8
BLACK
6
CONTINUOUS
10
6.40204968503937
20
-4.7750494488188977
11
6.4021093700787404
21
-4.775193582677165
0
LINE
8
BLACK
6
CONTINUOUS
10
6.4021093700787404
20
-4.775193582677165
11
6.4024214566929132
21
-4.7756893307086612
0
LINE
8
BLACK
6
CONTINUOUS
10
6.4024214566929132
20
-4.7756893307086612
11
6.4047495669291337
21
-4.7803456692913384
0
LINE
8
BLACK
6
CONTINUOUS
10
6.4047495669291337
20
-4.7803456692913384
11
6.4185599212598428
21
-4.7682616929133861
0
LINE
8
BLACK
6
CONTINUOUS
10
6.4185599212598428
20
-4.7682616929133861
11
6.419057913385827
21
-4.7679056299212599
0
LINE
8
BLACK
6
CONTINUOUS
10
6.419057913385827
20
-4.7679056299212599
11
6.4191677952755901
21
-4.7677957874015746
0
LINE
8
BLACK
6
CONTINUOUS
10
6.4191677952755901
20
-4.7677957874015746
11
6.4192718897637793
21
-4.7677526377952759
0
LINE
8
BLACK
6
CONTINUOUS
10
6.4192718897637793
20
-4.7677526377952759
11
6.4195016929133857
21
-4.7675883858267714
0
LINE
8
BLACK
6
CONTINUOUS
10
6.4195016929133857
20
-4.7675883858267714
11
6.4204103149606295
21
-4.7672810629921258
0
LINE
8
BLACK
6
CONTINUOUS
10
6.4204103149606295
20
-4.7672810629921258
11
6.4212966141732286
21
-4.7669139763779524
0
LINE
8
BLACK
6
CONTINUOUS
10
6.4212966141732286
20
-4.7669139763779524
11
6.4214959055118106
21
-4.7669139763779524
0
LINE
8
BLACK
6
CONTINUOUS
10
6.4214959055118106
20
-4.7669139763779524
11
6.4216844881889763
21
-4.7668501968503936
0
LINE
8
BLACK
6
CONTINUOUS
10
6.4216844881889763
20
-4.7668501968503936
11
6.422641181102362
21
-4.7669139763779524
0
LINE
8
BLACK
6
CONTINUOUS
10
6.422641181102362
20
-4.7669139763779524
11
6.4236008661417321
21
-4.7669139763779524
0
LINE
8
BLACK
6
CONTINUOUS
10
6.4236008661417321
20
-4.7669139763779524
11
6.4237849212598421
21
-4.7669901968503936
0
LINE
8
BLACK
6
CONTINUOUS
10
6.4237849212598421
20
-4.7669901968503936
11
6.4239835433070862
21
-4.7670034645669288
0
LINE
8
BLACK
6
CONTINUOUS
10
6.4239835433070862
20
-4.7670034645669288
11
6.4248431889763777
21
-4.767428582677165
0
LINE
8
BLACK
6
CONTINUOUS
10
6.4248431889763777
20
-4.767428582677165
11
6.4257296850393697
21
-4.7677957874015746
0
LINE
8
BLACK
6
CONTINUOUS
10
6.4257296850393697
20
-4.7677957874015746
11
6.4258704724409448
21
-4.7679365748031497
0
LINE
8
BLACK
6
CONTINUOUS
10
6.4258704724409448
20
-4.7679365748031497
11
6.4260490157480312
21
-4.7680248818897635
0
LINE
8
BLACK
6
CONTINUOUS
10
6.4260490157480312
20
-4.7680248818897635
11
6.4266806299212593
21
-4.7687467322834642
0
LINE
8
BLACK
6
CONTINUOUS
10
6.4266806299212593
20
-4.7687467322834642
11
6.4273589763779526
21
-4.7694250787401575
0
LINE
8
BLACK
6
CONTINUOUS
10
6.4273589763779526
20
-4.7694250787401575
11
6.4274351968503938
21
-4.7696090944881888
0
LINE
8
BLACK
6
CONTINUOUS
10
6.4274351968503938
20
-4.7696090944881888
11
6.4275663779527559
21
-4.769759015748031
0
LINE
8
BLACK
6
CONTINUOUS
10
6.4275663779527559
20
-4.769759015748031
11
6.4278735826771651
21
-4.7706674803149607
0
LINE
8
BLACK
6
CONTINUOUS
10
6.4278735826771651
20
-4.7706674803149607
11
6.4282407874015748
21
-4.7715538976377951
0
LINE
8
BLACK
6
CONTINUOUS
10
6.4282407874015748
20
-4.7715538976377951
11
6.428268464566929
21
-4.771835039370079
0
LINE
8
BLACK
6
CONTINUOUS
10
6.428268464566929
20
-4.771835039370079
11
6.4283045669291337
21
-4.7719417716535428
0
LINE
8
BLACK
6
CONTINUOUS
10
6.4283045669291337
20
-4.7719417716535428
11
6.4282942125984253
21
-4.7720966535433069
0
LINE
8
BLACK
6
CONTINUOUS
10
6.4282942125984253
20
-4.7720966535433069
11
6.4283542519685035
21
-4.7727060236220469
0
LINE
8
BLACK
6
CONTINUOUS
10
6.4283542519685035
20
-4.7727060236220469
11
6.4283542519685035
21
-4.8092639763779523
0
LINE
8
BLACK
6
CONTINUOUS
10
6.4283542519685035
20
-4.8092639763779523
11
6.4282407874015748
21
-4.810416102362205
0
LINE
8
BLACK
6
CONTINUOUS
10
6.4282407874015748
20
-4.810416102362205
11
6.4273589763779526
21
-4.8125449212598426
0
LINE
8
BLACK
6
CONTINUOUS
10
6.4273589763779526
20
-4.8125449212598426
11
6.4257296850393697
21
-4.8141742125984255
0
LINE
8
BLACK
6
CONTINUOUS
10
6.4257296850393697
20
-4.8141742125984255
11
6.4236008661417321
21
-4.8150560236220468
0
LINE
8
BLACK
6
CONTINUOUS
10
6.4236008661417321
20
-4.8150560236220468
11
6.4212966141732286
21
-4.8150560236220468
0
LINE
8
BLACK
6
CONTINUOUS
10
6.4212966141732286
20
-4.8150560236220468
11
6.4191677952755901
21
-4.8141742125984255
0
LINE
8
BLACK
6
CONTINUOUS
10
6.4191677952755901
20
-4.8141742125984255
11
6.4175385039370081
21
-4.8125449212598426
0
LINE
8
BLACK
6
CONTINUOUS
10
6.4175385039370081
20
-4.8125449212598426
11
6.4166566929133859
21
-4.810416102362205
0
LINE
8
BLACK
6
CONTINUOUS
10
6.4166566929133859
20
-4.810416102362205
11
6.4165432283464563
21
-4.8092639763779523
0
LINE
8
BLACK
6
CONTINUOUS
10
6.4165432283464563
20
-4.8092639763779523
11
6.4165432283464563
21
-4.7857203937007871
0
LINE
8
BLACK
6
CONTINUOUS
10
6.4165432283464563
20
-4.7857203937007871
11
6.4038403543307085
21
-4.796835433070866
0
LINE
8
BLACK
6
CONTINUOUS
10
6.4038403543307085
20
-4.796835433070866
11
6.4033422834645668
21
-4.7971914566929135
0
LINE
8
BLACK
6
CONTINUOUS
10
6.4033422834645668
20
-4.7971914566929135
11
6.4032324803149603
21
-4.7973012992125987
0
LINE
8
BLACK
6
CONTINUOUS
10
6.4032324803149603
20
-4.7973012992125987
11
6.4031283070866136
21
-4.7973444488188974
0
LINE
8
BLACK
6
CONTINUOUS
10
6.4031283070866136
20
-4.7973444488188974
11
6.4028985433070869
21
-4.7975087007874011
0
LINE
8
BLACK
6
CONTINUOUS
10
6.4028985433070869
20
-4.7975087007874011
11
6.4019898031496059
21
-4.7978160236220475
0
LINE
8
BLACK
6
CONTINUOUS
10
6.4019898031496059
20
-4.7978160236220475
11
6.4011036614173227
21
-4.79818311023622
0
LINE
8
BLACK
6
CONTINUOUS
10
6.4011036614173227
20
-4.79818311023622
11
6.4009044881889761
21
-4.79818311023622
0
LINE
8
BLACK
6
CONTINUOUS
10
6.4009044881889761
20
-4.79818311023622
11
6.400715787401575
21
-4.7982469291338585
0
LINE
8
BLACK
6
CONTINUOUS
10
6.400715787401575
20
-4.7982469291338585
11
6.3997587401574805
21
-4.79818311023622
0
LINE
8
BLACK
6
CONTINUOUS
10
6.3997587401574805
20
-4.79818311023622
11
6.3987994094488183
21
-4.79818311023622
0
LINE
8
BLACK
6
CONTINUOUS
10
6.3987994094488183
20
-4.79818311023622
11
6.3986153149606295
21
-4.798106850393701
0
LINE
8
BLACK
6
CONTINUOUS
10
6.3986153149606295
20
-4.798106850393701
11
6.3984167322834642
21
-4.7980936220472437
0
LINE
8
BLACK
6
CONTINUOUS
10
6.3984167322834642
20
-4.7980936220472437
11
6.3975570472440939
21
-4.7976684645669287
0
LINE
8
BLACK
6
CONTINUOUS
10
6.3975570472440939
20
-4.7976684645669287
11
6.3966705905511807
21
-4.7973012992125987
0
LINE
8
BLACK
6
CONTINUOUS
10
6.3966705905511807
20
-4.7973012992125987
11
6.3965297637795278
21
-4.7971604724409449
0
LINE
8
BLACK
6
CONTINUOUS
10
6.3965297637795278
20
-4.7971604724409449
11
6.3963512598425192
21
-4.797072204724409
0
LINE
8
BLACK
6
CONTINUOUS
10
6.3963512598425192
20
-4.797072204724409
11
6.3957196062992123
21
-4.7963503149606295
0
LINE
8
BLACK
6
CONTINUOUS
10
6.3957196062992123
20
-4.7963503149606295
11
6.3950412992125987
21
-4.7956720078740158
0
LINE
8
BLACK
6
CONTINUOUS
10
6.3950412992125987
20
-4.7956720078740158
11
6.3949650393700788
21
-4.7954879527559058
0
LINE
8
BLACK
6
CONTINUOUS
10
6.3949650393700788
20
-4.7954879527559058
11
6.3948338976377954
21
-4.7953380708661415
0
LINE
8
BLACK
6
CONTINUOUS
10
6.3948338976377954
20
-4.7953380708661415
11
6.3945265354330711
21
-4.7944293307086614
0
LINE
8
BLACK
6
CONTINUOUS
10
6.3945265354330711
20
-4.7944293307086614
11
6.3941594881889765
21
-4.7935431889763782
0
LINE
8
BLACK
6
CONTINUOUS
10
6.3941594881889765
20
-4.7935431889763782
11
6.3941318110236223
21
-4.7932621653543306
0
LINE
8
BLACK
6
CONTINUOUS
10
6.3941318110236223
20
-4.7932621653543306
11
6.3940956692913389
21
-4.7931553149606296
0
LINE
8
BLACK
6
CONTINUOUS
10
6.3940956692913389
20
-4.7931553149606296
11
6.3941059842519685
21
-4.7930001968503939
0
LINE
8
BLACK
6
CONTINUOUS
10
6.3941059842519685
20
-4.7930001968503939
11
6.3940460236220469
21
-4.7923910629921256
0
LINE
8
BLACK
6
CONTINUOUS
10
6.3940460236220469
20
-4.7923910629921256
11
6.3940460236220469
21
-4.7853487007874014
0
LINE
8
BLACK
6
CONTINUOUS
10
6.3940460236220469
20
-4.7853487007874014
11
6.3922859055118106
21
-4.7818285039370076
0
LINE
8
BLACK
6
CONTINUOUS
10
6.3922859055118106
20
-4.7818285039370076
11
6.3908290551181102
21
-4.7803716535433072
0
LINE
8
BLACK
6
CONTINUOUS
10
6.3908290551181102
20
-4.7803716535433072
11
6.3873088582677164
21
-4.7786115354330709
0
LINE
8
BLACK
6
CONTINUOUS
10
6.3873088582677164
20
-4.7786115354330709
11
6.3760362992125978
21
-4.7786115354330709
0
LINE
8
BLACK
6
CONTINUOUS
10
6.3760362992125978
20
-4.7786115354330709
11
6.372516102362205
21
-4.7803716141732284
0
LINE
8
BLACK
6
CONTINUOUS
10
6.372516102362205
20
-4.7803716141732284
11
6.3710592519685036
21
-4.7818284645669289
0
LINE
8
BLACK
6
CONTINUOUS
10
6.3710592519685036
20
-4.7818284645669289
11
6.3692991338582674
21
-4.7853487401574801
0
LINE
8
BLACK
6
CONTINUOUS
10
6.3692991338582674
20
-4.7853487401574801
11
6.3692991338582674
21
-4.7994333858267719
0
LINE
8
BLACK
6
CONTINUOUS
10
6.3692991338582674
20
-4.7994333858267719
11
6.3710592519685036
21
-4.8029536614173232
0
LINE
8
BLACK
6
CONTINUOUS
10
6.3710592519685036
20
-4.8029536614173232
11
6.3731937795275586
21
-4.8050881889763781
0
LINE
8
BLACK
6
CONTINUOUS
10
6.3731937795275586
20
-4.8050881889763781
11
6.3739281889763779
21
-4.8059830708661417
0
LINE
8
BLACK
6
CONTINUOUS
10
6.3739281889763779
20
-4.8059830708661417
11
6.3748099606299213
21
-4.8081119291338581
0
LINE
8
BLACK
6
CONTINUOUS
10
6.3748099606299213
20
-4.8081119291338581
11
6.3748099212598426
21
-4.810416102362205
0
LINE
8
BLACK
6
CONTINUOUS
10
6.3748099212598426
20
-4.810416102362205
11
6.3739281496062992
21
-4.8125449212598426
0
LINE
8
BLACK
6
CONTINUOUS
10
6.3739281496062992
20
-4.8125449212598426
11
6.3722987795275587
21
-4.8141742519685042
0
LINE
8
BLACK
6
CONTINUOUS
10
6.3722987795275587
20
-4.8141742519685042
11
6.3701699606299211
21
-4.8150560236220468
0
LINE
8
BLACK
6
CONTINUOUS
10
6.3701699606299211
20
-4.8150560236220468
11
6.3678657874015743
21
-4.815055984251968
0
LINE
8
BLACK
6
CONTINUOUS
10
6.3678657874015743
20
-4.815055984251968
11
6.3657369685039367
21
-4.8141742125984255
0
LINE
8
BLACK
6
CONTINUOUS
10
6.3657369685039367
20
-4.8141742125984255
11
6.3648420472440943
21
-4.8134397637795274
0
LINE
8
BLACK
6
CONTINUOUS
10
6.3648420472440943
20
-4.8134397637795274
11
6.3620299212598423
21
-4.8106275984251967
0
LINE
8
BLACK
6
CONTINUOUS
10
6.3620299212598423
20
-4.8106275984251967
11
6.3616583464566929
21
-4.8101748425196851
0
LINE
8
BLACK
6
CONTINUOUS
10
6.3616583464566929
20
-4.8101748425196851
11
6.3615404724409448
21
-4.8100725984251964
0
LINE
8
BLACK
6
CONTINUOUS
10
6.3615404724409448
20
-4.8100725984251964
11
6.3614285433070865
21
-4.8098947637795275
0
LINE
8
BLACK
6
CONTINUOUS
10
6.3614285433070865
20
-4.8098947637795275
11
6.361295511811023
21
-4.8097326771653544
0
LINE
8
BLACK
6
CONTINUOUS
10
6.361295511811023
20
-4.8097326771653544
11
6.3612358661417323
21
-4.8095887007874012
0
LINE
8
BLACK
6
CONTINUOUS
10
6.3612358661417323
20
-4.8095887007874012
11
6.3609237401574799
21
-4.8090928346456696
0
LINE
8
BLACK
6
CONTINUOUS
10
6.3609237401574799
20
-4.8090928346456696
11
6.3581115748031491
21
-4.8034685433070869
0
LINE
8
BLACK
6
CONTINUOUS
10
6.3581115748031491
20
-4.8034685433070869
11
6.357697834645669
21
-4.8023873228346456
0
LINE
8
BLACK
6
CONTINUOUS
10
6.357697834645669
20
-4.8023873228346456
11
6.3576827952755908
21
-4.8021757086614176
0
LINE
8
BLACK
6
CONTINUOUS
10
6.3576827952755908
20
-4.8021757086614176
11
6.3576015748031498
21
-4.8019796456692916
0
LINE
8
BLACK
6
CONTINUOUS
10
6.3576015748031498
20
-4.8019796456692916
11
6.3574881102362202
21
-4.800827519685039
0
LINE
8
BLACK
6
CONTINUOUS
10
6.3574881102362202
20
-4.800827519685039
11
6.3574881102362202
21
-4.783954645669291
0
LINE
8
BLACK
6
CONTINUOUS
10
6.3574881102362202
20
-4.783954645669291
11
6.3576015748031498
21
-4.7828025196850392
0
LINE
8
BLACK
6
CONTINUOUS
10
6.3576015748031498
20
-4.7828025196850392
11
6.3576827952755908
21
-4.7826064173228344
0
LINE
8
BLACK
6
CONTINUOUS
10
6.3576827952755908
20
-4.7826064173228344
11
6.357697834645669
21
-4.7823948425196852
0
LINE
8
BLACK
6
CONTINUOUS
10
6.357697834645669
20
-4.7823948425196852
11
6.3581115748031491
21
-4.7813136220472439
0
LINE
8
BLACK
6
CONTINUOUS
10
6.3581115748031491
20
-4.7813136220472439
11
6.3609237401574799
21
-4.7756893307086612
0
LINE
8
BLACK
6
CONTINUOUS
10
6.3609237401574799
20
-4.7756893307086612
11
6.3612358661417323
21
-4.77519342519685
0
LINE
8
BLACK
6
CONTINUOUS
10
6.3612358661417323
20
-4.77519342519685
11
6.361295511811023
21
-4.7750494881889765
0
LINE
8
BLACK
6
CONTINUOUS
10
6.361295511811023
20
-4.7750494881889765
11
6.3614285433070865
21
-4.7748873622047245
0
LINE
8
BLACK
6
CONTINUOUS
10
6.3614285433070865
20
-4.7748873622047245
11
6.3615404724409448
21
-4.7747095669291335
0
LINE
8
BLACK
6
CONTINUOUS
10
6.3615404724409448
20
-4.7747095669291335
11
6.3616583464566929
21
-4.774607283464567
0
LINE
8
BLACK
6
CONTINUOUS
10
6.3616583464566929
20
-4.774607283464567
11
6.3620299212598423
21
-4.7741545669291341
0
LINE
8
BLACK
6
CONTINUOUS
10
6.3620299212598423
20
-4.7741545669291341
11
6.3648420472440943
21
-4.7713424015748034
0
LINE
8
BLACK
6
CONTINUOUS
10
6.3648420472440943
20
-4.7713424015748034
11
6.3652948425196847
21
-4.7709707480314956
0
LINE
8
BLACK
6
CONTINUOUS
10
6.3652948425196847
20
-4.7709707480314956
11
6.3653971259842521
21
-4.7708528740157483
0
LINE
8
BLACK
6
CONTINUOUS
10
6.3653971259842521
20
-4.7708528740157483
11
6.3655748425196848
21
-4.7707409842519688
0
LINE
8
BLACK
6
CONTINUOUS
10
6.3655748425196848
20
-4.7707409842519688
11
6.3657369685039367
21
-4.7706079527559053
0
LINE
8
BLACK
6
CONTINUOUS
10
6.3657369685039367
20
-4.7706079527559053
11
6.3658809448818898
21
-4.770548267716535
0
LINE
8
BLACK
6
CONTINUOUS
10
6.3658809448818898
20
-4.770548267716535
11
6.3663768897637798
21
-4.7702361417322834
0
LINE
8
BLACK
6
CONTINUOUS
10
6.3663768897637798
20
-4.7702361417322834
11
6.3720011417322837
21
-4.7674239763779527
0
LINE
8
BLACK
6
CONTINUOUS
10
6.3720011417322837
20
-4.7674239763779527
11
6.3730824015748029
21
-4.7670102362204725
0
LINE
8
BLACK
6
CONTINUOUS
10
6.3730824015748029
20
-4.7670102362204725
11
6.373293976377953
21
-4.7669951968503934
0
LINE
8
BLACK
6
CONTINUOUS
10
6.373293976377953
20
-4.7669951968503934
11
6.3734900787401569
21
-4.7669139763779524
0
LINE
8
BLACK
6
CONTINUOUS
10
6.3734900787401569
20
-4.7669139763779524
11
6.3746422047244096
21
-4.7668005118110237
0
LINE
8
BLACK
6
CONTINUOUS
10
6.3746422047244096
20
-4.7668005118110237
11
6.3887029527559056
21
-4.7668005118110237
0
LINE
8
BLACK
6
CONTINUOUS
10
6.3887029527559056
20
-4.7668005118110237
11
6.3898550787401573
21
-4.7669139763779524
0
LINE
8
BLACK
6
CONTINUOUS
10
6.4300994881889766
20
-4.7336871259842521
11
6.3700994881889761
21
-4.7336871259842521
0
LINE
8
BLACK
6
CONTINUOUS
10
6.3700994881889761
20
-4.7336871259842521
11
6.3700994881889761
21
-4.6736871259842516
0
LINE
8
BLACK
6
CONTINUOUS
10
6.3700994881889761
20
-4.6736871259842516
11
6.4300994881889766
21
-4.6736871259842516
0
LINE
8
BLACK
6
CONTINUOUS
10
6.4300994881889766
20
-4.6736871259842516
11
6.4300994881889766
21
-4.7336871259842521
0
LINE
8
BLACK
6
CONTINUOUS
10
6.4300994881889766
20
-4.6336871259842516
11
6.3700994881889761
21
-4.6336871259842516
0
LINE
8
BLACK
6
CONTINUOUS
10
6.3700994881889761
20
-4.6336871259842516
11
6.3700994881889761
21
-4.573687125984252
0
LINE
8
BLACK
6
CONTINUOUS
10
6.3700994881889761
20
-4.573687125984252
11
6.4300994881889766
21
-4.573687125984252
0
LINE
8
BLACK
6
CONTINUOUS
10
6.4300994881889766
20
-4.573687125984252
11
6.4300994881889766
21
-4.6336871259842516
0
LINE
8
BLACK
6
CONTINUOUS
10
6.3300994881889761
20
-4.7336871259842521
11
6.2700994881889764
21
-4.7336871259842521
0
LINE
8
BLACK
6
CONTINUOUS
10
6.2700994881889764
20
-4.7336871259842521
11
6.2700994881889764
21
-4.6736871259842516
0
LINE
8
BLACK
6
CONTINUOUS
10
6.2700994881889764
20
-4.6736871259842516
11
6.3300994881889761
21
-4.6736871259842516
0
LINE
8
BLACK
6
CONTINUOUS
10
6.3300994881889761
20
-4.6736871259842516
11
6.3300994881889761
21
-4.7336871259842521
0
LINE
8
BLACK
6
CONTINUOUS
10
6.3300994881889761
20
-4.6336871259842516
11
6.2700994881889764
21
-4.6336871259842516
0
LINE
8
BLACK
6
CONTINUOUS
10
6.2700994881889764
20
-4.6336871259842516
11
6.2700994881889764
21
-4.573687125984252
0
LINE
8
BLACK
6
CONTINUOUS
10
6.2700994881889764
20
-4.573687125984252
11
6.3300994881889761
21
-4.573687125984252
0
LINE
8
BLACK
6
CONTINUOUS
10
6.3300994881889761
20
-4.573687125984252
11
6.3300994881889761
21
-4.6336871259842516
0
LINE
8
BLACK
6
CONTINUOUS
10
6.2300994881889764
20
-4.7336871259842521
11
6.1700994881889759
21
-4.7336871259842521
0
LINE
8
BLACK
6
CONTINUOUS
10
6.1700994881889759
20
-4.7336871259842521
11
6.1700994881889759
21
-4.6736871259842516
0
LINE
8
BLACK
6
CONTINUOUS
10
6.1700994881889759
20
-4.6736871259842516
11
6.2300994881889764
21
-4.6736871259842516
0
LINE
8
BLACK
6
CONTINUOUS
10
6.2300994881889764
20
-4.6736871259842516
11
6.2300994881889764
21
-4.7336871259842521
0
LINE
8
BLACK
6
CONTINUOUS
10
6.2300994881889764
20
-4.6336871259842516
11
6.1700994881889759
21
-4.6336871259842516
0
LINE
8
BLACK
6
CONTINUOUS
10
6.1700994881889759
20
-4.6336871259842516
11
6.1700994881889759
21
-4.573687125984252
0
LINE
8
BLACK
6
CONTINUOUS
10
6.1700994881889759
20
-4.573687125984252
11
6.2300994881889764
21
-4.573687125984252
0
LINE
8
BLACK
6
CONTINUOUS
10
6.2300994881889764
20
-4.573687125984252
11
6.2300994881889764
21
-4.6336871259842516
0
LINE
8
BLACK
6
CONTINUOUS
10
6.1300994881889759
20
-4.7336871259842521
11
6.0700994881889763
21
-4.7336871259842521
0
LINE
8
BLACK
6
CONTINUOUS
10
6.0700994881889763
20
-4.7336871259842521
11
6.0700994881889763
21
-4.6736871259842516
0
LINE
8
BLACK
6
CONTINUOUS
10
6.0700994881889763
20
-4.6736871259842516
11
6.1300994881889759
21
-4.6736871259842516
0
LINE
8
BLACK
6
CONTINUOUS
10
6.1300994881889759
20
-4.6736871259842516
11
6.1300994881889759
21
-4.7336871259842521
0
LINE
8
BLACK
6
CONTINUOUS
10
6.1300994881889759
20
-4.6336871259842516
11
6.0700994881889763
21
-4.6336871259842516
0
LINE
8
BLACK
6
CONTINUOUS
10
6.0700994881889763
20
-4.6336871259842516
11
6.0700994881889763
21
-4.573687125984252
0
LINE
8
BLACK
6
CONTINUOUS
10
6.0700994881889763
20
-4.573687125984252
11
6.1300994881889759
21
-4.573687125984252
0
LINE
8
BLACK
6
CONTINUOUS
10
6.1300994881889759
20
-4.573687125984252
11
6.1300994881889759
21
-4.6336871259842516
0
LINE
8
BLACK
6
CONTINUOUS
10
6.0300994881889762
20
-4.7336871259842521
11
5.9700994881889766
21
-4.7336871259842521
0
LINE
8
BLACK
6
CONTINUOUS
10
5.9700994881889766
20
-4.7336871259842521
11
5.9700994881889766
21
-4.6736871259842516
0
LINE
8
BLACK
6
CONTINUOUS
10
5.9700994881889766
20
-4.6736871259842516
11
6.0300994881889762
21
-4.6736871259842516
0
LINE
8
BLACK
6
CONTINUOUS
10
6.0300994881889762
20
-4.6736871259842516
11
6.0300994881889762
21
-4.7336871259842521
0
LINE
8
BLACK
6
CONTINUOUS
10
5.9300994881889766
20
-4.7336871259842521
11
5.8700994881889761
21
-4.7336871259842521
0
LINE
8
BLACK
6
CONTINUOUS
10
5.8700994881889761
20
-4.7336871259842521
11
5.8700994881889761
21
-4.6736871259842516
0
LINE
8
BLACK
6
CONTINUOUS
10
5.8700994881889761
20
-4.6736871259842516
11
5.9300994881889766
21
-4.6736871259842516
0
LINE
8
BLACK
6
CONTINUOUS
10
5.9300994881889766
20
-4.6736871259842516
11
5.9300994881889766
21
-4.7336871259842521
0
LINE
8
BLACK
6
CONTINUOUS
10
6.0300994881889762
20
-4.6336871259842516
11
5.9700994881889766
21
-4.6336871259842516
0
LINE
8
BLACK
6
CONTINUOUS
10
5.9700994881889766
20
-4.6336871259842516
11
5.9700994881889766
21
-4.573687125984252
0
LINE
8
BLACK
6
CONTINUOUS
10
5.9700994881889766
20
-4.573687125984252
11
6.0300994881889762
21
-4.573687125984252
0
LINE
8
BLACK
6
CONTINUOUS
10
6.0300994881889762
20
-4.573687125984252
11
6.0300994881889762
21
-4.6336871259842516
0
LINE
8
BLACK
6
CONTINUOUS
10
5.9300994881889766
20
-4.6336871259842516
11
5.8700994881889761
21
-4.6336871259842516
0
LINE
8
BLACK
6
CONTINUOUS
10
5.8700994881889761
20
-4.6336871259842516
11
5.8700994881889761
21
-4.573687125984252
0
LINE
8
BLACK
6
CONTINUOUS
10
5.8700994881889761
20
-4.573687125984252
11
5.9300994881889766
21
-4.573687125984252
0
LINE
8
BLACK
6
CONTINUOUS
10
5.9300994881889766
20
-4.573687125984252
11
5.9300994881889766
21
-4.6336871259842516
0
LINE
8
BLACK
6
CONTINUOUS
10
5.9500994881889762
20
-4.5507343700787404
11
6.0500994881889758
21
-4.5507343700787404
0
LINE
8
BLACK
6
CONTINUOUS
10
6.0500994881889758
20
-4.5507343700787404
11
6.1500994881889763
21
-4.5507343700787404
0
LINE
8
BLACK
6
CONTINUOUS
10
6.1500994881889763
20
-4.5507343700787404
11
6.250099488188976
21
-4.5507343700787404
0
LINE
8
BLACK
6
CONTINUOUS
10
6.250099488188976
20
-4.5507343700787404
11
6.3500994881889765
21
-4.5507343700787404
0
LINE
8
BLACK
6
CONTINUOUS
10
6.3500994881889765
20
-4.5507343700787404
11
6.4500994881889762
21
-4.5507343700787404
0
LINE
8
BLACK
6
CONTINUOUS
10
6.4500994881889762
20
-4.5507343700787404
11
6.450675551181102
21
-4.5507911023622043
0
LINE
8
BLACK
6
CONTINUOUS
10
6.450675551181102
20
-4.5507911023622043
11
6.4517399606299213
21
-4.5512320078740158
0
LINE
8
BLACK
6
CONTINUOUS
10
6.4517399606299213
20
-4.5512320078740158
11
6.4525546062992127
21
-4.5520466535433073
0
LINE
8
BLACK
6
CONTINUOUS
10
6.4525546062992127
20
-4.5520466535433073
11
6.4529955118110234
21
-4.5531110629921256
0
LINE
8
BLACK
6
CONTINUOUS
10
6.4529955118110234
20
-4.5531110629921256
11
6.4530522440944882
21
-4.5536871259842515
0
LINE
8
BLACK
6
CONTINUOUS
10
6.4530522440944882
20
-4.5536871259842515
11
6.4530522440944882
21
-4.7536871259842517
0
LINE
8
BLACK
6
CONTINUOUS
10
6.4530522440944882
20
-4.7536871259842517
11
6.4529955118110234
21
-4.7542631889763776
0
LINE
8
BLACK
6
CONTINUOUS
10
6.4529955118110234
20
-4.7542631889763776
11
6.4525546062992127
21
-4.7553275984251968
0
LINE
8
BLACK
6
CONTINUOUS
10
6.4525546062992127
20
-4.7553275984251968
11
6.4517399606299213
21
-4.7561422440944883
0
LINE
8
BLACK
6
CONTINUOUS
10
6.4517399606299213
20
-4.7561422440944883
11
6.450675551181102
21
-4.7565831496062989
0
LINE
8
BLACK
6
CONTINUOUS
10
6.450675551181102
20
-4.7565831496062989
11
6.4500994881889762
21
-4.7566398818897637
0
LINE
8
BLACK
6
CONTINUOUS
10
6.4500994881889762
20
-4.7566398818897637
11
6.3500994881889765
21
-4.7566398818897637
0
LINE
8
BLACK
6
CONTINUOUS
10
6.3500994881889765
20
-4.7566398818897637
11
6.250099488188976
21
-4.7566398818897637
0
LINE
8
BLACK
6
CONTINUOUS
10
6.250099488188976
20
-4.7566398818897637
11
6.1500994881889763
21
-4.7566398818897637
0
LINE
8
BLACK
6
CONTINUOUS
10
6.1500994881889763
20
-4.7566398818897637
11
6.0500994881889758
21
-4.7566398818897637
0
LINE
8
BLACK
6
CONTINUOUS
10
6.0500994881889758
20
-4.7566398818897637
11
5.9500994881889762
21
-4.7566398818897637
0
LINE
8
BLACK
6
CONTINUOUS
10
5.9500994881889762
20
-4.7566398818897637
11
5.8500994881889765
21
-4.7566398818897637
0
LINE
8
BLACK
6
CONTINUOUS
10
5.8500994881889765
20
-4.7566398818897637
11
5.8495234251968506
21
-4.7565831496062989
0
LINE
8
BLACK
6
CONTINUOUS
10
5.8495234251968506
20
-4.7565831496062989
11
5.8484590157480314
21
-4.7561422440944883
0
LINE
8
BLACK
6
CONTINUOUS
10
5.8484590157480314
20
-4.7561422440944883
11
5.8476443700787399
21
-4.7553275984251968
0
LINE
8
BLACK
6
CONTINUOUS
10
5.8476443700787399
20
-4.7553275984251968
11
5.8472034645669293
21
-4.7542631889763776
0
LINE
8
BLACK
6
CONTINUOUS
10
5.8472034645669293
20
-4.7542631889763776
11
5.8471467322834645
21
-4.7536871259842517
0
LINE
8
BLACK
6
CONTINUOUS
10
5.8471467322834645
20
-4.7536871259842517
11
5.8471467322834645
21
-4.653687125984252
0
LINE
8
BLACK
6
CONTINUOUS
10
5.8471467322834645
20
-4.653687125984252
11
5.8471467322834645
21
-4.5536871259842515
0
LINE
8
BLACK
6
CONTINUOUS
10
5.8471467322834645
20
-4.5536871259842515
11
5.8472034645669293
21
-4.5531110629921256
0
LINE
8
BLACK
6
CONTINUOUS
10
5.8472034645669293
20
-4.5531110629921256
11
5.8476443700787399
21
-4.5520466535433073
0
LINE
8
BLACK
6
CONTINUOUS
10
5.8476443700787399
20
-4.5520466535433073
11
5.8484590157480314
21
-4.5512320078740158
0
LINE
8
BLACK
6
CONTINUOUS
10
5.8484590157480314
20
-4.5512320078740158
11
5.8495234251968506
21
-4.5507911023622043
0
LINE
8
BLACK
6
CONTINUOUS
10
5.8495234251968506
20
-4.5507911023622043
11
5.8500994881889765
21
-4.5507343700787404
0
LINE
8
BLACK
6
CONTINUOUS
10
5.8500994881889765
20
-4.5507343700787404
11
5.9500994881889762
21
-4.5507343700787404
0
LINE
8
BLACK
6
CONTINUOUS
10
6.3530522440944877
20
-4.5566398818897635
11
6.3530522440944877
21
-4.7507343700787397
0
LINE
8
BLACK
6
CONTINUOUS
10
6.3530522440944877
20
-4.7507343700787397
11
6.4471467322834641
21
-4.7507343700787397
0
LINE
8
BLACK
6
CONTINUOUS
10
6.4471467322834641
20
-4.7507343700787397
11
6.4471467322834641
21
-4.5566398818897635
0
LINE
8
BLACK
6
CONTINUOUS
10
6.4471467322834641
20
-4.5566398818897635
11
6.3530522440944877
21
-4.5566398818897635
0
LINE
8
BLACK
6
CONTINUOUS
10
6.253052244094488
20
-4.5566398818897635
11
6.253052244094488
21
-4.7507343700787397
0
LINE
8
BLACK
6
CONTINUOUS
10
6.253052244094488
20
-4.7507343700787397
11
6.3471467322834645
21
-4.7507343700787397
0
LINE
8
BLACK
6
CONTINUOUS
10
6.3471467322834645
20
-4.7507343700787397
11
6.3471467322834645
21
-4.5566398818897635
0
LINE
8
BLACK
6
CONTINUOUS
10
6.3471467322834645
20
-4.5566398818897635
11
6.253052244094488
21
-4.5566398818897635
0
LINE
8
BLACK
6
CONTINUOUS
10
6.1530522440944884
20
-4.5566398818897635
11
6.1530522440944884
21
-4.7507343700787397
0
LINE
8
BLACK
6
CONTINUOUS
10
6.1530522440944884
20
-4.7507343700787397
11
6.2471467322834648
21
-4.7507343700787397
0
LINE
8
BLACK
6
CONTINUOUS
10
6.2471467322834648
20
-4.7507343700787397
11
6.2471467322834648
21
-4.5566398818897635
0
LINE
8
BLACK
6
CONTINUOUS
10
6.2471467322834648
20
-4.5566398818897635
11
6.1530522440944884
21
-4.5566398818897635
0
LINE
8
BLACK
6
CONTINUOUS
10
6.0530522440944878
20
-4.5566398818897635
11
6.0530522440944878
21
-4.653687125984252
0
LINE
8
BLACK
6
CONTINUOUS
10
6.0530522440944878
20
-4.653687125984252
11
6.0530522440944878
21
-4.7507343700787397
0
LINE
8
BLACK
6
CONTINUOUS
10
6.0530522440944878
20
-4.7507343700787397
11
6.1471467322834643
21
-4.7507343700787397
0
LINE
8
BLACK
6
CONTINUOUS
10
6.1471467322834643
20
-4.7507343700787397
11
6.1471467322834643
21
-4.5566398818897635
0
LINE
8
BLACK
6
CONTINUOUS
10
6.1471467322834643
20
-4.5566398818897635
11
6.0530522440944878
21
-4.5566398818897635
0
LINE
8
BLACK
6
CONTINUOUS
10
5.9530522440944882
20
-4.6566398818897641
11
5.9530522440944882
21
-4.7507343700787397
0
LINE
8
BLACK
6
CONTINUOUS
10
5.9530522440944882
20
-4.7507343700787397
11
6.0471467322834647
21
-4.7507343700787397
0
LINE
8
BLACK
6
CONTINUOUS
10
6.0471467322834647
20
-4.7507343700787397
11
6.0471467322834647
21
-4.6566398818897641
0
LINE
8
BLACK
6
CONTINUOUS
10
6.0471467322834647
20
-4.6566398818897641
11
5.9530522440944882
21
-4.6566398818897641
0
LINE
8
BLACK
6
CONTINUOUS
10
5.8530522440944877
20
-4.6566398818897641
11
5.8530522440944877
21
-4.7507343700787397
0
LINE
8
BLACK
6
CONTINUOUS
10
5.8530522440944877
20
-4.7507343700787397
11
5.9471467322834641
21
-4.7507343700787397
0
LINE
8
BLACK
6
CONTINUOUS
10
5.9471467322834641
20
-4.7507343700787397
11
5.9471467322834641
21
-4.6566398818897641
0
LINE
8
BLACK
6
CONTINUOUS
10
5.9471467322834641
20
-4.6566398818897641
11
5.8530522440944877
21
-4.6566398818897641
0
LINE
8
BLACK
6
CONTINUOUS
10
5.9530522440944882
20
-4.5566398818897635
11
5.9530522440944882
21
-4.65073437007874
0
LINE
8
BLACK
6
CONTINUOUS
10
5.9530522440944882
20
-4.65073437007874
11
6.0471467322834647
21
-4.65073437007874
0
LINE
8
BLACK
6
CONTINUOUS
10
6.0471467322834647
20
-4.65073437007874
11
6.0471467322834647
21
-4.5566398818897635
0
LINE
8
BLACK
6
CONTINUOUS
10
6.0471467322834647
20
-4.5566398818897635
11
5.9530522440944882
21
-4.5566398818897635
0
LINE
8
BLACK
6
CONTINUOUS
10
5.8530522440944877
20
-4.5566398818897635
11
5.8530522440944877
21
-4.65073437007874
0
LINE
8
BLACK
6
CONTINUOUS
10
5.8530522440944877
20
-4.65073437007874
11
5.9471467322834641
21
-4.65073437007874
0
LINE
8
BLACK
6
CONTINUOUS
10
5.9471467322834641
20
-4.65073437007874
11
5.9471467322834641
21
-4.5566398818897635
0
LINE
8
BLACK
6
CONTINUOUS
10
5.9471467322834641
20
-4.5566398818897635
11
5.8530522440944877
21
-4.5566398818897635
0
LINE
8
BLACK
6
CONTINUOUS
10
4.0665585826771649
20
-4.7378314960629924
11
4.067837007874016
21
-4.7391099212598427
0
LINE
8
BLACK
6
CONTINUOUS
10
4.067837007874016
20
-4.7391099212598427
11
4.067837007874016
21
-4.7409178740157483
0
LINE
8
BLACK
6
CONTINUOUS
10
4.067837007874016
20
-4.7409178740157483
11
4.0665585826771649
21
-4.7421962992125986
0
LINE
8
BLACK
6
CONTINUOUS
10
4.0665585826771649
20
-4.7421962992125986
11
4.0656546062992129
21
-4.7423761023622042
0
LINE
8
BLACK
6
CONTINUOUS
10
4.0656546062992129
20
-4.7423761023622042
11
4.0026624803149602
21
-4.7423761023622042
0
LINE
8
BLACK
6
CONTINUOUS
10
4.0026624803149602
20
-4.7423761023622042
11
4.0017585039370074
21
-4.7421962992125986
0
LINE
8
BLACK
6
CONTINUOUS
10
4.0017585039370074
20
-4.7421962992125986
11
4.0004800787401571
21
-4.7409178740157483
0
LINE
8
BLACK
6
CONTINUOUS
10
4.0004800787401571
20
-4.7409178740157483
11
4.0004800787401571
21
-4.7391099212598427
0
LINE
8
BLACK
6
CONTINUOUS
10
4.0004800787401571
20
-4.7391099212598427
11
4.0017585039370074
21
-4.7378314960629924
0
LINE
8
BLACK
6
CONTINUOUS
10
4.0017585039370074
20
-4.7378314960629924
11
4.0026624803149602
21
-4.7376516929133858
0
LINE
8
BLACK
6
CONTINUOUS
10
4.0026624803149602
20
-4.7376516929133858
11
4.0656546062992129
21
-4.7376516929133858
0
LINE
8
BLACK
6
CONTINUOUS
10
4.0656546062992129
20
-4.7376516929133858
11
4.0665585826771649
21
-4.7378314960629924
0
LINE
8
BLACK
6
CONTINUOUS
10
4.3027790551181102
20
-4.7378314960629924
11
4.3040574803149605
21
-4.7391099212598427
0
LINE
8
BLACK
6
CONTINUOUS
10
4.3040574803149605
20
-4.7391099212598427
11
4.3040574803149605
21
-4.7409178740157483
0
LINE
8
BLACK
6
CONTINUOUS
10
4.3040574803149605
20
-4.7409178740157483
11
4.3027790551181102
21
-4.7421962992125986
0
LINE
8
BLACK
6
CONTINUOUS
10
4.3027790551181102
20
-4.7421962992125986
11
4.3018750787401574
21
-4.7423761023622042
0
LINE
8
BLACK
6
CONTINUOUS
10
4.3018750787401574
20
-4.7423761023622042
11
4.2388829527559055
21
-4.7423761023622042
0
LINE
8
BLACK
6
CONTINUOUS
10
4.2388829527559055
20
-4.7423761023622042
11
4.2379789763779527
21
-4.7421962992125986
0
LINE
8
BLACK
6
CONTINUOUS
10
4.2379789763779527
20
-4.7421962992125986
11
4.2367005511811024
21
-4.7409178740157483
0
LINE
8
BLACK
6
CONTINUOUS
10
4.2367005511811024
20
-4.7409178740157483
11
4.2367005511811024
21
-4.7391099212598427
0
LINE
8
BLACK
6
CONTINUOUS
10
4.2367005511811024
20
-4.7391099212598427
11
4.2379789763779527
21
-4.7378314960629924
0
LINE
8
BLACK
6
CONTINUOUS
10
4.2379789763779527
20
-4.7378314960629924
11
4.2388829527559055
21
-4.7376516929133858
0
LINE
8
BLACK
6
CONTINUOUS
10
4.2388829527559055
20
-4.7376516929133858
11
4.3018750787401574
21
-4.7376516929133858
0
LINE
8
BLACK
6
CONTINUOUS
10
4.3018750787401574
20
-4.7376516929133858
11
4.3027790551181102
21
-4.7378314960629924
0
LINE
8
BLACK
6
CONTINUOUS
10
4.5389995275590547
20
-4.7378314960629924
11
4.5402779527559058
21
-4.7391099212598427
0
LINE
8
BLACK
6
CONTINUOUS
10
4.5402779527559058
20
-4.7391099212598427
11
4.5402779527559058
21
-4.7409178740157483
0
LINE
8
BLACK
6
CONTINUOUS
10
4.5402779527559058
20
-4.7409178740157483
11
4.5389995275590547
21
-4.7421962992125986
0
LINE
8
BLACK
6
CONTINUOUS
10
4.5389995275590547
20
-4.7421962992125986
11
4.5380955511811019
21
-4.7423761023622042
0
LINE
8
BLACK
6
CONTINUOUS
10
4.5380955511811019
20
-4.7423761023622042
11
4.47510342519685
21
-4.7423761023622042
0
LINE
8
BLACK
6
CONTINUOUS
10
4.47510342519685
20
-4.7423761023622042
11
4.4741994488188972
21
-4.7421962992125986
0
LINE
8
BLACK
6
CONTINUOUS
10
4.4741994488188972
20
-4.7421962992125986
11
4.4729210236220469
21
-4.7409178740157483
0
LINE
8
BLACK
6
CONTINUOUS
10
4.4729210236220469
20
-4.7409178740157483
11
4.4729210236220469
21
-4.7391099212598427
0
LINE
8
BLACK
6
CONTINUOUS
10
4.4729210236220469
20
-4.7391099212598427
11
4.4741994488188972
21
-4.7378314960629924
0
LINE
8
BLACK
6
CONTINUOUS
10
4.4741994488188972
20
-4.7378314960629924
11
4.47510342519685
21
-4.7376516929133858
0
LINE
8
BLACK
6
CONTINUOUS
10
4.47510342519685
20
-4.7376516929133858
11
4.5380955511811019
21
-4.7376516929133858
0
LINE
8
BLACK
6
CONTINUOUS
10
4.5380955511811019
20
-4.7376516929133858
11
4.5389995275590547
21
-4.7378314960629924
0
LINE
8
BLACK
6
CONTINUOUS
10
4.77522
20
-4.7378314960629924
11
4.7764984251968503
21
-4.7391099212598427
0
LINE
8
BLACK
6
CONTINUOUS
10
4.7764984251968503
20
-4.7391099212598427
11
4.7764984251968503
21
-4.7409178740157483
0
LINE
8
BLACK
6
CONTINUOUS
10
4.7764984251968503
20
-4.7409178740157483
11
4.77522
21
-4.7421962992125986
0
LINE
8
BLACK
6
CONTINUOUS
10
4.77522
20
-4.7421962992125986
11
4.7743160236220472
21
-4.7423761023622042
0
LINE
8
BLACK
6
CONTINUOUS
10
4.7743160236220472
20
-4.7423761023622042
11
4.7113238976377954
21
-4.7423761023622042
0
LINE
8
BLACK
6
CONTINUOUS
10
4.7113238976377954
20
-4.7423761023622042
11
4.7104199212598425
21
-4.7421962992125986
0
LINE
8
BLACK
6
CONTINUOUS
10
4.7104199212598425
20
-4.7421962992125986
11
4.7091414960629923
21
-4.7409178740157483
0
LINE
8
BLACK
6
CONTINUOUS
10
4.7091414960629923
20
-4.7409178740157483
11
4.7091414960629923
21
-4.7391099212598427
0
LINE
8
BLACK
6
CONTINUOUS
10
4.7091414960629923
20
-4.7391099212598427
11
4.7104199212598425
21
-4.7378314960629924
0
LINE
8
BLACK
6
CONTINUOUS
10
4.7104199212598425
20
-4.7378314960629924
11
4.7113238976377954
21
-4.7376516929133858
0
LINE
8
BLACK
6
CONTINUOUS
10
4.7113238976377954
20
-4.7376516929133858
11
4.7743160236220472
21
-4.7376516929133858
0
LINE
8
BLACK
6
CONTINUOUS
10
4.7743160236220472
20
-4.7376516929133858
11
4.77522
21
-4.7378314960629924
0
LINE
8
BLACK
6
CONTINUOUS
10
5.0114404724409445
20
-4.7378314960629924
11
5.0127188976377948
21
-4.7391099212598427
0
LINE
8
BLACK
6
CONTINUOUS
10
5.0127188976377948
20
-4.7391099212598427
11
5.0127188976377948
21
-4.7409178740157483
0
LINE
8
BLACK
6
CONTINUOUS
10
5.0127188976377948
20
-4.7409178740157483
11
5.0114404724409445
21
-4.7421962992125986
0
LINE
8
BLACK
6
CONTINUOUS
10
5.0114404724409445
20
-4.7421962992125986
11
5.0105364960629917
21
-4.7423761023622042
0
LINE
8
BLACK
6
CONTINUOUS
10
5.0105364960629917
20
-4.7423761023622042
11
4.9475443700787398
21
-4.7423761023622042
0
LINE
8
BLACK
6
CONTINUOUS
10
4.9475443700787398
20
-4.7423761023622042
11
4.946640393700787
21
-4.7421962992125986
0
LINE
8
BLACK
6
CONTINUOUS
10
4.946640393700787
20
-4.7421962992125986
11
4.9453619685039367
21
-4.7409178740157483
0
LINE
8
BLACK
6
CONTINUOUS
10
4.9453619685039367
20
-4.7409178740157483
11
4.9453619685039367
21
-4.7391099212598427
0
LINE
8
BLACK
6
CONTINUOUS
10
4.9453619685039367
20
-4.7391099212598427
11
4.946640393700787
21
-4.7378314960629924
0
LINE
8
BLACK
6
CONTINUOUS
10
4.946640393700787
20
-4.7378314960629924
11
4.9475443700787398
21
-4.7376516929133858
0
LINE
8
BLACK
6
CONTINUOUS
10
4.9475443700787398
20
-4.7376516929133858
11
5.0105364960629917
21
-4.7376516929133858
0
LINE
8
BLACK
6
CONTINUOUS
10
5.0105364960629917
20
-4.7376516929133858
11
5.0114404724409445
21
-4.7378314960629924
0
LINE
8
BLACK
6
CONTINUOUS
10
5.7218814960629922
20
-4.5655457874015744
11
5.7240103149606298
21
-4.5664275984251965
0
LINE
8
BLACK
6
CONTINUOUS
10
5.7240103149606298
20
-4.5664275984251965
11
5.7256396062992128
21
-4.5680568897637794
0
LINE
8
BLACK
6
CONTINUOUS
10
5.7256396062992128
20
-4.5680568897637794
11
5.7265214173228349
21
-4.570185708661417
0
LINE
8
BLACK
6
CONTINUOUS
10
5.7265214173228349
20
-4.570185708661417
11
5.7265214173228349
21
-4.5724899606299214
0
LINE
8
BLACK
6
CONTINUOUS
10
5.7265214173228349
20
-4.5724899606299214
11
5.7256396062992128
21
-4.574618779527559
0
LINE
8
BLACK
6
CONTINUOUS
10
5.7256396062992128
20
-4.574618779527559
11
5.7240103149606298
21
-4.5762480708661419
0
LINE
8
BLACK
6
CONTINUOUS
10
5.7240103149606298
20
-4.5762480708661419
11
5.7218814960629922
21
-4.5771298818897641
0
LINE
8
BLACK
6
CONTINUOUS
10
5.7218814960629922
20
-4.5771298818897641
11
5.7207293700787396
21
-4.5772433464566928
0
LINE
8
BLACK
6
CONTINUOUS
10
5.7207293700787396
20
-4.5772433464566928
11
5.6971857874015743
21
-4.5772433464566928
0
LINE
8
BLACK
6
CONTINUOUS
10
5.6971857874015743
20
-4.5772433464566928
11
5.7083007874015745
21
-4.5899462204724406
0
LINE
8
BLACK
6
CONTINUOUS
10
5.7083007874015745
20
-4.5899462204724406
11
5.708656811023622
21
-4.5904442125984248
0
LINE
8
BLACK
6
CONTINUOUS
10
5.708656811023622
20
-4.5904442125984248
11
5.708766692913386
21
-4.5905540944881889
0
LINE
8
BLACK
6
CONTINUOUS
10
5.708766692913386
20
-4.5905540944881889
11
5.708809803149606
21
-4.590658188976378
0
LINE
8
BLACK
6
CONTINUOUS
10
5.708809803149606
20
-4.590658188976378
11
5.7089740944881893
21
-4.5908879921259844
0
LINE
8
BLACK
6
CONTINUOUS
10
5.7089740944881893
20
-4.5908879921259844
11
5.709281377952756
21
-4.5917966141732283
0
LINE
8
BLACK
6
CONTINUOUS
10
5.709281377952756
20
-4.5917966141732283
11
5.7096485039370082
21
-4.5926829133858265
0
LINE
8
BLACK
6
CONTINUOUS
10
5.7096485039370082
20
-4.5926829133858265
11
5.7096485039370082
21
-4.5928821653543306
0
LINE
8
BLACK
6
CONTINUOUS
10
5.7096485039370082
20
-4.5928821653543306
11
5.7097122834645671
21
-4.593070787401575
0
LINE
8
BLACK
6
CONTINUOUS
10
5.7097122834645671
20
-4.593070787401575
11
5.7096485039370082
21
-4.5940274803149608
0
LINE
8
BLACK
6
CONTINUOUS
10
5.7096485039370082
20
-4.5940274803149608
11
5.7096485039370082
21
-4.5949871653543308
0
LINE
8
BLACK
6
CONTINUOUS
10
5.7096485039370082
20
-4.5949871653543308
11
5.7095722440944883
21
-4.5951712204724409
0
LINE
8
BLACK
6
CONTINUOUS
10
5.7095722440944883
20
-4.5951712204724409
11
5.7095590157480309
21
-4.5953698425196849
0
LINE
8
BLACK
6
CONTINUOUS
10
5.7095590157480309
20
-4.5953698425196849
11
5.709133858267716
21
-4.5962294881889765
0
LINE
8
BLACK
6
CONTINUOUS
10
5.709133858267716
20
-4.5962294881889765
11
5.708766692913386
21
-4.5971159842519684
0
LINE
8
BLACK
6
CONTINUOUS
10
5.708766692913386
20
-4.5971159842519684
11
5.7086258661417322
21
-4.5972567716535435
0
LINE
8
BLACK
6
CONTINUOUS
10
5.7086258661417322
20
-4.5972567716535435
11
5.7085375984251971
21
-4.59743531496063
0
LINE
8
BLACK
6
CONTINUOUS
10
5.7085375984251971
20
-4.59743531496063
11
5.7078157086614176
21
-4.5980669291338581
0
LINE
8
BLACK
6
CONTINUOUS
10
5.7078157086614176
20
-4.5980669291338581
11
5.7071374015748031
21
-4.5987452755905514
0
LINE
8
BLACK
6
CONTINUOUS
10
5.7071374015748031
20
-4.5987452755905514
11
5.7069533464566931
21
-4.5988214960629916
0
LINE
8
BLACK
6
CONTINUOUS
10
5.7069533464566931
20
-4.5988214960629916
11
5.7068034645669288
21
-4.5989526771653546
0
LINE
8
BLACK
6
CONTINUOUS
10
5.7068034645669288
20
-4.5989526771653546
11
5.7058949606299212
21
-4.5992598818897639
0
LINE
8
BLACK
6
CONTINUOUS
10
5.7058949606299212
20
-4.5992598818897639
11
5.7050085826771655
21
-4.5996270866141735
0
LINE
8
BLACK
6
CONTINUOUS
10
5.7050085826771655
20
-4.5996270866141735
11
5.7047274015748028
21
-4.5996547637795278
0
LINE
8
BLACK
6
CONTINUOUS
10
5.7047274015748028
20
-4.5996547637795278
11
5.7046207086614169
21
-4.5996908661417324
0
LINE
8
BLACK
6
CONTINUOUS
10
5.7046207086614169
20
-4.5996908661417324
11
5.7044657874015749
21
-4.5996805118110231
0
LINE
8
BLACK
6
CONTINUOUS
10
5.7044657874015749
20
-4.5996805118110231
11
5.7038564566929129
21
-4.5997405511811023
0
LINE
8
BLACK
6
CONTINUOUS
10
5.7038564566929129
20
-4.5997405511811023
11
5.6968141338582674
21
-4.5997405511811023
0
LINE
8
BLACK
6
CONTINUOUS
10
5.6968141338582674
20
-4.5997405511811023
11
5.6932938976377949
21
-4.6015006299212597
0
LINE
8
BLACK
6
CONTINUOUS
10
5.6932938976377949
20
-4.6015006299212597
11
5.6918370472440944
21
-4.6029574803149602
0
LINE
8
BLACK
6
CONTINUOUS
10
5.6918370472440944
20
-4.6029574803149602
11
5.6900769291338582
21
-4.6064777165354327
0
LINE
8
BLACK
6
CONTINUOUS
10
5.6900769291338582
20
-4.6064777165354327
11
5.6900769291338582
21
-4.6177502362204725
0
LINE
8
BLACK
6
CONTINUOUS
10
5.6900769291338582
20
-4.6177502362204725
11
5.6918370472440944
21
-4.621270472440945
0
LINE
8
BLACK
6
CONTINUOUS
10
5.6918370472440944
20
-4.621270472440945
11
5.6932938976377949
21
-4.6227273228346455
0
LINE
8
BLACK
6
CONTINUOUS
10
5.6932938976377949
20
-4.6227273228346455
11
5.6968141338582674
21
-4.6244874409448817
0
LINE
8
BLACK
6
CONTINUOUS
10
5.6968141338582674
20
-4.6244874409448817
11
5.710898818897638
21
-4.6244874409448817
0
LINE
8
BLACK
6
CONTINUOUS
10
5.710898818897638
20
-4.6244874409448817
11
5.7144189763779529
21
-4.6227273622047242
0
LINE
8
BLACK
6
CONTINUOUS
10
5.7144189763779529
20
-4.6227273622047242
11
5.7165535433070866
21
-4.6205928346456693
0
LINE
8
BLACK
6
CONTINUOUS
10
5.7165535433070866
20
-4.6205928346456693
11
5.717448464566929
21
-4.6198583858267712
0
LINE
8
BLACK
6
CONTINUOUS
10
5.717448464566929
20
-4.6198583858267712
11
5.7195772834645666
21
-4.6189766141732278
0
LINE
8
BLACK
6
CONTINUOUS
10
5.7195772834645666
20
-4.6189766141732278
11
5.7218814566929135
21
-4.6189766141732278
0
LINE
8
BLACK
6
CONTINUOUS
10
5.7218814566929135
20
-4.6189766141732278
11
5.7240102755905511
21
-4.6198583858267712
0
LINE
8
BLACK
6
CONTINUOUS
10
5.7240102755905511
20
-4.6198583858267712
11
5.7256396456692915
21
-4.6214877559055116
0
LINE
8
BLACK
6
CONTINUOUS
10
5.7256396456692915
20
-4.6214877559055116
11
5.7265214173228349
21
-4.6236165748031492
0
LINE
8
BLACK
6
CONTINUOUS
10
5.7265214173228349
20
-4.6236165748031492
11
5.7265214173228349
21
-4.6259207480314961
0
LINE
8
BLACK
6
CONTINUOUS
10
5.7265214173228349
20
-4.6259207480314961
11
5.7256396456692915
21
-4.6280495669291337
0
LINE
8
BLACK
6
CONTINUOUS
10
5.7256396456692915
20
-4.6280495669291337
11
5.7249051968503935
21
-4.6289444881889761
0
LINE
8
BLACK
6
CONTINUOUS
10
5.7249051968503935
20
-4.6289444881889761
11
5.7220930314960627
21
-4.6317566535433068
0
LINE
8
BLACK
6
CONTINUOUS
10
5.7220930314960627
20
-4.6317566535433068
11
5.7216401968503936
21
-4.632128267716535
0
LINE
8
BLACK
6
CONTINUOUS
10
5.7216401968503936
20
-4.632128267716535
11
5.7215379921259837
21
-4.6322461417322831
0
LINE
8
BLACK
6
CONTINUOUS
10
5.7215379921259837
20
-4.6322461417322831
11
5.721360275590551
21
-4.6323579527559051
0
LINE
8
BLACK
6
CONTINUOUS
10
5.721360275590551
20
-4.6323579527559051
11
5.7211981102362204
21
-4.6324911023622048
0
LINE
8
BLACK
6
CONTINUOUS
10
5.7211981102362204
20
-4.6324911023622048
11
5.721054015748031
21
-4.6325507480314956
0
LINE
8
BLACK
6
CONTINUOUS
10
5.721054015748031
20
-4.6325507480314956
11
5.7205582283464569
21
-4.632862874015748
0
LINE
8
BLACK
6
CONTINUOUS
10
5.7205582283464569
20
-4.632862874015748
11
5.7149339370078742
21
-4.635675
0
LINE
8
BLACK
6
CONTINUOUS
10
5.7149339370078742
20
-4.635675
11
5.7138526771653542
21
-4.6360887795275589
0
LINE
8
BLACK
6
CONTINUOUS
10
5.7138526771653542
20
-4.6360887795275589
11
5.7136410236220474
21
-4.6361037795275593
0
LINE
8
BLACK
6
CONTINUOUS
10
5.7136410236220474
20
-4.6361037795275593
11
5.7134450393700789
21
-4.6361850000000002
0
LINE
8
BLACK
6
CONTINUOUS
10
5.7134450393700789
20
-4.6361850000000002
11
5.7122929133858262
21
-4.636298464566929
0
LINE
8
BLACK
6
CONTINUOUS
10
5.7122929133858262
20
-4.636298464566929
11
5.6954200393700782
21
-4.636298464566929
0
LINE
8
BLACK
6
CONTINUOUS
10
5.6954200393700782
20
-4.636298464566929
11
5.6942679133858265
21
-4.6361850000000002
0
LINE
8
BLACK
6
CONTINUOUS
10
5.6942679133858265
20
-4.6361850000000002
11
5.6940718897637792
21
-4.6361037795275593
0
LINE
8
BLACK
6
CONTINUOUS
10
5.6940718897637792
20
-4.6361037795275593
11
5.6938602755905512
21
-4.6360887795275589
0
LINE
8
BLACK
6
CONTINUOUS
10
5.6938602755905512
20
-4.6360887795275589
11
5.6927790551181099
21
-4.635675
0
LINE
8
BLACK
6
CONTINUOUS
10
5.6927790551181099
20
-4.635675
11
5.6871547244094485
21
-4.632862874015748
0
LINE
8
BLACK
6
CONTINUOUS
10
5.6871547244094485
20
-4.632862874015748
11
5.6866589763779523
21
-4.6325507874015743
0
LINE
8
BLACK
6
CONTINUOUS
10
5.6866589763779523
20
-4.6325507874015743
11
5.686514842519685
21
-4.6324911023622048
0
LINE
8
BLACK
6
CONTINUOUS
10
5.686514842519685
20
-4.6324911023622048
11
5.6863525196850393
21
-4.6323578740157476
0
LINE
8
BLACK
6
CONTINUOUS
10
5.6863525196850393
20
-4.6323578740157476
11
5.6861749999999995
21
-4.6322461417322831
0
LINE
8
BLACK
6
CONTINUOUS
10
5.6861749999999995
20
-4.6322461417322831
11
5.6860728346456693
21
-4.6321283464566925
0
LINE
8
BLACK
6
CONTINUOUS
10
5.6860728346456693
20
-4.6321283464566925
11
5.6856199212598426
21
-4.6317566535433068
0
LINE
8
BLACK
6
CONTINUOUS
10
5.6856199212598426
20
-4.6317566535433068
11
5.6828077559055119
21
-4.6289444881889761
0
LINE
8
BLACK
6
CONTINUOUS
10
5.6828077559055119
20
-4.6289444881889761
11
5.682436102362205
21
-4.6284916535433069
0
LINE
8
BLACK
6
CONTINUOUS
10
5.682436102362205
20
-4.6284916535433069
11
5.6823182677165356
21
-4.6283894488188979
0
LINE
8
BLACK
6
CONTINUOUS
10
5.6823182677165356
20
-4.6283894488188979
11
5.6822064173228348
21
-4.6282117322834644
0
LINE
8
BLACK
6
CONTINUOUS
10
5.6822064173228348
20
-4.6282117322834644
11
5.6820733070866138
21
-4.6280495669291337
0
LINE
8
BLACK
6
CONTINUOUS
10
5.6820733070866138
20
-4.6280495669291337
11
5.6820136220472444
21
-4.6279054724409452
0
LINE
8
BLACK
6
CONTINUOUS
10
5.6820136220472444
20
-4.6279054724409452
11
5.6817015354330707
21
-4.6274096850393702
0
LINE
8
BLACK
6
CONTINUOUS
10
5.6817015354330707
20
-4.6274096850393702
11
5.67888937007874
21
-4.6217853937007876
0
LINE
8
BLACK
6
CONTINUOUS
10
5.67888937007874
20
-4.6217853937007876
11
5.6784756299212598
21
-4.6207041732283463
0
LINE
8
BLACK
6
CONTINUOUS
10
5.6784756299212598
20
-4.6207041732283463
11
5.6784605905511807
21
-4.6204925590551182
0
LINE
8
BLACK
6
CONTINUOUS
10
5.6784605905511807
20
-4.6204925590551182
11
5.6783793700787397
21
-4.6202964960629922
0
LINE
8
BLACK
6
CONTINUOUS
10
5.6783793700787397
20
-4.6202964960629922
11
5.678265905511811
21
-4.6191443700787405
0
LINE
8
BLACK
6
CONTINUOUS
10
5.678265905511811
20
-4.6191443700787405
11
5.678265905511811
21
-4.6050836220472444
0
LINE
8
BLACK
6
CONTINUOUS
10
5.678265905511811
20
-4.6050836220472444
11
5.6783793700787397
21
-4.6039314960629918
0
LINE
8
BLACK
6
CONTINUOUS
10
5.6783793700787397
20
-4.6039314960629918
11
5.6784605905511807
21
-4.603735393700787
0
LINE
8
BLACK
6
CONTINUOUS
10
5.6784605905511807
20
-4.603735393700787
11
5.6784756299212598
21
-4.6035238188976377
0
LINE
8
BLACK
6
CONTINUOUS
10
5.6784756299212598
20
-4.6035238188976377
11
5.67888937007874
21
-4.6024425984251964
0
LINE
8
BLACK
6
CONTINUOUS
10
5.67888937007874
20
-4.6024425984251964
11
5.6817015354330707
21
-4.5968183070866138
0
LINE
8
BLACK
6
CONTINUOUS
10
5.6817015354330707
20
-4.5968183070866138
11
5.6820136220472444
21
-4.5963224803149609
0
LINE
8
BLACK
6
CONTINUOUS
10
5.6820136220472444
20
-4.5963224803149609
11
5.6820733070866138
21
-4.5961784251968503
0
LINE
8
BLACK
6
CONTINUOUS
10
5.6820733070866138
20
-4.5961784251968503
11
5.6822064173228348
21
-4.5960162204724408
0
LINE
8
BLACK
6
CONTINUOUS
10
5.6822064173228348
20
-4.5960162204724408
11
5.6823182677165356
21
-4.5958385433070861
0
LINE
8
BLACK
6
CONTINUOUS
10
5.6823182677165356
20
-4.5958385433070861
11
5.682436102362205
21
-4.5957362992125983
0
LINE
8
BLACK
6
CONTINUOUS
10
5.682436102362205
20
-4.5957362992125983
11
5.6828077559055119
21
-4.5952835039370079
0
LINE
8
BLACK
6
CONTINUOUS
10
5.6828077559055119
20
-4.5952835039370079
11
5.6856199212598426
21
-4.5924713385826772
0
LINE
8
BLACK
6
CONTINUOUS
10
5.6856199212598426
20
-4.5924713385826772
11
5.6860728346456693
21
-4.5920996062992128
0
LINE
8
BLACK
6
CONTINUOUS
10
5.6860728346456693
20
-4.5920996062992128
11
5.6861749999999995
21
-4.5919818503937009
0
LINE
8
BLACK
6
CONTINUOUS
10
5.6861749999999995
20
-4.5919818503937009
11
5.6863525196850393
21
-4.5918700787401576
0
LINE
8
BLACK
6
CONTINUOUS
10
5.6863525196850393
20
-4.5918700787401576
11
5.686514842519685
21
-4.5917368897637791
0
LINE
8
BLACK
6
CONTINUOUS
10
5.686514842519685
20
-4.5917368897637791
11
5.6866589763779523
21
-4.5916771653543309
0
LINE
8
BLACK
6
CONTINUOUS
10
5.6866589763779523
20
-4.5916771653543309
11
5.6871547244094485
21
-4.591365118110236
0
LINE
8
BLACK
6
CONTINUOUS
10
5.6871547244094485
20
-4.591365118110236
11
5.6918110629921257
21
-4.5890369685039367
0
LINE
8
BLACK
6
CONTINUOUS
10
5.6918110629921257
20
-4.5890369685039367
11
5.6797270472440946
21
-4.5752266535433073
0
LINE
8
BLACK
6
CONTINUOUS
10
5.6797270472440946
20
-4.5752266535433073
11
5.6793709842519684
21
-4.5747285826771655
0
LINE
8
BLACK
6
CONTINUOUS
10
5.6793709842519684
20
-4.5747285826771655
11
5.6792611811023619
21
-4.574618779527559
0
LINE
8
BLACK
6
CONTINUOUS
10
5.6792611811023619
20
-4.574618779527559
11
5.6792179921259844
21
-4.5745146062992124
0
LINE
8
BLACK
6
CONTINUOUS
10
5.6792179921259844
20
-4.5745146062992124
11
5.6790537795275586
21
-4.5742848425196847
0
LINE
8
BLACK
6
CONTINUOUS
10
5.6790537795275586
20
-4.5742848425196847
11
5.6787464173228344
21
-4.5733761023622046
0
LINE
8
BLACK
6
CONTINUOUS
10
5.6787464173228344
20
-4.5733761023622046
11
5.6783793700787397
21
-4.5724899606299214
0
LINE
8
BLACK
6
CONTINUOUS
10
5.6783793700787397
20
-4.5724899606299214
11
5.6783793700787397
21
-4.572290748031496
0
LINE
8
BLACK
6
CONTINUOUS
10
5.6783793700787397
20
-4.572290748031496
11
5.6783155511811021
21
-4.5721020866141728
0
LINE
8
BLACK
6
CONTINUOUS
10
5.6783155511811021
20
-4.5721020866141728
11
5.6783793700787397
21
-4.5711449999999996
0
LINE
8
BLACK
6
CONTINUOUS
10
5.6783793700787397
20
-4.5711449999999996
11
5.6783793700787397
21
-4.570185708661417
0
LINE
8
BLACK
6
CONTINUOUS
10
5.6783793700787397
20
-4.570185708661417
11
5.6784555905511809
21
-4.5700016141732283
0
LINE
8
BLACK
6
CONTINUOUS
10
5.6784555905511809
20
-4.5700016141732283
11
5.6784688582677161
21
-4.5698030314960629
0
LINE
8
BLACK
6
CONTINUOUS
10
5.6784688582677161
20
-4.5698030314960629
11
5.6788939763779522
21
-4.5689433464566926
0
LINE
8
BLACK
6
CONTINUOUS
10
5.6788939763779522
20
-4.5689433464566926
11
5.6792611811023619
21
-4.5680568897637794
0
LINE
8
BLACK
6
CONTINUOUS
10
5.6792611811023619
20
-4.5680568897637794
11
5.679401968503937
21
-4.5679160629921256
0
LINE
8
BLACK
6
CONTINUOUS
10
5.679401968503937
20
-4.5679160629921256
11
5.6794902755905508
21
-4.5677375590551179
0
LINE
8
BLACK
6
CONTINUOUS
10
5.6794902755905508
20
-4.5677375590551179
11
5.6802121259842515
21
-4.5671059055118111
0
LINE
8
BLACK
6
CONTINUOUS
10
5.6802121259842515
20
-4.5671059055118111
11
5.6808904724409448
21
-4.5664275984251965
0
LINE
8
BLACK
6
CONTINUOUS
10
5.6808904724409448
20
-4.5664275984251965
11
5.6810744881889761
21
-4.5663513385826775
0
LINE
8
BLACK
6
CONTINUOUS
10
5.6810744881889761
20
-4.5663513385826775
11
5.6812244094488191
21
-4.5662201968503933
0
LINE
8
BLACK
6
CONTINUOUS
10
5.6812244094488191
20
-4.5662201968503933
11
5.6821331102362205
21
-4.565912834645669
0
LINE
8
BLACK
6
CONTINUOUS
10
5.6821331102362205
20
-4.565912834645669
11
5.6830192913385824
21
-4.5655457874015744
0
LINE
8
BLACK
6
CONTINUOUS
10
5.6830192913385824
20
-4.5655457874015744
11
5.6833002755905513
21
-4.5655181102362201
0
LINE
8
BLACK
6
CONTINUOUS
10
5.6833002755905513
20
-4.5655181102362201
11
5.683407165354331
21
-4.5654819685039367
0
LINE
8
BLACK
6
CONTINUOUS
10
5.683407165354331
20
-4.5654819685039367
11
5.683562244094488
21
-4.5654922834645673
0
LINE
8
BLACK
6
CONTINUOUS
10
5.683562244094488
20
-4.5654922834645673
11
5.6841714173228342
21
-4.5654323228346456
0
LINE
8
BLACK
6
CONTINUOUS
10
5.6841714173228342
20
-4.5654323228346456
11
5.7207293700787396
21
-4.5654323228346456
0
LINE
8
BLACK
6
CONTINUOUS
10
5.7207293700787396
20
-4.5654323228346456
11
5.7218814960629922
21
-4.5655457874015744
0
LINE
8
BLACK
6
CONTINUOUS
10
5.7753123228346457
20
-4.5655457874015744
11
5.7774411417322833
21
-4.5664275984251965
0
LINE
8
BLACK
6
CONTINUOUS
10
5.7774411417322833
20
-4.5664275984251965
11
5.7790704330708662
21
-4.5680568897637794
0
LINE
8
BLACK
6
CONTINUOUS
10
5.7790704330708662
20
-4.5680568897637794
11
5.7799522440944884
21
-4.570185708661417
0
LINE
8
BLACK
6
CONTINUOUS
10
5.7799522440944884
20
-4.570185708661417
11
5.7800657086614171
21
-4.5713378346456688
0
LINE
8
BLACK
6
CONTINUOUS
10
5.7800657086614171
20
-4.5713378346456688
11
5.7800657086614171
21
-4.6303929527559058
0
LINE
8
BLACK
6
CONTINUOUS
10
5.7800657086614171
20
-4.6303929527559058
11
5.7799522440944884
21
-4.6315450787401575
0
LINE
8
BLACK
6
CONTINUOUS
10
5.7799522440944884
20
-4.6315450787401575
11
5.7790704330708662
21
-4.6336738976377951
0
LINE
8
BLACK
6
CONTINUOUS
10
5.7790704330708662
20
-4.6336738976377951
11
5.7774411417322833
21
-4.6353031889763781
0
LINE
8
BLACK
6
CONTINUOUS
10
5.7774411417322833
20
-4.6353031889763781
11
5.7753123228346457
21
-4.6361850000000002
0
LINE
8
BLACK
6
CONTINUOUS
10
5.7753123228346457
20
-4.6361850000000002
11
5.7741601968503939
21
-4.636298464566929
0
LINE
8
BLACK
6
CONTINUOUS
10
5.7741601968503939
20
-4.636298464566929
11
5.7600994488188979
21
-4.636298464566929
0
LINE
8
BLACK
6
CONTINUOUS
10
5.7600994488188979
20
-4.636298464566929
11
5.7595165354330708
21
-4.6362410236220475
0
LINE
8
BLACK
6
CONTINUOUS
10
5.7595165354330708
20
-4.6362410236220475
11
5.7593608661417326
21
-4.6362521259842522
0
LINE
8
BLACK
6
CONTINUOUS
10
5.7593608661417326
20
-4.6362521259842522
11
5.7591560629921261
21
-4.636205551181102
0
LINE
8
BLACK
6
CONTINUOUS
10
5.7591560629921261
20
-4.636205551181102
11
5.7589473228346453
21
-4.6361850000000002
0
LINE
8
BLACK
6
CONTINUOUS
10
5.7589473228346453
20
-4.6361850000000002
11
5.7588033070866143
21
-4.6361253149606299
0
LINE
8
BLACK
6
CONTINUOUS
10
5.7588033070866143
20
-4.6361253149606299
11
5.7582319685039369
21
-4.6359954330708657
0
LINE
8
BLACK
6
CONTINUOUS
10
5.7582319685039369
20
-4.6359954330708657
11
5.7497955118110236
21
-4.6331833070866137
0
LINE
8
BLACK
6
CONTINUOUS
10
5.7497955118110236
20
-4.6331833070866137
11
5.7487383858267718
21
-4.632711338582677
0
LINE
8
BLACK
6
CONTINUOUS
10
5.7487383858267718
20
-4.632711338582677
11
5.7485780708661416
21
-4.6325722834645671
0
LINE
8
BLACK
6
CONTINUOUS
10
5.7485780708661416
20
-4.6325722834645671
11
5.7483820472440943
21
-4.6324911023622048
0
LINE
8
BLACK
6
CONTINUOUS
10
5.7483820472440943
20
-4.6324911023622048
11
5.7474871653543307
21
-4.6317566535433068
0
LINE
8
BLACK
6
CONTINUOUS
10
5.7474871653543307
20
-4.6317566535433068
11
5.741862874015748
21
-4.6261323228346454
0
LINE
8
BLACK
6
CONTINUOUS
10
5.741862874015748
20
-4.6261323228346454
11
5.7414912204724411
21
-4.6256794881889762
0
LINE
8
BLACK
6
CONTINUOUS
10
5.7414912204724411
20
-4.6256794881889762
11
5.7413733858267717
21
-4.6255772834645672
0
LINE
8
BLACK
6
CONTINUOUS
10
5.7413733858267717
20
-4.6255772834645672
11
5.7412615354330709
21
-4.6253995669291337
0
LINE
8
BLACK
6
CONTINUOUS
10
5.7412615354330709
20
-4.6253995669291337
11
5.74112842519685
21
-4.625237401574803
0
LINE
8
BLACK
6
CONTINUOUS
10
5.74112842519685
20
-4.625237401574803
11
5.7410687401574805
21
-4.6250933070866145
0
LINE
8
BLACK
6
CONTINUOUS
10
5.7410687401574805
20
-4.6250933070866145
11
5.7407566535433068
21
-4.6245975196850395
0
LINE
8
BLACK
6
CONTINUOUS
10
5.7407566535433068
20
-4.6245975196850395
11
5.7379444881889761
21
-4.6189732283464568
0
LINE
8
BLACK
6
CONTINUOUS
10
5.7379444881889761
20
-4.6189732283464568
11
5.7379122047244095
21
-4.6188889370078741
0
LINE
8
BLACK
6
CONTINUOUS
10
5.7379122047244095
20
-4.6188889370078741
11
5.7378868503937008
21
-4.6188546850393699
0
LINE
8
BLACK
6
CONTINUOUS
10
5.7378868503937008
20
-4.6188546850393699
11
5.737714133858268
21
-4.6183712992125985
0
LINE
8
BLACK
6
CONTINUOUS
10
5.737714133858268
20
-4.6183712992125985
11
5.7375307480314959
21
-4.6178920078740155
0
LINE
8
BLACK
6
CONTINUOUS
10
5.7375307480314959
20
-4.6178920078740155
11
5.7375277165354328
21
-4.6178494488188973
0
LINE
8
BLACK
6
CONTINUOUS
10
5.7375277165354328
20
-4.6178494488188973
11
5.7374973622047243
21
-4.6177644881889766
0
LINE
8
BLACK
6
CONTINUOUS
10
5.7374973622047243
20
-4.6177644881889766
11
5.7346852362204723
21
-4.6065159055118112
0
LINE
8
BLACK
6
CONTINUOUS
10
5.7346852362204723
20
-4.6065159055118112
11
5.7346557086614176
21
-4.6063162204724408
0
LINE
8
BLACK
6
CONTINUOUS
10
5.7346557086614176
20
-4.6063162204724408
11
5.7346223622047239
21
-4.6062357480314962
0
LINE
8
BLACK
6
CONTINUOUS
10
5.7346223622047239
20
-4.6062357480314962
11
5.7345796062992127
21
-4.6058017716535433
0
LINE
8
BLACK
6
CONTINUOUS
10
5.7345796062992127
20
-4.6058017716535433
11
5.7345158661417326
21
-4.6053706692913385
0
LINE
8
BLACK
6
CONTINUOUS
10
5.7345158661417326
20
-4.6053706692913385
11
5.7345286614173228
21
-4.6052845275590553
0
LINE
8
BLACK
6
CONTINUOUS
10
5.7345286614173228
20
-4.6052845275590553
11
5.7345088976377951
21
-4.6050836220472444
0
LINE
8
BLACK
6
CONTINUOUS
10
5.7345088976377951
20
-4.6050836220472444
11
5.7345088976377951
21
-4.596647165354331
0
LINE
8
BLACK
6
CONTINUOUS
10
5.7345088976377951
20
-4.596647165354331
11
5.7345286614173228
21
-4.5964462204724406
0
LINE
8
BLACK
6
CONTINUOUS
10
5.7345286614173228
20
-4.5964462204724406
11
5.7345158661417326
21
-4.596360118110236
0
LINE
8
BLACK
6
CONTINUOUS
10
5.7345158661417326
20
-4.596360118110236
11
5.7345796062992127
21
-4.5959289763779525
0
LINE
8
BLACK
6
CONTINUOUS
10
5.7345796062992127
20
-4.5959289763779525
11
5.7346223622047239
21
-4.5954950393700784
0
LINE
8
BLACK
6
CONTINUOUS
10
5.7346223622047239
20
-4.5954950393700784
11
5.7346557086614176
21
-4.595414527559055
0
LINE
8
BLACK
6
CONTINUOUS
10
5.7346557086614176
20
-4.595414527559055
11
5.7346852362204723
21
-4.5952148818897633
0
LINE
8
BLACK
6
CONTINUOUS
10
5.7346852362204723
20
-4.5952148818897633
11
5.7374973622047243
21
-4.583966299212598
0
LINE
8
BLACK
6
CONTINUOUS
10
5.7374973622047243
20
-4.583966299212598
11
5.7375277165354328
21
-4.5838812992125986
0
LINE
8
BLACK
6
CONTINUOUS
10
5.7375277165354328
20
-4.5838812992125986
11
5.7375307480314959
21
-4.583838779527559
0
LINE
8
BLACK
6
CONTINUOUS
10
5.7375307480314959
20
-4.583838779527559
11
5.737714133858268
21
-4.5833594488188973
0
LINE
8
BLACK
6
CONTINUOUS
10
5.737714133858268
20
-4.5833594488188973
11
5.7378868503937008
21
-4.5828761023622047
0
LINE
8
BLACK
6
CONTINUOUS
10
5.7378868503937008
20
-4.5828761023622047
11
5.7379122047244095
21
-4.5828418110236218
0
LINE
8
BLACK
6
CONTINUOUS
10
5.7379122047244095
20
-4.5828418110236218
11
5.7379444881889761
21
-4.5827575590551177
0
LINE
8
BLACK
6
CONTINUOUS
10
5.7379444881889761
20
-4.5827575590551177
11
5.7407566535433068
21
-4.5771332677165351
0
LINE
8
BLACK
6
CONTINUOUS
10
5.7407566535433068
20
-4.5771332677165351
11
5.7410687401574805
21
-4.5766374409448822
0
LINE
8
BLACK
6
CONTINUOUS
10
5.7410687401574805
20
-4.5766374409448822
11
5.74112842519685
21
-4.5764933858267716
0
LINE
8
BLACK
6
CONTINUOUS
10
5.74112842519685
20
-4.5764933858267716
11
5.7412615354330709
21
-4.5763311811023621
0
LINE
8
BLACK
6
CONTINUOUS
10
5.7412615354330709
20
-4.5763311811023621
11
5.7413733858267717
21
-4.5761535039370074
0
LINE
8
BLACK
6
CONTINUOUS
10
5.7413733858267717
20
-4.5761535039370074
11
5.7414912204724411
21
-4.5760512598425196
0
LINE
8
BLACK
6
CONTINUOUS
10
5.7414912204724411
20
-4.5760512598425196
11
5.741862874015748
21
-4.5755984645669292
0
LINE
8
BLACK
6
CONTINUOUS
10
5.741862874015748
20
-4.5755984645669292
11
5.7474871653543307
21
-4.5699741732283465
0
LINE
8
BLACK
6
CONTINUOUS
10
5.7474871653543307
20
-4.5699741732283465
11
5.7483820472440943
21
-4.5692397244094485
0
LINE
8
BLACK
6
CONTINUOUS
10
5.7483820472440943
20
-4.5692397244094485
11
5.7485781496062991
21
-4.5691584645669288
0
LINE
8
BLACK
6
CONTINUOUS
10
5.7485781496062991
20
-4.5691584645669288
11
5.7487383858267718
21
-4.569019527559055
0
LINE
8
BLACK
6
CONTINUOUS
10
5.7487383858267718
20
-4.569019527559055
11
5.7497955118110236
21
-4.5685475590551183
0
LINE
8
BLACK
6
CONTINUOUS
10
5.7497955118110236
20
-4.5685475590551183
11
5.7582319291338582
21
-4.5657353937007876
0
LINE
8
BLACK
6
CONTINUOUS
10
5.7582319291338582
20
-4.5657353937007876
11
5.7588031496062992
21
-4.5656054724409447
0
LINE
8
BLACK
6
CONTINUOUS
10
5.7588031496062992
20
-4.5656054724409447
11
5.7589473228346453
21
-4.5655457874015744
0
LINE
8
BLACK
6
CONTINUOUS
10
5.7589473228346453
20
-4.5655457874015744
11
5.7591562992125986
21
-4.5655251968503938
0
LINE
8
BLACK
6
CONTINUOUS
10
5.7591562992125986
20
-4.5655251968503938
11
5.7593608267716538
21
-4.5654787007874011
0
LINE
8
BLACK
6
CONTINUOUS
10
5.7593608267716538
20
-4.5654787007874011
11
5.7595162992125983
21
-4.5654897244094483
0
LINE
8
BLACK
6
CONTINUOUS
10
5.7595162992125983
20
-4.5654897244094483
11
5.7600994488188979
21
-4.5654323228346456
0
LINE
8
BLACK
6
CONTINUOUS
10
5.7600994488188979
20
-4.5654323228346456
11
5.7741601968503939
21
-4.5654323228346456
0
LINE
8
BLACK
6
CONTINUOUS
10
5.7741601968503939
20
-4.5654323228346456
11
5.7753123228346457
21
-4.5655457874015744
0
LINE
8
BLACK
6
CONTINUOUS
10
5.7548530314960624
20
-4.5793115748031497
11
5.7508921653543306
21
-4.5832724409448815
0
LINE
8
BLACK
6
CONTINUOUS
10
5.7508921653543306
20
-4.5832724409448815
11
5.74879842519685
21
-4.5874598425196851
0
LINE
8
BLACK
6
CONTINUOUS
10
5.74879842519685
20
-4.5874598425196851
11
5.7463199212598424
21
-4.5973740551181104
0
LINE
8
BLACK
6
CONTINUOUS
10
5.7463199212598424
20
-4.5973740551181104
11
5.7463199212598424
21
-4.6043566929133855
0
LINE
8
BLACK
6
CONTINUOUS
10
5.7463199212598424
20
-4.6043566929133855
11
5.74879842519685
21
-4.6142709055118107
0
LINE
8
BLACK
6
CONTINUOUS
10
5.74879842519685
20
-4.6142709055118107
11
5.7508921653543306
21
-4.6184583070866143
0
LINE
8
BLACK
6
CONTINUOUS
10
5.7508921653543306
20
-4.6184583070866143
11
5.7548529921259846
21
-4.6224191732283462
0
LINE
8
BLACK
6
CONTINUOUS
10
5.7548529921259846
20
-4.6224191732283462
11
5.7610578346456691
21
-4.6244874409448817
0
LINE
8
BLACK
6
CONTINUOUS
10
5.7610578346456691
20
-4.6244874409448817
11
5.7682546850393699
21
-4.6244874409448817
0
LINE
8
BLACK
6
CONTINUOUS
10
5.7682546850393699
20
-4.6244874409448817
11
5.7682546850393699
21
-4.5772433464566928
0
LINE
8
BLACK
6
CONTINUOUS
10
5.7682546850393699
20
-4.5772433464566928
11
5.7610578346456691
21
-4.5772433464566928
0
LINE
8
BLACK
6
CONTINUOUS
10
5.7610578346456691
20
-4.5772433464566928
11
5.7548530314960624
21
-4.5793115748031497
0
LINE
8
BLACK
6
CONTINUOUS
10
5.8343674409448818
20
-4.5655457874015744
11
5.8364962598425194
21
-4.5664275984251965
0
LINE
8
BLACK
6
CONTINUOUS
10
5.8364962598425194
20
-4.5664275984251965
11
5.8381255511811023
21
-4.5680568897637794
0
LINE
8
BLACK
6
CONTINUOUS
10
5.8381255511811023
20
-4.5680568897637794
11
5.8390073622047245
21
-4.570185708661417
0
LINE
8
BLACK
6
CONTINUOUS
10
5.8390073622047245
20
-4.570185708661417
11
5.8391208267716532
21
-4.5713378346456688
0
LINE
8
BLACK
6
CONTINUOUS
10
5.8391208267716532
20
-4.5713378346456688
11
5.8391208267716532
21
-4.6303929527559058
0
LINE
8
BLACK
6
CONTINUOUS
10
5.8391208267716532
20
-4.6303929527559058
11
5.8390073622047245
21
-4.6315450787401575
0
LINE
8
BLACK
6
CONTINUOUS
10
5.8390073622047245
20
-4.6315450787401575
11
5.8381255511811023
21
-4.6336738976377951
0
LINE
8
BLACK
6
CONTINUOUS
10
5.8381255511811023
20
-4.6336738976377951
11
5.8364962598425194
21
-4.6353031889763781
0
LINE
8
BLACK
6
CONTINUOUS
10
5.8364962598425194
20
-4.6353031889763781
11
5.8343674409448818
21
-4.6361850000000002
0
LINE
8
BLACK
6
CONTINUOUS
10
5.8343674409448818
20
-4.6361850000000002
11
5.8320631889763774
21
-4.6361850000000002
0
LINE
8
BLACK
6
CONTINUOUS
10
5.8320631889763774
20
-4.6361850000000002
11
5.8299343700787398
21
-4.6353031889763781
0
LINE
8
BLACK
6
CONTINUOUS
10
5.8299343700787398
20
-4.6353031889763781
11
5.8283050787401569
21
-4.6336738976377951
0
LINE
8
BLACK
6
CONTINUOUS
10
5.8283050787401569
20
-4.6336738976377951
11
5.8274232677165356
21
-4.6315450787401575
0
LINE
8
BLACK
6
CONTINUOUS
10
5.8274232677165356
20
-4.6315450787401575
11
5.827309803149606
21
-4.6303929527559058
0
LINE
8
BLACK
6
CONTINUOUS
10
5.827309803149606
20
-4.6303929527559058
11
5.827309803149606
21
-4.6081769685039369
0
LINE
8
BLACK
6
CONTINUOUS
10
5.827309803149606
20
-4.6081769685039369
11
5.8107181102362206
21
-4.6081769685039369
0
LINE
8
BLACK
6
CONTINUOUS
10
5.8107181102362206
20
-4.6081769685039369
11
5.809565984251968
21
-4.6080635039370081
0
LINE
8
BLACK
6
CONTINUOUS
10
5.809565984251968
20
-4.6080635039370081
11
5.8093699606299207
21
-4.6079822834645672
0
LINE
8
BLACK
6
CONTINUOUS
10
5.8093699606299207
20
-4.6079822834645672
11
5.8091583464566927
21
-4.6079672834645669
0
LINE
8
BLACK
6
CONTINUOUS
10
5.8091583464566927
20
-4.6079672834645669
11
5.8080771259842514
21
-4.6075535039370079
0
LINE
8
BLACK
6
CONTINUOUS
10
5.8080771259842514
20
-4.6075535039370079
11
5.80245279527559
21
-4.604741377952756
0
LINE
8
BLACK
6
CONTINUOUS
10
5.80245279527559
20
-4.604741377952756
11
5.8019570472440947
21
-4.6044292913385823
0
LINE
8
BLACK
6
CONTINUOUS
10
5.8019570472440947
20
-4.6044292913385823
11
5.8018129133858265
21
-4.6043696062992128
0
LINE
8
BLACK
6
CONTINUOUS
10
5.8018129133858265
20
-4.6043696062992128
11
5.8016505905511808
21
-4.6042363779527555
0
LINE
8
BLACK
6
CONTINUOUS
10
5.8016505905511808
20
-4.6042363779527555
11
5.8014730708661419
21
-4.604124645669291
0
LINE
8
BLACK
6
CONTINUOUS
10
5.8014730708661419
20
-4.604124645669291
11
5.8013709055118108
21
-4.6040068503937004
0
LINE
8
BLACK
6
CONTINUOUS
10
5.8013709055118108
20
-4.6040068503937004
11
5.8009179921259841
21
-4.6036351574803147
0
LINE
8
BLACK
6
CONTINUOUS
10
5.8009179921259841
20
-4.6036351574803147
11
5.7981058267716534
21
-4.600822992125984
0
LINE
8
BLACK
6
CONTINUOUS
10
5.7981058267716534
20
-4.600822992125984
11
5.7977341732283465
21
-4.6003701574803149
0
LINE
8
BLACK
6
CONTINUOUS
10
5.7977341732283465
20
-4.6003701574803149
11
5.7976163385826771
21
-4.6002679527559058
0
LINE
8
BLACK
6
CONTINUOUS
10
5.7976163385826771
20
-4.6002679527559058
11
5.7975044881889763
21
-4.6000902362204723
0
LINE
8
BLACK
6
CONTINUOUS
10
5.7975044881889763
20
-4.6000902362204723
11
5.7973713779527554
21
-4.5999280708661416
0
LINE
8
BLACK
6
CONTINUOUS
10
5.7973713779527554
20
-4.5999280708661416
11
5.7973116929133859
21
-4.5997839763779522
0
LINE
8
BLACK
6
CONTINUOUS
10
5.7973116929133859
20
-4.5997839763779522
11
5.7969996062992122
21
-4.5992881889763781
0
LINE
8
BLACK
6
CONTINUOUS
10
5.7969996062992122
20
-4.5992881889763781
11
5.7941874803149602
21
-4.5936638976377955
0
LINE
8
BLACK
6
CONTINUOUS
10
5.7941874803149602
20
-4.5936638976377955
11
5.7937737007874013
21
-4.5925826377952754
0
LINE
8
BLACK
6
CONTINUOUS
10
5.7937737007874013
20
-4.5925826377952754
11
5.7937586614173231
21
-4.5923709842519687
0
LINE
8
BLACK
6
CONTINUOUS
10
5.7937586614173231
20
-4.5923709842519687
11
5.7936774803149609
21
-4.5921750000000001
0
LINE
8
BLACK
6
CONTINUOUS
10
5.7936774803149609
20
-4.5921750000000001
11
5.7935640157480313
21
-4.5910228740157475
0
LINE
8
BLACK
6
CONTINUOUS
10
5.7935640157480313
20
-4.5910228740157475
11
5.7935640157480313
21
-4.5825864173228341
0
LINE
8
BLACK
6
CONTINUOUS
10
5.7935640157480313
20
-4.5825864173228341
11
5.7936774803149609
21
-4.5814342913385824
0
LINE
8
BLACK
6
CONTINUOUS
10
5.7936774803149609
20
-4.5814342913385824
11
5.7937586614173231
21
-4.5812382677165351
0
LINE
8
BLACK
6
CONTINUOUS
10
5.7937586614173231
20
-4.5812382677165351
11
5.7937737007874013
21
-4.5810266535433071
0
LINE
8
BLACK
6
CONTINUOUS
10
5.7937737007874013
20
-4.5810266535433071
11
5.7941874803149602
21
-4.579945393700787
0
LINE
8
BLACK
6
CONTINUOUS
10
5.7941874803149602
20
-4.579945393700787
11
5.7969996062992122
21
-4.5743211023622043
0
LINE
8
BLACK
6
CONTINUOUS
10
5.7969996062992122
20
-4.5743211023622043
11
5.7973117322834646
21
-4.573825196850394
0
LINE
8
BLACK
6
CONTINUOUS
10
5.7973117322834646
20
-4.573825196850394
11
5.7973714173228341
21
-4.5736811811023621
0
LINE
8
BLACK
6
CONTINUOUS
10
5.7973714173228341
20
-4.5736811811023621
11
5.7975044488188976
21
-4.5735190551181102
0
LINE
8
BLACK
6
CONTINUOUS
10
5.7975044488188976
20
-4.5735190551181102
11
5.7976163385826771
21
-4.5733413385826767
0
LINE
8
BLACK
6
CONTINUOUS
10
5.7976163385826771
20
-4.5733413385826767
11
5.7977342125984253
21
-4.5732390944881889
0
LINE
8
BLACK
6
CONTINUOUS
10
5.7977342125984253
20
-4.5732390944881889
11
5.7981058661417322
21
-4.5727862598425197
0
LINE
8
BLACK
6
CONTINUOUS
10
5.7981058661417322
20
-4.5727862598425197
11
5.8009180314960629
21
-4.5699741338582678
0
LINE
8
BLACK
6
CONTINUOUS
10
5.8009180314960629
20
-4.5699741338582678
11
5.8013707874015745
21
-4.5696025196850396
0
LINE
8
BLACK
6
CONTINUOUS
10
5.8013707874015745
20
-4.5696025196850396
11
5.8014730314960632
21
-4.5694846850393702
0
LINE
8
BLACK
6
CONTINUOUS
10
5.8014730314960632
20
-4.5694846850393702
11
5.8016506692913383
21
-4.5693728346456695
0
LINE
8
BLACK
6
CONTINUOUS
10
5.8016506692913383
20
-4.5693728346456695
11
5.8018129133858265
21
-4.5692397244094485
0
LINE
8
BLACK
6
CONTINUOUS
10
5.8018129133858265
20
-4.5692397244094485
11
5.8019569685039372
21
-4.569180039370079
0
LINE
8
BLACK
6
CONTINUOUS
10
5.8019569685039372
20
-4.569180039370079
11
5.80245279527559
21
-4.5688679527559053
0
LINE
8
BLACK
6
CONTINUOUS
10
5.80245279527559
20
-4.5688679527559053
11
5.8080770472440948
21
-4.5660557874015746
0
LINE
8
BLACK
6
CONTINUOUS
10
5.8080770472440948
20
-4.5660557874015746
11
5.809158307086614
21
-4.5656420472440944
0
LINE
8
BLACK
6
CONTINUOUS
10
5.809158307086614
20
-4.5656420472440944
11
5.8093698818897632
21
-4.5656270078740153
0
LINE
8
BLACK
6
CONTINUOUS
10
5.8093698818897632
20
-4.5656270078740153
11
5.809565984251968
21
-4.5655457874015744
0
LINE
8
BLACK
6
CONTINUOUS
10
5.809565984251968
20
-4.5655457874015744
11
5.8107181102362206
21
-4.5654323228346456
0
LINE
8
BLACK
6
CONTINUOUS
10
5.8107181102362206
20
-4.5654323228346456
11
5.8332153149606301
21
-4.5654323228346456
0
LINE
8
BLACK
6
CONTINUOUS
10
5.8332153149606301
20
-4.5654323228346456
11
5.8343674409448818
21
-4.5655457874015744
0
LINE
8
BLACK
6
CONTINUOUS
10
5.8085919685039364
20
-4.5790034645669291
11
5.8071350787401572
21
-4.5804603543307083
0
LINE
8
BLACK
6
CONTINUOUS
10
5.8071350787401572
20
-4.5804603543307083
11
5.8053750393700785
21
-4.5839804724409445
0
LINE
8
BLACK
6
CONTINUOUS
10
5.8053750393700785
20
-4.5839804724409445
11
5.8053750393700785
21
-4.5896287795275592
0
LINE
8
BLACK
6
CONTINUOUS
10
5.8053750393700785
20
-4.5896287795275592
11
5.8071350787401572
21
-4.5931489370078742
0
LINE
8
BLACK
6
CONTINUOUS
10
5.8071350787401572
20
-4.5931489370078742
11
5.8085919685039364
21
-4.5946058267716534
0
LINE
8
BLACK
6
CONTINUOUS
10
5.8085919685039364
20
-4.5946058267716534
11
5.8121122047244089
21
-4.5963659448818897
0
LINE
8
BLACK
6
CONTINUOUS
10
5.8121122047244089
20
-4.5963659448818897
11
5.827309803149606
21
-4.5963659448818897
0
LINE
8
BLACK
6
CONTINUOUS
10
5.827309803149606
20
-4.5963659448818897
11
5.827309803149606
21
-4.5772433464566928
0
LINE
8
BLACK
6
CONTINUOUS
10
5.827309803149606
20
-4.5772433464566928
11
5.8121122047244089
21
-4.5772433464566928
0
LINE
8
BLACK
6
CONTINUOUS
10
5.8121122047244089
20
-4.5772433464566928
11
5.8085919685039364
21
-4.5790034645669291
0
LINE
8
BLACK
6
CONTINUOUS
10
7.0289456692913381
20
-4.5571993307086611
11
7.0310744881889766
21
-4.5580811417322833
0
LINE
8
BLACK
6
CONTINUOUS
10
7.0310744881889766
20
-4.5580811417322833
11
7.0327037795275587
21
-4.5597104330708662
0
LINE
8
BLACK
6
CONTINUOUS
10
7.0327037795275587
20
-4.5597104330708662
11
7.0335855905511808
21
-4.5618392519685038
0
LINE
8
BLACK
6
CONTINUOUS
10
7.0335855905511808
20
-4.5618392519685038
11
7.0335855905511808
21
-4.5641435039370082
0
LINE
8
BLACK
6
CONTINUOUS
10
7.0335855905511808
20
-4.5641435039370082
11
7.0327037795275587
21
-4.5662723228346458
0
LINE
8
BLACK
6
CONTINUOUS
10
7.0327037795275587
20
-4.5662723228346458
11
7.0310744881889766
21
-4.5679016141732278
0
LINE
8
BLACK
6
CONTINUOUS
10
7.0310744881889766
20
-4.5679016141732278
11
7.0289456692913381
21
-4.56878342519685
0
LINE
8
BLACK
6
CONTINUOUS
10
7.0289456692913381
20
-4.56878342519685
11
7.0277935433070864
21
-4.5688968897637796
0
LINE
8
BLACK
6
CONTINUOUS
10
7.0277935433070864
20
-4.5688968897637796
11
6.9994580314960633
21
-4.5688968897637796
0
LINE
8
BLACK
6
CONTINUOUS
10
6.9994580314960633
20
-4.5688968897637796
11
7.032707244094488
21
-4.6187707086614171
0
LINE
8
BLACK
6
CONTINUOUS
10
7.032707244094488
20
-4.6187707086614171
11
7.0332519291338578
21
-4.6197922834645668
0
LINE
8
BLACK
6
CONTINUOUS
10
7.0332519291338578
20
-4.6197922834645668
11
7.0333642125984248
21
-4.6203599212598423
0
LINE
8
BLACK
6
CONTINUOUS
10
7.0333642125984248
20
-4.6203599212598423
11
7.0335855905511808
21
-4.6208943700787399
0
LINE
8
BLACK
6
CONTINUOUS
10
7.0335855905511808
20
-4.6208943700787399
11
7.0335855905511808
21
-4.6214790944881887
0
LINE
8
BLACK
6
CONTINUOUS
10
7.0335855905511808
20
-4.6214790944881887
11
7.0336990551181104
21
-4.6220527165354328
0
LINE
8
BLACK
6
CONTINUOUS
10
7.0336990551181104
20
-4.6220527165354328
11
7.0335855905511808
21
-4.6226199999999995
0
LINE
8
BLACK
6
CONTINUOUS
10
7.0335855905511808
20
-4.6226199999999995
11
7.0335855905511808
21
-4.6231986220472443
0
LINE
8
BLACK
6
CONTINUOUS
10
7.0335855905511808
20
-4.6231986220472443
11
7.0333618110236218
21
-4.6237387795275593
0
LINE
8
BLACK
6
CONTINUOUS
10
7.0333618110236218
20
-4.6237387795275593
11
7.0332471653543305
21
-4.6243121259842521
0
LINE
8
BLACK
6
CONTINUOUS
10
7.0332471653543305
20
-4.6243121259842521
11
7.0329251574803147
21
-4.6247929133858268
0
LINE
8
BLACK
6
CONTINUOUS
10
7.0329251574803147
20
-4.6247929133858268
11
7.0327037795275587
21
-4.6253274409448819
0
LINE
8
BLACK
6
CONTINUOUS
10
7.0327037795275587
20
-4.6253274409448819
11
7.032290433070866
21
-4.6257407480314958
0
LINE
8
BLACK
6
CONTINUOUS
10
7.032290433070866
20
-4.6257407480314958
11
7.0319650393700783
21
-4.6262266929133853
0
LINE
8
BLACK
6
CONTINUOUS
10
7.0319650393700783
20
-4.6262266929133853
11
7.0314835039370074
21
-4.6265477165354332
0
LINE
8
BLACK
6
CONTINUOUS
10
7.0314835039370074
20
-4.6265477165354332
11
7.0310744881889766
21
-4.6269567322834648
0
LINE
8
BLACK
6
CONTINUOUS
10
7.0310744881889766
20
-4.6269567322834648
11
7.0305343700787404
21
-4.6271804330708663
0
LINE
8
BLACK
6
CONTINUOUS
10
7.0305343700787404
20
-4.6271804330708663
11
7.0300477559055112
21
-4.6275048818897639
0
LINE
8
BLACK
6
CONTINUOUS
10
7.0300477559055112
20
-4.6275048818897639
11
7.029480078740157
21
-4.627617165354331
0
LINE
8
BLACK
6
CONTINUOUS
10
7.029480078740157
20
-4.627617165354331
11
7.0289456692913381
21
-4.6278385433070861
0
LINE
8
BLACK
6
CONTINUOUS
10
7.0289456692913381
20
-4.6278385433070861
11
7.0277935433070864
21
-4.6279520078740157
0
LINE
8
BLACK
6
CONTINUOUS
10
7.0277935433070864
20
-4.6279520078740157
11
7.027787362204724
21
-4.6279520078740157
0
LINE
8
BLACK
6
CONTINUOUS
10
7.027787362204724
20
-4.6279520078740157
11
6.988423464566929
21
-4.6279520078740157
0
LINE
8
BLACK
6
CONTINUOUS
10
6.988423464566929
20
-4.6279520078740157
11
6.9872713385826772
21
-4.6278385433070861
0
LINE
8
BLACK
6
CONTINUOUS
10
6.9872713385826772
20
-4.6278385433070861
11
6.9851425196850396
21
-4.6269567322834648
0
LINE
8
BLACK
6
CONTINUOUS
10
6.9851425196850396
20
-4.6269567322834648
11
6.9835132283464567
21
-4.6253274409448819
0
LINE
8
BLACK
6
CONTINUOUS
10
6.9835132283464567
20
-4.6253274409448819
11
6.9826314173228345
21
-4.6231986220472443
0
LINE
8
BLACK
6
CONTINUOUS
10
6.9826314173228345
20
-4.6231986220472443
11
6.9826314173228345
21
-4.6208943700787399
0
LINE
8
BLACK
6
CONTINUOUS
10
6.9826314173228345
20
-4.6208943700787399
11
6.9835132283464567
21
-4.6187655511811023
0
LINE
8
BLACK
6
CONTINUOUS
10
6.9835132283464567
20
-4.6187655511811023
11
6.9851425196850396
21
-4.6171362598425194
0
LINE
8
BLACK
6
CONTINUOUS
10
6.9851425196850396
20
-4.6171362598425194
11
6.9872713385826772
21
-4.6162544488188972
0
LINE
8
BLACK
6
CONTINUOUS
10
6.9872713385826772
20
-4.6162544488188972
11
6.988423464566929
21
-4.6161409842519685
0
LINE
8
BLACK
6
CONTINUOUS
10
6.988423464566929
20
-4.6161409842519685
11
7.0167590157480317
21
-4.6161409842519685
0
LINE
8
BLACK
6
CONTINUOUS
10
7.0167590157480317
20
-4.6161409842519685
11
6.9835097637795274
21
-4.566267165354331
0
LINE
8
BLACK
6
CONTINUOUS
10
6.9835097637795274
20
-4.566267165354331
11
6.9829651181102363
21
-4.5652455905511813
0
LINE
8
BLACK
6
CONTINUOUS
10
6.9829651181102363
20
-4.5652455905511813
11
6.9828528346456693
21
-4.5646780708661412
0
LINE
8
BLACK
6
CONTINUOUS
10
6.9828528346456693
20
-4.5646780708661412
11
6.9826314173228345
21
-4.5641435039370082
0
LINE
8
BLACK
6
CONTINUOUS
10
6.9826314173228345
20
-4.5641435039370082
11
6.9826314173228345
21
-4.5635587007874019
0
LINE
8
BLACK
6
CONTINUOUS
10
6.9826314173228345
20
-4.5635587007874019
11
6.9825179527559049
21
-4.5629851574803144
0
LINE
8
BLACK
6
CONTINUOUS
10
6.9825179527559049
20
-4.5629851574803144
11
6.9826314173228345
21
-4.562417834645669
0
LINE
8
BLACK
6
CONTINUOUS
10
6.9826314173228345
20
-4.562417834645669
11
6.9826314173228345
21
-4.5618392519685038
0
LINE
8
BLACK
6
CONTINUOUS
10
6.9826314173228345
20
-4.5618392519685038
11
6.9828551574803148
21
-4.5612990551181101
0
LINE
8
BLACK
6
CONTINUOUS
10
6.9828551574803148
20
-4.5612990551181101
11
6.9829698425196849
21
-4.560725748031496
0
LINE
8
BLACK
6
CONTINUOUS
10
6.9829698425196849
20
-4.560725748031496
11
6.983291811023622
21
-4.5602449212598426
0
LINE
8
BLACK
6
CONTINUOUS
10
6.983291811023622
20
-4.5602449212598426
11
6.9835132283464567
21
-4.5597104330708662
0
LINE
8
BLACK
6
CONTINUOUS
10
6.9835132283464567
20
-4.5597104330708662
11
6.9839265354330706
21
-4.5592970866141735
0
LINE
8
BLACK
6
CONTINUOUS
10
6.9839265354330706
20
-4.5592970866141735
11
6.984251968503937
21
-4.5588111811023619
0
LINE
8
BLACK
6
CONTINUOUS
10
6.984251968503937
20
-4.5588111811023619
11
6.9847334645669292
21
-4.5584901574803149
0
LINE
8
BLACK
6
CONTINUOUS
10
6.9847334645669292
20
-4.5584901574803149
11
6.9851425196850396
21
-4.5580811417322833
0
LINE
8
BLACK
6
CONTINUOUS
10
6.9851425196850396
20
-4.5580811417322833
11
6.9856827165354325
21
-4.5578573622047243
0
LINE
8
BLACK
6
CONTINUOUS
10
6.9856827165354325
20
-4.5578573622047243
11
6.9861692519685041
21
-4.5575330314960629
0
LINE
8
BLACK
6
CONTINUOUS
10
6.9861692519685041
20
-4.5575330314960629
11
6.9867367322834646
21
-4.5574207480314959
0
LINE
8
BLACK
6
CONTINUOUS
10
6.9867367322834646
20
-4.5574207480314959
11
6.9872713385826772
21
-4.5571993307086611
0
LINE
8
BLACK
6
CONTINUOUS
10
6.9872713385826772
20
-4.5571993307086611
11
6.988423464566929
21
-4.5570858661417324
0
LINE
8
BLACK
6
CONTINUOUS
10
6.988423464566929
20
-4.5570858661417324
11
7.0277935433070864
21
-4.5570858661417324
0
LINE
8
BLACK
6
CONTINUOUS
10
7.0277935433070864
20
-4.5570858661417324
11
7.0289456692913381
21
-4.5571993307086611
0
LINE
8
BLACK
6
CONTINUOUS
10
7.0649345669291339
20
-4.5571432677165351
11
7.0650900787401572
21
-4.5571322440944879
0
LINE
8
BLACK
6
CONTINUOUS
10
7.0650900787401572
20
-4.5571322440944879
11
7.0652945669291336
21
-4.5571787401574806
0
LINE
8
BLACK
6
CONTINUOUS
10
7.0652945669291336
20
-4.5571787401574806
11
7.0655035826771648
21
-4.5571993307086611
0
LINE
8
BLACK
6
CONTINUOUS
10
7.0655035826771648
20
-4.5571993307086611
11
7.0656477559055118
21
-4.5572590551181102
0
LINE
8
BLACK
6
CONTINUOUS
10
7.0656477559055118
20
-4.5572590551181102
11
7.0662189370078741
21
-4.5573889370078735
0
LINE
8
BLACK
6
CONTINUOUS
10
7.0662189370078741
20
-4.5573889370078735
11
7.0746553937007874
21
-4.5602010629921255
0
LINE
8
BLACK
6
CONTINUOUS
10
7.0746553937007874
20
-4.5602010629921255
11
7.0757125196850392
21
-4.5606730708661418
0
LINE
8
BLACK
6
CONTINUOUS
10
7.0757125196850392
20
-4.5606730708661418
11
7.0758727559055119
21
-4.5608120472440943
0
LINE
8
BLACK
6
CONTINUOUS
10
7.0758727559055119
20
-4.5608120472440943
11
7.0760688188976379
21
-4.5608932677165352
0
LINE
8
BLACK
6
CONTINUOUS
10
7.0760688188976379
20
-4.5608932677165352
11
7.0769637401574803
21
-4.5616277165354333
0
LINE
8
BLACK
6
CONTINUOUS
10
7.0769637401574803
20
-4.5616277165354333
11
7.082588031496063
21
-4.567252007874016
0
LINE
8
BLACK
6
CONTINUOUS
10
7.082588031496063
20
-4.567252007874016
11
7.0829596850393699
21
-4.5677048425196851
0
LINE
8
BLACK
6
CONTINUOUS
10
7.0829596850393699
20
-4.5677048425196851
11
7.0830775196850393
21
-4.5678070472440941
0
LINE
8
BLACK
6
CONTINUOUS
10
7.0830775196850393
20
-4.5678070472440941
11
7.0831892519685038
21
-4.5679845669291339
0
LINE
8
BLACK
6
CONTINUOUS
10
7.0831892519685038
20
-4.5679845669291339
11
7.0833224803149601
21
-4.5681468897637796
0
LINE
8
BLACK
6
CONTINUOUS
10
7.0833224803149601
20
-4.5681468897637796
11
7.0833821653543305
21
-4.5682910629921256
0
LINE
8
BLACK
6
CONTINUOUS
10
7.0833821653543305
20
-4.5682910629921256
11
7.0836942519685042
21
-4.5687868110236218
0
LINE
8
BLACK
6
CONTINUOUS
10
7.0836942519685042
20
-4.5687868110236218
11
7.0865064173228349
21
-4.5744110629921257
0
LINE
8
BLACK
6
CONTINUOUS
10
7.0865064173228349
20
-4.5744110629921257
11
7.0865386614173227
21
-4.5744953937007873
0
LINE
8
BLACK
6
CONTINUOUS
10
7.0865386614173227
20
-4.5744953937007873
11
7.0865640551181102
21
-4.5745296456692914
0
LINE
8
BLACK
6
CONTINUOUS
10
7.0865640551181102
20
-4.5745296456692914
11
7.0867366535433067
21
-4.5750127559055116
0
LINE
8
BLACK
6
CONTINUOUS
10
7.0867366535433067
20
-4.5750127559055116
11
7.0869201574803151
21
-4.5754923228346458
0
LINE
8
BLACK
6
CONTINUOUS
10
7.0869201574803151
20
-4.5754923228346458
11
7.0869231496062994
21
-4.5755348425196853
0
LINE
8
BLACK
6
CONTINUOUS
10
7.0869231496062994
20
-4.5755348425196853
11
7.0869535433070867
21
-4.5756198425196848
0
LINE
8
BLACK
6
CONTINUOUS
10
7.0869535433070867
20
-4.5756198425196848
11
7.0897656692913387
21
-4.5868684251968501
0
LINE
8
BLACK
6
CONTINUOUS
10
7.0897656692913387
20
-4.5868684251968501
11
7.0897951574803146
21
-4.5870680708661418
0
LINE
8
BLACK
6
CONTINUOUS
10
7.0897951574803146
20
-4.5870680708661418
11
7.0898285433070862
21
-4.5871485826771652
0
LINE
8
BLACK
6
CONTINUOUS
10
7.0898285433070862
20
-4.5871485826771652
11
7.0898712598425195
21
-4.5875825196850393
0
LINE
8
BLACK
6
CONTINUOUS
10
7.0898712598425195
20
-4.5875825196850393
11
7.0899350393700784
21
-4.5880136614173228
0
LINE
8
BLACK
6
CONTINUOUS
10
7.0899350393700784
20
-4.5880136614173228
11
7.0899222047244095
21
-4.5880997637795273
0
LINE
8
BLACK
6
CONTINUOUS
10
7.0899222047244095
20
-4.5880997637795273
11
7.0899420078740159
21
-4.5883007086614169
0
LINE
8
BLACK
6
CONTINUOUS
10
7.0899420078740159
20
-4.5883007086614169
11
7.0899420078740159
21
-4.5967371653543303
0
LINE
8
BLACK
6
CONTINUOUS
10
7.0899420078740159
20
-4.5967371653543303
11
7.0899222047244095
21
-4.596938070866142
0
LINE
8
BLACK
6
CONTINUOUS
10
7.0899222047244095
20
-4.596938070866142
11
7.0899350393700784
21
-4.5970242125984253
0
LINE
8
BLACK
6
CONTINUOUS
10
7.0899350393700784
20
-4.5970242125984253
11
7.0898712598425195
21
-4.5974553149606301
0
LINE
8
BLACK
6
CONTINUOUS
10
7.0898712598425195
20
-4.5974553149606301
11
7.0898285433070862
21
-4.5978892913385829
0
LINE
8
BLACK
6
CONTINUOUS
10
7.0898285433070862
20
-4.5978892913385829
11
7.0897951574803146
21
-4.5979697637795276
0
LINE
8
BLACK
6
CONTINUOUS
10
7.0897951574803146
20
-4.5979697637795276
11
7.0897656692913387
21
-4.5981694488188971
0
LINE
8
BLACK
6
CONTINUOUS
10
7.0897656692913387
20
-4.5981694488188971
11
7.0869535433070867
21
-4.6094180314960633
0
LINE
8
BLACK
6
CONTINUOUS
10
7.0869535433070867
20
-4.6094180314960633
11
7.0869231496062994
21
-4.609502992125984
0
LINE
8
BLACK
6
CONTINUOUS
10
7.0869231496062994
20
-4.609502992125984
11
7.0869201574803151
21
-4.6095455511811023
0
LINE
8
BLACK
6
CONTINUOUS
10
7.0869201574803151
20
-4.6095455511811023
11
7.0867366535433067
21
-4.6100250787401578
0
LINE
8
BLACK
6
CONTINUOUS
10
7.0867366535433067
20
-4.6100250787401578
11
7.0865640551181102
21
-4.6105082283464567
0
LINE
8
BLACK
6
CONTINUOUS
10
7.0865640551181102
20
-4.6105082283464567
11
7.0865386614173227
21
-4.6105424409448821
0
LINE
8
BLACK
6
CONTINUOUS
10
7.0865386614173227
20
-4.6105424409448821
11
7.0865064173228349
21
-4.6106268110236224
0
LINE
8
BLACK
6
CONTINUOUS
10
7.0865064173228349
20
-4.6106268110236224
11
7.0836942519685042
21
-4.6162510629921263
0
LINE
8
BLACK
6
CONTINUOUS
10
7.0836942519685042
20
-4.6162510629921263
11
7.0833821259842518
21
-4.6167468503937004
0
LINE
8
BLACK
6
CONTINUOUS
10
7.0833821259842518
20
-4.6167468503937004
11
7.0833224803149601
21
-4.6168909448818898
0
LINE
8
BLACK
6
CONTINUOUS
10
7.0833224803149601
20
-4.6168909448818898
11
7.0831893307086613
21
-4.6170531102362204
0
LINE
8
BLACK
6
CONTINUOUS
10
7.0831893307086613
20
-4.6170531102362204
11
7.0830775196850393
21
-4.6172308267716531
0
LINE
8
BLACK
6
CONTINUOUS
10
7.0830775196850393
20
-4.6172308267716531
11
7.0829596062992124
21
-4.617333031496063
0
LINE
8
BLACK
6
CONTINUOUS
10
7.0829596062992124
20
-4.617333031496063
11
7.082588031496063
21
-4.6177858661417321
0
LINE
8
BLACK
6
CONTINUOUS
10
7.082588031496063
20
-4.6177858661417321
11
7.0769637401574803
21
-4.6234101968503936
0
LINE
8
BLACK
6
CONTINUOUS
10
7.0769637401574803
20
-4.6234101968503936
11
7.0760688582677167
21
-4.6241446456692916
0
LINE
8
BLACK
6
CONTINUOUS
10
7.0760688582677167
20
-4.6241446456692916
11
7.0758727952755907
21
-4.6242258267716538
0
LINE
8
BLACK
6
CONTINUOUS
10
7.0758727952755907
20
-4.6242258267716538
11
7.0757125196850392
21
-4.6243648818897638
0
LINE
8
BLACK
6
CONTINUOUS
10
7.0757125196850392
20
-4.6243648818897638
11
7.0746553937007874
21
-4.6248368503937005
0
LINE
8
BLACK
6
CONTINUOUS
10
7.0746553937007874
20
-4.6248368503937005
11
7.0662189370078741
21
-4.6276489763779525
0
LINE
8
BLACK
6
CONTINUOUS
10
7.0662189370078741
20
-4.6276489763779525
11
7.065647559055118
21
-4.6277788582677166
0
LINE
8
BLACK
6
CONTINUOUS
10
7.065647559055118
20
-4.6277788582677166
11
7.0655035826771648
21
-4.6278385433070861
0
LINE
8
BLACK
6
CONTINUOUS
10
7.0655035826771648
20
-4.6278385433070861
11
7.0652948031496061
21
-4.6278590944881888
0
LINE
8
BLACK
6
CONTINUOUS
10
7.0652948031496061
20
-4.6278590944881888
11
7.0650900393700784
21
-4.6279056692913381
0
LINE
8
BLACK
6
CONTINUOUS
10
7.0650900393700784
20
-4.6279056692913381
11
7.0649343307086614
21
-4.6278945669291334
0
LINE
8
BLACK
6
CONTINUOUS
10
7.0649343307086614
20
-4.6278945669291334
11
7.0643514566929131
21
-4.6279520078740157
0
LINE
8
BLACK
6
CONTINUOUS
10
7.0643514566929131
20
-4.6279520078740157
11
7.0587271653543304
21
-4.6279520078740157
0
LINE
8
BLACK
6
CONTINUOUS
10
7.0587271653543304
20
-4.6279520078740157
11
7.0581442519685034
21
-4.6278945669291334
0
LINE
8
BLACK
6
CONTINUOUS
10
7.0581442519685034
20
-4.6278945669291334
11
7.0579885826771651
21
-4.6279056692913381
0
LINE
8
BLACK
6
CONTINUOUS
10
7.0579885826771651
20
-4.6279056692913381
11
7.0577837795275586
21
-4.6278590944881888
0
LINE
8
BLACK
6
CONTINUOUS
10
7.0577837795275586
20
-4.6278590944881888
11
7.0575750393700787
21
-4.6278385433070861
0
LINE
8
BLACK
6
CONTINUOUS
10
7.0575750393700787
20
-4.6278385433070861
11
7.0574310236220468
21
-4.6277788582677166
0
LINE
8
BLACK
6
CONTINUOUS
10
7.0574310236220468
20
-4.6277788582677166
11
7.0568596850393703
21
-4.6276489763779525
0
LINE
8
BLACK
6
CONTINUOUS
10
7.0568596850393703
20
-4.6276489763779525
11
7.048423228346457
21
-4.6248368503937005
0
LINE
8
BLACK
6
CONTINUOUS
10
7.048423228346457
20
-4.6248368503937005
11
7.0473661023622043
21
-4.6243648818897638
0
LINE
8
BLACK
6
CONTINUOUS
10
7.0473661023622043
20
-4.6243648818897638
11
7.0472056692913387
21
-4.6242257480314963
0
LINE
8
BLACK
6
CONTINUOUS
10
7.0472056692913387
20
-4.6242257480314963
11
7.0470097637795277
21
-4.6241446062992129
0
LINE
8
BLACK
6
CONTINUOUS
10
7.0470097637795277
20
-4.6241446062992129
11
7.0461148425196845
21
-4.6234101574803148
0
LINE
8
BLACK
6
CONTINUOUS
10
7.0461148425196845
20
-4.6234101574803148
11
7.0433027165354325
21
-4.6205979921259841
0
LINE
8
BLACK
6
CONTINUOUS
10
7.0433027165354325
20
-4.6205979921259841
11
7.0425683070866141
21
-4.6197030708661417
0
LINE
8
BLACK
6
CONTINUOUS
10
7.0425683070866141
20
-4.6197030708661417
11
7.0416865354330707
21
-4.6175742519685041
0
LINE
8
BLACK
6
CONTINUOUS
10
7.0416865354330707
20
-4.6175742519685041
11
7.0416865354330707
21
-4.6152700787401573
0
LINE
8
BLACK
6
CONTINUOUS
10
7.0416865354330707
20
-4.6152700787401573
11
7.0425683464566928
21
-4.6131412598425197
0
LINE
8
BLACK
6
CONTINUOUS
10
7.0425683464566928
20
-4.6131412598425197
11
7.0441977165354333
21
-4.611511929133858
0
LINE
8
BLACK
6
CONTINUOUS
10
7.0441977165354333
20
-4.611511929133858
11
7.0463265354330709
21
-4.6106301574803146
0
LINE
8
BLACK
6
CONTINUOUS
10
7.0463265354330709
20
-4.6106301574803146
11
7.0486307086614168
21
-4.6106301574803146
0
LINE
8
BLACK
6
CONTINUOUS
10
7.0486307086614168
20
-4.6106301574803146
11
7.0507595275590553
21
-4.6115119685039367
0
LINE
8
BLACK
6
CONTINUOUS
10
7.0507595275590553
20
-4.6115119685039367
11
7.0516544488188977
21
-4.6122464173228348
0
LINE
8
BLACK
6
CONTINUOUS
10
7.0516544488188977
20
-4.6122464173228348
11
7.0534807086614171
21
-4.6140727165354329
0
LINE
8
BLACK
6
CONTINUOUS
10
7.0534807086614171
20
-4.6140727165354329
11
7.0596855511811025
21
-4.6161409842519685
0
LINE
8
BLACK
6
CONTINUOUS
10
7.0596855511811025
20
-4.6161409842519685
11
7.0633930708661419
21
-4.6161409842519685
0
LINE
8
BLACK
6
CONTINUOUS
10
7.0633930708661419
20
-4.6161409842519685
11
7.0695978740157477
21
-4.6140727165354329
0
LINE
8
BLACK
6
CONTINUOUS
10
7.0695978740157477
20
-4.6140727165354329
11
7.0735587401574804
21
-4.6101118503937011
0
LINE
8
BLACK
6
CONTINUOUS
10
7.0735587401574804
20
-4.6101118503937011
11
7.0756524015748026
21
-4.6059244488188975
0
LINE
8
BLACK
6
CONTINUOUS
10
7.0756524015748026
20
-4.6059244488188975
11
7.0781309842519686
21
-4.5960102362204722
0
LINE
8
BLACK
6
CONTINUOUS
10
7.0781309842519686
20
-4.5960102362204722
11
7.0781309842519686
21
-4.5890275984251971
0
LINE
8
BLACK
6
CONTINUOUS
10
7.0781309842519686
20
-4.5890275984251971
11
7.0756524015748026
21
-4.5791133858267719
0
LINE
8
BLACK
6
CONTINUOUS
10
7.0756524015748026
20
-4.5791133858267719
11
7.0735587401574804
21
-4.574926023622047
0
LINE
8
BLACK
6
CONTINUOUS
10
7.0735587401574804
20
-4.574926023622047
11
7.0695978346456689
21
-4.5709651181102364
0
LINE
8
BLACK
6
CONTINUOUS
10
7.0695978346456689
20
-4.5709651181102364
11
7.0633931889763781
21
-4.5688968897637796
0
LINE
8
BLACK
6
CONTINUOUS
10
7.0633931889763781
20
-4.5688968897637796
11
7.0596855511811025
21
-4.5688968897637796
0
LINE
8
BLACK
6
CONTINUOUS
10
7.0596855511811025
20
-4.5688968897637796
11
7.0534807480314958
21
-4.5709651181102364
0
LINE
8
BLACK
6
CONTINUOUS
10
7.0534807480314958
20
-4.5709651181102364
11
7.0516544094488189
21
-4.5727914960629921
0
LINE
8
BLACK
6
CONTINUOUS
10
7.0516544094488189
20
-4.5727914960629921
11
7.0507594881889766
21
-4.5735259448818892
0
LINE
8
BLACK
6
CONTINUOUS
10
7.0507594881889766
20
-4.5735259448818892
11
7.0486306692913381
21
-4.5744077165354327
0
LINE
8
BLACK
6
CONTINUOUS
10
7.0486306692913381
20
-4.5744077165354327
11
7.0463264960629921
21
-4.5744077165354327
0
LINE
8
BLACK
6
CONTINUOUS
10
7.0463264960629921
20
-4.5744077165354327
11
7.0441976771653545
21
-4.5735259448818892
0
LINE
8
BLACK
6
CONTINUOUS
10
7.0441976771653545
20
-4.5735259448818892
11
7.0425683070866141
21
-4.5718965748031497
0
LINE
8
BLACK
6
CONTINUOUS
10
7.0425683070866141
20
-4.5718965748031497
11
7.0416865354330707
21
-4.5697677559055121
0
LINE
8
BLACK
6
CONTINUOUS
10
7.0416865354330707
20
-4.5697677559055121
11
7.0416865354330707
21
-4.5674635826771652
0
LINE
8
BLACK
6
CONTINUOUS
10
7.0416865354330707
20
-4.5674635826771652
11
7.0425683070866141
21
-4.5653347637795276
0
LINE
8
BLACK
6
CONTINUOUS
10
7.0425683070866141
20
-4.5653347637795276
11
7.0433027559055112
21
-4.5644398425196853
0
LINE
8
BLACK
6
CONTINUOUS
10
7.0433027559055112
20
-4.5644398425196853
11
7.0461148818897632
21
-4.5616277165354333
0
LINE
8
BLACK
6
CONTINUOUS
10
7.0461148818897632
20
-4.5616277165354333
11
7.0470097637795277
21
-4.5608932677165352
0
LINE
8
BLACK
6
CONTINUOUS
10
7.0470097637795277
20
-4.5608932677165352
11
7.0472058267716537
21
-4.5608120078740155
0
LINE
8
BLACK
6
CONTINUOUS
10
7.0472058267716537
20
-4.5608120078740155
11
7.0473661023622043
21
-4.5606730708661418
0
LINE
8
BLACK
6
CONTINUOUS
10
7.0473661023622043
20
-4.5606730708661418
11
7.048423228346457
21
-4.5602011023622042
0
LINE
8
BLACK
6
CONTINUOUS
10
7.048423228346457
20
-4.5602011023622042
11
7.0568596456692916
21
-4.5573889370078735
0
LINE
8
BLACK
6
CONTINUOUS
10
7.0568596456692916
20
-4.5573889370078735
11
7.0574308661417318
21
-4.5572590157480315
0
LINE
8
BLACK
6
CONTINUOUS
10
7.0574308661417318
20
-4.5572590157480315
11
7.0575750393700787
21
-4.5571993307086611
0
LINE
8
BLACK
6
CONTINUOUS
10
7.0575750393700787
20
-4.5571993307086611
11
7.0577840157480312
21
-4.5571787401574806
0
LINE
8
BLACK
6
CONTINUOUS
10
7.0577840157480312
20
-4.5571787401574806
11
7.0579885433070864
21
-4.5571322440944879
0
LINE
8
BLACK
6
CONTINUOUS
10
7.0579885433070864
20
-4.5571322440944879
11
7.0581440157480317
21
-4.5571432677165351
0
LINE
8
BLACK
6
CONTINUOUS
10
7.0581440157480317
20
-4.5571432677165351
11
7.0587271653543304
21
-4.5570858661417324
0
LINE
8
BLACK
6
CONTINUOUS
10
7.0587271653543304
20
-4.5570858661417324
11
7.0643514566929131
21
-4.5570858661417324
0
LINE
8
BLACK
6
CONTINUOUS
10
7.0643514566929131
20
-4.5570858661417324
11
7.0649345669291339
21
-4.5571432677165351
0
LINE
8
BLACK
6
CONTINUOUS
10
7.2032988582677167
20
-4.5571993307086611
11
7.2034949212598427
21
-4.5572805511811021
0
LINE
8
BLACK
6
CONTINUOUS
10
7.2034949212598427
20
-4.5572805511811021
11
7.2037065354330707
21
-4.5572955905511812
0
LINE
8
BLACK
6
CONTINUOUS
10
7.2037065354330707
20
-4.5572955905511812
11
7.204787755905512
21
-4.5577093307086614
0
LINE
8
BLACK
6
CONTINUOUS
10
7.204787755905512
20
-4.5577093307086614
11
7.2104120472440947
21
-4.5605214960629921
0
LINE
8
BLACK
6
CONTINUOUS
10
7.2104120472440947
20
-4.5605214960629921
11
7.2109079133858263
21
-4.5608336220472436
0
LINE
8
BLACK
6
CONTINUOUS
10
7.2109079133858263
20
-4.5608336220472436
11
7.2110518897637794
21
-4.5608932677165352
0
LINE
8
BLACK
6
CONTINUOUS
10
7.2110518897637794
20
-4.5608932677165352
11
7.2112139763779526
21
-4.5610262992125987
0
LINE
8
BLACK
6
CONTINUOUS
10
7.2112139763779526
20
-4.5610262992125987
11
7.2113918110236215
21
-4.561138228346457
0
LINE
8
BLACK
6
CONTINUOUS
10
7.2113918110236215
20
-4.561138228346457
11
7.2114940551181101
21
-4.5612561023622042
0
LINE
8
BLACK
6
CONTINUOUS
10
7.2114940551181101
20
-4.5612561023622042
11
7.2119468110236218
21
-4.5616276771653546
0
LINE
8
BLACK
6
CONTINUOUS
10
7.2119468110236218
20
-4.5616276771653546
11
7.2147589763779525
21
-4.5644398031496065
0
LINE
8
BLACK
6
CONTINUOUS
10
7.2147589763779525
20
-4.5644398031496065
11
7.2151307086614169
21
-4.5648927559055119
0
LINE
8
BLACK
6
CONTINUOUS
10
7.2151307086614169
20
-4.5648927559055119
11
7.2152485039370076
21
-4.5649949212598422
0
LINE
8
BLACK
6
CONTINUOUS
10
7.2152485039370076
20
-4.5649949212598422
11
7.2153602755905508
21
-4.5651724803149607
0
LINE
8
BLACK
6
CONTINUOUS
10
7.2153602755905508
20
-4.5651724803149607
11
7.2154934251968506
21
-4.5653347244094489
0
LINE
8
BLACK
6
CONTINUOUS
10
7.2154934251968506
20
-4.5653347244094489
11
7.2155530708661413
21
-4.5654787795275587
0
LINE
8
BLACK
6
CONTINUOUS
10
7.2155530708661413
20
-4.5654787795275587
11
7.2158652362204725
21
-4.5659746456692911
0
LINE
8
BLACK
6
CONTINUOUS
10
7.2158652362204725
20
-4.5659746456692911
11
7.2186773622047244
21
-4.5715989763779525
0
LINE
8
BLACK
6
CONTINUOUS
10
7.2186773622047244
20
-4.5715989763779525
11
7.2190911417322834
21
-4.5726801968503938
0
LINE
8
BLACK
6
CONTINUOUS
10
7.2190911417322834
20
-4.5726801968503938
11
7.2191061417322837
21
-4.5728918110236219
0
LINE
8
BLACK
6
CONTINUOUS
10
7.2191061417322837
20
-4.5728918110236219
11
7.2191873622047247
21
-4.5730878346456691
0
LINE
8
BLACK
6
CONTINUOUS
10
7.2191873622047247
20
-4.5730878346456691
11
7.2193008267716534
21
-4.5742399606299209
0
LINE
8
BLACK
6
CONTINUOUS
10
7.2193008267716534
20
-4.5742399606299209
11
7.2193008267716534
21
-4.5798642913385823
0
LINE
8
BLACK
6
CONTINUOUS
10
7.2193008267716534
20
-4.5798642913385823
11
7.2191873622047247
21
-4.5810164173228349
0
LINE
8
BLACK
6
CONTINUOUS
10
7.2191873622047247
20
-4.5810164173228349
11
7.2191061417322837
21
-4.5812124015748035
0
LINE
8
BLACK
6
CONTINUOUS
10
7.2191061417322837
20
-4.5812124015748035
11
7.2190911417322834
21
-4.5814240551181102
0
LINE
8
BLACK
6
CONTINUOUS
10
7.2190911417322834
20
-4.5814240551181102
11
7.2186773622047244
21
-4.5825052755905507
0
LINE
8
BLACK
6
CONTINUOUS
10
7.2186773622047244
20
-4.5825052755905507
11
7.2158652362204725
21
-4.5881296062992121
0
LINE
8
BLACK
6
CONTINUOUS
10
7.2158652362204725
20
-4.5881296062992121
11
7.2155530708661413
21
-4.5886254330708658
0
LINE
8
BLACK
6
CONTINUOUS
10
7.2155530708661413
20
-4.5886254330708658
11
7.2154934251968506
21
-4.5887695275590552
0
LINE
8
BLACK
6
CONTINUOUS
10
7.2154934251968506
20
-4.5887695275590552
11
7.2153602755905508
21
-4.5889317322834646
0
LINE
8
BLACK
6
CONTINUOUS
10
7.2153602755905508
20
-4.5889317322834646
11
7.2152485039370076
21
-4.589109330708661
0
LINE
8
BLACK
6
CONTINUOUS
10
7.2152485039370076
20
-4.589109330708661
11
7.2151307086614169
21
-4.5892114566929134
0
LINE
8
BLACK
6
CONTINUOUS
10
7.2151307086614169
20
-4.5892114566929134
11
7.2147589763779525
21
-4.5896644488188976
0
LINE
8
BLACK
6
CONTINUOUS
10
7.2147589763779525
20
-4.5896644488188976
11
7.2119468110236218
21
-4.5924765748031495
0
LINE
8
BLACK
6
CONTINUOUS
10
7.2119468110236218
20
-4.5924765748031495
11
7.2114940551181101
21
-4.5928481102362202
0
LINE
8
BLACK
6
CONTINUOUS
10
7.2114940551181101
20
-4.5928481102362202
11
7.2113918110236215
21
-4.5929660236220471
0
LINE
8
BLACK
6
CONTINUOUS
10
7.2113918110236215
20
-4.5929660236220471
11
7.2112139763779526
21
-4.5930779133858266
0
LINE
8
BLACK
6
CONTINUOUS
10
7.2112139763779526
20
-4.5930779133858266
11
7.2110518897637794
21
-4.5932109842519688
0
LINE
8
BLACK
6
CONTINUOUS
10
7.2110518897637794
20
-4.5932109842519688
11
7.2109079133858263
21
-4.5932705905511808
0
LINE
8
BLACK
6
CONTINUOUS
10
7.2109079133858263
20
-4.5932705905511808
11
7.2104120472440947
21
-4.593582755905512
0
LINE
8
BLACK
6
CONTINUOUS
10
7.2104120472440947
20
-4.593582755905512
11
7.204787755905512
21
-4.5963949212598427
0
LINE
8
BLACK
6
CONTINUOUS
10
7.204787755905512
20
-4.5963949212598427
11
7.2047034645669292
21
-4.5964271653543305
0
LINE
8
BLACK
6
CONTINUOUS
10
7.2047034645669292
20
-4.5964271653543305
11
7.2046692125984251
21
-4.596452559055118
0
LINE
8
BLACK
6
CONTINUOUS
10
7.2046692125984251
20
-4.596452559055118
11
7.2041858267716536
21
-4.596625236220472
0
LINE
8
BLACK
6
CONTINUOUS
10
7.2041858267716536
20
-4.596625236220472
11
7.2037065354330707
21
-4.5968086614173229
0
LINE
8
BLACK
6
CONTINUOUS
10
7.2037065354330707
20
-4.5968086614173229
11
7.2036639763779524
21
-4.5968116535433072
0
LINE
8
BLACK
6
CONTINUOUS
10
7.2036639763779524
20
-4.5968116535433072
11
7.2035790157480317
21
-4.5968420472440945
0
LINE
8
BLACK
6
CONTINUOUS
10
7.2035790157480317
20
-4.5968420472440945
11
7.192959409448819
21
-4.5994969291338581
0
LINE
8
BLACK
6
CONTINUOUS
10
7.192959409448819
20
-4.5994969291338581
11
7.1887720472440941
21
-4.6015905905511811
0
LINE
8
BLACK
6
CONTINUOUS
10
7.1887720472440941
20
-4.6015905905511811
11
7.1873151574803149
21
-4.6030474803149604
0
LINE
8
BLACK
6
CONTINUOUS
10
7.1873151574803149
20
-4.6030474803149604
11
7.1855550393700787
21
-4.6065677165354328
0
LINE
8
BLACK
6
CONTINUOUS
10
7.1855550393700787
20
-4.6065677165354328
11
7.1855550393700787
21
-4.6094037795275593
0
LINE
8
BLACK
6
CONTINUOUS
10
7.1855550393700787
20
-4.6094037795275593
11
7.1873151574803149
21
-4.6129240157480318
0
LINE
8
BLACK
6
CONTINUOUS
10
7.1873151574803149
20
-4.6129240157480318
11
7.1887720078740154
21
-4.6143808661417323
0
LINE
8
BLACK
6
CONTINUOUS
10
7.1887720078740154
20
-4.6143808661417323
11
7.1922922440944879
21
-4.6161409842519685
0
LINE
8
BLACK
6
CONTINUOUS
10
7.1922922440944879
20
-4.6161409842519685
11
7.2040005118110235
21
-4.6161409842519685
0
LINE
8
BLACK
6
CONTINUOUS
10
7.2040005118110235
20
-4.6161409842519685
11
7.2115278346456693
21
-4.6136318897637798
0
LINE
8
BLACK
6
CONTINUOUS
10
7.2115278346456693
20
-4.6136318897637798
11
7.212656732283464
21
-4.6133752362204721
0
LINE
8
BLACK
6
CONTINUOUS
10
7.212656732283464
20
-4.6133752362204721
11
7.2149551574803148
21
-4.6135385826771653
0
LINE
8
BLACK
6
CONTINUOUS
10
7.2149551574803148
20
-4.6135385826771653
11
7.2170160629921254
21
-4.6145690551181104
0
LINE
8
BLACK
6
CONTINUOUS
10
7.2170160629921254
20
-4.6145690551181104
11
7.2185257874015747
21
-4.6163097637795278
0
LINE
8
BLACK
6
CONTINUOUS
10
7.2185257874015747
20
-4.6163097637795278
11
7.2192544488188979
21
-4.6184957874015744
0
LINE
8
BLACK
6
CONTINUOUS
10
7.2192544488188979
20
-4.6184957874015744
11
7.2190911023622046
21
-4.6207942125984252
0
LINE
8
BLACK
6
CONTINUOUS
10
7.2190911023622046
20
-4.6207942125984252
11
7.2180606299212595
21
-4.6228551181102358
0
LINE
8
BLACK
6
CONTINUOUS
10
7.2180606299212595
20
-4.6228551181102358
11
7.2163199212598421
21
-4.624364842519685
0
LINE
8
BLACK
6
CONTINUOUS
10
7.2163199212598421
20
-4.624364842519685
11
7.2152627952755903
21
-4.6248368503937005
0
LINE
8
BLACK
6
CONTINUOUS
10
7.2152627952755903
20
-4.6248368503937005
11
7.2068263779527557
21
-4.6276489763779525
0
LINE
8
BLACK
6
CONTINUOUS
10
7.2068263779527557
20
-4.6276489763779525
11
7.2062549999999996
21
-4.6277788582677166
0
LINE
8
BLACK
6
CONTINUOUS
10
7.2062549999999996
20
-4.6277788582677166
11
7.2061110236220474
21
-4.6278385433070861
0
LINE
8
BLACK
6
CONTINUOUS
10
7.2061110236220474
20
-4.6278385433070861
11
7.2059022440944878
21
-4.6278590944881888
0
LINE
8
BLACK
6
CONTINUOUS
10
7.2059022440944878
20
-4.6278590944881888
11
7.20569748031496
21
-4.6279056692913381
0
LINE
8
BLACK
6
CONTINUOUS
10
7.20569748031496
20
-4.6279056692913381
11
7.205541771653543
21
-4.6278945669291334
0
LINE
8
BLACK
6
CONTINUOUS
10
7.205541771653543
20
-4.6278945669291334
11
7.2049588976377947
21
-4.6279520078740157
0
LINE
8
BLACK
6
CONTINUOUS
10
7.2049588976377947
20
-4.6279520078740157
11
7.1908981496062987
21
-4.6279520078740157
0
LINE
8
BLACK
6
CONTINUOUS
10
7.1908981496062987
20
-4.6279520078740157
11
7.189746023622047
21
-4.6278385433070861
0
LINE
8
BLACK
6
CONTINUOUS
10
7.189746023622047
20
-4.6278385433070861
11
7.1895499999999997
21
-4.6277573228346451
0
LINE
8
BLACK
6
CONTINUOUS
10
7.1895499999999997
20
-4.6277573228346451
11
7.1893383858267716
21
-4.6277423228346457
0
LINE
8
BLACK
6
CONTINUOUS
10
7.1893383858267716
20
-4.6277423228346457
11
7.1882571653543303
21
-4.6273285433070868
0
LINE
8
BLACK
6
CONTINUOUS
10
7.1882571653543303
20
-4.6273285433070868
11
7.1826328346456689
21
-4.6245164173228348
0
LINE
8
BLACK
6
CONTINUOUS
10
7.1826328346456689
20
-4.6245164173228348
11
7.1821370866141727
21
-4.6242043307086611
0
LINE
8
BLACK
6
CONTINUOUS
10
7.1821370866141727
20
-4.6242043307086611
11
7.1819929527559054
21
-4.6241446456692916
0
LINE
8
BLACK
6
CONTINUOUS
10
7.1819929527559054
20
-4.6241446456692916
11
7.1818306299212598
21
-4.6240114173228344
0
LINE
8
BLACK
6
CONTINUOUS
10
7.1818306299212598
20
-4.6240114173228344
11
7.18165311023622
21
-4.6238996850393699
0
LINE
8
BLACK
6
CONTINUOUS
10
7.18165311023622
20
-4.6238996850393699
11
7.1815509448818897
21
-4.6237818897637792
0
LINE
8
BLACK
6
CONTINUOUS
10
7.1815509448818897
20
-4.6237818897637792
11
7.1810980314960631
21
-4.6234101968503936
0
LINE
8
BLACK
6
CONTINUOUS
10
7.1810980314960631
20
-4.6234101968503936
11
7.1782858661417324
21
-4.6205980314960629
0
LINE
8
BLACK
6
CONTINUOUS
10
7.1782858661417324
20
-4.6205980314960629
11
7.1779142125984254
21
-4.6201451968503937
0
LINE
8
BLACK
6
CONTINUOUS
10
7.1779142125984254
20
-4.6201451968503937
11
7.177796377952756
21
-4.6200429921259838
0
LINE
8
BLACK
6
CONTINUOUS
10
7.177796377952756
20
-4.6200429921259838
11
7.1776845275590553
21
-4.6198652755905512
0
LINE
8
BLACK
6
CONTINUOUS
10
7.1776845275590553
20
-4.6198652755905512
11
7.1775514173228343
21
-4.6197031102362205
0
LINE
8
BLACK
6
CONTINUOUS
10
7.1775514173228343
20
-4.6197031102362205
11
7.1774917322834648
21
-4.6195590157480311
0
LINE
8
BLACK
6
CONTINUOUS
10
7.1774917322834648
20
-4.6195590157480311
11
7.1771796456692911
21
-4.619063228346457
0
LINE
8
BLACK
6
CONTINUOUS
10
7.1771796456692911
20
-4.619063228346457
11
7.1743674803149604
21
-4.6134389370078743
0
LINE
8
BLACK
6
CONTINUOUS
10
7.1743674803149604
20
-4.6134389370078743
11
7.1739537401574802
21
-4.612357716535433
0
LINE
8
BLACK
6
CONTINUOUS
10
7.1739537401574802
20
-4.612357716535433
11
7.1739387007874011
21
-4.612146102362205
0
LINE
8
BLACK
6
CONTINUOUS
10
7.1739387007874011
20
-4.612146102362205
11
7.1738574803149602
21
-4.611950039370079
0
LINE
8
BLACK
6
CONTINUOUS
10
7.1738574803149602
20
-4.611950039370079
11
7.1737440157480314
21
-4.6107979133858263
0
LINE
8
BLACK
6
CONTINUOUS
10
7.1737440157480314
20
-4.6107979133858263
11
7.1737440157480314
21
-4.6051736220472437
0
LINE
8
BLACK
6
CONTINUOUS
10
7.1737440157480314
20
-4.6051736220472437
11
7.1738574803149602
21
-4.6040214960629919
0
LINE
8
BLACK
6
CONTINUOUS
10
7.1738574803149602
20
-4.6040214960629919
11
7.1739387007874011
21
-4.6038253937007871
0
LINE
8
BLACK
6
CONTINUOUS
10
7.1739387007874011
20
-4.6038253937007871
11
7.1739537401574802
21
-4.6036138188976379
0
LINE
8
BLACK
6
CONTINUOUS
10
7.1739537401574802
20
-4.6036138188976379
11
7.1743674803149604
21
-4.6025325984251966
0
LINE
8
BLACK
6
CONTINUOUS
10
7.1743674803149604
20
-4.6025325984251966
11
7.1771796456692911
21
-4.5969083070866139
0
LINE
8
BLACK
6
CONTINUOUS
10
7.1771796456692911
20
-4.5969083070866139
11
7.1774917322834648
21
-4.5964124803149602
0
LINE
8
BLACK
6
CONTINUOUS
10
7.1774917322834648
20
-4.5964124803149602
11
7.1775514173228343
21
-4.5962684251968504
0
LINE
8
BLACK
6
CONTINUOUS
10
7.1775514173228343
20
-4.5962684251968504
11
7.1776845275590553
21
-4.596106220472441
0
LINE
8
BLACK
6
CONTINUOUS
10
7.1776845275590553
20
-4.596106220472441
11
7.177796377952756
21
-4.5959285433070862
0
LINE
8
BLACK
6
CONTINUOUS
10
7.177796377952756
20
-4.5959285433070862
11
7.1779142125984254
21
-4.5958262992125984
0
LINE
8
BLACK
6
CONTINUOUS
10
7.1779142125984254
20
-4.5958262992125984
11
7.1782858661417324
21
-4.5953735039370081
0
LINE
8
BLACK
6
CONTINUOUS
10
7.1782858661417324
20
-4.5953735039370081
11
7.1810980314960631
21
-4.5925613385826773
0
LINE
8
BLACK
6
CONTINUOUS
10
7.1810980314960631
20
-4.5925613385826773
11
7.1815508267716535
21
-4.5921897244094483
0
LINE
8
BLACK
6
CONTINUOUS
10
7.1815508267716535
20
-4.5921897244094483
11
7.1816530708661412
21
-4.592071850393701
0
LINE
8
BLACK
6
CONTINUOUS
10
7.1816530708661412
20
-4.592071850393701
11
7.181830748031496
21
-4.5919600000000003
0
LINE
8
BLACK
6
CONTINUOUS
10
7.181830748031496
20
-4.5919600000000003
11
7.1819929527559054
21
-4.5918268897637793
0
LINE
8
BLACK
6
CONTINUOUS
10
7.1819929527559054
20
-4.5918268897637793
11
7.1821370078740152
21
-4.5917672047244089
0
LINE
8
BLACK
6
CONTINUOUS
10
7.1821370078740152
20
-4.5917672047244089
11
7.1826328346456689
21
-4.5914551181102361
0
LINE
8
BLACK
6
CONTINUOUS
10
7.1826328346456689
20
-4.5914551181102361
11
7.1882570866141728
21
-4.5886429527559054
0
LINE
8
BLACK
6
CONTINUOUS
10
7.1882570866141728
20
-4.5886429527559054
11
7.1883414173228344
21
-4.5886106692913389
0
LINE
8
BLACK
6
CONTINUOUS
10
7.1883414173228344
20
-4.5886106692913389
11
7.1883756692913385
21
-4.5885853149606302
0
LINE
8
BLACK
6
CONTINUOUS
10
7.1883756692913385
20
-4.5885853149606302
11
7.1888587795275587
21
-4.5884126771653539
0
LINE
8
BLACK
6
CONTINUOUS
10
7.1888587795275587
20
-4.5884126771653539
11
7.1893383464566929
21
-4.5882292125984252
0
LINE
8
BLACK
6
CONTINUOUS
10
7.1893383464566929
20
-4.5882292125984252
11
7.1893808661417324
21
-4.5882261811023621
0
LINE
8
BLACK
6
CONTINUOUS
10
7.1893808661417324
20
-4.5882261811023621
11
7.1894658661417319
21
-4.5881958267716536
0
LINE
8
BLACK
6
CONTINUOUS
10
7.1894658661417319
20
-4.5881958267716536
11
7.2000854330708659
21
-4.58554094488189
0
LINE
8
BLACK
6
CONTINUOUS
10
7.2000854330708659
20
-4.58554094488189
11
7.2042728740157482
21
-4.5834472047244095
0
LINE
8
BLACK
6
CONTINUOUS
10
7.2042728740157482
20
-4.5834472047244095
11
7.2057297244094487
21
-4.5819903543307081
0
LINE
8
BLACK
6
CONTINUOUS
10
7.2057297244094487
20
-4.5819903543307081
11
7.2074898031496062
21
-4.578470196850394
0
LINE
8
BLACK
6
CONTINUOUS
10
7.2074898031496062
20
-4.578470196850394
11
7.2074898031496062
21
-4.5756340157480313
0
LINE
8
BLACK
6
CONTINUOUS
10
7.2074898031496062
20
-4.5756340157480313
11
7.2057297244094487
21
-4.5721138582677163
0
LINE
8
BLACK
6
CONTINUOUS
10
7.2057297244094487
20
-4.5721138582677163
11
7.2042728740157482
21
-4.5706570078740159
0
LINE
8
BLACK
6
CONTINUOUS
10
7.2042728740157482
20
-4.5706570078740159
11
7.2007526377952757
21
-4.5688968897637796
0
LINE
8
BLACK
6
CONTINUOUS
10
7.2007526377952757
20
-4.5688968897637796
11
7.1890443700787401
21
-4.5688968897637796
0
LINE
8
BLACK
6
CONTINUOUS
10
7.1890443700787401
20
-4.5688968897637796
11
7.1815170078740156
21
-4.5714059842519683
0
LINE
8
BLACK
6
CONTINUOUS
10
7.1815170078740156
20
-4.5714059842519683
11
7.1803881496062987
21
-4.5716626771653539
0
LINE
8
BLACK
6
CONTINUOUS
10
7.1803881496062987
20
-4.5716626771653539
11
7.1780897244094488
21
-4.5714993307086615
0
LINE
8
BLACK
6
CONTINUOUS
10
7.1780897244094488
20
-4.5714993307086615
11
7.1760288188976373
21
-4.5704688976377952
0
LINE
8
BLACK
6
CONTINUOUS
10
7.1760288188976373
20
-4.5704688976377952
11
7.1745190551181102
21
-4.568728149606299
0
LINE
8
BLACK
6
CONTINUOUS
10
7.1745190551181102
20
-4.568728149606299
11
7.173790393700787
21
-4.5665421653543303
0
LINE
8
BLACK
6
CONTINUOUS
10
7.173790393700787
20
-4.5665421653543303
11
7.1739537401574802
21
-4.5642437401574805
0
LINE
8
BLACK
6
CONTINUOUS
10
7.1739537401574802
20
-4.5642437401574805
11
7.1749841732283466
21
-4.562182834645669
0
LINE
8
BLACK
6
CONTINUOUS
10
7.1749841732283466
20
-4.562182834645669
11
7.1767249212598427
21
-4.5606730708661418
0
LINE
8
BLACK
6
CONTINUOUS
10
7.1767249212598427
20
-4.5606730708661418
11
7.1777820472440945
21
-4.5602011023622042
0
LINE
8
BLACK
6
CONTINUOUS
10
7.1777820472440945
20
-4.5602011023622042
11
7.1862184645669291
21
-4.5573889370078735
0
LINE
8
BLACK
6
CONTINUOUS
10
7.1862184645669291
20
-4.5573889370078735
11
7.1867896850393702
21
-4.5572590157480315
0
LINE
8
BLACK
6
CONTINUOUS
10
7.1867896850393702
20
-4.5572590157480315
11
7.1869338582677162
21
-4.5571993307086611
0
LINE
8
BLACK
6
CONTINUOUS
10
7.1869338582677162
20
-4.5571993307086611
11
7.1871428346456687
21
-4.5571787401574806
0
LINE
8
BLACK
6
CONTINUOUS
10
7.1871428346456687
20
-4.5571787401574806
11
7.1873473622047239
21
-4.5571322440944879
0
LINE
8
BLACK
6
CONTINUOUS
10
7.1873473622047239
20
-4.5571322440944879
11
7.1875028346456693
21
-4.5571432677165351
0
LINE
8
BLACK
6
CONTINUOUS
10
7.1875028346456693
20
-4.5571432677165351
11
7.188085984251968
21
-4.5570858661417324
0
LINE
8
BLACK
6
CONTINUOUS
10
7.188085984251968
20
-4.5570858661417324
11
7.202146732283464
21
-4.5570858661417324
0
LINE
8
BLACK
6
CONTINUOUS
10
7.202146732283464
20
-4.5570858661417324
11
7.2032988582677167
21
-4.5571993307086611
0
LINE
8
BLACK
6
CONTINUOUS
10
7.2419856299212597
20
-4.5580811417322833
11
7.2436149212598426
21
-4.5597104330708662
0
LINE
8
BLACK
6
CONTINUOUS
10
7.2436149212598426
20
-4.5597104330708662
11
7.2444967322834648
21
-4.5618392519685038
0
LINE
8
BLACK
6
CONTINUOUS
10
7.2444967322834648
20
-4.5618392519685038
11
7.2446101968503935
21
-4.5629913779527556
0
LINE
8
BLACK
6
CONTINUOUS
10
7.2446101968503935
20
-4.5629913779527556
11
7.2446101968503935
21
-4.6094038188976381
0
LINE
8
BLACK
6
CONTINUOUS
10
7.2446101968503935
20
-4.6094038188976381
11
7.2463702362204723
21
-4.612923976377953
0
LINE
8
BLACK
6
CONTINUOUS
10
7.2463702362204723
20
-4.612923976377953
11
7.2478271259842515
21
-4.6143808661417323
0
LINE
8
BLACK
6
CONTINUOUS
10
7.2478271259842515
20
-4.6143808661417323
11
7.251347362204724
21
-4.6161409842519685
0
LINE
8
BLACK
6
CONTINUOUS
10
7.251347362204724
20
-4.6161409842519685
11
7.2598077952755906
21
-4.6161409842519685
0
LINE
8
BLACK
6
CONTINUOUS
10
7.2598077952755906
20
-4.6161409842519685
11
7.2633279921259843
21
-4.6143808661417323
0
LINE
8
BLACK
6
CONTINUOUS
10
7.2633279921259843
20
-4.6143808661417323
11
7.2647848031496061
21
-4.6129240157480318
0
LINE
8
BLACK
6
CONTINUOUS
10
7.2647848031496061
20
-4.6129240157480318
11
7.2665449606299211
21
-4.6094037795275593
0
LINE
8
BLACK
6
CONTINUOUS
10
7.2665449606299211
20
-4.6094037795275593
11
7.2665449606299211
21
-4.5629913779527556
0
LINE
8
BLACK
6
CONTINUOUS
10
7.2665449606299211
20
-4.5629913779527556
11
7.2666584251968498
21
-4.5618392519685038
0
LINE
8
BLACK
6
CONTINUOUS
10
7.2666584251968498
20
-4.5618392519685038
11
7.267540236220472
21
-4.5597104330708662
0
LINE
8
BLACK
6
CONTINUOUS
10
7.267540236220472
20
-4.5597104330708662
11
7.2691695275590549
21
-4.5580811417322833
0
LINE
8
BLACK
6
CONTINUOUS
10
7.2691695275590549
20
-4.5580811417322833
11
7.2712983464566925
21
-4.5571993307086611
0
LINE
8
BLACK
6
CONTINUOUS
10
7.2712983464566925
20
-4.5571993307086611
11
7.2736025984251969
21
-4.5571993307086611
0
LINE
8
BLACK
6
CONTINUOUS
10
7.2736025984251969
20
-4.5571993307086611
11
7.2757314173228345
21
-4.5580811417322833
0
LINE
8
BLACK
6
CONTINUOUS
10
7.2757314173228345
20
-4.5580811417322833
11
7.2773607086614174
21
-4.5597104330708662
0
LINE
8
BLACK
6
CONTINUOUS
10
7.2773607086614174
20
-4.5597104330708662
11
7.2782425196850395
21
-4.5618392519685038
0
LINE
8
BLACK
6
CONTINUOUS
10
7.2782425196850395
20
-4.5618392519685038
11
7.2783559842519683
21
-4.5629913779527556
0
LINE
8
BLACK
6
CONTINUOUS
10
7.2783559842519683
20
-4.5629913779527556
11
7.2783559842519683
21
-4.6107979133858263
0
LINE
8
BLACK
6
CONTINUOUS
10
7.2783559842519683
20
-4.6107979133858263
11
7.2782425196850395
21
-4.611950039370079
0
LINE
8
BLACK
6
CONTINUOUS
10
7.2782425196850395
20
-4.611950039370079
11
7.2781612598425198
21
-4.612146102362205
0
LINE
8
BLACK
6
CONTINUOUS
10
7.2781612598425198
20
-4.612146102362205
11
7.2781462598425195
21
-4.612357716535433
0
LINE
8
BLACK
6
CONTINUOUS
10
7.2781462598425195
20
-4.612357716535433
11
7.2777325196850393
21
-4.6134389763779531
0
LINE
8
BLACK
6
CONTINUOUS
10
7.2777325196850393
20
-4.6134389763779531
11
7.2749203543307086
21
-4.619063228346457
0
LINE
8
BLACK
6
CONTINUOUS
10
7.2749203543307086
20
-4.619063228346457
11
7.2746082283464562
21
-4.6195590157480311
0
LINE
8
BLACK
6
CONTINUOUS
10
7.2746082283464562
20
-4.6195590157480311
11
7.2745485826771654
21
-4.6197031102362205
0
LINE
8
BLACK
6
CONTINUOUS
10
7.2745485826771654
20
-4.6197031102362205
11
7.2744154330708657
21
-4.6198653149606299
0
LINE
8
BLACK
6
CONTINUOUS
10
7.2744154330708657
20
-4.6198653149606299
11
7.2743036220472437
21
-4.6200429921259838
0
LINE
8
BLACK
6
CONTINUOUS
10
7.2743036220472437
20
-4.6200429921259838
11
7.2741857480314955
21
-4.6201451968503937
0
LINE
8
BLACK
6
CONTINUOUS
10
7.2741857480314955
20
-4.6201451968503937
11
7.2738141732283461
21
-4.6205979921259841
0
LINE
8
BLACK
6
CONTINUOUS
10
7.2738141732283461
20
-4.6205979921259841
11
7.2710020472440942
21
-4.6234101574803148
0
LINE
8
BLACK
6
CONTINUOUS
10
7.2710020472440942
20
-4.6234101574803148
11
7.27054905511811
21
-4.6237818897637792
0
LINE
8
BLACK
6
CONTINUOUS
10
7.27054905511811
20
-4.6237818897637792
11
7.2704469291338585
21
-4.6238996850393699
0
LINE
8
BLACK
6
CONTINUOUS
10
7.2704469291338585
20
-4.6238996850393699
11
7.2702693307086612
21
-4.6240114566929131
0
LINE
8
BLACK
6
CONTINUOUS
10
7.2702693307086612
20
-4.6240114566929131
11
7.2701071259842518
21
-4.6241446062992129
0
LINE
8
BLACK
6
CONTINUOUS
10
7.2701071259842518
20
-4.6241446062992129
11
7.2699630314960633
21
-4.6242042519685036
0
LINE
8
BLACK
6
CONTINUOUS
10
7.2699630314960633
20
-4.6242042519685036
11
7.2694672047244095
21
-4.6245164173228348
0
LINE
8
BLACK
6
CONTINUOUS
10
7.2694672047244095
20
-4.6245164173228348
11
7.2638428346456694
21
-4.6273285433070868
0
LINE
8
BLACK
6
CONTINUOUS
10
7.2638428346456694
20
-4.6273285433070868
11
7.2627616141732281
21
-4.6277423228346457
0
LINE
8
BLACK
6
CONTINUOUS
10
7.2627616141732281
20
-4.6277423228346457
11
7.2625499606299213
21
-4.6277573228346451
0
LINE
8
BLACK
6
CONTINUOUS
10
7.2625499606299213
20
-4.6277573228346451
11
7.2623539763779528
21
-4.6278385433070861
0
LINE
8
BLACK
6
CONTINUOUS
10
7.2623539763779528
20
-4.6278385433070861
11
7.261201850393701
21
-4.6279520078740157
0
LINE
8
BLACK
6
CONTINUOUS
10
7.261201850393701
20
-4.6279520078740157
11
7.2499532677165357
21
-4.6279520078740157
0
LINE
8
BLACK
6
CONTINUOUS
10
7.2499532677165357
20
-4.6279520078740157
11
7.2488011417322831
21
-4.6278385433070861
0
LINE
8
BLACK
6
CONTINUOUS
10
7.2488011417322831
20
-4.6278385433070861
11
7.2486051181102358
21
-4.6277573228346451
0
LINE
8
BLACK
6
CONTINUOUS
10
7.2486051181102358
20
-4.6277573228346451
11
7.2483935039370078
21
-4.6277423228346457
0
LINE
8
BLACK
6
CONTINUOUS
10
7.2483935039370078
20
-4.6277423228346457
11
7.2473122834645665
21
-4.6273285433070868
0
LINE
8
BLACK
6
CONTINUOUS
10
7.2473122834645665
20
-4.6273285433070868
11
7.241687952755905
21
-4.6245164173228348
0
LINE
8
BLACK
6
CONTINUOUS
10
7.241687952755905
20
-4.6245164173228348
11
7.2411922047244097
21
-4.6242043307086611
0
LINE
8
BLACK
6
CONTINUOUS
10
7.2411922047244097
20
-4.6242043307086611
11
7.2410480708661416
21
-4.6241446456692916
0
LINE
8
BLACK
6
CONTINUOUS
10
7.2410480708661416
20
-4.6241446456692916
11
7.2408857480314959
21
-4.6240114173228344
0
LINE
8
BLACK
6
CONTINUOUS
10
7.2408857480314959
20
-4.6240114173228344
11
7.2407082283464561
21
-4.6238996850393699
0
LINE
8
BLACK
6
CONTINUOUS
10
7.2407082283464561
20
-4.6238996850393699
11
7.2406060629921258
21
-4.6237818897637792
0
LINE
8
BLACK
6
CONTINUOUS
10
7.2406060629921258
20
-4.6237818897637792
11
7.2401531496062992
21
-4.6234101968503936
0
LINE
8
BLACK
6
CONTINUOUS
10
7.2401531496062992
20
-4.6234101968503936
11
7.2373409842519685
21
-4.6205980314960629
0
LINE
8
BLACK
6
CONTINUOUS
10
7.2373409842519685
20
-4.6205980314960629
11
7.2369693307086616
21
-4.6201451968503937
0
LINE
8
BLACK
6
CONTINUOUS
10
7.2369693307086616
20
-4.6201451968503937
11
7.2368514960629922
21
-4.6200429921259838
0
LINE
8
BLACK
6
CONTINUOUS
10
7.2368514960629922
20
-4.6200429921259838
11
7.2367396456692914
21
-4.6198652755905512
0
LINE
8
BLACK
6
CONTINUOUS
10
7.2367396456692914
20
-4.6198652755905512
11
7.2366065354330704
21
-4.6197031102362205
0
LINE
8
BLACK
6
CONTINUOUS
10
7.2366065354330704
20
-4.6197031102362205
11
7.2365468503937009
21
-4.6195590157480311
0
LINE
8
BLACK
6
CONTINUOUS
10
7.2365468503937009
20
-4.6195590157480311
11
7.2362347637795272
21
-4.619063228346457
0
LINE
8
BLACK
6
CONTINUOUS
10
7.2362347637795272
20
-4.619063228346457
11
7.2334226377952753
21
-4.6134389370078743
0
LINE
8
BLACK
6
CONTINUOUS
10
7.2334226377952753
20
-4.6134389370078743
11
7.2330088582677163
21
-4.6123576771653543
0
LINE
8
BLACK
6
CONTINUOUS
10
7.2330088582677163
20
-4.6123576771653543
11
7.2329938188976373
21
-4.6121460236220475
0
LINE
8
BLACK
6
CONTINUOUS
10
7.2329938188976373
20
-4.6121460236220475
11
7.232912637795275
21
-4.611950039370079
0
LINE
8
BLACK
6
CONTINUOUS
10
7.232912637795275
20
-4.611950039370079
11
7.2327991732283463
21
-4.6107979133858263
0
LINE
8
BLACK
6
CONTINUOUS
10
7.2327991732283463
20
-4.6107979133858263
11
7.2327991732283463
21
-4.5629913779527556
0
LINE
8
BLACK
6
CONTINUOUS
10
7.2327991732283463
20
-4.5629913779527556
11
7.232912637795275
21
-4.5618392519685038
0
LINE
8
BLACK
6
CONTINUOUS
10
7.232912637795275
20
-4.5618392519685038
11
7.2337944488188972
21
-4.5597104330708662
0
LINE
8
BLACK
6
CONTINUOUS
10
7.2337944488188972
20
-4.5597104330708662
11
7.2354237401574801
21
-4.5580811417322833
0
LINE
8
BLACK
6
CONTINUOUS
10
7.2354237401574801
20
-4.5580811417322833
11
7.2375525590551177
21
-4.5571993307086611
0
LINE
8
BLACK
6
CONTINUOUS
10
7.2375525590551177
20
-4.5571993307086611
11
7.2398568110236221
21
-4.5571993307086611
0
LINE
8
BLACK
6
CONTINUOUS
10
7.2398568110236221
20
-4.5571993307086611
11
7.2419856299212597
21
-4.5580811417322833
0
LINE
8
BLACK
6
CONTINUOUS
10
7.1113797637795271
20
-4.6109953937007875
11
7.1126267716535434
21
-4.611511929133858
0
LINE
8
BLACK
6
CONTINUOUS
10
7.1126267716535434
20
-4.611511929133858
11
7.1126268110236222
21
-4.6115119685039367
0
LINE
8
BLACK
6
CONTINUOUS
10
7.1126268110236222
20
-4.6115119685039367
11
7.1135217322834645
21
-4.6122464173228348
0
LINE
8
BLACK
6
CONTINUOUS
10
7.1135217322834645
20
-4.6122464173228348
11
7.1163338582677165
21
-4.6150585826771655
0
LINE
8
BLACK
6
CONTINUOUS
10
7.1163338582677165
20
-4.6150585826771655
11
7.1170682677165349
21
-4.6159534645669291
0
LINE
8
BLACK
6
CONTINUOUS
10
7.1170682677165349
20
-4.6159534645669291
11
7.1179500393700783
21
-4.6180823228346455
0
LINE
8
BLACK
6
CONTINUOUS
10
7.1179500393700783
20
-4.6180823228346455
11
7.1179499999999996
21
-4.6193058267716536
0
LINE
8
BLACK
6
CONTINUOUS
10
7.1179499999999996
20
-4.6193058267716536
11
7.1179499999999996
21
-4.6203864566929136
0
LINE
8
BLACK
6
CONTINUOUS
10
7.1179499999999996
20
-4.6203864566929136
11
7.1170682677165349
21
-4.62251531496063
0
LINE
8
BLACK
6
CONTINUOUS
10
7.1170682677165349
20
-4.62251531496063
11
7.1163338188976377
21
-4.6234101968503936
0
LINE
8
BLACK
6
CONTINUOUS
10
7.1163338188976377
20
-4.6234101968503936
11
7.1135216929133858
21
-4.6262223228346455
0
LINE
8
BLACK
6
CONTINUOUS
10
7.1135216929133858
20
-4.6262223228346455
11
7.1126267716535434
21
-4.6269567716535436
0
LINE
8
BLACK
6
CONTINUOUS
10
7.1126267716535434
20
-4.6269567716535436
11
7.1117292125984246
21
-4.6273285433070868
0
LINE
8
BLACK
6
CONTINUOUS
10
7.1117292125984246
20
-4.6273285433070868
11
7.1104979921259837
21
-4.6278385433070861
0
LINE
8
BLACK
6
CONTINUOUS
10
7.1104979921259837
20
-4.6278385433070861
11
7.1104979527559058
21
-4.6278385433070861
0
LINE
8
BLACK
6
CONTINUOUS
10
7.1104979527559058
20
-4.6278385433070861
11
7.1081938188976377
21
-4.6278385433070861
0
LINE
8
BLACK
6
CONTINUOUS
10
7.1081938188976377
20
-4.6278385433070861
11
7.1081937795275589
21
-4.6278385433070861
0
LINE
8
BLACK
6
CONTINUOUS
10
7.1081937795275589
20
-4.6278385433070861
11
7.1081937401574802
21
-4.6278385433070861
0
LINE
8
BLACK
6
CONTINUOUS
10
7.1081937401574802
20
-4.6278385433070861
11
7.1069625196850392
21
-4.6273285433070868
0
LINE
8
BLACK
6
CONTINUOUS
10
7.1069625196850392
20
-4.6273285433070868
11
7.1060649606299213
21
-4.6269567716535436
0
LINE
8
BLACK
6
CONTINUOUS
10
7.1060649606299213
20
-4.6269567716535436
11
7.1060649212598426
21
-4.6269567322834648
0
LINE
8
BLACK
6
CONTINUOUS
10
7.1060649212598426
20
-4.6269567322834648
11
7.1051700787401577
21
-4.6262223622047243
0
LINE
8
BLACK
6
CONTINUOUS
10
7.1051700787401577
20
-4.6262223622047243
11
7.102357913385827
21
-4.6234102362204723
0
LINE
8
BLACK
6
CONTINUOUS
10
7.102357913385827
20
-4.6234102362204723
11
7.1016234645669289
21
-4.62251531496063
0
LINE
8
BLACK
6
CONTINUOUS
10
7.1016234645669289
20
-4.62251531496063
11
7.1016234251968502
21
-4.6225152755905512
0
LINE
8
BLACK
6
CONTINUOUS
10
7.1016234251968502
20
-4.6225152755905512
11
7.1008292913385826
21
-4.6205980314960629
0
LINE
8
BLACK
6
CONTINUOUS
10
7.1008292913385826
20
-4.6205980314960629
11
7.1007416535433068
21
-4.6203864960629923
0
LINE
8
BLACK
6
CONTINUOUS
10
7.1007416535433068
20
-4.6203864960629923
11
7.1007416535433068
21
-4.6180823228346455
0
LINE
8
BLACK
6
CONTINUOUS
10
7.1007416535433068
20
-4.6180823228346455
11
7.1008293307086614
21
-4.6178706692913387
0
LINE
8
BLACK
6
CONTINUOUS
10
7.1008293307086614
20
-4.6178706692913387
11
7.1016234251968502
21
-4.6159534645669291
0
LINE
8
BLACK
6
CONTINUOUS
10
7.1016234251968502
20
-4.6159534645669291
11
7.1023578740157483
21
-4.6150585433070868
0
LINE
8
BLACK
6
CONTINUOUS
10
7.1023578740157483
20
-4.6150585433070868
11
7.105170039370079
21
-4.612246377952756
0
LINE
8
BLACK
6
CONTINUOUS
10
7.105170039370079
20
-4.612246377952756
11
7.1060649606299213
21
-4.611511929133858
0
LINE
8
BLACK
6
CONTINUOUS
10
7.1060649606299213
20
-4.611511929133858
11
7.1073119685039368
21
-4.6109953937007875
0
LINE
8
BLACK
6
CONTINUOUS
10
7.1073119685039368
20
-4.6109953937007875
11
7.1081937401574802
21
-4.6106301574803146
0
LINE
8
BLACK
6
CONTINUOUS
10
7.1081937401574802
20
-4.6106301574803146
11
7.1104979921259837
21
-4.6106301574803146
0
LINE
8
BLACK
6
CONTINUOUS
10
7.1104979921259837
20
-4.6106301574803146
11
7.1113797637795271
21
-4.6109953937007875
0
LINE
8
BLACK
6
CONTINUOUS
10
7.1639287795275592
20
-4.5571993307086611
11
7.1660575984251969
21
-4.5580811417322833
0
LINE
8
BLACK
6
CONTINUOUS
10
7.1660575984251969
20
-4.5580811417322833
11
7.1676868897637798
21
-4.5597104330708662
0
LINE
8
BLACK
6
CONTINUOUS
10
7.1676868897637798
20
-4.5597104330708662
11
7.168568700787401
21
-4.5618392519685038
0
LINE
8
BLACK
6
CONTINUOUS
10
7.168568700787401
20
-4.5618392519685038
11
7.168568700787401
21
-4.5641435039370082
0
LINE
8
BLACK
6
CONTINUOUS
10
7.168568700787401
20
-4.5641435039370082
11
7.1676868897637798
21
-4.5662723228346458
0
LINE
8
BLACK
6
CONTINUOUS
10
7.1676868897637798
20
-4.5662723228346458
11
7.1660575984251969
21
-4.5679016141732278
0
LINE
8
BLACK
6
CONTINUOUS
10
7.1660575984251969
20
-4.5679016141732278
11
7.1639287795275592
21
-4.56878342519685
0
LINE
8
BLACK
6
CONTINUOUS
10
7.1639287795275592
20
-4.56878342519685
11
7.1627766535433066
21
-4.5688968897637796
0
LINE
8
BLACK
6
CONTINUOUS
10
7.1627766535433066
20
-4.5688968897637796
11
7.1518092913385827
21
-4.5688968897637796
0
LINE
8
BLACK
6
CONTINUOUS
10
7.1518092913385827
20
-4.5688968897637796
11
7.1518092913385827
21
-4.6220464960629917
0
LINE
8
BLACK
6
CONTINUOUS
10
7.1518092913385827
20
-4.6220464960629917
11
7.1516958267716531
21
-4.6231986220472443
0
LINE
8
BLACK
6
CONTINUOUS
10
7.1516958267716531
20
-4.6231986220472443
11
7.1508140157480318
21
-4.6253274409448819
0
LINE
8
BLACK
6
CONTINUOUS
10
7.1508140157480318
20
-4.6253274409448819
11
7.1491847244094489
21
-4.6269567322834648
0
LINE
8
BLACK
6
CONTINUOUS
10
7.1491847244094489
20
-4.6269567322834648
11
7.1470559055118112
21
-4.6278385433070861
0
LINE
8
BLACK
6
CONTINUOUS
10
7.1470559055118112
20
-4.6278385433070861
11
7.1447516535433069
21
-4.6278385433070861
0
LINE
8
BLACK
6
CONTINUOUS
10
7.1447516535433069
20
-4.6278385433070861
11
7.1426228346456693
21
-4.6269567322834648
0
LINE
8
BLACK
6
CONTINUOUS
10
7.1426228346456693
20
-4.6269567322834648
11
7.1409935433070864
21
-4.6253274409448819
0
LINE
8
BLACK
6
CONTINUOUS
10
7.1409935433070864
20
-4.6253274409448819
11
7.1401117322834642
21
-4.6231986220472443
0
LINE
8
BLACK
6
CONTINUOUS
10
7.1401117322834642
20
-4.6231986220472443
11
7.1399982677165355
21
-4.6220464960629917
0
LINE
8
BLACK
6
CONTINUOUS
10
7.1399982677165355
20
-4.6220464960629917
11
7.1399982677165355
21
-4.5688968897637796
0
LINE
8
BLACK
6
CONTINUOUS
10
7.1399982677165355
20
-4.5688968897637796
11
7.1290309055118106
21
-4.5688968897637796
0
LINE
8
BLACK
6
CONTINUOUS
10
7.1290309055118106
20
-4.5688968897637796
11
7.1278787795275589
21
-4.56878342519685
0
LINE
8
BLACK
6
CONTINUOUS
10
7.1278787795275589
20
-4.56878342519685
11
7.1257499606299213
21
-4.5679016141732278
0
LINE
8
BLACK
6
CONTINUOUS
10
7.1257499606299213
20
-4.5679016141732278
11
7.1241206692913384
21
-4.5662723228346458
0
LINE
8
BLACK
6
CONTINUOUS
10
7.1241206692913384
20
-4.5662723228346458
11
7.1232388582677162
21
-4.5641435039370082
0
LINE
8
BLACK
6
CONTINUOUS
10
7.1232388582677162
20
-4.5641435039370082
11
7.1232388582677162
21
-4.5618392519685038
0
LINE
8
BLACK
6
CONTINUOUS
10
7.1232388582677162
20
-4.5618392519685038
11
7.1241206692913384
21
-4.5597104330708662
0
LINE
8
BLACK
6
CONTINUOUS
10
7.1241206692913384
20
-4.5597104330708662
11
7.1257499606299213
21
-4.5580811417322833
0
LINE
8
BLACK
6
CONTINUOUS
10
7.1257499606299213
20
-4.5580811417322833
11
7.1278787795275589
21
-4.5571993307086611
0
LINE
8
BLACK
6
CONTINUOUS
10
7.1278787795275589
20
-4.5571993307086611
11
7.1290309055118106
21
-4.5570858661417324
0
LINE
8
BLACK
6
CONTINUOUS
10
7.1290309055118106
20
-4.5570858661417324
11
7.1627766535433066
21
-4.5570858661417324
0
LINE
8
BLACK
6
CONTINUOUS
10
7.1627766535433066
20
-4.5570858661417324
11
7.1639287795275592
21
-4.5571993307086611
0
LINE
8
BLACK
6
CONTINUOUS
10
3.872955118110236
20
-4.544228031496063
11
3.8731349212598425
21
-4.5451320078740158
0
LINE
8
BLACK
6
CONTINUOUS
10
3.8731349212598425
20
-4.5451320078740158
11
3.8731349212598425
21
-4.6081241338582677
0
LINE
8
BLACK
6
CONTINUOUS
10
3.8731349212598425
20
-4.6081241338582677
11
3.872955118110236
21
-4.6090281102362205
0
LINE
8
BLACK
6
CONTINUOUS
10
3.872955118110236
20
-4.6090281102362205
11
3.8716766929133857
21
-4.6103065354330708
0
LINE
8
BLACK
6
CONTINUOUS
10
3.8716766929133857
20
-4.6103065354330708
11
3.8698687401574801
21
-4.6103065354330708
0
LINE
8
BLACK
6
CONTINUOUS
10
3.8698687401574801
20
-4.6103065354330708
11
3.8685903149606298
21
-4.6090281102362205
0
LINE
8
BLACK
6
CONTINUOUS
10
3.8685903149606298
20
-4.6090281102362205
11
3.8684105118110237
21
-4.6081241338582677
0
LINE
8
BLACK
6
CONTINUOUS
10
3.8684105118110237
20
-4.6081241338582677
11
3.8684105118110237
21
-4.5451320078740158
0
LINE
8
BLACK
6
CONTINUOUS
10
3.8684105118110237
20
-4.5451320078740158
11
3.8685903149606298
21
-4.544228031496063
0
LINE
8
BLACK
6
CONTINUOUS
10
3.8685903149606298
20
-4.544228031496063
11
3.8698687401574801
21
-4.5429496062992127
0
LINE
8
BLACK
6
CONTINUOUS
10
3.8698687401574801
20
-4.5429496062992127
11
3.8716766929133857
21
-4.5429496062992127
0
LINE
8
BLACK
6
CONTINUOUS
10
3.8716766929133857
20
-4.5429496062992127
11
3.872955118110236
21
-4.544228031496063
0
LINE
8
BLACK
6
CONTINUOUS
10
5.1446086614173225
20
-4.544228031496063
11
5.1447884645669291
21
-4.5451320078740158
0
LINE
8
BLACK
6
CONTINUOUS
10
5.1447884645669291
20
-4.5451320078740158
11
5.1447884645669291
21
-4.6081241338582677
0
LINE
8
BLACK
6
CONTINUOUS
10
5.1447884645669291
20
-4.6081241338582677
11
5.1446086614173225
21
-4.6090281102362205
0
LINE
8
BLACK
6
CONTINUOUS
10
5.1446086614173225
20
-4.6090281102362205
11
5.1433302362204723
21
-4.6103065354330708
0
LINE
8
BLACK
6
CONTINUOUS
10
5.1433302362204723
20
-4.6103065354330708
11
5.1415222834645666
21
-4.6103065354330708
0
LINE
8
BLACK
6
CONTINUOUS
10
5.1415222834645666
20
-4.6103065354330708
11
5.1402438582677163
21
-4.6090281102362205
0
LINE
8
BLACK
6
CONTINUOUS
10
5.1402438582677163
20
-4.6090281102362205
11
5.1400640551181098
21
-4.6081241338582677
0
LINE
8
BLACK
6
CONTINUOUS
10
5.1400640551181098
20
-4.6081241338582677
11
5.1400640551181098
21
-4.5451320078740158
0
LINE
8
BLACK
6
CONTINUOUS
10
5.1400640551181098
20
-4.5451320078740158
11
5.1402438582677163
21
-4.544228031496063
0
LINE
8
BLACK
6
CONTINUOUS
10
5.1402438582677163
20
-4.544228031496063
11
5.1415222834645666
21
-4.5429496062992127
0
LINE
8
BLACK
6
CONTINUOUS
10
5.1415222834645666
20
-4.5429496062992127
11
5.1433302362204723
21
-4.5429496062992127
0
LINE
8
BLACK
6
CONTINUOUS
10
5.1433302362204723
20
-4.5429496062992127
11
5.1446086614173225
21
-4.544228031496063
0
LINE
8
BLACK
6
CONTINUOUS
10
5.3800585826771652
20
-4.4973315354330712
11
5.3813370078740155
21
-4.4986099606299215
0
LINE
8
BLACK
6
CONTINUOUS
10
5.3813370078740155
20
-4.4986099606299215
11
5.3813370078740155
21
-4.5004179133858271
0
LINE
8
BLACK
6
CONTINUOUS
10
5.3813370078740155
20
-4.5004179133858271
11
5.3800585826771652
21
-4.5016963385826774
0
LINE
8
BLACK
6
CONTINUOUS
10
5.3800585826771652
20
-4.5016963385826774
11
5.3791546062992124
21
-4.501876141732283
0
LINE
8
BLACK
6
CONTINUOUS
10
5.3791546062992124
20
-4.501876141732283
11
5.3161624803149605
21
-4.501876141732283
0
LINE
8
BLACK
6
CONTINUOUS
10
5.3161624803149605
20
-4.501876141732283
11
5.3152585039370077
21
-4.5016963385826774
0
LINE
8
BLACK
6
CONTINUOUS
10
5.3152585039370077
20
-4.5016963385826774
11
5.3139800787401574
21
-4.5004179133858271
0
LINE
8
BLACK
6
CONTINUOUS
10
5.3139800787401574
20
-4.5004179133858271
11
5.3139800787401574
21
-4.4986099606299215
0
LINE
8
BLACK
6
CONTINUOUS
10
5.3139800787401574
20
-4.4986099606299215
11
5.3152585039370077
21
-4.4973315354330712
0
LINE
8
BLACK
6
CONTINUOUS
10
5.3152585039370077
20
-4.4973315354330712
11
5.3161624803149605
21
-4.4971517322834647
0
LINE
8
BLACK
6
CONTINUOUS
10
5.3161624803149605
20
-4.4971517322834647
11
5.3791546062992124
21
-4.4971517322834647
0
LINE
8
BLACK
6
CONTINUOUS
10
5.3791546062992124
20
-4.4971517322834647
11
5.3800585826771652
21
-4.4973315354330712
0
LINE
8
BLACK
6
CONTINUOUS
10
5.6162790551181105
20
-4.4973315354330712
11
5.6175574803149608
21
-4.4986099606299215
0
LINE
8
BLACK
6
CONTINUOUS
10
5.6175574803149608
20
-4.4986099606299215
11
5.6175574803149608
21
-4.5004179133858271
0
LINE
8
BLACK
6
CONTINUOUS
10
5.6175574803149608
20
-4.5004179133858271
11
5.6162790551181105
21
-4.5016963385826774
0
LINE
8
BLACK
6
CONTINUOUS
10
5.6162790551181105
20
-4.5016963385826774
11
5.6153750787401577
21
-4.501876141732283
0
LINE
8
BLACK
6
CONTINUOUS
10
5.6153750787401577
20
-4.501876141732283
11
5.552382952755905
21
-4.501876141732283
0
LINE
8
BLACK
6
CONTINUOUS
10
5.552382952755905
20
-4.501876141732283
11
5.5514789763779531
21
-4.5016963385826774
0
LINE
8
BLACK
6
CONTINUOUS
10
5.5514789763779531
20
-4.5016963385826774
11
5.5502005511811019
21
-4.5004179133858271
0
LINE
8
BLACK
6
CONTINUOUS
10
5.5502005511811019
20
-4.5004179133858271
11
5.5502005511811019
21
-4.4986099606299215
0
LINE
8
BLACK
6
CONTINUOUS
10
5.5502005511811019
20
-4.4986099606299215
11
5.5514789763779531
21
-4.4973315354330712
0
LINE
8
BLACK
6
CONTINUOUS
10
5.5514789763779531
20
-4.4973315354330712
11
5.552382952755905
21
-4.4971517322834647
0
LINE
8
BLACK
6
CONTINUOUS
10
5.552382952755905
20
-4.4971517322834647
11
5.6153750787401577
21
-4.4971517322834647
0
LINE
8
BLACK
6
CONTINUOUS
10
5.6153750787401577
20
-4.4971517322834647
11
5.6162790551181105
21
-4.4973315354330712
0
LINE
8
BLACK
6
CONTINUOUS
10
5.852499527559055
20
-4.4973315354330712
11
5.8537779527559053
21
-4.4986099606299215
0
LINE
8
BLACK
6
CONTINUOUS
10
5.8537779527559053
20
-4.4986099606299215
11
5.8537779527559053
21
-4.5004179133858271
0
LINE
8
BLACK
6
CONTINUOUS
10
5.8537779527559053
20
-4.5004179133858271
11
5.852499527559055
21
-4.5016963385826774
0
LINE
8
BLACK
6
CONTINUOUS
10
5.852499527559055
20
-4.5016963385826774
11
5.8515955511811022
21
-4.501876141732283
0
LINE
8
BLACK
6
CONTINUOUS
10
5.8515955511811022
20
-4.501876141732283
11
5.7886034251968503
21
-4.501876141732283
0
LINE
8
BLACK
6
CONTINUOUS
10
5.7886034251968503
20
-4.501876141732283
11
5.7876994488188975
21
-4.5016963385826774
0
LINE
8
BLACK
6
CONTINUOUS
10
5.7876994488188975
20
-4.5016963385826774
11
5.7864210236220472
21
-4.5004179133858271
0
LINE
8
BLACK
6
CONTINUOUS
10
5.7864210236220472
20
-4.5004179133858271
11
5.7864210236220472
21
-4.4986099606299215
0
LINE
8
BLACK
6
CONTINUOUS
10
5.7864210236220472
20
-4.4986099606299215
11
5.7876994488188975
21
-4.4973315354330712
0
LINE
8
BLACK
6
CONTINUOUS
10
5.7876994488188975
20
-4.4973315354330712
11
5.7886034251968503
21
-4.4971517322834647
0
LINE
8
BLACK
6
CONTINUOUS
10
5.7886034251968503
20
-4.4971517322834647
11
5.8515955511811022
21
-4.4971517322834647
0
LINE
8
BLACK
6
CONTINUOUS
10
5.8515955511811022
20
-4.4971517322834647
11
5.852499527559055
21
-4.4973315354330712
0
LINE
8
BLACK
6
CONTINUOUS
10
6.0887199999999995
20
-4.4973315354330712
11
6.0899984251968506
21
-4.4986099606299215
0
LINE
8
BLACK
6
CONTINUOUS
10
6.0899984251968506
20
-4.4986099606299215
11
6.0899984251968506
21
-4.5004179133858271
0
LINE
8
BLACK
6
CONTINUOUS
10
6.0899984251968506
20
-4.5004179133858271
11
6.0887199999999995
21
-4.5016963385826774
0
LINE
8
BLACK
6
CONTINUOUS
10
6.0887199999999995
20
-4.5016963385826774
11
6.0878160236220475
21
-4.501876141732283
0
LINE
8
BLACK
6
CONTINUOUS
10
6.0878160236220475
20
-4.501876141732283
11
6.0248238976377948
21
-4.501876141732283
0
LINE
8
BLACK
6
CONTINUOUS
10
6.0248238976377948
20
-4.501876141732283
11
6.023919921259842
21
-4.5016963385826774
0
LINE
8
BLACK
6
CONTINUOUS
10
6.023919921259842
20
-4.5016963385826774
11
6.0226414960629917
21
-4.5004179133858271
0
LINE
8
BLACK
6
CONTINUOUS
10
6.0226414960629917
20
-4.5004179133858271
11
6.0226414960629917
21
-4.4986099606299215
0
LINE
8
BLACK
6
CONTINUOUS
10
6.0226414960629917
20
-4.4986099606299215
11
6.023919921259842
21
-4.4973315354330712
0
LINE
8
BLACK
6
CONTINUOUS
10
6.023919921259842
20
-4.4973315354330712
11
6.0248238976377948
21
-4.4971517322834647
0
LINE
8
BLACK
6
CONTINUOUS
10
6.0248238976377948
20
-4.4971517322834647
11
6.0878160236220475
21
-4.4971517322834647
0
LINE
8
BLACK
6
CONTINUOUS
10
6.0878160236220475
20
-4.4971517322834647
11
6.0887199999999995
21
-4.4973315354330712
0
LINE
8
BLACK
6
CONTINUOUS
10
6.3249404724409448
20
-4.4973315354330712
11
6.3262188976377951
21
-4.4986099606299215
0
LINE
8
BLACK
6
CONTINUOUS
10
6.3262188976377951
20
-4.4986099606299215
11
6.3262188976377951
21
-4.5004179133858271
0
LINE
8
BLACK
6
CONTINUOUS
10
6.3262188976377951
20
-4.5004179133858271
11
6.3249404724409448
21
-4.5016963385826774
0
LINE
8
BLACK
6
CONTINUOUS
10
6.3249404724409448
20
-4.5016963385826774
11
6.324036496062992
21
-4.501876141732283
0
LINE
8
BLACK
6
CONTINUOUS
10
6.324036496062992
20
-4.501876141732283
11
6.2610443700787402
21
-4.501876141732283
0
LINE
8
BLACK
6
CONTINUOUS
10
6.2610443700787402
20
-4.501876141732283
11
6.2601403937007873
21
-4.5016963385826774
0
LINE
8
BLACK
6
CONTINUOUS
10
6.2601403937007873
20
-4.5016963385826774
11
6.2588619685039371
21
-4.5004179133858271
0
LINE
8
BLACK
6
CONTINUOUS
10
6.2588619685039371
20
-4.5004179133858271
11
6.2588619685039371
21
-4.4986099606299215
0
LINE
8
BLACK
6
CONTINUOUS
10
6.2588619685039371
20
-4.4986099606299215
11
6.2601403937007873
21
-4.4973315354330712
0
LINE
8
BLACK
6
CONTINUOUS
10
6.2601403937007873
20
-4.4973315354330712
11
6.2610443700787402
21
-4.4971517322834647
0
LINE
8
BLACK
6
CONTINUOUS
10
6.2610443700787402
20
-4.4971517322834647
11
6.324036496062992
21
-4.4971517322834647
0
LINE
8
BLACK
6
CONTINUOUS
10
6.324036496062992
20
-4.4971517322834647
11
6.3249404724409448
21
-4.4973315354330712
0
LINE
8
BLACK
6
CONTINUOUS
10
3.872955118110236
20
-4.3080075590551177
11
3.8731349212598425
21
-4.3089115354330705
0
LINE
8
BLACK
6
CONTINUOUS
10
3.8731349212598425
20
-4.3089115354330705
11
3.8731349212598425
21
-4.3719036614173223
0
LINE
8
BLACK
6
CONTINUOUS
10
3.8731349212598425
20
-4.3719036614173223
11
3.872955118110236
21
-4.3728076377952751
0
LINE
8
BLACK
6
CONTINUOUS
10
3.872955118110236
20
-4.3728076377952751
11
3.8716766929133857
21
-4.3740860629921263
0
LINE
8
BLACK
6
CONTINUOUS
10
3.8716766929133857
20
-4.3740860629921263
11
3.8698687401574801
21
-4.3740860629921263
0
LINE
8
BLACK
6
CONTINUOUS
10
3.8698687401574801
20
-4.3740860629921263
11
3.8685903149606298
21
-4.3728076377952751
0
LINE
8
BLACK
6
CONTINUOUS
10
3.8685903149606298
20
-4.3728076377952751
11
3.8684105118110237
21
-4.3719036614173223
0
LINE
8
BLACK
6
CONTINUOUS
10
3.8684105118110237
20
-4.3719036614173223
11
3.8684105118110237
21
-4.3089115354330705
0
LINE
8
BLACK
6
CONTINUOUS
10
3.8684105118110237
20
-4.3089115354330705
11
3.8685903149606298
21
-4.3080075590551177
0
LINE
8
BLACK
6
CONTINUOUS
10
3.8685903149606298
20
-4.3080075590551177
11
3.8698687401574801
21
-4.3067291338582674
0
LINE
8
BLACK
6
CONTINUOUS
10
3.8698687401574801
20
-4.3067291338582674
11
3.8716766929133857
21
-4.3067291338582674
0
LINE
8
BLACK
6
CONTINUOUS
10
3.8716766929133857
20
-4.3067291338582674
11
3.872955118110236
21
-4.3080075590551177
0
LINE
8
BLACK
6
CONTINUOUS
10
5.1446086614173225
20
-4.3080075590551177
11
5.1447884645669291
21
-4.3089115354330705
0
LINE
8
BLACK
6
CONTINUOUS
10
5.1447884645669291
20
-4.3089115354330705
11
5.1447884645669291
21
-4.3719036614173223
0
LINE
8
BLACK
6
CONTINUOUS
10
5.1447884645669291
20
-4.3719036614173223
11
5.1446086614173225
21
-4.3728076377952751
0
LINE
8
BLACK
6
CONTINUOUS
10
5.1446086614173225
20
-4.3728076377952751
11
5.1433302362204723
21
-4.3740860629921263
0
LINE
8
BLACK
6
CONTINUOUS
10
5.1433302362204723
20
-4.3740860629921263
11
5.1415222834645666
21
-4.3740860629921263
0
LINE
8
BLACK
6
CONTINUOUS
10
5.1415222834645666
20
-4.3740860629921263
11
5.1402438582677163
21
-4.3728076377952751
0
LINE
8
BLACK
6
CONTINUOUS
10
5.1402438582677163
20
-4.3728076377952751
11
5.1400640551181098
21
-4.3719036614173223
0
LINE
8
BLACK
6
CONTINUOUS
10
5.1400640551181098
20
-4.3719036614173223
11
5.1400640551181098
21
-4.3089115354330705
0
LINE
8
BLACK
6
CONTINUOUS
10
5.1400640551181098
20
-4.3089115354330705
11
5.1402438582677163
21
-4.3080075590551177
0
LINE
8
BLACK
6
CONTINUOUS
10
5.1402438582677163
20
-4.3080075590551177
11
5.1415222834645666
21
-4.3067291338582674
0
LINE
8
BLACK
6
CONTINUOUS
10
5.1415222834645666
20
-4.3067291338582674
11
5.1433302362204723
21
-4.3067291338582674
0
LINE
8
BLACK
6
CONTINUOUS
10
5.1433302362204723
20
-4.3067291338582674
11
5.1446086614173225
21
-4.3080075590551177
0
LINE
8
BLACK
6
CONTINUOUS
10
5.1864551181102359
20
-4.3037280708661418
11
5.1866349212598424
21
-4.3046320472440947
0
LINE
8
BLACK
6
CONTINUOUS
10
5.1866349212598424
20
-4.3046320472440947
11
5.1866349212598424
21
-4.3676241732283465
0
LINE
8
BLACK
6
CONTINUOUS
10
5.1866349212598424
20
-4.3676241732283465
11
5.1864551181102359
21
-4.3685281496062993
0
LINE
8
BLACK
6
CONTINUOUS
10
5.1864551181102359
20
-4.3685281496062993
11
5.1851766929133856
21
-4.3698065748031496
0
LINE
8
BLACK
6
CONTINUOUS
10
5.1851766929133856
20
-4.3698065748031496
11
5.1833687401574799
21
-4.3698065748031496
0
LINE
8
BLACK
6
CONTINUOUS
10
5.1833687401574799
20
-4.3698065748031496
11
5.1820903149606297
21
-4.3685281496062993
0
LINE
8
BLACK
6
CONTINUOUS
10
5.1820903149606297
20
-4.3685281496062993
11
5.1819105118110231
21
-4.3676241732283465
0
LINE
8
BLACK
6
CONTINUOUS
10
5.1819105118110231
20
-4.3676241732283465
11
5.1819105118110231
21
-4.3046320472440947
0
LINE
8
BLACK
6
CONTINUOUS
10
5.1819105118110231
20
-4.3046320472440947
11
5.1820903149606297
21
-4.3037280708661418
0
LINE
8
BLACK
6
CONTINUOUS
10
5.1820903149606297
20
-4.3037280708661418
11
5.1833687401574799
21
-4.3024496456692916
0
LINE
8
BLACK
6
CONTINUOUS
10
5.1833687401574799
20
-4.3024496456692916
11
5.1851766929133856
21
-4.3024496456692916
0
LINE
8
BLACK
6
CONTINUOUS
10
5.1851766929133856
20
-4.3024496456692916
11
5.1864551181102359
21
-4.3037280708661418
0
LINE
8
BLACK
6
CONTINUOUS
10
6.4581086614173229
20
-4.3037280708661418
11
6.4582884645669294
21
-4.3046320472440947
0
LINE
8
BLACK
6
CONTINUOUS
10
6.4582884645669294
20
-4.3046320472440947
11
6.4582884645669294
21
-4.3676241732283465
0
LINE
8
BLACK
6
CONTINUOUS
10
6.4582884645669294
20
-4.3676241732283465
11
6.4581086614173229
21
-4.3685281496062993
0
LINE
8
BLACK
6
CONTINUOUS
10
6.4581086614173229
20
-4.3685281496062993
11
6.4568302362204726
21
-4.3698065748031496
0
LINE
8
BLACK
6
CONTINUOUS
10
6.4568302362204726
20
-4.3698065748031496
11
6.455022283464567
21
-4.3698065748031496
0
LINE
8
BLACK
6
CONTINUOUS
10
6.455022283464567
20
-4.3698065748031496
11
6.4537438582677167
21
-4.3685281496062993
0
LINE
8
BLACK
6
CONTINUOUS
10
6.4537438582677167
20
-4.3685281496062993
11
6.4535640551181102
21
-4.3676241732283465
0
LINE
8
BLACK
6
CONTINUOUS
10
6.4535640551181102
20
-4.3676241732283465
11
6.4535640551181102
21
-4.3046320472440947
0
LINE
8
BLACK
6
CONTINUOUS
10
6.4535640551181102
20
-4.3046320472440947
11
6.4537438582677167
21
-4.3037280708661418
0
LINE
8
BLACK
6
CONTINUOUS
10
6.4537438582677167
20
-4.3037280708661418
11
6.455022283464567
21
-4.3024496456692916
0
LINE
8
BLACK
6
CONTINUOUS
10
6.455022283464567
20
-4.3024496456692916
11
6.4568302362204726
21
-4.3024496456692916
0
LINE
8
BLACK
6
CONTINUOUS
10
6.4568302362204726
20
-4.3024496456692916
11
6.4581086614173229
21
-4.3037280708661418
0
LINE
8
BLACK
6
CONTINUOUS
10
3.872955118110236
20
-4.0717870866141732
11
3.8731349212598425
21
-4.072691062992126
0
LINE
8
BLACK
6
CONTINUOUS
10
3.8731349212598425
20
-4.072691062992126
11
3.8731349212598425
21
-4.1356831889763779
0
LINE
8
BLACK
6
CONTINUOUS
10
3.8731349212598425
20
-4.1356831889763779
11
3.872955118110236
21
-4.1365871653543307
0
LINE
8
BLACK
6
CONTINUOUS
10
3.872955118110236
20
-4.1365871653543307
11
3.8716766929133857
21
-4.137865590551181
0
LINE
8
BLACK
6
CONTINUOUS
10
3.8716766929133857
20
-4.137865590551181
11
3.8698687401574801
21
-4.137865590551181
0
LINE
8
BLACK
6
CONTINUOUS
10
3.8698687401574801
20
-4.137865590551181
11
3.8685903149606298
21
-4.1365871653543307
0
LINE
8
BLACK
6
CONTINUOUS
10
3.8685903149606298
20
-4.1365871653543307
11
3.8684105118110237
21
-4.1356831889763779
0
LINE
8
BLACK
6
CONTINUOUS
10
3.8684105118110237
20
-4.1356831889763779
11
3.8684105118110237
21
-4.072691062992126
0
LINE
8
BLACK
6
CONTINUOUS
10
3.8684105118110237
20
-4.072691062992126
11
3.8685903149606298
21
-4.0717870866141732
0
LINE
8
BLACK
6
CONTINUOUS
10
3.8685903149606298
20
-4.0717870866141732
11
3.8698687401574801
21
-4.0705086614173229
0
LINE
8
BLACK
6
CONTINUOUS
10
3.8698687401574801
20
-4.0705086614173229
11
3.8716766929133857
21
-4.0705086614173229
0
LINE
8
BLACK
6
CONTINUOUS
10
3.8716766929133857
20
-4.0705086614173229
11
3.872955118110236
21
-4.0717870866141732
0
LINE
8
BLACK
6
CONTINUOUS
10
5.1446086614173225
20
-4.0717870866141732
11
5.1447884645669291
21
-4.072691062992126
0
LINE
8
BLACK
6
CONTINUOUS
10
5.1447884645669291
20
-4.072691062992126
11
5.1447884645669291
21
-4.1356831889763779
0
LINE
8
BLACK
6
CONTINUOUS
10
5.1447884645669291
20
-4.1356831889763779
11
5.1446086614173225
21
-4.1365871653543307
0
LINE
8
BLACK
6
CONTINUOUS
10
5.1446086614173225
20
-4.1365871653543307
11
5.1433302362204723
21
-4.137865590551181
0
LINE
8
BLACK
6
CONTINUOUS
10
5.1433302362204723
20
-4.137865590551181
11
5.1415222834645666
21
-4.137865590551181
0
LINE
8
BLACK
6
CONTINUOUS
10
5.1415222834645666
20
-4.137865590551181
11
5.1402438582677163
21
-4.1365871653543307
0
LINE
8
BLACK
6
CONTINUOUS
10
5.1402438582677163
20
-4.1365871653543307
11
5.1400640551181098
21
-4.1356831889763779
0
LINE
8
BLACK
6
CONTINUOUS
10
5.1400640551181098
20
-4.1356831889763779
11
5.1400640551181098
21
-4.072691062992126
0
LINE
8
BLACK
6
CONTINUOUS
10
5.1400640551181098
20
-4.072691062992126
11
5.1402438582677163
21
-4.0717870866141732
0
LINE
8
BLACK
6
CONTINUOUS
10
5.1402438582677163
20
-4.0717870866141732
11
5.1415222834645666
21
-4.0705086614173229
0
LINE
8
BLACK
6
CONTINUOUS
10
5.1415222834645666
20
-4.0705086614173229
11
5.1433302362204723
21
-4.0705086614173229
0
LINE
8
BLACK
6
CONTINUOUS
10
5.1433302362204723
20
-4.0705086614173229
11
5.1446086614173225
21
-4.0717870866141732
0
LINE
8
BLACK
6
CONTINUOUS
10
4.4884278740157475
20
-4.0893272834645664
11
4.4885258661417318
21
-4.089367874015748
0
LINE
8
BLACK
6
CONTINUOUS
10
4.4885258661417318
20
-4.089367874015748
11
4.488631692913386
21
-4.0893753937007871
0
LINE
8
BLACK
6
CONTINUOUS
10
4.488631692913386
20
-4.0893753937007871
11
4.4891723228346452
21
-4.0895822834645665
0
LINE
8
BLACK
6
CONTINUOUS
10
4.4891723228346452
20
-4.0895822834645665
11
4.4929218503937003
21
-4.0914570472440941
0
LINE
8
BLACK
6
CONTINUOUS
10
4.4929218503937003
20
-4.0914570472440941
11
4.4931698425196851
21
-4.0916131102362208
0
LINE
8
BLACK
6
CONTINUOUS
10
4.4931698425196851
20
-4.0916131102362208
11
4.4932418110236219
21
-4.0916429527559055
0
LINE
8
BLACK
6
CONTINUOUS
10
4.4932418110236219
20
-4.0916429527559055
11
4.4933227559055116
21
-4.0917094094488187
0
LINE
8
BLACK
6
CONTINUOUS
10
4.4933227559055116
20
-4.0917094094488187
11
4.4934117322834641
21
-4.0917653937007872
0
LINE
8
BLACK
6
CONTINUOUS
10
4.4934117322834641
20
-4.0917653937007872
11
4.4934628740157478
21
-4.09182437007874
0
LINE
8
BLACK
6
CONTINUOUS
10
4.4934628740157478
20
-4.09182437007874
11
4.4936892519685037
21
-4.0920101574803152
0
LINE
8
BLACK
6
CONTINUOUS
10
4.4936892519685037
20
-4.0920101574803152
11
4.4955640157480312
21
-4.0938849212598427
0
LINE
8
BLACK
6
CONTINUOUS
10
4.4955640157480312
20
-4.0938849212598427
11
4.4957497637795276
21
-4.0941112598425198
0
LINE
8
BLACK
6
CONTINUOUS
10
4.4957497637795276
20
-4.0941112598425198
11
4.4958087795275592
21
-4.0941624409448814
0
LINE
8
BLACK
6
CONTINUOUS
10
4.4958087795275592
20
-4.0941624409448814
11
4.495864724409449
21
-4.0942513779527561
0
LINE
8
BLACK
6
CONTINUOUS
10
4.495864724409449
20
-4.0942513779527561
11
4.4959312204724409
21
-4.0943323622047245
0
LINE
8
BLACK
6
CONTINUOUS
10
4.4959312204724409
20
-4.0943323622047245
11
4.4959610236220469
21
-4.0944042913385825
0
LINE
8
BLACK
6
CONTINUOUS
10
4.4959610236220469
20
-4.0944042913385825
11
4.4961171259842523
21
-4.0946523228346452
0
LINE
8
BLACK
6
CONTINUOUS
10
4.4961171259842523
20
-4.0946523228346452
11
4.4979918897637798
21
-4.0984018503937003
0
LINE
8
BLACK
6
CONTINUOUS
10
4.4979918897637798
20
-4.0984018503937003
11
4.4981987795275593
21
-4.0989424409448816
0
LINE
8
BLACK
6
CONTINUOUS
10
4.4981987795275593
20
-4.0989424409448816
11
4.4982062992125984
21
-4.0990483070866137
0
LINE
8
BLACK
6
CONTINUOUS
10
4.4982062992125984
20
-4.0990483070866137
11
4.4982468897637791
21
-4.099146299212598
0
LINE
8
BLACK
6
CONTINUOUS
10
4.4982468897637791
20
-4.099146299212598
11
4.4983036220472439
21
-4.0997223622047247
0
LINE
8
BLACK
6
CONTINUOUS
10
4.4983036220472439
20
-4.0997223622047247
11
4.4983036220472439
21
-4.1015971259842523
0
LINE
8
BLACK
6
CONTINUOUS
10
4.4983036220472439
20
-4.1015971259842523
11
4.4982468897637791
21
-4.1021731889763782
0
LINE
8
BLACK
6
CONTINUOUS
10
4.4982468897637791
20
-4.1021731889763782
11
4.4982062992125984
21
-4.1022711417322837
0
LINE
8
BLACK
6
CONTINUOUS
10
4.4982062992125984
20
-4.1022711417322837
11
4.4981987795275593
21
-4.1023770472440946
0
LINE
8
BLACK
6
CONTINUOUS
10
4.4981987795275593
20
-4.1023770472440946
11
4.4979918897637798
21
-4.1029176377952759
0
LINE
8
BLACK
6
CONTINUOUS
10
4.4979918897637798
20
-4.1029176377952759
11
4.4961171259842523
21
-4.106667165354331
0
LINE
8
BLACK
6
CONTINUOUS
10
4.4961171259842523
20
-4.106667165354331
11
4.4959610236220469
21
-4.1069151574803149
0
LINE
8
BLACK
6
CONTINUOUS
10
4.4959610236220469
20
-4.1069151574803149
11
4.4959312204724409
21
-4.1069871259842516
0
LINE
8
BLACK
6
CONTINUOUS
10
4.4959312204724409
20
-4.1069871259842516
11
4.495864724409449
21
-4.1070680708661413
0
LINE
8
BLACK
6
CONTINUOUS
10
4.495864724409449
20
-4.1070680708661413
11
4.4958087795275592
21
-4.1071570472440948
0
LINE
8
BLACK
6
CONTINUOUS
10
4.4958087795275592
20
-4.1071570472440948
11
4.4957497637795276
21
-4.1072081889763776
0
LINE
8
BLACK
6
CONTINUOUS
10
4.4957497637795276
20
-4.1072081889763776
11
4.4955640157480312
21
-4.1074345669291334
0
LINE
8
BLACK
6
CONTINUOUS
10
4.4955640157480312
20
-4.1074345669291334
11
4.493902401574803
21
-4.1090961811023625
0
LINE
8
BLACK
6
CONTINUOUS
10
4.493902401574803
20
-4.1090961811023625
11
4.4955640157480312
21
-4.1107577952755907
0
LINE
8
BLACK
6
CONTINUOUS
10
4.4955640157480312
20
-4.1107577952755907
11
4.4957497637795276
21
-4.1109841338582678
0
LINE
8
BLACK
6
CONTINUOUS
10
4.4957497637795276
20
-4.1109841338582678
11
4.4958087795275592
21
-4.1110353149606302
0
LINE
8
BLACK
6
CONTINUOUS
10
4.4958087795275592
20
-4.1110353149606302
11
4.495864724409449
21
-4.1111242519685041
0
LINE
8
BLACK
6
CONTINUOUS
10
4.495864724409449
20
-4.1111242519685041
11
4.4959312204724409
21
-4.1112052362204725
0
LINE
8
BLACK
6
CONTINUOUS
10
4.4959312204724409
20
-4.1112052362204725
11
4.4959610236220469
21
-4.1112771653543305
0
LINE
8
BLACK
6
CONTINUOUS
10
4.4959610236220469
20
-4.1112771653543305
11
4.4961171259842523
21
-4.1115251968503932
0
LINE
8
BLACK
6
CONTINUOUS
10
4.4961171259842523
20
-4.1115251968503932
11
4.4979918897637798
21
-4.1152747244094483
0
LINE
8
BLACK
6
CONTINUOUS
10
4.4979918897637798
20
-4.1152747244094483
11
4.4981987795275593
21
-4.1158153149606296
0
LINE
8
BLACK
6
CONTINUOUS
10
4.4981987795275593
20
-4.1158153149606296
11
4.4982062992125984
21
-4.1159211811023617
0
LINE
8
BLACK
6
CONTINUOUS
10
4.4982062992125984
20
-4.1159211811023617
11
4.4982468897637791
21
-4.116019173228346
0
LINE
8
BLACK
6
CONTINUOUS
10
4.4982468897637791
20
-4.116019173228346
11
4.4983036220472439
21
-4.1165952362204727
0
LINE
8
BLACK
6
CONTINUOUS
10
4.4983036220472439
20
-4.1165952362204727
11
4.4983036220472439
21
-4.124094291338583
0
LINE
8
BLACK
6
CONTINUOUS
10
4.4983036220472439
20
-4.124094291338583
11
4.4982468897637791
21
-4.1246703543307088
0
LINE
8
BLACK
6
CONTINUOUS
10
4.4982468897637791
20
-4.1246703543307088
11
4.4982062992125984
21
-4.1247683070866143
0
LINE
8
BLACK
6
CONTINUOUS
10
4.4982062992125984
20
-4.1247683070866143
11
4.4981987795275593
21
-4.1248742125984252
0
LINE
8
BLACK
6
CONTINUOUS
10
4.4981987795275593
20
-4.1248742125984252
11
4.4979918897637798
21
-4.1254148031496065
0
LINE
8
BLACK
6
CONTINUOUS
10
4.4979918897637798
20
-4.1254148031496065
11
4.4961171259842523
21
-4.1291643307086616
0
LINE
8
BLACK
6
CONTINUOUS
10
4.4961171259842523
20
-4.1291643307086616
11
4.4959610629921256
21
-4.1294122047244093
0
LINE
8
BLACK
6
CONTINUOUS
10
4.4959610629921256
20
-4.1294122047244093
11
4.4959312598425196
21
-4.1294842519685035
0
LINE
8
BLACK
6
CONTINUOUS
10
4.4959312598425196
20
-4.1294842519685035
11
4.495864724409449
21
-4.1295652755905508
0
LINE
8
BLACK
6
CONTINUOUS
10
4.495864724409449
20
-4.1295652755905508
11
4.4958087795275592
21
-4.1296542125984255
0
LINE
8
BLACK
6
CONTINUOUS
10
4.4958087795275592
20
-4.1296542125984255
11
4.4957497637795276
21
-4.1297053543307083
0
LINE
8
BLACK
6
CONTINUOUS
10
4.4957497637795276
20
-4.1297053543307083
11
4.4955640157480312
21
-4.1299317322834641
0
LINE
8
BLACK
6
CONTINUOUS
10
4.4955640157480312
20
-4.1299317322834641
11
4.4936892913385824
21
-4.1318064960629917
0
LINE
8
BLACK
6
CONTINUOUS
10
4.4936892913385824
20
-4.1318064960629917
11
4.4934629133858266
21
-4.1319922440944881
0
LINE
8
BLACK
6
CONTINUOUS
10
4.4934629133858266
20
-4.1319922440944881
11
4.4934117322834641
21
-4.1320512992125984
0
LINE
8
BLACK
6
CONTINUOUS
10
4.4934117322834641
20
-4.1320512992125984
11
4.4933227559055116
21
-4.1321072834645669
0
LINE
8
BLACK
6
CONTINUOUS
10
4.4933227559055116
20
-4.1321072834645669
11
4.4932418110236219
21
-4.1321737401574801
0
LINE
8
BLACK
6
CONTINUOUS
10
4.4932418110236219
20
-4.1321737401574801
11
4.4931698425196851
21
-4.1322035433070869
0
LINE
8
BLACK
6
CONTINUOUS
10
4.4931698425196851
20
-4.1322035433070869
11
4.4929218503937003
21
-4.1323596456692915
0
LINE
8
BLACK
6
CONTINUOUS
10
4.4929218503937003
20
-4.1323596456692915
11
4.4891723228346452
21
-4.134234409448819
0
LINE
8
BLACK
6
CONTINUOUS
10
4.4891723228346452
20
-4.134234409448819
11
4.488631692913386
21
-4.1344412992125985
0
LINE
8
BLACK
6
CONTINUOUS
10
4.488631692913386
20
-4.1344412992125985
11
4.4885258661417318
21
-4.1344487795275588
0
LINE
8
BLACK
6
CONTINUOUS
10
4.4885258661417318
20
-4.1344487795275588
11
4.4884278740157475
21
-4.1344894094488192
0
LINE
8
BLACK
6
CONTINUOUS
10
4.4884278740157475
20
-4.1344894094488192
11
4.4878518110236216
21
-4.1345461417322831
0
LINE
8
BLACK
6
CONTINUOUS
10
4.4878518110236216
20
-4.1345461417322831
11
4.4803527559055114
21
-4.1345461417322831
0
LINE
8
BLACK
6
CONTINUOUS
10
4.4803527559055114
20
-4.1345461417322831
11
4.4797766929133855
21
-4.1344894094488192
0
LINE
8
BLACK
6
CONTINUOUS
10
4.4797766929133855
20
-4.1344894094488192
11
4.4796787007874013
21
-4.1344488188976376
0
LINE
8
BLACK
6
CONTINUOUS
10
4.4796787007874013
20
-4.1344488188976376
11
4.4795728346456691
21
-4.1344412992125985
0
LINE
8
BLACK
6
CONTINUOUS
10
4.4795728346456691
20
-4.1344412992125985
11
4.4790322440944879
21
-4.134234409448819
0
LINE
8
BLACK
6
CONTINUOUS
10
4.4790322440944879
20
-4.134234409448819
11
4.4752827165354327
21
-4.1323596456692915
0
LINE
8
BLACK
6
CONTINUOUS
10
4.4752827165354327
20
-4.1323596456692915
11
4.4750346850393701
21
-4.1322035433070869
0
LINE
8
BLACK
6
CONTINUOUS
10
4.4750346850393701
20
-4.1322035433070869
11
4.4749627559055121
21
-4.1321737401574801
0
LINE
8
BLACK
6
CONTINUOUS
10
4.4749627559055121
20
-4.1321737401574801
11
4.4748817716535436
21
-4.1321072834645669
0
LINE
8
BLACK
6
CONTINUOUS
10
4.4748817716535436
20
-4.1321072834645669
11
4.4747928346456689
21
-4.1320512992125984
0
LINE
8
BLACK
6
CONTINUOUS
10
4.4747928346456689
20
-4.1320512992125984
11
4.4747416141732286
21
-4.1319922440944881
0
LINE
8
BLACK
6
CONTINUOUS
10
4.4747416141732286
20
-4.1319922440944881
11
4.4745152755905515
21
-4.1318064960629917
0
LINE
8
BLACK
6
CONTINUOUS
10
4.4745152755905515
20
-4.1318064960629917
11
4.472640511811024
21
-4.1299316929133854
0
LINE
8
BLACK
6
CONTINUOUS
10
4.472640511811024
20
-4.1299316929133854
11
4.4724547637795276
21
-4.1297053543307083
0
LINE
8
BLACK
6
CONTINUOUS
10
4.4724547637795276
20
-4.1297053543307083
11
4.4723957874015747
21
-4.1296542125984255
0
LINE
8
BLACK
6
CONTINUOUS
10
4.4723957874015747
20
-4.1296542125984255
11
4.4723398031496062
21
-4.1295652755905508
0
LINE
8
BLACK
6
CONTINUOUS
10
4.4723398031496062
20
-4.1295652755905508
11
4.4722733070866143
21
-4.1294842519685035
0
LINE
8
BLACK
6
CONTINUOUS
10
4.4722733070866143
20
-4.1294842519685035
11
4.4722434645669287
21
-4.1294122047244093
0
LINE
8
BLACK
6
CONTINUOUS
10
4.4722434645669287
20
-4.1294122047244093
11
4.4720874409448816
21
-4.1291643307086616
0
LINE
8
BLACK
6
CONTINUOUS
10
4.4720874409448816
20
-4.1291643307086616
11
4.4702126771653541
21
-4.1254148031496065
0
LINE
8
BLACK
6
CONTINUOUS
10
4.4702126771653541
20
-4.1254148031496065
11
4.4700057874015746
21
-4.1248741732283465
0
LINE
8
BLACK
6
CONTINUOUS
10
4.4700057874015746
20
-4.1248741732283465
11
4.4699982677165355
21
-4.1247683464566931
0
LINE
8
BLACK
6
CONTINUOUS
10
4.4699982677165355
20
-4.1247683464566931
11
4.469957677165354
21
-4.1246703543307088
0
LINE
8
BLACK
6
CONTINUOUS
10
4.469957677165354
20
-4.1246703543307088
11
4.46990094488189
21
-4.124094291338583
0
LINE
8
BLACK
6
CONTINUOUS
10
4.46990094488189
20
-4.124094291338583
11
4.46990094488189
21
-4.1165952362204727
0
LINE
8
BLACK
6
CONTINUOUS
10
4.46990094488189
20
-4.1165952362204727
11
4.469957677165354
21
-4.116019173228346
0
LINE
8
BLACK
6
CONTINUOUS
10
4.469957677165354
20
-4.116019173228346
11
4.4699982677165355
21
-4.115921141732283
0
LINE
8
BLACK
6
CONTINUOUS
10
4.4699982677165355
20
-4.115921141732283
11
4.4700057874015746
21
-4.1158153543307083
0
LINE
8
BLACK
6
CONTINUOUS
10
4.4700057874015746
20
-4.1158153543307083
11
4.4702126771653541
21
-4.1152747244094483
0
LINE
8
BLACK
6
CONTINUOUS
10
4.4702126771653541
20
-4.1152747244094483
11
4.4720874409448816
21
-4.1115251968503932
0
LINE
8
BLACK
6
CONTINUOUS
10
4.4720874409448816
20
-4.1115251968503932
11
4.4722435039370074
21
-4.1112771653543305
0
LINE
8
BLACK
6
CONTINUOUS
10
4.4722435039370074
20
-4.1112771653543305
11
4.4722733464566931
21
-4.1112052362204725
0
LINE
8
BLACK
6
CONTINUOUS
10
4.4722733464566931
20
-4.1112052362204725
11
4.4723398031496062
21
-4.1111242519685041
0
LINE
8
BLACK
6
CONTINUOUS
10
4.4723398031496062
20
-4.1111242519685041
11
4.4723957874015747
21
-4.1110353149606302
0
LINE
8
BLACK
6
CONTINUOUS
10
4.4723957874015747
20
-4.1110353149606302
11
4.4724547637795276
21
-4.1109841338582678
0
LINE
8
BLACK
6
CONTINUOUS
10
4.4724547637795276
20
-4.1109841338582678
11
4.4726405511811018
21
-4.1107577952755907
0
LINE
8
BLACK
6
CONTINUOUS
10
4.4726405511811018
20
-4.1107577952755907
11
4.4743021653543309
21
-4.1090961811023625
0
LINE
8
BLACK
6
CONTINUOUS
10
4.4743021653543309
20
-4.1090961811023625
11
4.4726405511811018
21
-4.1074345669291334
0
LINE
8
BLACK
6
CONTINUOUS
10
4.4726405511811018
20
-4.1074345669291334
11
4.4724547637795276
21
-4.1072081889763776
0
LINE
8
BLACK
6
CONTINUOUS
10
4.4724547637795276
20
-4.1072081889763776
11
4.4723957874015747
21
-4.1071570472440948
0
LINE
8
BLACK
6
CONTINUOUS
10
4.4723957874015747
20
-4.1071570472440948
11
4.4723398031496062
21
-4.1070680708661413
0
LINE
8
BLACK
6
CONTINUOUS
10
4.4723398031496062
20
-4.1070680708661413
11
4.4722733464566931
21
-4.1069871259842516
0
LINE
8
BLACK
6
CONTINUOUS
10
4.4722733464566931
20
-4.1069871259842516
11
4.4722435039370074
21
-4.1069151574803149
0
LINE
8
BLACK
6
CONTINUOUS
10
4.4722435039370074
20
-4.1069151574803149
11
4.4720874409448816
21
-4.106667165354331
0
LINE
8
BLACK
6
CONTINUOUS
10
4.4720874409448816
20
-4.106667165354331
11
4.4702126771653541
21
-4.1029176377952759
0
LINE
8
BLACK
6
CONTINUOUS
10
4.4702126771653541
20
-4.1029176377952759
11
4.4700057874015746
21
-4.1023770078740158
0
LINE
8
BLACK
6
CONTINUOUS
10
4.4700057874015746
20
-4.1023770078740158
11
4.4699982677165355
21
-4.1022711811023624
0
LINE
8
BLACK
6
CONTINUOUS
10
4.4699982677165355
20
-4.1022711811023624
11
4.469957677165354
21
-4.1021731889763782
0
LINE
8
BLACK
6
CONTINUOUS
10
4.469957677165354
20
-4.1021731889763782
11
4.46990094488189
21
-4.1015971259842523
0
LINE
8
BLACK
6
CONTINUOUS
10
4.46990094488189
20
-4.1015971259842523
11
4.46990094488189
21
-4.0997223622047247
0
LINE
8
BLACK
6
CONTINUOUS
10
4.46990094488189
20
-4.0997223622047247
11
4.469957677165354
21
-4.099146299212598
0
LINE
8
BLACK
6
CONTINUOUS
10
4.469957677165354
20
-4.099146299212598
11
4.4699982677165355
21
-4.099048267716535
0
LINE
8
BLACK
6
CONTINUOUS
10
4.4699982677165355
20
-4.099048267716535
11
4.4700057874015746
21
-4.0989424803149603
0
LINE
8
BLACK
6
CONTINUOUS
10
4.4700057874015746
20
-4.0989424803149603
11
4.4702126771653541
21
-4.0984018503937003
0
LINE
8
BLACK
6
CONTINUOUS
10
4.4702126771653541
20
-4.0984018503937003
11
4.4720874409448816
21
-4.0946523228346452
0
LINE
8
BLACK
6
CONTINUOUS
10
4.4720874409448816
20
-4.0946523228346452
11
4.4722435039370074
21
-4.0944042913385825
0
LINE
8
BLACK
6
CONTINUOUS
10
4.4722435039370074
20
-4.0944042913385825
11
4.4722733464566931
21
-4.0943323622047245
0
LINE
8
BLACK
6
CONTINUOUS
10
4.4722733464566931
20
-4.0943323622047245
11
4.4723398031496062
21
-4.0942513779527561
0
LINE
8
BLACK
6
CONTINUOUS
10
4.4723398031496062
20
-4.0942513779527561
11
4.4723957874015747
21
-4.0941624409448814
0
LINE
8
BLACK
6
CONTINUOUS
10
4.4723957874015747
20
-4.0941624409448814
11
4.4724547637795276
21
-4.0941112598425198
0
LINE
8
BLACK
6
CONTINUOUS
10
4.4724547637795276
20
-4.0941112598425198
11
4.4726405511811018
21
-4.0938849212598427
0
LINE
8
BLACK
6
CONTINUOUS
10
4.4726405511811018
20
-4.0938849212598427
11
4.4745153149606303
21
-4.0920101574803152
0
LINE
8
BLACK
6
CONTINUOUS
10
4.4745153149606303
20
-4.0920101574803152
11
4.4747416535433073
21
-4.09182437007874
0
LINE
8
BLACK
6
CONTINUOUS
10
4.4747416535433073
20
-4.09182437007874
11
4.4747928346456689
21
-4.0917653937007872
0
LINE
8
BLACK
6
CONTINUOUS
10
4.4747928346456689
20
-4.0917653937007872
11
4.4748817716535436
21
-4.0917094094488187
0
LINE
8
BLACK
6
CONTINUOUS
10
4.4748817716535436
20
-4.0917094094488187
11
4.4749627559055121
21
-4.0916429527559055
0
LINE
8
BLACK
6
CONTINUOUS
10
4.4749627559055121
20
-4.0916429527559055
11
4.4750346850393701
21
-4.0916131102362208
0
LINE
8
BLACK
6
CONTINUOUS
10
4.4750346850393701
20
-4.0916131102362208
11
4.4752827165354327
21
-4.0914570472440941
0
LINE
8
BLACK
6
CONTINUOUS
10
4.4752827165354327
20
-4.0914570472440941
11
4.4790322440944879
21
-4.0895822834645665
0
LINE
8
BLACK
6
CONTINUOUS
10
4.4790322440944879
20
-4.0895822834645665
11
4.4795728346456691
21
-4.0893753937007871
0
LINE
8
BLACK
6
CONTINUOUS
10
4.4795728346456691
20
-4.0893753937007871
11
4.4796787007874013
21
-4.0893678346456692
0
LINE
8
BLACK
6
CONTINUOUS
10
4.4796787007874013
20
-4.0893678346456692
11
4.4797766929133855
21
-4.0893272834645664
0
LINE
8
BLACK
6
CONTINUOUS
10
4.4797766929133855
20
-4.0893272834645664
11
4.4803527559055114
21
-4.0892705511811025
0
LINE
8
BLACK
6
CONTINUOUS
10
4.4803527559055114
20
-4.0892705511811025
11
4.4878518110236216
21
-4.0892705511811025
0
LINE
8
BLACK
6
CONTINUOUS
10
4.4878518110236216
20
-4.0892705511811025
11
4.4884278740157475
21
-4.0893272834645664
0
LINE
8
BLACK
6
CONTINUOUS
10
4.4783523228346453
20
-4.113397677165354
11
4.4771551968503935
21
-4.1145948031496058
0
LINE
8
BLACK
6
CONTINUOUS
10
4.4771551968503935
20
-4.1145948031496058
11
4.4758064566929132
21
-4.1172922834645664
0
LINE
8
BLACK
6
CONTINUOUS
10
4.4758064566929132
20
-4.1172922834645664
11
4.4758064566929132
21
-4.1233972440944884
0
LINE
8
BLACK
6
CONTINUOUS
10
4.4758064566929132
20
-4.1233972440944884
11
4.4771551968503935
21
-4.126094724409449
0
LINE
8
BLACK
6
CONTINUOUS
10
4.4771551968503935
20
-4.126094724409449
11
4.4783523228346453
21
-4.1272918897637796
0
LINE
8
BLACK
6
CONTINUOUS
10
4.4783523228346453
20
-4.1272918897637796
11
4.481049803149606
21
-4.1286406299212599
0
LINE
8
BLACK
6
CONTINUOUS
10
4.481049803149606
20
-4.1286406299212599
11
4.487154763779527
21
-4.1286406299212599
0
LINE
8
BLACK
6
CONTINUOUS
10
4.487154763779527
20
-4.1286406299212599
11
4.4898522047244089
21
-4.1272918897637796
0
LINE
8
BLACK
6
CONTINUOUS
10
4.4898522047244089
20
-4.1272918897637796
11
4.4910493307086616
21
-4.126094724409449
0
LINE
8
BLACK
6
CONTINUOUS
10
4.4910493307086616
20
-4.126094724409449
11
4.4923981102362207
21
-4.1233972440944884
0
LINE
8
BLACK
6
CONTINUOUS
10
4.4923981102362207
20
-4.1233972440944884
11
4.4923981102362207
21
-4.1172922834645664
0
LINE
8
BLACK
6
CONTINUOUS
10
4.4923981102362207
20
-4.1172922834645664
11
4.4910493700787404
21
-4.1145948031496058
0
LINE
8
BLACK
6
CONTINUOUS
10
4.4910493700787404
20
-4.1145948031496058
11
4.4898522440944877
21
-4.113397677165354
0
LINE
8
BLACK
6
CONTINUOUS
10
4.4898522440944877
20
-4.113397677165354
11
4.487154763779527
21
-4.1120489370078737
0
LINE
8
BLACK
6
CONTINUOUS
10
4.487154763779527
20
-4.1120489370078737
11
4.481049803149606
21
-4.1120489370078737
0
LINE
8
BLACK
6
CONTINUOUS
10
4.481049803149606
20
-4.1120489370078737
11
4.4783523228346453
21
-4.113397677165354
0
LINE
8
BLACK
6
CONTINUOUS
10
4.4783523228346453
20
-4.096524803149606
11
4.4771551968503935
21
-4.0977219291338578
0
LINE
8
BLACK
6
CONTINUOUS
10
4.4771551968503935
20
-4.0977219291338578
11
4.4758064566929132
21
-4.1004194094488184
0
LINE
8
BLACK
6
CONTINUOUS
10
4.4758064566929132
20
-4.1004194094488184
11
4.4758064566929132
21
-4.1009000787401577
0
LINE
8
BLACK
6
CONTINUOUS
10
4.4758064566929132
20
-4.1009000787401577
11
4.4771551968503935
21
-4.1035975590551184
0
LINE
8
BLACK
6
CONTINUOUS
10
4.4771551968503935
20
-4.1035975590551184
11
4.4783523228346453
21
-4.1047946850393702
0
LINE
8
BLACK
6
CONTINUOUS
10
4.4783523228346453
20
-4.1047946850393702
11
4.481049803149606
21
-4.1061434251968505
0
LINE
8
BLACK
6
CONTINUOUS
10
4.481049803149606
20
-4.1061434251968505
11
4.487154763779527
21
-4.1061434251968505
0
LINE
8
BLACK
6
CONTINUOUS
10
4.487154763779527
20
-4.1061434251968505
11
4.4898522440944877
21
-4.1047946850393702
0
LINE
8
BLACK
6
CONTINUOUS
10
4.4898522440944877
20
-4.1047946850393702
11
4.4910493700787404
21
-4.1035975590551184
0
LINE
8
BLACK
6
CONTINUOUS
10
4.4910493700787404
20
-4.1035975590551184
11
4.4923981102362207
21
-4.1009000787401577
0
LINE
8
BLACK
6
CONTINUOUS
10
4.4923981102362207
20
-4.1009000787401577
11
4.4923981102362207
21
-4.1004194094488184
0
LINE
8
BLACK
6
CONTINUOUS
10
4.4923981102362207
20
-4.1004194094488184
11
4.4910493700787404
21
-4.0977219291338578
0
LINE
8
BLACK
6
CONTINUOUS
10
4.4910493700787404
20
-4.0977219291338578
11
4.4898522440944877
21
-4.096524803149606
0
LINE
8
BLACK
6
CONTINUOUS
10
4.4898522440944877
20
-4.096524803149606
11
4.487154763779527
21
-4.0951760629921257
0
LINE
8
BLACK
6
CONTINUOUS
10
4.487154763779527
20
-4.0951760629921257
11
4.481049803149606
21
-4.0951760629921257
0
LINE
8
BLACK
6
CONTINUOUS
10
4.481049803149606
20
-4.0951760629921257
11
4.4783523228346453
21
-4.096524803149606
0
LINE
8
BLACK
6
CONTINUOUS
10
4.5385344881889766
20
-4.0893272834645664
11
4.5390465354330711
21
-4.0893272834645664
0
LINE
8
BLACK
6
CONTINUOUS
10
4.5390465354330711
20
-4.0893272834645664
11
4.5391072834645669
21
-4.0893524409448814
0
LINE
8
BLACK
6
CONTINUOUS
10
4.5391072834645669
20
-4.0893524409448814
11
4.5391731496062988
21
-4.0893553543307082
0
LINE
8
BLACK
6
CONTINUOUS
10
4.5391731496062988
20
-4.0893553543307082
11
4.539637992125984
21
-4.0895722440944882
0
LINE
8
BLACK
6
CONTINUOUS
10
4.539637992125984
20
-4.0895722440944882
11
4.5401109448818895
21
-4.0897681889763779
0
LINE
8
BLACK
6
CONTINUOUS
10
4.5401109448818895
20
-4.0897681889763779
11
4.5401574409448822
21
-4.0898146850393697
0
LINE
8
BLACK
6
CONTINUOUS
10
4.5401574409448822
20
-4.0898146850393697
11
4.5402171653543304
21
-4.0898425590551177
0
LINE
8
BLACK
6
CONTINUOUS
10
4.5402171653543304
20
-4.0898425590551177
11
4.540563385826772
21
-4.0902206299212596
0
LINE
8
BLACK
6
CONTINUOUS
10
4.540563385826772
20
-4.0902206299212596
11
4.5409255905511809
21
-4.0905828346456694
0
LINE
8
BLACK
6
CONTINUOUS
10
4.5409255905511809
20
-4.0905828346456694
11
4.5409507874015747
21
-4.0906436614173227
0
LINE
8
BLACK
6
CONTINUOUS
10
4.5409507874015747
20
-4.0906436614173227
11
4.5409952755905509
21
-4.0906922440944884
0
LINE
8
BLACK
6
CONTINUOUS
10
4.5409952755905509
20
-4.0906922440944884
11
4.5411703543307089
21
-4.0911737401574806
0
LINE
8
BLACK
6
CONTINUOUS
10
4.5411703543307089
20
-4.0911737401574806
11
4.5413664960629916
21
-4.0916472440944878
0
LINE
8
BLACK
6
CONTINUOUS
10
4.5413664960629916
20
-4.0916472440944878
11
4.541375393700787
21
-4.0917375984251967
0
LINE
8
BLACK
6
CONTINUOUS
10
4.541375393700787
20
-4.0917375984251967
11
4.5413889763779522
21
-4.0917749606299214
0
LINE
8
BLACK
6
CONTINUOUS
10
4.5413889763779522
20
-4.0917749606299214
11
4.5413859055118113
21
-4.0918444881889764
0
LINE
8
BLACK
6
CONTINUOUS
10
4.5413859055118113
20
-4.0918444881889764
11
4.5414232283464564
21
-4.0922233070866136
0
LINE
8
BLACK
6
CONTINUOUS
10
4.5414232283464564
20
-4.0922233070866136
11
4.5414232283464564
21
-4.1315933858267719
0
LINE
8
BLACK
6
CONTINUOUS
10
4.5414232283464564
20
-4.1315933858267719
11
4.5413664960629916
21
-4.1321694488188978
0
LINE
8
BLACK
6
CONTINUOUS
10
4.5413664960629916
20
-4.1321694488188978
11
4.5409255905511809
21
-4.1332338582677162
0
LINE
8
BLACK
6
CONTINUOUS
10
4.5409255905511809
20
-4.1332338582677162
11
4.5401109448818895
21
-4.1340485039370076
0
LINE
8
BLACK
6
CONTINUOUS
10
4.5401109448818895
20
-4.1340485039370076
11
4.5390465354330711
21
-4.1344894094488192
0
LINE
8
BLACK
6
CONTINUOUS
10
4.5390465354330711
20
-4.1344894094488192
11
4.5378944094488185
21
-4.1344894094488192
0
LINE
8
BLACK
6
CONTINUOUS
10
4.5378944094488185
20
-4.1344894094488192
11
4.5368300000000001
21
-4.1340485039370076
0
LINE
8
BLACK
6
CONTINUOUS
10
4.5368300000000001
20
-4.1340485039370076
11
4.5360153543307087
21
-4.1332338582677162
0
LINE
8
BLACK
6
CONTINUOUS
10
4.5360153543307087
20
-4.1332338582677162
11
4.5355744488188972
21
-4.1321694488188978
0
LINE
8
BLACK
6
CONTINUOUS
10
4.5355744488188972
20
-4.1321694488188978
11
4.5355177165354332
21
-4.1315933858267719
0
LINE
8
BLACK
6
CONTINUOUS
10
4.5355177165354332
20
-4.1315933858267719
11
4.5355177165354332
21
-4.105533031496063
0
LINE
8
BLACK
6
CONTINUOUS
10
4.5355177165354332
20
-4.105533031496063
11
4.5280228740157478
21
-4.12159342519685
0
LINE
8
BLACK
6
CONTINUOUS
10
4.5280228740157478
20
-4.12159342519685
11
4.5278979133858268
21
-4.1218043307086614
0
LINE
8
BLACK
6
CONTINUOUS
10
4.5278979133858268
20
-4.1218043307086614
11
4.5278719291338581
21
-4.1218758267716531
0
LINE
8
BLACK
6
CONTINUOUS
10
4.5278719291338581
20
-4.1218758267716531
11
4.5278255905511813
21
-4.1219263779527555
0
LINE
8
BLACK
6
CONTINUOUS
10
4.5278255905511813
20
-4.1219263779527555
11
4.5277278346456695
21
-4.122091456692913
0
LINE
8
BLACK
6
CONTINUOUS
10
4.5277278346456695
20
-4.122091456692913
11
4.5273970078740158
21
-4.12239437007874
0
LINE
8
BLACK
6
CONTINUOUS
10
4.5273970078740158
20
-4.12239437007874
11
4.5270938188976375
21
-4.1227255118110238
0
LINE
8
BLACK
6
CONTINUOUS
10
4.5270938188976375
20
-4.1227255118110238
11
4.5269748425196852
21
-4.1227809842519685
0
LINE
8
BLACK
6
CONTINUOUS
10
4.5269748425196852
20
-4.1227809842519685
11
4.5268781889763776
21
-4.1228695669291335
0
LINE
8
BLACK
6
CONTINUOUS
10
4.5268781889763776
20
-4.1228695669291335
11
4.5264566929133858
21
-4.12302279527559
0
LINE
8
BLACK
6
CONTINUOUS
10
4.5264566929133858
20
-4.12302279527559
11
4.5260498031496059
21
-4.1232127165354333
0
LINE
8
BLACK
6
CONTINUOUS
10
4.5260498031496059
20
-4.1232127165354333
11
4.5259186220472438
21
-4.1232184645669294
0
LINE
8
BLACK
6
CONTINUOUS
10
4.5259186220472438
20
-4.1232184645669294
11
4.5257954724409446
21
-4.1232632677165357
0
LINE
8
BLACK
6
CONTINUOUS
10
4.5257954724409446
20
-4.1232632677165357
11
4.525347362204724
21
-4.1232435826771656
0
LINE
8
BLACK
6
CONTINUOUS
10
4.525347362204724
20
-4.1232435826771656
11
4.5248987795275593
21
-4.1232633070866145
0
LINE
8
BLACK
6
CONTINUOUS
10
4.5248987795275593
20
-4.1232633070866145
11
4.524775472440945
21
-4.1232184645669294
0
LINE
8
BLACK
6
CONTINUOUS
10
4.524775472440945
20
-4.1232184645669294
11
4.5246444488188979
21
-4.1232127165354333
0
LINE
8
BLACK
6
CONTINUOUS
10
4.5246444488188979
20
-4.1232127165354333
11
4.5242377952755906
21
-4.1230229133858263
0
LINE
8
BLACK
6
CONTINUOUS
10
4.5242377952755906
20
-4.1230229133858263
11
4.5238160629921262
21
-4.1228695669291335
0
LINE
8
BLACK
6
CONTINUOUS
10
4.5238160629921262
20
-4.1228695669291335
11
4.5237192519685037
21
-4.122780905511811
0
LINE
8
BLACK
6
CONTINUOUS
10
4.5237192519685037
20
-4.122780905511811
11
4.5236004330708663
21
-4.122725472440945
0
LINE
8
BLACK
6
CONTINUOUS
10
4.5236004330708663
20
-4.122725472440945
11
4.5232974803149606
21
-4.1223946456692913
0
LINE
8
BLACK
6
CONTINUOUS
10
4.5232974803149606
20
-4.1223946456692913
11
4.5229664173228343
21
-4.1220914960629917
0
LINE
8
BLACK
6
CONTINUOUS
10
4.5229664173228343
20
-4.1220914960629917
11
4.5228685433070863
21
-4.121926299212598
0
LINE
8
BLACK
6
CONTINUOUS
10
4.5228685433070863
20
-4.121926299212598
11
4.5228223228346458
21
-4.1218758267716531
0
LINE
8
BLACK
6
CONTINUOUS
10
4.5228223228346458
20
-4.1218758267716531
11
4.522796338582677
21
-4.1218044488188976
0
LINE
8
BLACK
6
CONTINUOUS
10
4.522796338582677
20
-4.1218044488188976
11
4.5226713779527561
21
-4.1215934645669288
0
LINE
8
BLACK
6
CONTINUOUS
10
4.5226713779527561
20
-4.1215934645669288
11
4.5151765354330706
21
-4.105533031496063
0
LINE
8
BLACK
6
CONTINUOUS
10
4.5151765354330706
20
-4.105533031496063
11
4.5151765354330706
21
-4.1315933858267719
0
LINE
8
BLACK
6
CONTINUOUS
10
4.5151765354330706
20
-4.1315933858267719
11
4.5151198031496058
21
-4.1321694488188978
0
LINE
8
BLACK
6
CONTINUOUS
10
4.5151198031496058
20
-4.1321694488188978
11
4.5146788976377952
21
-4.1332338582677162
0
LINE
8
BLACK
6
CONTINUOUS
10
4.5146788976377952
20
-4.1332338582677162
11
4.5138642519685037
21
-4.1340485039370076
0
LINE
8
BLACK
6
CONTINUOUS
10
4.5138642519685037
20
-4.1340485039370076
11
4.5127998425196854
21
-4.1344894094488192
0
LINE
8
BLACK
6
CONTINUOUS
10
4.5127998425196854
20
-4.1344894094488192
11
4.5116477165354327
21
-4.1344894094488192
0
LINE
8
BLACK
6
CONTINUOUS
10
4.5116477165354327
20
-4.1344894094488192
11
4.5105833070866144
21
-4.1340485039370076
0
LINE
8
BLACK
6
CONTINUOUS
10
4.5105833070866144
20
-4.1340485039370076
11
4.5097686614173229
21
-4.1332338582677162
0
LINE
8
BLACK
6
CONTINUOUS
10
4.5097686614173229
20
-4.1332338582677162
11
4.5093277559055114
21
-4.1321694488188978
0
LINE
8
BLACK
6
CONTINUOUS
10
4.5093277559055114
20
-4.1321694488188978
11
4.5092710236220475
21
-4.1315933858267719
0
LINE
8
BLACK
6
CONTINUOUS
10
4.5092710236220475
20
-4.1315933858267719
11
4.5092710236220475
21
-4.0922233070866136
0
LINE
8
BLACK
6
CONTINUOUS
10
4.5092710236220475
20
-4.0922233070866136
11
4.5093083070866138
21
-4.0918444881889764
0
LINE
8
BLACK
6
CONTINUOUS
10
4.5093083070866138
20
-4.0918444881889764
11
4.5093052755905507
21
-4.0917749606299214
0
LINE
8
BLACK
6
CONTINUOUS
10
4.5093052755905507
20
-4.0917749606299214
11
4.5093188188976381
21
-4.0917375984251967
0
LINE
8
BLACK
6
CONTINUOUS
10
4.5093188188976381
20
-4.0917375984251967
11
4.5093277559055114
21
-4.0916472440944878
0
LINE
8
BLACK
6
CONTINUOUS
10
4.5093277559055114
20
-4.0916472440944878
11
4.5095238582677162
21
-4.0911737401574806
0
LINE
8
BLACK
6
CONTINUOUS
10
4.5095238582677162
20
-4.0911737401574806
11
4.5096989763779529
21
-4.0906922440944884
0
LINE
8
BLACK
6
CONTINUOUS
10
4.5096989763779529
20
-4.0906922440944884
11
4.5097434251968505
21
-4.0906436614173227
0
LINE
8
BLACK
6
CONTINUOUS
10
4.5097434251968505
20
-4.0906436614173227
11
4.5097686614173229
21
-4.0905828346456694
0
LINE
8
BLACK
6
CONTINUOUS
10
4.5097686614173229
20
-4.0905828346456694
11
4.5101310629921256
21
-4.090220393700787
0
LINE
8
BLACK
6
CONTINUOUS
10
4.5101310629921256
20
-4.090220393700787
11
4.5104770866141735
21
-4.0898425984251965
0
LINE
8
BLACK
6
CONTINUOUS
10
4.5104770866141735
20
-4.0898425984251965
11
4.5105367322834642
21
-4.0898147244094485
0
LINE
8
BLACK
6
CONTINUOUS
10
4.5105367322834642
20
-4.0898147244094485
11
4.5105833070866144
21
-4.0897681889763779
0
LINE
8
BLACK
6
CONTINUOUS
10
4.5105833070866144
20
-4.0897681889763779
11
4.5110565748031499
21
-4.0895721259842519
0
LINE
8
BLACK
6
CONTINUOUS
10
4.5110565748031499
20
-4.0895721259842519
11
4.511521102362205
21
-4.0893553543307082
0
LINE
8
BLACK
6
CONTINUOUS
10
4.511521102362205
20
-4.0893553543307082
11
4.5115868897637794
21
-4.0893524409448814
0
LINE
8
BLACK
6
CONTINUOUS
10
4.5115868897637794
20
-4.0893524409448814
11
4.5116477165354327
21
-4.0893272834645664
0
LINE
8
BLACK
6
CONTINUOUS
10
4.5116477165354327
20
-4.0893272834645664
11
4.512160275590551
21
-4.0893272834645664
0
LINE
8
BLACK
6
CONTINUOUS
10
4.512160275590551
20
-4.0893272834645664
11
4.5126721259842517
21
-4.0893048031496066
0
LINE
8
BLACK
6
CONTINUOUS
10
4.5126721259842517
20
-4.0893048031496066
11
4.5127339370078738
21
-4.0893272834645664
0
LINE
8
BLACK
6
CONTINUOUS
10
4.5127339370078738
20
-4.0893272834645664
11
4.5127998425196854
21
-4.0893272834645664
0
LINE
8
BLACK
6
CONTINUOUS
10
4.5127998425196854
20
-4.0893272834645664
11
4.5132733070866138
21
-4.0895233858267712
0
LINE
8
BLACK
6
CONTINUOUS
10
4.5132733070866138
20
-4.0895233858267712
11
4.5137548425196847
21
-4.089698503937008
0
LINE
8
BLACK
6
CONTINUOUS
10
4.5137548425196847
20
-4.089698503937008
11
4.5138033858267717
21
-4.0897429527559055
0
LINE
8
BLACK
6
CONTINUOUS
10
4.5138033858267717
20
-4.0897429527559055
11
4.5138642519685037
21
-4.0897681889763779
0
LINE
8
BLACK
6
CONTINUOUS
10
4.5138642519685037
20
-4.0897681889763779
11
4.5142266535433073
21
-4.0901305905511807
0
LINE
8
BLACK
6
CONTINUOUS
10
4.5142266535433073
20
-4.0901305905511807
11
4.5146044881889766
21
-4.0904766141732285
0
LINE
8
BLACK
6
CONTINUOUS
10
4.5146044881889766
20
-4.0904766141732285
11
4.5146507086614172
21
-4.0905546456692914
0
LINE
8
BLACK
6
CONTINUOUS
10
4.5146507086614172
20
-4.0905546456692914
11
4.5146788976377952
21
-4.0905828346456694
0
LINE
8
BLACK
6
CONTINUOUS
10
4.5146788976377952
20
-4.0905828346456694
11
4.5147055905511806
21
-4.0906472440944883
0
LINE
8
BLACK
6
CONTINUOUS
10
4.5147055905511806
20
-4.0906472440944883
11
4.5148995275590549
21
-4.0909746456692915
0
LINE
8
BLACK
6
CONTINUOUS
10
4.5148995275590549
20
-4.0909746456692915
11
4.5253470866141727
21
-4.1133623228346456
0
LINE
8
BLACK
6
CONTINUOUS
10
4.5253470866141727
20
-4.1133623228346456
11
4.535794724409449
21
-4.0909746062992127
0
LINE
8
BLACK
6
CONTINUOUS
10
4.535794724409449
20
-4.0909746062992127
11
4.5359887007874011
21
-4.0906471259842521
0
LINE
8
BLACK
6
CONTINUOUS
10
4.5359887007874011
20
-4.0906471259842521
11
4.5360153543307087
21
-4.0905828346456694
0
LINE
8
BLACK
6
CONTINUOUS
10
4.5360153543307087
20
-4.0905828346456694
11
4.5360434645669292
21
-4.0905546850393701
0
LINE
8
BLACK
6
CONTINUOUS
10
4.5360434645669292
20
-4.0905546850393701
11
4.5360897637795272
21
-4.0904765748031497
0
LINE
8
BLACK
6
CONTINUOUS
10
4.5360897637795272
20
-4.0904765748031497
11
4.5364678346456691
21
-4.0901303149606294
0
LINE
8
BLACK
6
CONTINUOUS
10
4.5364678346456691
20
-4.0901303149606294
11
4.5368300000000001
21
-4.0897681889763779
0
LINE
8
BLACK
6
CONTINUOUS
10
4.5368300000000001
20
-4.0897681889763779
11
4.5368908267716535
21
-4.0897429921259842
0
LINE
8
BLACK
6
CONTINUOUS
10
4.5368908267716535
20
-4.0897429921259842
11
4.5369394094488191
21
-4.089698503937008
0
LINE
8
BLACK
6
CONTINUOUS
10
4.5369394094488191
20
-4.089698503937008
11
4.5374212204724405
21
-4.089523267716535
0
LINE
8
BLACK
6
CONTINUOUS
10
4.5374212204724405
20
-4.089523267716535
11
4.5378944094488185
21
-4.0893272834645664
0
LINE
8
BLACK
6
CONTINUOUS
10
4.5378944094488185
20
-4.0893272834645664
11
4.5379601968503938
21
-4.0893272834645664
0
LINE
8
BLACK
6
CONTINUOUS
10
4.5379601968503938
20
-4.0893272834645664
11
4.5380221259842521
21
-4.0893047637795279
0
LINE
8
BLACK
6
CONTINUOUS
10
4.5380221259842521
20
-4.0893047637795279
11
4.5385344881889766
21
-4.0893272834645664
0
LINE
8
BLACK
6
CONTINUOUS
10
5.1864551181102359
20
-4.0675075984251965
11
5.1866349212598424
21
-4.0684115748031493
0
LINE
8
BLACK
6
CONTINUOUS
10
5.1866349212598424
20
-4.0684115748031493
11
5.1866349212598424
21
-4.1314037007874012
0
LINE
8
BLACK
6
CONTINUOUS
10
5.1866349212598424
20
-4.1314037007874012
11
5.1864551181102359
21
-4.132307677165354
0
LINE
8
BLACK
6
CONTINUOUS
10
5.1864551181102359
20
-4.132307677165354
11
5.1851766929133856
21
-4.1335861023622043
0
LINE
8
BLACK
6
CONTINUOUS
10
5.1851766929133856
20
-4.1335861023622043
11
5.1833687401574799
21
-4.1335861023622043
0
LINE
8
BLACK
6
CONTINUOUS
10
5.1833687401574799
20
-4.1335861023622043
11
5.1820903149606297
21
-4.132307677165354
0
LINE
8
BLACK
6
CONTINUOUS
10
5.1820903149606297
20
-4.132307677165354
11
5.1819105118110231
21
-4.1314037007874012
0
LINE
8
BLACK
6
CONTINUOUS
10
5.1819105118110231
20
-4.1314037007874012
11
5.1819105118110231
21
-4.0684115748031493
0
LINE
8
BLACK
6
CONTINUOUS
10
5.1819105118110231
20
-4.0684115748031493
11
5.1820903149606297
21
-4.0675075984251965
0
LINE
8
BLACK
6
CONTINUOUS
10
5.1820903149606297
20
-4.0675075984251965
11
5.1833687401574799
21
-4.0662291732283462
0
LINE
8
BLACK
6
CONTINUOUS
10
5.1833687401574799
20
-4.0662291732283462
11
5.1851766929133856
21
-4.0662291732283462
0
LINE
8
BLACK
6
CONTINUOUS
10
5.1851766929133856
20
-4.0662291732283462
11
5.1864551181102359
21
-4.0675075984251965
0
LINE
8
BLACK
6
CONTINUOUS
10
6.4581086614173229
20
-4.0675075984251965
11
6.4582884645669294
21
-4.0684115748031493
0
LINE
8
BLACK
6
CONTINUOUS
10
6.4582884645669294
20
-4.0684115748031493
11
6.4582884645669294
21
-4.1314037007874012
0
LINE
8
BLACK
6
CONTINUOUS
10
6.4582884645669294
20
-4.1314037007874012
11
6.4581086614173229
21
-4.132307677165354
0
LINE
8
BLACK
6
CONTINUOUS
10
6.4581086614173229
20
-4.132307677165354
11
6.4568302362204726
21
-4.1335861023622043
0
LINE
8
BLACK
6
CONTINUOUS
10
6.4568302362204726
20
-4.1335861023622043
11
6.455022283464567
21
-4.1335861023622043
0
LINE
8
BLACK
6
CONTINUOUS
10
6.455022283464567
20
-4.1335861023622043
11
6.4537438582677167
21
-4.132307677165354
0
LINE
8
BLACK
6
CONTINUOUS
10
6.4537438582677167
20
-4.132307677165354
11
6.4535640551181102
21
-4.1314037007874012
0
LINE
8
BLACK
6
CONTINUOUS
10
6.4535640551181102
20
-4.1314037007874012
11
6.4535640551181102
21
-4.0684115748031493
0
LINE
8
BLACK
6
CONTINUOUS
10
6.4535640551181102
20
-4.0684115748031493
11
6.4537438582677167
21
-4.0675075984251965
0
LINE
8
BLACK
6
CONTINUOUS
10
6.4537438582677167
20
-4.0675075984251965
11
6.455022283464567
21
-4.0662291732283462
0
LINE
8
BLACK
6
CONTINUOUS
10
6.455022283464567
20
-4.0662291732283462
11
6.4568302362204726
21
-4.0662291732283462
0
LINE
8
BLACK
6
CONTINUOUS
10
6.4568302362204726
20
-4.0662291732283462
11
6.4581086614173229
21
-4.0675075984251965
0
LINE
8
BLACK
6
CONTINUOUS
10
3.872955118110236
20
-3.8355666141732283
11
3.8731349212598425
21
-3.8364705905511811
0
LINE
8
BLACK
6
CONTINUOUS
10
3.8731349212598425
20
-3.8364705905511811
11
3.8731349212598425
21
-3.899462716535433
0
LINE
8
BLACK
6
CONTINUOUS
10
3.8731349212598425
20
-3.899462716535433
11
3.872955118110236
21
-3.9003666929133858
0
LINE
8
BLACK
6
CONTINUOUS
10
3.872955118110236
20
-3.9003666929133858
11
3.8716766929133857
21
-3.9016451181102361
0
LINE
8
BLACK
6
CONTINUOUS
10
3.8716766929133857
20
-3.9016451181102361
11
3.8698687401574801
21
-3.9016451181102361
0
LINE
8
BLACK
6
CONTINUOUS
10
3.8698687401574801
20
-3.9016451181102361
11
3.8685903149606298
21
-3.9003666929133858
0
LINE
8
BLACK
6
CONTINUOUS
10
3.8685903149606298
20
-3.9003666929133858
11
3.8684105118110237
21
-3.899462716535433
0
LINE
8
BLACK
6
CONTINUOUS
10
3.8684105118110237
20
-3.899462716535433
11
3.8684105118110237
21
-3.8364705905511811
0
LINE
8
BLACK
6
CONTINUOUS
10
3.8684105118110237
20
-3.8364705905511811
11
3.8685903149606298
21
-3.8355666141732283
0
LINE
8
BLACK
6
CONTINUOUS
10
3.8685903149606298
20
-3.8355666141732283
11
3.8698687401574801
21
-3.834288188976378
0
LINE
8
BLACK
6
CONTINUOUS
10
3.8698687401574801
20
-3.834288188976378
11
3.8716766929133857
21
-3.834288188976378
0
LINE
8
BLACK
6
CONTINUOUS
10
3.8716766929133857
20
-3.834288188976378
11
3.872955118110236
21
-3.8355666141732283
0
LINE
8
BLACK
6
CONTINUOUS
10
5.1446086614173225
20
-3.8355666141732283
11
5.1447884645669291
21
-3.8364705905511811
0
LINE
8
BLACK
6
CONTINUOUS
10
5.1447884645669291
20
-3.8364705905511811
11
5.1447884645669291
21
-3.899462716535433
0
LINE
8
BLACK
6
CONTINUOUS
10
5.1447884645669291
20
-3.899462716535433
11
5.1446086614173225
21
-3.9003666929133858
0
LINE
8
BLACK
6
CONTINUOUS
10
5.1446086614173225
20
-3.9003666929133858
11
5.1433302362204723
21
-3.9016451181102361
0
LINE
8
BLACK
6
CONTINUOUS
10
5.1433302362204723
20
-3.9016451181102361
11
5.1415222834645666
21
-3.9016451181102361
0
LINE
8
BLACK
6
CONTINUOUS
10
5.1415222834645666
20
-3.9016451181102361
11
5.1402438582677163
21
-3.9003666929133858
0
LINE
8
BLACK
6
CONTINUOUS
10
5.1402438582677163
20
-3.9003666929133858
11
5.1400640551181098
21
-3.899462716535433
0
LINE
8
BLACK
6
CONTINUOUS
10
5.1400640551181098
20
-3.899462716535433
11
5.1400640551181098
21
-3.8364705905511811
0
LINE
8
BLACK
6
CONTINUOUS
10
5.1400640551181098
20
-3.8364705905511811
11
5.1402438582677163
21
-3.8355666141732283
0
LINE
8
BLACK
6
CONTINUOUS
10
5.1402438582677163
20
-3.8355666141732283
11
5.1415222834645666
21
-3.834288188976378
0
LINE
8
BLACK
6
CONTINUOUS
10
5.1415222834645666
20
-3.834288188976378
11
5.1433302362204723
21
-3.834288188976378
0
LINE
8
BLACK
6
CONTINUOUS
10
5.1433302362204723
20
-3.834288188976378
11
5.1446086614173225
21
-3.8355666141732283
0
LINE
8
BLACK
6
CONTINUOUS
10
5.1864551181102359
20
-3.831287125984252
11
5.1866349212598424
21
-3.8321911023622048
0
LINE
8
BLACK
6
CONTINUOUS
10
5.1866349212598424
20
-3.8321911023622048
11
5.1866349212598424
21
-3.8951832283464567
0
LINE
8
BLACK
6
CONTINUOUS
10
5.1866349212598424
20
-3.8951832283464567
11
5.1864551181102359
21
-3.8960872047244095
0
LINE
8
BLACK
6
CONTINUOUS
10
5.1864551181102359
20
-3.8960872047244095
11
5.1851766929133856
21
-3.8973656299212598
0
LINE
8
BLACK
6
CONTINUOUS
10
5.1851766929133856
20
-3.8973656299212598
11
5.1833687401574799
21
-3.8973656299212598
0
LINE
8
BLACK
6
CONTINUOUS
10
5.1833687401574799
20
-3.8973656299212598
11
5.1820903149606297
21
-3.8960872047244095
0
LINE
8
BLACK
6
CONTINUOUS
10
5.1820903149606297
20
-3.8960872047244095
11
5.1819105118110231
21
-3.8951832283464567
0
LINE
8
BLACK
6
CONTINUOUS
10
5.1819105118110231
20
-3.8951832283464567
11
5.1819105118110231
21
-3.8321911023622048
0
LINE
8
BLACK
6
CONTINUOUS
10
5.1819105118110231
20
-3.8321911023622048
11
5.1820903149606297
21
-3.831287125984252
0
LINE
8
BLACK
6
CONTINUOUS
10
5.1820903149606297
20
-3.831287125984252
11
5.1833687401574799
21
-3.8300087007874013
0
LINE
8
BLACK
6
CONTINUOUS
10
5.1833687401574799
20
-3.8300087007874013
11
5.1851766929133856
21
-3.8300087007874013
0
LINE
8
BLACK
6
CONTINUOUS
10
5.1851766929133856
20
-3.8300087007874013
11
5.1864551181102359
21
-3.831287125984252
0
LINE
8
BLACK
6
CONTINUOUS
10
6.4581086614173229
20
-3.831287125984252
11
6.4582884645669294
21
-3.8321911023622048
0
LINE
8
BLACK
6
CONTINUOUS
10
6.4582884645669294
20
-3.8321911023622048
11
6.4582884645669294
21
-3.8951832283464567
0
LINE
8
BLACK
6
CONTINUOUS
10
6.4582884645669294
20
-3.8951832283464567
11
6.4581086614173229
21
-3.8960872047244095
0
LINE
8
BLACK
6
CONTINUOUS
10
6.4581086614173229
20
-3.8960872047244095
11
6.4568302362204726
21
-3.8973656299212598
0
LINE
8
BLACK
6
CONTINUOUS
10
6.4568302362204726
20
-3.8973656299212598
11
6.455022283464567
21
-3.8973656299212598
0
LINE
8
BLACK
6
CONTINUOUS
10
6.455022283464567
20
-3.8973656299212598
11
6.4537438582677167
21
-3.8960872047244095
0
LINE
8
BLACK
6
CONTINUOUS
10
6.4537438582677167
20
-3.8960872047244095
11
6.4535640551181102
21
-3.8951832283464567
0
LINE
8
BLACK
6
CONTINUOUS
10
6.4535640551181102
20
-3.8951832283464567
11
6.4535640551181102
21
-3.8321911023622048
0
LINE
8
BLACK
6
CONTINUOUS
10
6.4535640551181102
20
-3.8321911023622048
11
6.4537438582677167
21
-3.831287125984252
0
LINE
8
BLACK
6
CONTINUOUS
10
6.4537438582677167
20
-3.831287125984252
11
6.455022283464567
21
-3.8300087007874013
0
LINE
8
BLACK
6
CONTINUOUS
10
6.455022283464567
20
-3.8300087007874013
11
6.4568302362204726
21
-3.8300087007874013
0
LINE
8
BLACK
6
CONTINUOUS
10
6.4568302362204726
20
-3.8300087007874013
11
6.4581086614173229
21
-3.831287125984252
0
LINE
8
BLACK
6
CONTINUOUS
10
6.3531081102362199
20
-3.7307405511811025
11
6.3531511417322832
21
-3.7307341732283463
0
LINE
8
BLACK
6
CONTINUOUS
10
6.3531511417322832
20
-3.7307341732283463
11
6.3533666141732281
21
-3.730766023622047
0
LINE
8
BLACK
6
CONTINUOUS
10
6.3533666141732281
20
-3.730766023622047
11
6.3535836614173231
21
-3.730787401574803
0
LINE
8
BLACK
6
CONTINUOUS
10
6.3535836614173231
20
-3.730787401574803
11
6.3536238582677163
21
-3.7308040157480313
0
LINE
8
BLACK
6
CONTINUOUS
10
6.3536238582677163
20
-3.7308040157480313
11
6.3537237401574798
21
-3.7308188188976379
0
LINE
8
BLACK
6
CONTINUOUS
10
6.3537237401574798
20
-3.7308188188976379
11
6.36122279527559
21
-3.7326935826771654
0
LINE
8
BLACK
6
CONTINUOUS
10
6.36122279527559
20
-3.7326935826771654
11
6.3612652755905508
21
-3.7327087401574803
0
LINE
8
BLACK
6
CONTINUOUS
10
6.3612652755905508
20
-3.7327087401574803
11
6.361286535433071
21
-3.7327102755905512
0
LINE
8
BLACK
6
CONTINUOUS
10
6.361286535433071
20
-3.7327102755905512
11
6.3615259448818895
21
-3.7328018897637794
0
LINE
8
BLACK
6
CONTINUOUS
10
6.3615259448818895
20
-3.7328018897637794
11
6.3617679133858269
21
-3.7328883464566927
0
LINE
8
BLACK
6
CONTINUOUS
10
6.3617679133858269
20
-3.7328883464566927
11
6.361785039370079
21
-3.732901023622047
0
LINE
8
BLACK
6
CONTINUOUS
10
6.361785039370079
20
-3.732901023622047
11
6.3618271653543301
21
-3.7329171653543307
0
LINE
8
BLACK
6
CONTINUOUS
10
6.3618271653543301
20
-3.7329171653543307
11
6.3655766929133861
21
-3.7347919291338583
0
LINE
8
BLACK
6
CONTINUOUS
10
6.3655766929133861
20
-3.7347919291338583
11
6.3658245669291338
21
-3.7349479527559053
0
LINE
8
BLACK
6
CONTINUOUS
10
6.3658245669291338
20
-3.7349479527559053
11
6.3658966141732281
21
-3.7349777952755905
0
LINE
8
BLACK
6
CONTINUOUS
10
6.3658966141732281
20
-3.7349777952755905
11
6.3659776377952753
21
-3.7350442913385824
0
LINE
8
BLACK
6
CONTINUOUS
10
6.3659776377952753
20
-3.7350442913385824
11
6.3660665748031491
21
-3.7351002755905509
0
LINE
8
BLACK
6
CONTINUOUS
10
6.3660665748031491
20
-3.7351002755905509
11
6.3661177165354328
21
-3.7351592519685037
0
LINE
8
BLACK
6
CONTINUOUS
10
6.3661177165354328
20
-3.7351592519685037
11
6.3663440551181099
21
-3.7353449999999997
0
LINE
8
BLACK
6
CONTINUOUS
10
6.3663440551181099
20
-3.7353449999999997
11
6.3682188582677162
21
-3.7372197637795277
0
LINE
8
BLACK
6
CONTINUOUS
10
6.3682188582677162
20
-3.7372197637795277
11
6.3684046062992126
21
-3.7374461023622048
0
LINE
8
BLACK
6
CONTINUOUS
10
6.3684046062992126
20
-3.7374461023622048
11
6.3684636614173229
21
-3.7374973228346455
0
LINE
8
BLACK
6
CONTINUOUS
10
6.3684636614173229
20
-3.7374973228346455
11
6.3685196456692914
21
-3.7375862598425198
0
LINE
8
BLACK
6
CONTINUOUS
10
6.3685196456692914
20
-3.7375862598425198
11
6.3685861023622046
21
-3.7376672440944883
0
LINE
8
BLACK
6
CONTINUOUS
10
6.3685861023622046
20
-3.7376672440944883
11
6.3686159055118106
21
-3.7377391732283463
0
LINE
8
BLACK
6
CONTINUOUS
10
6.3686159055118106
20
-3.7377391732283463
11
6.368772007874016
21
-3.7379872047244094
0
LINE
8
BLACK
6
CONTINUOUS
10
6.368772007874016
20
-3.7379872047244094
11
6.3706467716535435
21
-3.7417367322834645
0
LINE
8
BLACK
6
CONTINUOUS
10
6.3706467716535435
20
-3.7417367322834645
11
6.370853661417323
21
-3.7422773228346458
0
LINE
8
BLACK
6
CONTINUOUS
10
6.370853661417323
20
-3.7422773228346458
11
6.3708611811023621
21
-3.7423831889763779
0
LINE
8
BLACK
6
CONTINUOUS
10
6.3708611811023621
20
-3.7423831889763779
11
6.3709017716535428
21
-3.7424811811023622
0
LINE
8
BLACK
6
CONTINUOUS
10
6.3709017716535428
20
-3.7424811811023622
11
6.3709585039370076
21
-3.743057244094488
0
LINE
8
BLACK
6
CONTINUOUS
10
6.3709585039370076
20
-3.743057244094488
11
6.3709585039370076
21
-3.7468067716535431
0
LINE
8
BLACK
6
CONTINUOUS
10
6.3709585039370076
20
-3.7468067716535431
11
6.3709017716535428
21
-3.747382834645669
0
LINE
8
BLACK
6
CONTINUOUS
10
6.3709017716535428
20
-3.747382834645669
11
6.3708611811023621
21
-3.7474807874015745
0
LINE
8
BLACK
6
CONTINUOUS
10
6.3708611811023621
20
-3.7474807874015745
11
6.370853661417323
21
-3.7475866929133859
0
LINE
8
BLACK
6
CONTINUOUS
10
6.370853661417323
20
-3.7475866929133859
11
6.3706467716535435
21
-3.7481272834645667
0
LINE
8
BLACK
6
CONTINUOUS
10
6.3706467716535435
20
-3.7481272834645667
11
6.368772007874016
21
-3.7518768110236218
0
LINE
8
BLACK
6
CONTINUOUS
10
6.368772007874016
20
-3.7518768110236218
11
6.3686159055118106
21
-3.7521248031496062
0
LINE
8
BLACK
6
CONTINUOUS
10
6.3686159055118106
20
-3.7521248031496062
11
6.3685861023622046
21
-3.7521967716535434
0
LINE
8
BLACK
6
CONTINUOUS
10
6.3685861023622046
20
-3.7521967716535434
11
6.3685196456692914
21
-3.7522777165354331
0
LINE
8
BLACK
6
CONTINUOUS
10
6.3685196456692914
20
-3.7522777165354331
11
6.3684636614173229
21
-3.7523666929133856
0
LINE
8
BLACK
6
CONTINUOUS
10
6.3684636614173229
20
-3.7523666929133856
11
6.3684046062992126
21
-3.7524178740157481
0
LINE
8
BLACK
6
CONTINUOUS
10
6.3684046062992126
20
-3.7524178740157481
11
6.3682188582677162
21
-3.7526442519685039
0
LINE
8
BLACK
6
CONTINUOUS
10
6.3682188582677162
20
-3.7526442519685039
11
6.3663440551181099
21
-3.7545190157480315
0
LINE
8
BLACK
6
CONTINUOUS
10
6.3663440551181099
20
-3.7545190157480315
11
6.3661177165354328
21
-3.7547047244094487
0
LINE
8
BLACK
6
CONTINUOUS
10
6.3661177165354328
20
-3.7547047244094487
11
6.3660665748031491
21
-3.7547637401574803
0
LINE
8
BLACK
6
CONTINUOUS
10
6.3660665748031491
20
-3.7547637401574803
11
6.3659776377952753
21
-3.75481968503937
0
LINE
8
BLACK
6
CONTINUOUS
10
6.3659776377952753
20
-3.75481968503937
11
6.3658966141732281
21
-3.7548862204724407
0
LINE
8
BLACK
6
CONTINUOUS
10
6.3658966141732281
20
-3.7548862204724407
11
6.3658245669291338
21
-3.7549160236220471
0
LINE
8
BLACK
6
CONTINUOUS
10
6.3658245669291338
20
-3.7549160236220471
11
6.3655766929133861
21
-3.7550720866141734
0
LINE
8
BLACK
6
CONTINUOUS
10
6.3655766929133861
20
-3.7550720866141734
11
6.3618271653543301
21
-3.7569468503937009
0
LINE
8
BLACK
6
CONTINUOUS
10
6.3618271653543301
20
-3.7569468503937009
11
6.361785039370079
21
-3.7569629527559054
0
LINE
8
BLACK
6
CONTINUOUS
10
6.361785039370079
20
-3.7569629527559054
11
6.3617679133858269
21
-3.7569756692913385
0
LINE
8
BLACK
6
CONTINUOUS
10
6.3617679133858269
20
-3.7569756692913385
11
6.3615259448818895
21
-3.7570620866141731
0
LINE
8
BLACK
6
CONTINUOUS
10
6.3615259448818895
20
-3.7570620866141731
11
6.361286535433071
21
-3.7571537401574804
0
LINE
8
BLACK
6
CONTINUOUS
10
6.361286535433071
20
-3.7571537401574804
11
6.3612652755905508
21
-3.7571552362204725
0
LINE
8
BLACK
6
CONTINUOUS
10
6.3612652755905508
20
-3.7571552362204725
11
6.36122279527559
21
-3.7571704330708662
0
LINE
8
BLACK
6
CONTINUOUS
10
6.36122279527559
20
-3.7571704330708662
11
6.3537237401574798
21
-3.7590451968503937
0
LINE
8
BLACK
6
CONTINUOUS
10
6.3537237401574798
20
-3.7590451968503937
11
6.3536238582677163
21
-3.7590599606299211
0
LINE
8
BLACK
6
CONTINUOUS
10
6.3536238582677163
20
-3.7590599606299211
11
6.3535836614173231
21
-3.7590766141732281
0
LINE
8
BLACK
6
CONTINUOUS
10
6.3535836614173231
20
-3.7590766141732281
11
6.3533666141732281
21
-3.7590979527559054
0
LINE
8
BLACK
6
CONTINUOUS
10
6.3533666141732281
20
-3.7590979527559054
11
6.3531511417322832
21
-3.7591298425196848
0
LINE
8
BLACK
6
CONTINUOUS
10
6.3531511417322832
20
-3.7591298425196848
11
6.3531081102362199
21
-3.7591234251968504
0
LINE
8
BLACK
6
CONTINUOUS
10
6.3531081102362199
20
-3.7591234251968504
11
6.3530075984251964
21
-3.7591333464566929
0
LINE
8
BLACK
6
CONTINUOUS
10
6.3530075984251964
20
-3.7591333464566929
11
6.3436337795275586
21
-3.7591333464566929
0
LINE
8
BLACK
6
CONTINUOUS
10
6.3436337795275586
20
-3.7591333464566929
11
6.3435332283464563
21
-3.7591234251968504
0
LINE
8
BLACK
6
CONTINUOUS
10
6.3435332283464563
20
-3.7591234251968504
11
6.3434902362204726
21
-3.7591298425196848
0
LINE
8
BLACK
6
CONTINUOUS
10
6.3434902362204726
20
-3.7591298425196848
11
6.343274724409449
21
-3.7590979527559054
0
LINE
8
BLACK
6
CONTINUOUS
10
6.343274724409449
20
-3.7590979527559054
11
6.3430577165354327
21
-3.7590766141732281
0
LINE
8
BLACK
6
CONTINUOUS
10
6.3430577165354327
20
-3.7590766141732281
11
6.3430174803149608
21
-3.7590599606299211
0
LINE
8
BLACK
6
CONTINUOUS
10
6.3430174803149608
20
-3.7590599606299211
11
6.3429176377952752
21
-3.7590451968503937
0
LINE
8
BLACK
6
CONTINUOUS
10
6.3429176377952752
20
-3.7590451968503937
11
6.335418582677165
21
-3.7571704330708662
0
LINE
8
BLACK
6
CONTINUOUS
10
6.335418582677165
20
-3.7571704330708662
11
6.3353760629921254
21
-3.7571552362204725
0
LINE
8
BLACK
6
CONTINUOUS
10
6.3353760629921254
20
-3.7571552362204725
11
6.3353548031496061
21
-3.7571537401574804
0
LINE
8
BLACK
6
CONTINUOUS
10
6.3353548031496061
20
-3.7571537401574804
11
6.3351150393700788
21
-3.7570619685039368
0
LINE
8
BLACK
6
CONTINUOUS
10
6.3351150393700788
20
-3.7570619685039368
11
6.3348734645669289
21
-3.7569756692913385
0
LINE
8
BLACK
6
CONTINUOUS
10
6.3348734645669289
20
-3.7569756692913385
11
6.3348562992125981
21
-3.7569629527559054
0
LINE
8
BLACK
6
CONTINUOUS
10
6.3348562992125981
20
-3.7569629527559054
11
6.3348142125984248
21
-3.7569468503937009
0
LINE
8
BLACK
6
CONTINUOUS
10
6.3348142125984248
20
-3.7569468503937009
11
6.3310646850393697
21
-3.7550720866141734
0
LINE
8
BLACK
6
CONTINUOUS
10
6.3310646850393697
20
-3.7550720866141734
11
6.330816653543307
21
-3.7549159842519684
0
LINE
8
BLACK
6
CONTINUOUS
10
6.330816653543307
20
-3.7549159842519684
11
6.330744724409449
21
-3.7548861811023619
0
LINE
8
BLACK
6
CONTINUOUS
10
6.330744724409449
20
-3.7548861811023619
11
6.3306637401574806
21
-3.75481968503937
0
LINE
8
BLACK
6
CONTINUOUS
10
6.3306637401574806
20
-3.75481968503937
11
6.3305748031496059
21
-3.7547637401574803
0
LINE
8
BLACK
6
CONTINUOUS
10
6.3305748031496059
20
-3.7547637401574803
11
6.3305236220472443
21
-3.7547047244094487
0
LINE
8
BLACK
6
CONTINUOUS
10
6.3305236220472443
20
-3.7547047244094487
11
6.3302972834645672
21
-3.7545189763779527
0
LINE
8
BLACK
6
CONTINUOUS
10
6.3302972834645672
20
-3.7545189763779527
11
6.3284225196850397
21
-3.7526442125984252
0
LINE
8
BLACK
6
CONTINUOUS
10
6.3284225196850397
20
-3.7526442125984252
11
6.3282367322834645
21
-3.7524178346456694
0
LINE
8
BLACK
6
CONTINUOUS
10
6.3282367322834645
20
-3.7524178346456694
11
6.3281777559055117
21
-3.7523666929133856
0
LINE
8
BLACK
6
CONTINUOUS
10
6.3281777559055117
20
-3.7523666929133856
11
6.3281217716535432
21
-3.7522777165354331
0
LINE
8
BLACK
6
CONTINUOUS
10
6.3281217716535432
20
-3.7522777165354331
11
6.32805531496063
21
-3.7521967716535434
0
LINE
8
BLACK
6
CONTINUOUS
10
6.32805531496063
20
-3.7521967716535434
11
6.3280254724409444
21
-3.7521248031496062
0
LINE
8
BLACK
6
CONTINUOUS
10
6.3280254724409444
20
-3.7521248031496062
11
6.3278694094488186
21
-3.7518768110236218
0
LINE
8
BLACK
6
CONTINUOUS
10
6.3278694094488186
20
-3.7518768110236218
11
6.325994645669291
21
-3.7481272834645667
0
LINE
8
BLACK
6
CONTINUOUS
10
6.325994645669291
20
-3.7481272834645667
11
6.3257877559055116
21
-3.7475866535433071
0
LINE
8
BLACK
6
CONTINUOUS
10
6.3257877559055116
20
-3.7475866535433071
11
6.3257802362204725
21
-3.7474808267716533
0
LINE
8
BLACK
6
CONTINUOUS
10
6.3257802362204725
20
-3.7474808267716533
11
6.3257396456692909
21
-3.747382834645669
0
LINE
8
BLACK
6
CONTINUOUS
10
6.3257396456692909
20
-3.747382834645669
11
6.325682913385827
21
-3.7468067716535431
0
LINE
8
BLACK
6
CONTINUOUS
10
6.325682913385827
20
-3.7468067716535431
11
6.325682913385827
21
-3.743057244094488
0
LINE
8
BLACK
6
CONTINUOUS
10
6.325682913385827
20
-3.743057244094488
11
6.3257396456692909
21
-3.7424811811023622
0
LINE
8
BLACK
6
CONTINUOUS
10
6.3257396456692909
20
-3.7424811811023622
11
6.3257802362204725
21
-3.7423831496062991
0
LINE
8
BLACK
6
CONTINUOUS
10
6.3257802362204725
20
-3.7423831496062991
11
6.3257877559055116
21
-3.7422773622047245
0
LINE
8
BLACK
6
CONTINUOUS
10
6.3257877559055116
20
-3.7422773622047245
11
6.325994645669291
21
-3.7417367322834645
0
LINE
8
BLACK
6
CONTINUOUS
10
6.325994645669291
20
-3.7417367322834645
11
6.3278694094488186
21
-3.7379872047244094
0
LINE
8
BLACK
6
CONTINUOUS
10
6.3278694094488186
20
-3.7379872047244094
11
6.3280254724409444
21
-3.7377391732283463
0
LINE
8
BLACK
6
CONTINUOUS
10
6.3280254724409444
20
-3.7377391732283463
11
6.32805531496063
21
-3.7376672440944883
0
LINE
8
BLACK
6
CONTINUOUS
10
6.32805531496063
20
-3.7376672440944883
11
6.3281217716535432
21
-3.7375862598425198
0
LINE
8
BLACK
6
CONTINUOUS
10
6.3281217716535432
20
-3.7375862598425198
11
6.3281777559055117
21
-3.7374973228346455
0
LINE
8
BLACK
6
CONTINUOUS
10
6.3281777559055117
20
-3.7374973228346455
11
6.3282367322834645
21
-3.7374461417322835
0
LINE
8
BLACK
6
CONTINUOUS
10
6.3282367322834645
20
-3.7374461417322835
11
6.3284225196850397
21
-3.737219803149606
0
LINE
8
BLACK
6
CONTINUOUS
10
6.3284225196850397
20
-3.737219803149606
11
6.3302972834645672
21
-3.7353450393700784
0
LINE
8
BLACK
6
CONTINUOUS
10
6.3302972834645672
20
-3.7353450393700784
11
6.3305236220472443
21
-3.7351592519685037
0
LINE
8
BLACK
6
CONTINUOUS
10
6.3305236220472443
20
-3.7351592519685037
11
6.3305748031496059
21
-3.7351002755905509
0
LINE
8
BLACK
6
CONTINUOUS
10
6.3305748031496059
20
-3.7351002755905509
11
6.3306637401574806
21
-3.7350442913385824
0
LINE
8
BLACK
6
CONTINUOUS
10
6.3306637401574806
20
-3.7350442913385824
11
6.330744724409449
21
-3.7349778346456692
0
LINE
8
BLACK
6
CONTINUOUS
10
6.330744724409449
20
-3.7349778346456692
11
6.330816653543307
21
-3.7349479921259841
0
LINE
8
BLACK
6
CONTINUOUS
10
6.330816653543307
20
-3.7349479921259841
11
6.3310646850393697
21
-3.7347919291338583
0
LINE
8
BLACK
6
CONTINUOUS
10
6.3310646850393697
20
-3.7347919291338583
11
6.3348142125984248
21
-3.7329171653543307
0
LINE
8
BLACK
6
CONTINUOUS
10
6.3348142125984248
20
-3.7329171653543307
11
6.3348562992125981
21
-3.732901023622047
0
LINE
8
BLACK
6
CONTINUOUS
10
6.3348562992125981
20
-3.732901023622047
11
6.3348734645669289
21
-3.7328883464566927
0
LINE
8
BLACK
6
CONTINUOUS
10
6.3348734645669289
20
-3.7328883464566927
11
6.3351150393700788
21
-3.7328020078740156
0
LINE
8
BLACK
6
CONTINUOUS
10
6.3351150393700788
20
-3.7328020078740156
11
6.3353548031496061
21
-3.7327102755905512
0
LINE
8
BLACK
6
CONTINUOUS
10
6.3353548031496061
20
-3.7327102755905512
11
6.3353760629921254
21
-3.7327087401574803
0
LINE
8
BLACK
6
CONTINUOUS
10
6.3353760629921254
20
-3.7327087401574803
11
6.335418582677165
21
-3.7326935826771654
0
LINE
8
BLACK
6
CONTINUOUS
10
6.335418582677165
20
-3.7326935826771654
11
6.3429176377952752
21
-3.7308188188976379
0
LINE
8
BLACK
6
CONTINUOUS
10
6.3429176377952752
20
-3.7308188188976379
11
6.3430174803149608
21
-3.7308040157480313
0
LINE
8
BLACK
6
CONTINUOUS
10
6.3430174803149608
20
-3.7308040157480313
11
6.3430577165354327
21
-3.730787401574803
0
LINE
8
BLACK
6
CONTINUOUS
10
6.3430577165354327
20
-3.730787401574803
11
6.343274724409449
21
-3.730766023622047
0
LINE
8
BLACK
6
CONTINUOUS
10
6.343274724409449
20
-3.730766023622047
11
6.3434902362204726
21
-3.7307341732283463
0
LINE
8
BLACK
6
CONTINUOUS
10
6.3434902362204726
20
-3.7307341732283463
11
6.3435332283464563
21
-3.7307405511811025
0
LINE
8
BLACK
6
CONTINUOUS
10
6.3435332283464563
20
-3.7307405511811025
11
6.3436337795275586
21
-3.7307306692913387
0
LINE
8
BLACK
6
CONTINUOUS
10
6.3436337795275586
20
-3.7307306692913387
11
6.3530075984251964
21
-3.7307306692913387
0
LINE
8
BLACK
6
CONTINUOUS
10
6.3530075984251964
20
-3.7307306692913387
11
6.3531081102362199
21
-3.7307405511811025
0
LINE
8
BLACK
6
CONTINUOUS
10
6.337165275590551
20
-3.7383441732283464
11
6.3341342913385823
21
-3.7398596850393702
0
LINE
8
BLACK
6
CONTINUOUS
10
6.3341342913385823
20
-3.7398596850393702
11
6.3329371653543305
21
-3.741056811023622
0
LINE
8
BLACK
6
CONTINUOUS
10
6.3329371653543305
20
-3.741056811023622
11
6.3315884251968502
21
-3.7437542913385826
0
LINE
8
BLACK
6
CONTINUOUS
10
6.3315884251968502
20
-3.7437542913385826
11
6.3315884251968502
21
-3.7461097244094486
0
LINE
8
BLACK
6
CONTINUOUS
10
6.3315884251968502
20
-3.7461097244094486
11
6.3329371653543305
21
-3.7488072047244092
0
LINE
8
BLACK
6
CONTINUOUS
10
6.3329371653543305
20
-3.7488072047244092
11
6.3341342913385823
21
-3.7500043307086615
0
LINE
8
BLACK
6
CONTINUOUS
10
6.3341342913385823
20
-3.7500043307086615
11
6.337165275590551
21
-3.7515198031496064
0
LINE
8
BLACK
6
CONTINUOUS
10
6.337165275590551
20
-3.7515198031496064
11
6.3439973228346451
21
-3.7532278346456693
0
LINE
8
BLACK
6
CONTINUOUS
10
6.3439973228346451
20
-3.7532278346456693
11
6.3526440551181098
21
-3.7532278346456693
0
LINE
8
BLACK
6
CONTINUOUS
10
6.3526440551181098
20
-3.7532278346456693
11
6.3594761023622048
21
-3.7515198031496064
0
LINE
8
BLACK
6
CONTINUOUS
10
6.3594761023622048
20
-3.7515198031496064
11
6.3625070866141735
21
-3.7500042913385827
0
LINE
8
BLACK
6
CONTINUOUS
10
6.3625070866141735
20
-3.7500042913385827
11
6.3637042519685041
21
-3.7488071653543305
0
LINE
8
BLACK
6
CONTINUOUS
10
6.3637042519685041
20
-3.7488071653543305
11
6.3650529921259844
21
-3.7461097244094486
0
LINE
8
BLACK
6
CONTINUOUS
10
6.3650529921259844
20
-3.7461097244094486
11
6.3650529921259844
21
-3.7437542913385826
0
LINE
8
BLACK
6
CONTINUOUS
10
6.3650529921259844
20
-3.7437542913385826
11
6.3637042519685041
21
-3.741056811023622
0
LINE
8
BLACK
6
CONTINUOUS
10
6.3637042519685041
20
-3.741056811023622
11
6.3625070866141735
21
-3.7398596850393702
0
LINE
8
BLACK
6
CONTINUOUS
10
6.3625070866141735
20
-3.7398596850393702
11
6.3594761023622048
21
-3.7383441732283464
0
LINE
8
BLACK
6
CONTINUOUS
10
6.3594761023622048
20
-3.7383441732283464
11
6.3526440551181098
21
-3.7366361811023623
0
LINE
8
BLACK
6
CONTINUOUS
10
6.3526440551181098
20
-3.7366361811023623
11
6.3439973228346451
21
-3.7366361811023623
0
LINE
8
BLACK
6
CONTINUOUS
10
6.3439973228346451
20
-3.7366361811023623
11
6.337165275590551
21
-3.7383441732283464
0
LINE
8
BLACK
6
CONTINUOUS
10
6.3406641338582679
20
-3.6933401968503938
11
6.3416946456692909
21
-3.6938554724409447
0
LINE
8
BLACK
6
CONTINUOUS
10
6.3416946456692909
20
-3.6938554724409447
11
6.3424494881889766
21
-3.6947258267716534
0
LINE
8
BLACK
6
CONTINUOUS
10
6.3424494881889766
20
-3.6947258267716534
11
6.3428138188976373
21
-3.6958188188976377
0
LINE
8
BLACK
6
CONTINUOUS
10
6.3428138188976373
20
-3.6958188188976377
11
6.3427321653543309
21
-3.6969680314960631
0
LINE
8
BLACK
6
CONTINUOUS
10
6.3427321653543309
20
-3.6969680314960631
11
6.3425252755905515
21
-3.697508622047244
0
LINE
8
BLACK
6
CONTINUOUS
10
6.3425252755905515
20
-3.697508622047244
11
6.3406505118110239
21
-3.7012581496062991
0
LINE
8
BLACK
6
CONTINUOUS
10
6.3406505118110239
20
-3.7012581496062991
11
6.340494488188976
21
-3.7015059448818897
0
LINE
8
BLACK
6
CONTINUOUS
10
6.340494488188976
20
-3.7015059448818897
11
6.3404646456692912
21
-3.7015781102362202
0
LINE
8
BLACK
6
CONTINUOUS
10
6.3404646456692912
20
-3.7015781102362202
11
6.3403980314960631
21
-3.7016592519685036
0
LINE
8
BLACK
6
CONTINUOUS
10
6.3403980314960631
20
-3.7016592519685036
11
6.3403421653543308
21
-3.7017480314960629
0
LINE
8
BLACK
6
CONTINUOUS
10
6.3403421653543308
20
-3.7017480314960629
11
6.3402832283464567
21
-3.7017991338582674
0
LINE
8
BLACK
6
CONTINUOUS
10
6.3402832283464567
20
-3.7017991338582674
11
6.3400974015748028
21
-3.7020255511811024
0
LINE
8
BLACK
6
CONTINUOUS
10
6.3400974015748028
20
-3.7020255511811024
11
6.3376390157480316
21
-3.7044839370078742
0
LINE
8
BLACK
6
CONTINUOUS
10
6.3376390157480316
20
-3.7044839370078742
11
6.3650529921259844
21
-3.7044839370078742
0
LINE
8
BLACK
6
CONTINUOUS
10
6.3650529921259844
20
-3.7044839370078742
11
6.3650529921259844
21
-3.6961881102362204
0
LINE
8
BLACK
6
CONTINUOUS
10
6.3650529921259844
20
-3.6961881102362204
11
6.3651097244094483
21
-3.6956120472440945
0
LINE
8
BLACK
6
CONTINUOUS
10
6.3651097244094483
20
-3.6956120472440945
11
6.3655506299212599
21
-3.6945476377952753
0
LINE
8
BLACK
6
CONTINUOUS
10
6.3655506299212599
20
-3.6945476377952753
11
6.3663652755905513
21
-3.6937329921259843
0
LINE
8
BLACK
6
CONTINUOUS
10
6.3663652755905513
20
-3.6937329921259843
11
6.3674296850393697
21
-3.6932920866141732
0
LINE
8
BLACK
6
CONTINUOUS
10
6.3674296850393697
20
-3.6932920866141732
11
6.3685818110236223
21
-3.6932920866141732
0
LINE
8
BLACK
6
CONTINUOUS
10
6.3685818110236223
20
-3.6932920866141732
11
6.3696462204724407
21
-3.6937329921259843
0
LINE
8
BLACK
6
CONTINUOUS
10
6.3696462204724407
20
-3.6937329921259843
11
6.3704608661417321
21
-3.6945476377952753
0
LINE
8
BLACK
6
CONTINUOUS
10
6.3704608661417321
20
-3.6945476377952753
11
6.3709017716535428
21
-3.6956120472440945
0
LINE
8
BLACK
6
CONTINUOUS
10
6.3709017716535428
20
-3.6956120472440945
11
6.3709585039370076
21
-3.6961881102362204
0
LINE
8
BLACK
6
CONTINUOUS
10
6.3709585039370076
20
-3.6961881102362204
11
6.3709585039370076
21
-3.7186852755905511
0
LINE
8
BLACK
6
CONTINUOUS
10
6.3709585039370076
20
-3.7186852755905511
11
6.3709017716535428
21
-3.7192613385826769
0
LINE
8
BLACK
6
CONTINUOUS
10
6.3709017716535428
20
-3.7192613385826769
11
6.3704608661417321
21
-3.7203257480314962
0
LINE
8
BLACK
6
CONTINUOUS
10
6.3704608661417321
20
-3.7203257480314962
11
6.3696462204724407
21
-3.7211403937007872
0
LINE
8
BLACK
6
CONTINUOUS
10
6.3696462204724407
20
-3.7211403937007872
11
6.3685818110236223
21
-3.7215812992125983
0
LINE
8
BLACK
6
CONTINUOUS
10
6.3685818110236223
20
-3.7215812992125983
11
6.3674296850393697
21
-3.7215812992125983
0
LINE
8
BLACK
6
CONTINUOUS
10
6.3674296850393697
20
-3.7215812992125983
11
6.3663652755905513
21
-3.7211403937007872
0
LINE
8
BLACK
6
CONTINUOUS
10
6.3663652755905513
20
-3.7211403937007872
11
6.3655506299212599
21
-3.7203257480314962
0
LINE
8
BLACK
6
CONTINUOUS
10
6.3655506299212599
20
-3.7203257480314962
11
6.3651097244094483
21
-3.7192613385826769
0
LINE
8
BLACK
6
CONTINUOUS
10
6.3651097244094483
20
-3.7192613385826769
11
6.3650529921259844
21
-3.7186852755905511
0
LINE
8
BLACK
6
CONTINUOUS
10
6.3650529921259844
20
-3.7186852755905511
11
6.3650529921259844
21
-3.7103894488188978
0
LINE
8
BLACK
6
CONTINUOUS
10
6.3650529921259844
20
-3.7103894488188978
11
6.3286356692913381
21
-3.7103894488188978
0
LINE
8
BLACK
6
CONTINUOUS
10
6.3286356692913381
20
-3.7103894488188978
11
6.3286335826771651
21
-3.7103892125984252
0
LINE
8
BLACK
6
CONTINUOUS
10
6.3286335826771651
20
-3.7103892125984252
11
6.3286325590551176
21
-3.7103894488188978
0
LINE
8
BLACK
6
CONTINUOUS
10
6.3286325590551176
20
-3.7103894488188978
11
6.3286295275590554
21
-3.7103888188976377
0
LINE
8
BLACK
6
CONTINUOUS
10
6.3286295275590554
20
-3.7103888188976377
11
6.3280596062992123
21
-3.710332716535433
0
LINE
8
BLACK
6
CONTINUOUS
10
6.3280596062992123
20
-3.710332716535433
11
6.3277894881889765
21
-3.7102208267716534
0
LINE
8
BLACK
6
CONTINUOUS
10
6.3277894881889765
20
-3.7102208267716534
11
6.3275028740157477
21
-3.7101635039370078
0
LINE
8
BLACK
6
CONTINUOUS
10
6.3275028740157477
20
-3.7101635039370078
11
6.3272624803149604
21
-3.7100025196850392
0
LINE
8
BLACK
6
CONTINUOUS
10
6.3272624803149604
20
-3.7100025196850392
11
6.3269951968503939
21
-3.7098918110236219
0
LINE
8
BLACK
6
CONTINUOUS
10
6.3269951968503939
20
-3.7098918110236219
11
6.3267884645669286
21
-3.7096850787401574
0
LINE
8
BLACK
6
CONTINUOUS
10
6.3267884645669286
20
-3.7096850787401574
11
6.3265455905511807
21
-3.7095224409448817
0
LINE
8
BLACK
6
CONTINUOUS
10
6.3265455905511807
20
-3.7095224409448817
11
6.3263850787401577
21
-3.7092816929133856
0
LINE
8
BLACK
6
CONTINUOUS
10
6.3263850787401577
20
-3.7092816929133856
11
6.3261805511811025
21
-3.7090771653543304
0
LINE
8
BLACK
6
CONTINUOUS
10
6.3261805511811025
20
-3.7090771653543304
11
6.3260686614173229
21
-3.7088070472440946
0
LINE
8
BLACK
6
CONTINUOUS
10
6.3260686614173229
20
-3.7088070472440946
11
6.3259064960629923
21
-3.7085638188976375
0
LINE
8
BLACK
6
CONTINUOUS
10
6.3259064960629923
20
-3.7085638188976375
11
6.3258503543307087
21
-3.7082799999999998
0
LINE
8
BLACK
6
CONTINUOUS
10
6.3258503543307087
20
-3.7082799999999998
11
6.3257396456692909
21
-3.7080127559055116
0
LINE
8
BLACK
6
CONTINUOUS
10
6.3257396456692909
20
-3.7080127559055116
11
6.3257396456692909
21
-3.7077203543307085
0
LINE
8
BLACK
6
CONTINUOUS
10
6.3257396456692909
20
-3.7077203543307085
11
6.325682913385827
21
-3.7074335826771652
0
LINE
8
BLACK
6
CONTINUOUS
10
6.325682913385827
20
-3.7074335826771652
11
6.3257396456692909
21
-3.7071499212598424
0
LINE
8
BLACK
6
CONTINUOUS
10
6.3257396456692909
20
-3.7071499212598424
11
6.3257396456692909
21
-3.7068606299212599
0
LINE
8
BLACK
6
CONTINUOUS
10
6.3257396456692909
20
-3.7068606299212599
11
6.3258514960629917
21
-3.7065905118110236
0
LINE
8
BLACK
6
CONTINUOUS
10
6.3258514960629917
20
-3.7065905118110236
11
6.3259088582677165
21
-3.7063038976377953
0
LINE
8
BLACK
6
CONTINUOUS
10
6.3259088582677165
20
-3.7063038976377953
11
6.3260698031496059
21
-3.706063503937008
0
LINE
8
BLACK
6
CONTINUOUS
10
6.3260698031496059
20
-3.706063503937008
11
6.3261805511811025
21
-3.7057962204724411
0
LINE
8
BLACK
6
CONTINUOUS
10
6.3261805511811025
20
-3.7057962204724411
11
6.3263872440944882
21
-3.7055894881889762
0
LINE
8
BLACK
6
CONTINUOUS
10
6.3263872440944882
20
-3.7055894881889762
11
6.3265499212598426
21
-3.7053466141732283
0
LINE
8
BLACK
6
CONTINUOUS
10
6.3265499212598426
20
-3.7053466141732283
11
6.3269931496062988
21
-3.7049835826771651
0
LINE
8
BLACK
6
CONTINUOUS
10
6.3269931496062988
20
-3.7049835826771651
11
6.3269951968503939
21
-3.7049815748031496
0
LINE
8
BLACK
6
CONTINUOUS
10
6.3269951968503939
20
-3.7049815748031496
11
6.3269960629921256
21
-3.7049811811023621
0
LINE
8
BLACK
6
CONTINUOUS
10
6.3269960629921256
20
-3.7049811811023621
11
6.3269977559055119
21
-3.7049798425196849
0
LINE
8
BLACK
6
CONTINUOUS
10
6.3269977559055119
20
-3.7049798425196849
11
6.3323787795275592
21
-3.7013924803149605
0
LINE
8
BLACK
6
CONTINUOUS
10
6.3323787795275592
20
-3.7013924803149605
11
6.335582755905512
21
-3.6981885433070865
0
LINE
8
BLACK
6
CONTINUOUS
10
6.335582755905512
20
-3.6981885433070865
11
6.3372432283464564
21
-3.6948675984251969
0
LINE
8
BLACK
6
CONTINUOUS
10
6.3372432283464564
20
-3.6948675984251969
11
6.3375515748031495
21
-3.694377716535433
0
LINE
8
BLACK
6
CONTINUOUS
10
6.3375515748031495
20
-3.694377716535433
11
6.3384219685039369
21
-3.6936228740157477
0
LINE
8
BLACK
6
CONTINUOUS
10
6.3384219685039369
20
-3.6936228740157477
11
6.3395149212598421
21
-3.6932585433070866
0
LINE
8
BLACK
6
CONTINUOUS
10
6.3395149212598421
20
-3.6932585433070866
11
6.3406641338582679
21
-3.6933401968503938
0
LINE
8
BLACK
6
CONTINUOUS
10
6.3685818110236223
20
-3.6501724803149607
11
6.3696462204724407
21
-3.6506133858267718
0
LINE
8
BLACK
6
CONTINUOUS
10
6.3696462204724407
20
-3.6506133858267718
11
6.3704608661417321
21
-3.6514280314960628
0
LINE
8
BLACK
6
CONTINUOUS
10
6.3704608661417321
20
-3.6514280314960628
11
6.3709017716535428
21
-3.652492440944882
0
LINE
8
BLACK
6
CONTINUOUS
10
6.3709017716535428
20
-3.652492440944882
11
6.3709017716535428
21
-3.6536445669291338
0
LINE
8
BLACK
6
CONTINUOUS
10
6.3709017716535428
20
-3.6536445669291338
11
6.3704608661417321
21
-3.6547089763779526
0
LINE
8
BLACK
6
CONTINUOUS
10
6.3704608661417321
20
-3.6547089763779526
11
6.3696462204724407
21
-3.655523622047244
0
LINE
8
BLACK
6
CONTINUOUS
10
6.3696462204724407
20
-3.655523622047244
11
6.3685818110236223
21
-3.6559645275590551
0
LINE
8
BLACK
6
CONTINUOUS
10
6.3685818110236223
20
-3.6559645275590551
11
6.3680057480314955
21
-3.6560212598425195
0
LINE
8
BLACK
6
CONTINUOUS
10
6.3680057480314955
20
-3.6560212598425195
11
6.3419454330708662
21
-3.6560212598425195
0
LINE
8
BLACK
6
CONTINUOUS
10
6.3419454330708662
20
-3.6560212598425195
11
6.3580058267716533
21
-3.6635161023622045
0
LINE
8
BLACK
6
CONTINUOUS
10
6.3580058267716533
20
-3.6635161023622045
11
6.3582168110236221
21
-3.6636410629921259
0
LINE
8
BLACK
6
CONTINUOUS
10
6.3582168110236221
20
-3.6636410629921259
11
6.3582881889763776
21
-3.6636670472440942
0
LINE
8
BLACK
6
CONTINUOUS
10
6.3582881889763776
20
-3.6636670472440942
11
6.3583386614173225
21
-3.6637132677165352
0
LINE
8
BLACK
6
CONTINUOUS
10
6.3583386614173225
20
-3.6637132677165352
11
6.3585038582677162
21
-3.6638111417322832
0
LINE
8
BLACK
6
CONTINUOUS
10
6.3585038582677162
20
-3.6638111417322832
11
6.3588068897637795
21
-3.6641420472440944
0
LINE
8
BLACK
6
CONTINUOUS
10
6.3588068897637795
20
-3.6641420472440944
11
6.3591378740157483
21
-3.6644451574803147
0
LINE
8
BLACK
6
CONTINUOUS
10
6.3591378740157483
20
-3.6644451574803147
11
6.359193346456693
21
-3.66456405511811
0
LINE
8
BLACK
6
CONTINUOUS
10
6.359193346456693
20
-3.66456405511811
11
6.359281929133858
21
-3.6646607874015746
0
LINE
8
BLACK
6
CONTINUOUS
10
6.359281929133858
20
-3.6646607874015746
11
6.359435236220472
21
-3.6650824015748031
0
LINE
8
BLACK
6
CONTINUOUS
10
6.359435236220472
20
-3.6650824015748031
11
6.3596250787401569
21
-3.6654891732283463
0
LINE
8
BLACK
6
CONTINUOUS
10
6.3596250787401569
20
-3.6654891732283463
11
6.359630826771653
21
-3.6656201968503934
0
LINE
8
BLACK
6
CONTINUOUS
10
6.359630826771653
20
-3.6656201968503934
11
6.3596756692913381
21
-3.6657435039370077
0
LINE
8
BLACK
6
CONTINUOUS
10
6.3596756692913381
20
-3.6657435039370077
11
6.3596559448818892
21
-3.6661918503937008
0
LINE
8
BLACK
6
CONTINUOUS
10
6.3596559448818892
20
-3.6661918503937008
11
6.3596756692913381
21
-3.6666401968503934
0
LINE
8
BLACK
6
CONTINUOUS
10
6.3596756692913381
20
-3.6666401968503934
11
6.359630826771653
21
-3.6667634645669289
0
LINE
8
BLACK
6
CONTINUOUS
10
6.359630826771653
20
-3.6667634645669289
11
6.3596250787401569
21
-3.6668945275590552
0
LINE
8
BLACK
6
CONTINUOUS
10
6.3596250787401569
20
-3.6668945275590552
11
6.359435236220472
21
-3.6673012598425196
0
LINE
8
BLACK
6
CONTINUOUS
10
6.359435236220472
20
-3.6673012598425196
11
6.359281929133858
21
-3.6677229133858269
0
LINE
8
BLACK
6
CONTINUOUS
10
6.359281929133858
20
-3.6677229133858269
11
6.359193346456693
21
-3.6678196062992123
0
LINE
8
BLACK
6
CONTINUOUS
10
6.359193346456693
20
-3.6678196062992123
11
6.3591378740157483
21
-3.6679385433070864
0
LINE
8
BLACK
6
CONTINUOUS
10
6.3591378740157483
20
-3.6679385433070864
11
6.3588068897637795
21
-3.6682416141732284
0
LINE
8
BLACK
6
CONTINUOUS
10
6.3588068897637795
20
-3.6682416141732284
11
6.3585038582677162
21
-3.6685725590551179
0
LINE
8
BLACK
6
CONTINUOUS
10
6.3585038582677162
20
-3.6685725590551179
11
6.3583386614173225
21
-3.6686703937007872
0
LINE
8
BLACK
6
CONTINUOUS
10
6.3583386614173225
20
-3.6686703937007872
11
6.3582881889763776
21
-3.6687166535433069
0
LINE
8
BLACK
6
CONTINUOUS
10
6.3582881889763776
20
-3.6687166535433069
11
6.3582168110236221
21
-3.6687425984251969
0
LINE
8
BLACK
6
CONTINUOUS
10
6.3582168110236221
20
-3.6687425984251969
11
6.3580058267716533
21
-3.6688675984251966
0
LINE
8
BLACK
6
CONTINUOUS
10
6.3580058267716533
20
-3.6688675984251966
11
6.3419454330708662
21
-3.6763624409448816
0
LINE
8
BLACK
6
CONTINUOUS
10
6.3419454330708662
20
-3.6763624409448816
11
6.3680057480314955
21
-3.6763624409448816
0
LINE
8
BLACK
6
CONTINUOUS
10
6.3680057480314955
20
-3.6763624409448816
11
6.3685818110236223
21
-3.6764191732283464
0
LINE
8
BLACK
6
CONTINUOUS
10
6.3685818110236223
20
-3.6764191732283464
11
6.3696462204724407
21
-3.6768600787401575
0
LINE
8
BLACK
6
CONTINUOUS
10
6.3696462204724407
20
-3.6768600787401575
11
6.3704608661417321
21
-3.6776747244094485
0
LINE
8
BLACK
6
CONTINUOUS
10
6.3704608661417321
20
-3.6776747244094485
11
6.3709017716535428
21
-3.6787391338582678
0
LINE
8
BLACK
6
CONTINUOUS
10
6.3709017716535428
20
-3.6787391338582678
11
6.3709017716535428
21
-3.6798912598425195
0
LINE
8
BLACK
6
CONTINUOUS
10
6.3709017716535428
20
-3.6798912598425195
11
6.3704608661417321
21
-3.6809556692913383
0
LINE
8
BLACK
6
CONTINUOUS
10
6.3704608661417321
20
-3.6809556692913383
11
6.3696462204724407
21
-3.6817703149606298
0
LINE
8
BLACK
6
CONTINUOUS
10
6.3696462204724407
20
-3.6817703149606298
11
6.3685818110236223
21
-3.6822112204724409
0
LINE
8
BLACK
6
CONTINUOUS
10
6.3685818110236223
20
-3.6822112204724409
11
6.3680057480314955
21
-3.6822679527559052
0
LINE
8
BLACK
6
CONTINUOUS
10
6.3680057480314955
20
-3.6822679527559052
11
6.3286356692913381
21
-3.6822679527559052
0
LINE
8
BLACK
6
CONTINUOUS
10
6.3286356692913381
20
-3.6822679527559052
11
6.3282568503937009
21
-3.6822306299212597
0
LINE
8
BLACK
6
CONTINUOUS
10
6.3282568503937009
20
-3.6822306299212597
11
6.3281873228346459
21
-3.6822337007874015
0
LINE
8
BLACK
6
CONTINUOUS
10
6.3281873228346459
20
-3.6822337007874015
11
6.3281499606299212
21
-3.6822201181102363
0
LINE
8
BLACK
6
CONTINUOUS
10
6.3281499606299212
20
-3.6822201181102363
11
6.3280596062992123
21
-3.6822112204724409
0
LINE
8
BLACK
6
CONTINUOUS
10
6.3280596062992123
20
-3.6822112204724409
11
6.3275861023622042
21
-3.6820150787401573
0
LINE
8
BLACK
6
CONTINUOUS
10
6.3275861023622042
20
-3.6820150787401573
11
6.3271046062992129
21
-3.6818399999999998
0
LINE
8
BLACK
6
CONTINUOUS
10
6.3271046062992129
20
-3.6818399999999998
11
6.3270560236220472
21
-3.6817955118110235
0
LINE
8
BLACK
6
CONTINUOUS
10
6.3270560236220472
20
-3.6817955118110235
11
6.3269951968503939
21
-3.6817703149606298
0
LINE
8
BLACK
6
CONTINUOUS
10
6.3269951968503939
20
-3.6817703149606298
11
6.3266327559055116
21
-3.6814078740157479
0
LINE
8
BLACK
6
CONTINUOUS
10
6.3266327559055116
20
-3.6814078740157479
11
6.326254960629921
21
-3.6810618897637792
0
LINE
8
BLACK
6
CONTINUOUS
10
6.326254960629921
20
-3.6810618897637792
11
6.326227086614173
21
-3.6810022047244093
0
LINE
8
BLACK
6
CONTINUOUS
10
6.326227086614173
20
-3.6810022047244093
11
6.3261805511811025
21
-3.6809556692913383
0
LINE
8
BLACK
6
CONTINUOUS
10
6.3261805511811025
20
-3.6809556692913383
11
6.3259844881889764
21
-3.6804823622047245
0
LINE
8
BLACK
6
CONTINUOUS
10
6.3259844881889764
20
-3.6804823622047245
11
6.3257677165354327
21
-3.6800178740157481
0
LINE
8
BLACK
6
CONTINUOUS
10
6.3257677165354327
20
-3.6800178740157481
11
6.3257648031496059
21
-3.6799520472440945
0
LINE
8
BLACK
6
CONTINUOUS
10
6.3257648031496059
20
-3.6799520472440945
11
6.3257396456692909
21
-3.6798912598425195
0
LINE
8
BLACK
6
CONTINUOUS
10
6.3257396456692909
20
-3.6798912598425195
11
6.3257396456692909
21
-3.6793787007874017
0
LINE
8
BLACK
6
CONTINUOUS
10
6.3257396456692909
20
-3.6793787007874017
11
6.3257171653543303
21
-3.6788668503937005
0
LINE
8
BLACK
6
CONTINUOUS
10
6.3257171653543303
20
-3.6788668503937005
11
6.3257396456692909
21
-3.6788050000000001
0
LINE
8
BLACK
6
CONTINUOUS
10
6.3257396456692909
20
-3.6788050000000001
11
6.3257396456692909
21
-3.6787391338582678
0
LINE
8
BLACK
6
CONTINUOUS
10
6.3257396456692909
20
-3.6787391338582678
11
6.3259357480314957
21
-3.6782656299212597
0
LINE
8
BLACK
6
CONTINUOUS
10
6.3259357480314957
20
-3.6782656299212597
11
6.3261108661417325
21
-3.6777841338582675
0
LINE
8
BLACK
6
CONTINUOUS
10
6.3261108661417325
20
-3.6777841338582675
11
6.32615531496063
21
-3.6777355511811023
0
LINE
8
BLACK
6
CONTINUOUS
10
6.32615531496063
20
-3.6777355511811023
11
6.3261805511811025
21
-3.6776747244094485
0
LINE
8
BLACK
6
CONTINUOUS
10
6.3261805511811025
20
-3.6776747244094485
11
6.3265429527559052
21
-3.6773122834645671
0
LINE
8
BLACK
6
CONTINUOUS
10
6.3265429527559052
20
-3.6773122834645671
11
6.326888976377953
21
-3.6769344881889765
0
LINE
8
BLACK
6
CONTINUOUS
10
6.326888976377953
20
-3.6769344881889765
11
6.3269670078740159
21
-3.6768882283464568
0
LINE
8
BLACK
6
CONTINUOUS
10
6.3269670078740159
20
-3.6768882283464568
11
6.3269951968503939
21
-3.6768600787401575
0
LINE
8
BLACK
6
CONTINUOUS
10
6.3269951968503939
20
-3.6768600787401575
11
6.3270596062992128
21
-3.6768333464566929
0
LINE
8
BLACK
6
CONTINUOUS
10
6.3270596062992128
20
-3.6768333464566929
11
6.327387007874016
21
-3.6766394488188974
0
LINE
8
BLACK
6
CONTINUOUS
10
6.327387007874016
20
-3.6766394488188974
11
6.3497746850393701
21
-3.6661918503937008
0
LINE
8
BLACK
6
CONTINUOUS
10
6.3497746850393701
20
-3.6661918503937008
11
6.327387007874016
21
-3.6557442519685037
0
LINE
8
BLACK
6
CONTINUOUS
10
6.327387007874016
20
-3.6557442519685037
11
6.3270596062992128
21
-3.6555503149606299
0
LINE
8
BLACK
6
CONTINUOUS
10
6.3270596062992128
20
-3.6555503149606299
11
6.3269951968503939
21
-3.655523622047244
0
LINE
8
BLACK
6
CONTINUOUS
10
6.3269951968503939
20
-3.655523622047244
11
6.3269670078740159
21
-3.655495433070866
0
LINE
8
BLACK
6
CONTINUOUS
10
6.3269670078740159
20
-3.655495433070866
11
6.326888976377953
21
-3.655449212598425
0
LINE
8
BLACK
6
CONTINUOUS
10
6.326888976377953
20
-3.655449212598425
11
6.3265429527559052
21
-3.6550713779527557
0
LINE
8
BLACK
6
CONTINUOUS
10
6.3265429527559052
20
-3.6550713779527557
11
6.3261805511811025
21
-3.6547089763779526
0
LINE
8
BLACK
6
CONTINUOUS
10
6.3261805511811025
20
-3.6547089763779526
11
6.32615531496063
21
-3.6546481102362205
0
LINE
8
BLACK
6
CONTINUOUS
10
6.32615531496063
20
-3.6546481102362205
11
6.3261108661417325
21
-3.6545995669291336
0
LINE
8
BLACK
6
CONTINUOUS
10
6.3261108661417325
20
-3.6545995669291336
11
6.3259357480314957
21
-3.6541180314960631
0
LINE
8
BLACK
6
CONTINUOUS
10
6.3259357480314957
20
-3.6541180314960631
11
6.3257396456692909
21
-3.6536445669291338
0
LINE
8
BLACK
6
CONTINUOUS
10
6.3257396456692909
20
-3.6536445669291338
11
6.3257396456692909
21
-3.6535786614173227
0
LINE
8
BLACK
6
CONTINUOUS
10
6.3257396456692909
20
-3.6535786614173227
11
6.3257171653543303
21
-3.6535168503937006
0
LINE
8
BLACK
6
CONTINUOUS
10
6.3257171653543303
20
-3.6535168503937006
11
6.3257396456692909
21
-3.6530049606299211
0
LINE
8
BLACK
6
CONTINUOUS
10
6.3257396456692909
20
-3.6530049606299211
11
6.3257396456692909
21
-3.652492440944882
0
LINE
8
BLACK
6
CONTINUOUS
10
6.3257396456692909
20
-3.652492440944882
11
6.3257648031496059
21
-3.6524316141732283
0
LINE
8
BLACK
6
CONTINUOUS
10
6.3257648031496059
20
-3.6524316141732283
11
6.3257677165354327
21
-3.6523658267716534
0
LINE
8
BLACK
6
CONTINUOUS
10
6.3257677165354327
20
-3.6523658267716534
11
6.3259844881889764
21
-3.6519012992125983
0
LINE
8
BLACK
6
CONTINUOUS
10
6.3259844881889764
20
-3.6519012992125983
11
6.3261805511811025
21
-3.6514280314960628
0
LINE
8
BLACK
6
CONTINUOUS
10
6.3261805511811025
20
-3.6514280314960628
11
6.326227086614173
21
-3.6513814566929135
0
LINE
8
BLACK
6
CONTINUOUS
10
6.326227086614173
20
-3.6513814566929135
11
6.326254960629921
21
-3.6513218110236219
0
LINE
8
BLACK
6
CONTINUOUS
10
6.326254960629921
20
-3.6513218110236219
11
6.3266327559055116
21
-3.6509757874015749
0
LINE
8
BLACK
6
CONTINUOUS
10
6.3266327559055116
20
-3.6509757874015749
11
6.3269951968503939
21
-3.6506133858267718
0
LINE
8
BLACK
6
CONTINUOUS
10
6.3269951968503939
20
-3.6506133858267718
11
6.3270560236220472
21
-3.6505881496062993
0
LINE
8
BLACK
6
CONTINUOUS
10
6.3270560236220472
20
-3.6505881496062993
11
6.3271046062992129
21
-3.6505437007874013
0
LINE
8
BLACK
6
CONTINUOUS
10
6.3271046062992129
20
-3.6505437007874013
11
6.3275861023622042
21
-3.6503685826771655
0
LINE
8
BLACK
6
CONTINUOUS
10
6.3275861023622042
20
-3.6503685826771655
11
6.3280596062992123
21
-3.6501724803149607
0
LINE
8
BLACK
6
CONTINUOUS
10
6.3280596062992123
20
-3.6501724803149607
11
6.3281499606299212
21
-3.6501635433070865
0
LINE
8
BLACK
6
CONTINUOUS
10
6.3281499606299212
20
-3.6501635433070865
11
6.3281873228346459
21
-3.65015
0
LINE
8
BLACK
6
CONTINUOUS
10
6.3281873228346459
20
-3.65015
11
6.3282568503937009
21
-3.6501530314960631
0
LINE
8
BLACK
6
CONTINUOUS
10
6.3282568503937009
20
-3.6501530314960631
11
6.3286356692913381
21
-3.6501157480314959
0
LINE
8
BLACK
6
CONTINUOUS
10
6.3286356692913381
20
-3.6501157480314959
11
6.3680057480314955
21
-3.6501157480314959
0
LINE
8
BLACK
6
CONTINUOUS
10
6.3680057480314955
20
-3.6501157480314959
11
6.3685818110236223
21
-3.6501724803149607
0
LINE
8
BLACK
6
CONTINUOUS
10
3.872955118110236
20
-3.5993461417322834
11
3.8731349212598425
21
-3.6002501181102362
0
LINE
8
BLACK
6
CONTINUOUS
10
3.8731349212598425
20
-3.6002501181102362
11
3.8731349212598425
21
-3.6632422440944881
0
LINE
8
BLACK
6
CONTINUOUS
10
3.8731349212598425
20
-3.6632422440944881
11
3.872955118110236
21
-3.6641462204724409
0
LINE
8
BLACK
6
CONTINUOUS
10
3.872955118110236
20
-3.6641462204724409
11
3.8716766929133857
21
-3.6654246456692912
0
LINE
8
BLACK
6
CONTINUOUS
10
3.8716766929133857
20
-3.6654246456692912
11
3.8698687401574801
21
-3.6654246456692912
0
LINE
8
BLACK
6
CONTINUOUS
10
3.8698687401574801
20
-3.6654246456692912
11
3.8685903149606298
21
-3.6641462204724409
0
LINE
8
BLACK
6
CONTINUOUS
10
3.8685903149606298
20
-3.6641462204724409
11
3.8684105118110237
21
-3.6632422440944881
0
LINE
8
BLACK
6
CONTINUOUS
10
3.8684105118110237
20
-3.6632422440944881
11
3.8684105118110237
21
-3.6002501181102362
0
LINE
8
BLACK
6
CONTINUOUS
10
3.8684105118110237
20
-3.6002501181102362
11
3.8685903149606298
21
-3.5993461417322834
0
LINE
8
BLACK
6
CONTINUOUS
10
3.8685903149606298
20
-3.5993461417322834
11
3.8698687401574801
21
-3.5980677165354331
0
LINE
8
BLACK
6
CONTINUOUS
10
3.8698687401574801
20
-3.5980677165354331
11
3.8716766929133857
21
-3.5980677165354331
0
LINE
8
BLACK
6
CONTINUOUS
10
3.8716766929133857
20
-3.5980677165354331
11
3.872955118110236
21
-3.5993461417322834
0
LINE
8
BLACK
6
CONTINUOUS
10
5.1446086614173225
20
-3.5993461417322834
11
5.1447884645669291
21
-3.6002501181102362
0
LINE
8
BLACK
6
CONTINUOUS
10
5.1447884645669291
20
-3.6002501181102362
11
5.1447884645669291
21
-3.6632422440944881
0
LINE
8
BLACK
6
CONTINUOUS
10
5.1447884645669291
20
-3.6632422440944881
11
5.1446086614173225
21
-3.6641462204724409
0
LINE
8
BLACK
6
CONTINUOUS
10
5.1446086614173225
20
-3.6641462204724409
11
5.1433302362204723
21
-3.6654246456692912
0
LINE
8
BLACK
6
CONTINUOUS
10
5.1433302362204723
20
-3.6654246456692912
11
5.1415222834645666
21
-3.6654246456692912
0
LINE
8
BLACK
6
CONTINUOUS
10
5.1415222834645666
20
-3.6654246456692912
11
5.1402438582677163
21
-3.6641462204724409
0
LINE
8
BLACK
6
CONTINUOUS
10
5.1402438582677163
20
-3.6641462204724409
11
5.1400640551181098
21
-3.6632422440944881
0
LINE
8
BLACK
6
CONTINUOUS
10
5.1400640551181098
20
-3.6632422440944881
11
5.1400640551181098
21
-3.6002501181102362
0
LINE
8
BLACK
6
CONTINUOUS
10
5.1400640551181098
20
-3.6002501181102362
11
5.1402438582677163
21
-3.5993461417322834
0
LINE
8
BLACK
6
CONTINUOUS
10
5.1402438582677163
20
-3.5993461417322834
11
5.1415222834645666
21
-3.5980677165354331
0
LINE
8
BLACK
6
CONTINUOUS
10
5.1415222834645666
20
-3.5980677165354331
11
5.1433302362204723
21
-3.5980677165354331
0
LINE
8
BLACK
6
CONTINUOUS
10
5.1433302362204723
20
-3.5980677165354331
11
5.1446086614173225
21
-3.5993461417322834
0
LINE
8
BLACK
6
CONTINUOUS
10
5.1864551181102359
20
-3.5950666535433071
11
5.1866349212598424
21
-3.5959706299212599
0
LINE
8
BLACK
6
CONTINUOUS
10
5.1866349212598424
20
-3.5959706299212599
11
5.1866349212598424
21
-3.6589627559055118
0
LINE
8
BLACK
6
CONTINUOUS
10
5.1866349212598424
20
-3.6589627559055118
11
5.1864551181102359
21
-3.6598667322834646
0
LINE
8
BLACK
6
CONTINUOUS
10
5.1864551181102359
20
-3.6598667322834646
11
5.1851766929133856
21
-3.6611451574803149
0
LINE
8
BLACK
6
CONTINUOUS
10
5.1851766929133856
20
-3.6611451574803149
11
5.1833687401574799
21
-3.6611451574803149
0
LINE
8
BLACK
6
CONTINUOUS
10
5.1833687401574799
20
-3.6611451574803149
11
5.1820903149606297
21
-3.6598667322834646
0
LINE
8
BLACK
6
CONTINUOUS
10
5.1820903149606297
20
-3.6598667322834646
11
5.1819105118110231
21
-3.6589627559055118
0
LINE
8
BLACK
6
CONTINUOUS
10
5.1819105118110231
20
-3.6589627559055118
11
5.1819105118110231
21
-3.5959706299212599
0
LINE
8
BLACK
6
CONTINUOUS
10
5.1819105118110231
20
-3.5959706299212599
11
5.1820903149606297
21
-3.5950666535433071
0
LINE
8
BLACK
6
CONTINUOUS
10
5.1820903149606297
20
-3.5950666535433071
11
5.1833687401574799
21
-3.5937882283464564
0
LINE
8
BLACK
6
CONTINUOUS
10
5.1833687401574799
20
-3.5937882283464564
11
5.1851766929133856
21
-3.5937882283464564
0
LINE
8
BLACK
6
CONTINUOUS
10
5.1851766929133856
20
-3.5937882283464564
11
5.1864551181102359
21
-3.5950666535433071
0
LINE
8
BLACK
6
CONTINUOUS
10
6.4581086614173229
20
-3.5950666535433071
11
6.4582884645669294
21
-3.5959706299212599
0
LINE
8
BLACK
6
CONTINUOUS
10
6.4582884645669294
20
-3.5959706299212599
11
6.4582884645669294
21
-3.6589627559055118
0
LINE
8
BLACK
6
CONTINUOUS
10
6.4582884645669294
20
-3.6589627559055118
11
6.4581086614173229
21
-3.6598667322834646
0
LINE
8
BLACK
6
CONTINUOUS
10
6.4581086614173229
20
-3.6598667322834646
11
6.4568302362204726
21
-3.6611451574803149
0
LINE
8
BLACK
6
CONTINUOUS
10
6.4568302362204726
20
-3.6611451574803149
11
6.455022283464567
21
-3.6611451574803149
0
LINE
8
BLACK
6
CONTINUOUS
10
6.455022283464567
20
-3.6611451574803149
11
6.4537438582677167
21
-3.6598667322834646
0
LINE
8
BLACK
6
CONTINUOUS
10
6.4537438582677167
20
-3.6598667322834646
11
6.4535640551181102
21
-3.6589627559055118
0
LINE
8
BLACK
6
CONTINUOUS
10
6.4535640551181102
20
-3.6589627559055118
11
6.4535640551181102
21
-3.5959706299212599
0
LINE
8
BLACK
6
CONTINUOUS
10
6.4535640551181102
20
-3.5959706299212599
11
6.4537438582677167
21
-3.5950666535433071
0
LINE
8
BLACK
6
CONTINUOUS
10
6.4537438582677167
20
-3.5950666535433071
11
6.455022283464567
21
-3.5937882283464564
0
LINE
8
BLACK
6
CONTINUOUS
10
6.455022283464567
20
-3.5937882283464564
11
6.4568302362204726
21
-3.5937882283464564
0
LINE
8
BLACK
6
CONTINUOUS
10
6.4568302362204726
20
-3.5937882283464564
11
6.4581086614173229
21
-3.5950666535433071
0
LINE
8
BLACK
6
CONTINUOUS
10
5.8957960236220472
20
-3.4855457874015747
11
5.8979248425196849
21
-3.4864275984251969
0
LINE
8
BLACK
6
CONTINUOUS
10
5.8979248425196849
20
-3.4864275984251969
11
5.8995541338582678
21
-3.4880568897637794
0
LINE
8
BLACK
6
CONTINUOUS
10
5.8995541338582678
20
-3.4880568897637794
11
5.9004359448818899
21
-3.4901857086614174
0
LINE
8
BLACK
6
CONTINUOUS
10
5.9004359448818899
20
-3.4901857086614174
11
5.9004359448818899
21
-3.4924899606299213
0
LINE
8
BLACK
6
CONTINUOUS
10
5.9004359448818899
20
-3.4924899606299213
11
5.8995541338582678
21
-3.4946187795275589
0
LINE
8
BLACK
6
CONTINUOUS
10
5.8995541338582678
20
-3.4946187795275589
11
5.8979248425196849
21
-3.4962480708661419
0
LINE
8
BLACK
6
CONTINUOUS
10
5.8979248425196849
20
-3.4962480708661419
11
5.8957960236220472
21
-3.4971298818897636
0
LINE
8
BLACK
6
CONTINUOUS
10
5.8957960236220472
20
-3.4971298818897636
11
5.8946438976377955
21
-3.4972433464566928
0
LINE
8
BLACK
6
CONTINUOUS
10
5.8946438976377955
20
-3.4972433464566928
11
5.8663083858267715
21
-3.4972433464566928
0
LINE
8
BLACK
6
CONTINUOUS
10
5.8663083858267715
20
-3.4972433464566928
11
5.8995575984251971
21
-3.5471171653543307
0
LINE
8
BLACK
6
CONTINUOUS
10
5.8995575984251971
20
-3.5471171653543307
11
5.9001022834645669
21
-3.5481387401574804
0
LINE
8
BLACK
6
CONTINUOUS
10
5.9001022834645669
20
-3.5481387401574804
11
5.9002145669291339
21
-3.5487063779527559
0
LINE
8
BLACK
6
CONTINUOUS
10
5.9002145669291339
20
-3.5487063779527559
11
5.9004359448818899
21
-3.5492408267716535
0
LINE
8
BLACK
6
CONTINUOUS
10
5.9004359448818899
20
-3.5492408267716535
11
5.9004359448818899
21
-3.5498255511811023
0
LINE
8
BLACK
6
CONTINUOUS
10
5.9004359448818899
20
-3.5498255511811023
11
5.9005494094488187
21
-3.5503991732283464
0
LINE
8
BLACK
6
CONTINUOUS
10
5.9005494094488187
20
-3.5503991732283464
11
5.9004359448818899
21
-3.5509664566929131
0
LINE
8
BLACK
6
CONTINUOUS
10
5.9004359448818899
20
-3.5509664566929131
11
5.9004359448818899
21
-3.5515450787401575
0
LINE
8
BLACK
6
CONTINUOUS
10
5.9004359448818899
20
-3.5515450787401575
11
5.9002121653543309
21
-3.5520852362204725
0
LINE
8
BLACK
6
CONTINUOUS
10
5.9002121653543309
20
-3.5520852362204725
11
5.9000975196850396
21
-3.5526585826771653
0
LINE
8
BLACK
6
CONTINUOUS
10
5.9000975196850396
20
-3.5526585826771653
11
5.8997755118110238
21
-3.5531393700787399
0
LINE
8
BLACK
6
CONTINUOUS
10
5.8997755118110238
20
-3.5531393700787399
11
5.8995541338582678
21
-3.5536738976377951
0
LINE
8
BLACK
6
CONTINUOUS
10
5.8995541338582678
20
-3.5536738976377951
11
5.8991407874015751
21
-3.5540872047244094
0
LINE
8
BLACK
6
CONTINUOUS
10
5.8991407874015751
20
-3.5540872047244094
11
5.8988153937007874
21
-3.5545731496062993
0
LINE
8
BLACK
6
CONTINUOUS
10
5.8988153937007874
20
-3.5545731496062993
11
5.8983338582677165
21
-3.5548941732283463
0
LINE
8
BLACK
6
CONTINUOUS
10
5.8983338582677165
20
-3.5548941732283463
11
5.8979248425196849
21
-3.555303188976378
0
LINE
8
BLACK
6
CONTINUOUS
10
5.8979248425196849
20
-3.555303188976378
11
5.8973847244094486
21
-3.5555268897637795
0
LINE
8
BLACK
6
CONTINUOUS
10
5.8973847244094486
20
-3.5555268897637795
11
5.8968981102362203
21
-3.5558513385826771
0
LINE
8
BLACK
6
CONTINUOUS
10
5.8968981102362203
20
-3.5558513385826771
11
5.8963304330708661
21
-3.5559636220472441
0
LINE
8
BLACK
6
CONTINUOUS
10
5.8963304330708661
20
-3.5559636220472441
11
5.8957960236220472
21
-3.5561849999999997
0
LINE
8
BLACK
6
CONTINUOUS
10
5.8957960236220472
20
-3.5561849999999997
11
5.8946438976377955
21
-3.5562984645669289
0
LINE
8
BLACK
6
CONTINUOUS
10
5.8946438976377955
20
-3.5562984645669289
11
5.8946377165354331
21
-3.5562984645669289
0
LINE
8
BLACK
6
CONTINUOUS
10
5.8946377165354331
20
-3.5562984645669289
11
5.8552738188976381
21
-3.5562984645669289
0
LINE
8
BLACK
6
CONTINUOUS
10
5.8552738188976381
20
-3.5562984645669289
11
5.8541216929133855
21
-3.5561849999999997
0
LINE
8
BLACK
6
CONTINUOUS
10
5.8541216929133855
20
-3.5561849999999997
11
5.8519928740157479
21
-3.555303188976378
0
LINE
8
BLACK
6
CONTINUOUS
10
5.8519928740157479
20
-3.555303188976378
11
5.8503635826771649
21
-3.5536738976377951
0
LINE
8
BLACK
6
CONTINUOUS
10
5.8503635826771649
20
-3.5536738976377951
11
5.8494817716535428
21
-3.5515450787401575
0
LINE
8
BLACK
6
CONTINUOUS
10
5.8494817716535428
20
-3.5515450787401575
11
5.8494817716535428
21
-3.5492408267716535
0
LINE
8
BLACK
6
CONTINUOUS
10
5.8494817716535428
20
-3.5492408267716535
11
5.8503635826771649
21
-3.5471120078740155
0
LINE
8
BLACK
6
CONTINUOUS
10
5.8503635826771649
20
-3.5471120078740155
11
5.8519928740157479
21
-3.545482716535433
0
LINE
8
BLACK
6
CONTINUOUS
10
5.8519928740157479
20
-3.545482716535433
11
5.8541216929133855
21
-3.5446009055118108
0
LINE
8
BLACK
6
CONTINUOUS
10
5.8541216929133855
20
-3.5446009055118108
11
5.8552738188976381
21
-3.5444874409448817
0
LINE
8
BLACK
6
CONTINUOUS
10
5.8552738188976381
20
-3.5444874409448817
11
5.88360937007874
21
-3.5444874409448817
0
LINE
8
BLACK
6
CONTINUOUS
10
5.88360937007874
20
-3.5444874409448817
11
5.8503601181102365
21
-3.4946136220472441
0
LINE
8
BLACK
6
CONTINUOUS
10
5.8503601181102365
20
-3.4946136220472441
11
5.8498154724409446
21
-3.4935920472440944
0
LINE
8
BLACK
6
CONTINUOUS
10
5.8498154724409446
20
-3.4935920472440944
11
5.8497031889763775
21
-3.4930245275590552
0
LINE
8
BLACK
6
CONTINUOUS
10
5.8497031889763775
20
-3.4930245275590552
11
5.8494817716535428
21
-3.4924899606299213
0
LINE
8
BLACK
6
CONTINUOUS
10
5.8494817716535428
20
-3.4924899606299213
11
5.8494817716535428
21
-3.491905157480315
0
LINE
8
BLACK
6
CONTINUOUS
10
5.8494817716535428
20
-3.491905157480315
11
5.849368307086614
21
-3.4913316141732285
0
LINE
8
BLACK
6
CONTINUOUS
10
5.849368307086614
20
-3.4913316141732285
11
5.8494817716535428
21
-3.4907642913385826
0
LINE
8
BLACK
6
CONTINUOUS
10
5.8494817716535428
20
-3.4907642913385826
11
5.8494817716535428
21
-3.4901857086614174
0
LINE
8
BLACK
6
CONTINUOUS
10
5.8494817716535428
20
-3.4901857086614174
11
5.8497055118110231
21
-3.4896455118110237
0
LINE
8
BLACK
6
CONTINUOUS
10
5.8497055118110231
20
-3.4896455118110237
11
5.849820196850394
21
-3.4890722047244092
0
LINE
8
BLACK
6
CONTINUOUS
10
5.849820196850394
20
-3.4890722047244092
11
5.8501421653543302
21
-3.4885913779527558
0
LINE
8
BLACK
6
CONTINUOUS
10
5.8501421653543302
20
-3.4885913779527558
11
5.8503635826771649
21
-3.4880568897637794
0
LINE
8
BLACK
6
CONTINUOUS
10
5.8503635826771649
20
-3.4880568897637794
11
5.8507768897637797
21
-3.4876435433070867
0
LINE
8
BLACK
6
CONTINUOUS
10
5.8507768897637797
20
-3.4876435433070867
11
5.8511023228346453
21
-3.4871576377952755
0
LINE
8
BLACK
6
CONTINUOUS
10
5.8511023228346453
20
-3.4871576377952755
11
5.8515838188976375
21
-3.4868366141732281
0
LINE
8
BLACK
6
CONTINUOUS
10
5.8515838188976375
20
-3.4868366141732281
11
5.8519928740157479
21
-3.4864275984251969
0
LINE
8
BLACK
6
CONTINUOUS
10
5.8519928740157479
20
-3.4864275984251969
11
5.8525330708661416
21
-3.4862038188976379
0
LINE
8
BLACK
6
CONTINUOUS
10
5.8525330708661416
20
-3.4862038188976379
11
5.8530196062992124
21
-3.4858794881889761
0
LINE
8
BLACK
6
CONTINUOUS
10
5.8530196062992124
20
-3.4858794881889761
11
5.8535870866141728
21
-3.4857672047244095
0
LINE
8
BLACK
6
CONTINUOUS
10
5.8535870866141728
20
-3.4857672047244095
11
5.8541216929133855
21
-3.4855457874015747
0
LINE
8
BLACK
6
CONTINUOUS
10
5.8541216929133855
20
-3.4855457874015747
11
5.8552738188976381
21
-3.4854323228346455
0
LINE
8
BLACK
6
CONTINUOUS
10
5.8552738188976381
20
-3.4854323228346455
11
5.8946438976377955
21
-3.4854323228346455
0
LINE
8
BLACK
6
CONTINUOUS
10
5.8946438976377955
20
-3.4854323228346455
11
5.8957960236220472
21
-3.4855457874015747
0
LINE
8
BLACK
6
CONTINUOUS
10
5.9317849212598421
20
-3.4854897244094487
11
5.9319404330708663
21
-3.4854787007874015
0
LINE
8
BLACK
6
CONTINUOUS
10
5.9319404330708663
20
-3.4854787007874015
11
5.9321449212598427
21
-3.4855251968503937
0
LINE
8
BLACK
6
CONTINUOUS
10
5.9321449212598427
20
-3.4855251968503937
11
5.9323539370078739
21
-3.4855457874015747
0
LINE
8
BLACK
6
CONTINUOUS
10
5.9323539370078739
20
-3.4855457874015747
11
5.93249811023622
21
-3.4856055118110234
0
LINE
8
BLACK
6
CONTINUOUS
10
5.93249811023622
20
-3.4856055118110234
11
5.9330692913385823
21
-3.4857353937007871
0
LINE
8
BLACK
6
CONTINUOUS
10
5.9330692913385823
20
-3.4857353937007871
11
5.9415057480314957
21
-3.4885475196850395
0
LINE
8
BLACK
6
CONTINUOUS
10
5.9415057480314957
20
-3.4885475196850395
11
5.9425628740157475
21
-3.489019527559055
0
LINE
8
BLACK
6
CONTINUOUS
10
5.9425628740157475
20
-3.489019527559055
11
5.9427231102362201
21
-3.4891585039370079
0
LINE
8
BLACK
6
CONTINUOUS
10
5.9427231102362201
20
-3.4891585039370079
11
5.9429191732283462
21
-3.4892397244094489
0
LINE
8
BLACK
6
CONTINUOUS
10
5.9429191732283462
20
-3.4892397244094489
11
5.9438140944881885
21
-3.4899741732283465
0
LINE
8
BLACK
6
CONTINUOUS
10
5.9438140944881885
20
-3.4899741732283465
11
5.9494383858267712
21
-3.4955984645669291
0
LINE
8
BLACK
6
CONTINUOUS
10
5.9494383858267712
20
-3.4955984645669291
11
5.949810039370079
21
-3.4960512992125983
0
LINE
8
BLACK
6
CONTINUOUS
10
5.949810039370079
20
-3.4960512992125983
11
5.9499278740157475
21
-3.4961535039370077
0
LINE
8
BLACK
6
CONTINUOUS
10
5.9499278740157475
20
-3.4961535039370077
11
5.950039606299212
21
-3.4963310236220471
0
LINE
8
BLACK
6
CONTINUOUS
10
5.950039606299212
20
-3.4963310236220471
11
5.9501728346456693
21
-3.4964933464566927
0
LINE
8
BLACK
6
CONTINUOUS
10
5.9501728346456693
20
-3.4964933464566927
11
5.9502325196850396
21
-3.4966375196850392
0
LINE
8
BLACK
6
CONTINUOUS
10
5.9502325196850396
20
-3.4966375196850392
11
5.9505446062992124
21
-3.4971332677165354
0
LINE
8
BLACK
6
CONTINUOUS
10
5.9505446062992124
20
-3.4971332677165354
11
5.9533567716535432
21
-3.5027575196850393
0
LINE
8
BLACK
6
CONTINUOUS
10
5.9533567716535432
20
-3.5027575196850393
11
5.9533890157480309
21
-3.5028418503937009
0
LINE
8
BLACK
6
CONTINUOUS
10
5.9533890157480309
20
-3.5028418503937009
11
5.9534144094488184
21
-3.5028761023622046
0
LINE
8
BLACK
6
CONTINUOUS
10
5.9534144094488184
20
-3.5028761023622046
11
5.9535870078740158
21
-3.5033592125984252
0
LINE
8
BLACK
6
CONTINUOUS
10
5.9535870078740158
20
-3.5033592125984252
11
5.9537705118110233
21
-3.503838779527559
0
LINE
8
BLACK
6
CONTINUOUS
10
5.9537705118110233
20
-3.503838779527559
11
5.9537735039370077
21
-3.5038812992125985
0
LINE
8
BLACK
6
CONTINUOUS
10
5.9537735039370077
20
-3.5038812992125985
11
5.9538038976377949
21
-3.5039662992125984
0
LINE
8
BLACK
6
CONTINUOUS
10
5.9538038976377949
20
-3.5039662992125984
11
5.9566160236220469
21
-3.5152148818897637
0
LINE
8
BLACK
6
CONTINUOUS
10
5.9566160236220469
20
-3.5152148818897637
11
5.9566455118110238
21
-3.5154145275590549
0
LINE
8
BLACK
6
CONTINUOUS
10
5.9566455118110238
20
-3.5154145275590549
11
5.9566788976377953
21
-3.5154950393700788
0
LINE
8
BLACK
6
CONTINUOUS
10
5.9566788976377953
20
-3.5154950393700788
11
5.9567216141732287
21
-3.5159289763779529
0
LINE
8
BLACK
6
CONTINUOUS
10
5.9567216141732287
20
-3.5159289763779529
11
5.9567853937007875
21
-3.516360118110236
0
LINE
8
BLACK
6
CONTINUOUS
10
5.9567853937007875
20
-3.516360118110236
11
5.9567725590551177
21
-3.5164462204724409
0
LINE
8
BLACK
6
CONTINUOUS
10
5.9567725590551177
20
-3.5164462204724409
11
5.9567923622047241
21
-3.5166471653543305
0
LINE
8
BLACK
6
CONTINUOUS
10
5.9567923622047241
20
-3.5166471653543305
11
5.9567923622047241
21
-3.5250836220472439
0
LINE
8
BLACK
6
CONTINUOUS
10
5.9567923622047241
20
-3.5250836220472439
11
5.9567725590551177
21
-3.5252845275590552
0
LINE
8
BLACK
6
CONTINUOUS
10
5.9567725590551177
20
-3.5252845275590552
11
5.9567853937007875
21
-3.5253706692913385
0
LINE
8
BLACK
6
CONTINUOUS
10
5.9567853937007875
20
-3.5253706692913385
11
5.9567216141732287
21
-3.5258017716535432
0
LINE
8
BLACK
6
CONTINUOUS
10
5.9567216141732287
20
-3.5258017716535432
11
5.9566788976377953
21
-3.5262357480314961
0
LINE
8
BLACK
6
CONTINUOUS
10
5.9566788976377953
20
-3.5262357480314961
11
5.9566455118110238
21
-3.5263162204724408
0
LINE
8
BLACK
6
CONTINUOUS
10
5.9566455118110238
20
-3.5263162204724408
11
5.9566160236220469
21
-3.5265159055118112
0
LINE
8
BLACK
6
CONTINUOUS
10
5.9566160236220469
20
-3.5265159055118112
11
5.9538038976377949
21
-3.5377644881889765
0
LINE
8
BLACK
6
CONTINUOUS
10
5.9538038976377949
20
-3.5377644881889765
11
5.9537735039370077
21
-3.5378494488188976
0
LINE
8
BLACK
6
CONTINUOUS
10
5.9537735039370077
20
-3.5378494488188976
11
5.9537705118110233
21
-3.5378920078740155
0
LINE
8
BLACK
6
CONTINUOUS
10
5.9537705118110233
20
-3.5378920078740155
11
5.9535870078740158
21
-3.5383715354330709
0
LINE
8
BLACK
6
CONTINUOUS
10
5.9535870078740158
20
-3.5383715354330709
11
5.9534144094488184
21
-3.5388546850393698
0
LINE
8
BLACK
6
CONTINUOUS
10
5.9534144094488184
20
-3.5388546850393698
11
5.9533890157480309
21
-3.5388888976377952
0
LINE
8
BLACK
6
CONTINUOUS
10
5.9533890157480309
20
-3.5388888976377952
11
5.9533567716535432
21
-3.5389732677165355
0
LINE
8
BLACK
6
CONTINUOUS
10
5.9533567716535432
20
-3.5389732677165355
11
5.9505446062992124
21
-3.5445975196850394
0
LINE
8
BLACK
6
CONTINUOUS
10
5.9505446062992124
20
-3.5445975196850394
11
5.9502324803149609
21
-3.545093307086614
0
LINE
8
BLACK
6
CONTINUOUS
10
5.9502324803149609
20
-3.545093307086614
11
5.9501728346456693
21
-3.5452374015748029
0
LINE
8
BLACK
6
CONTINUOUS
10
5.9501728346456693
20
-3.5452374015748029
11
5.9500396850393695
21
-3.5453995669291336
0
LINE
8
BLACK
6
CONTINUOUS
10
5.9500396850393695
20
-3.5453995669291336
11
5.9499278740157475
21
-3.5455772834645667
0
LINE
8
BLACK
6
CONTINUOUS
10
5.9499278740157475
20
-3.5455772834645667
11
5.9498099606299215
21
-3.5456794881889762
0
LINE
8
BLACK
6
CONTINUOUS
10
5.9498099606299215
20
-3.5456794881889762
11
5.9494383858267712
21
-3.5461323228346457
0
LINE
8
BLACK
6
CONTINUOUS
10
5.9494383858267712
20
-3.5461323228346457
11
5.9438140944881885
21
-3.5517566535433072
0
LINE
8
BLACK
6
CONTINUOUS
10
5.9438140944881885
20
-3.5517566535433072
11
5.9429192125984249
21
-3.5524911023622048
0
LINE
8
BLACK
6
CONTINUOUS
10
5.9429192125984249
20
-3.5524911023622048
11
5.9427231496062989
21
-3.552572283464567
0
LINE
8
BLACK
6
CONTINUOUS
10
5.9427231496062989
20
-3.552572283464567
11
5.9425628740157475
21
-3.552711338582677
0
LINE
8
BLACK
6
CONTINUOUS
10
5.9425628740157475
20
-3.552711338582677
11
5.9415057480314957
21
-3.5531833070866141
0
LINE
8
BLACK
6
CONTINUOUS
10
5.9415057480314957
20
-3.5531833070866141
11
5.9330692913385823
21
-3.5559954330708661
0
LINE
8
BLACK
6
CONTINUOUS
10
5.9330692913385823
20
-3.5559954330708661
11
5.9324979133858262
21
-3.5561253149606298
0
LINE
8
BLACK
6
CONTINUOUS
10
5.9324979133858262
20
-3.5561253149606298
11
5.9323539370078739
21
-3.5561849999999997
0
LINE
8
BLACK
6
CONTINUOUS
10
5.9323539370078739
20
-3.5561849999999997
11
5.9321451574803152
21
-3.5562055511811024
0
LINE
8
BLACK
6
CONTINUOUS
10
5.9321451574803152
20
-3.5562055511811024
11
5.9319403937007875
21
-3.5562521259842517
0
LINE
8
BLACK
6
CONTINUOUS
10
5.9319403937007875
20
-3.5562521259842517
11
5.9317846850393696
21
-3.556241023622047
0
LINE
8
BLACK
6
CONTINUOUS
10
5.9317846850393696
20
-3.556241023622047
11
5.9312018110236222
21
-3.5562984645669289
0
LINE
8
BLACK
6
CONTINUOUS
10
5.9312018110236222
20
-3.5562984645669289
11
5.9255775196850395
21
-3.5562984645669289
0
LINE
8
BLACK
6
CONTINUOUS
10
5.9255775196850395
20
-3.5562984645669289
11
5.9249946062992125
21
-3.556241023622047
0
LINE
8
BLACK
6
CONTINUOUS
10
5.9249946062992125
20
-3.556241023622047
11
5.9248389370078742
21
-3.5562521259842517
0
LINE
8
BLACK
6
CONTINUOUS
10
5.9248389370078742
20
-3.5562521259842517
11
5.9246341338582678
21
-3.5562055511811024
0
LINE
8
BLACK
6
CONTINUOUS
10
5.9246341338582678
20
-3.5562055511811024
11
5.9244253937007869
21
-3.5561849999999997
0
LINE
8
BLACK
6
CONTINUOUS
10
5.9244253937007869
20
-3.5561849999999997
11
5.9242813779527559
21
-3.5561253149606298
0
LINE
8
BLACK
6
CONTINUOUS
10
5.9242813779527559
20
-3.5561253149606298
11
5.9237100393700786
21
-3.5559954330708661
0
LINE
8
BLACK
6
CONTINUOUS
10
5.9237100393700786
20
-3.5559954330708661
11
5.9152735826771652
21
-3.5531833070866141
0
LINE
8
BLACK
6
CONTINUOUS
10
5.9152735826771652
20
-3.5531833070866141
11
5.9142164566929134
21
-3.552711338582677
0
LINE
8
BLACK
6
CONTINUOUS
10
5.9142164566929134
20
-3.552711338582677
11
5.914056023622047
21
-3.5525722047244095
0
LINE
8
BLACK
6
CONTINUOUS
10
5.914056023622047
20
-3.5525722047244095
11
5.9138601181102359
21
-3.552491062992126
0
LINE
8
BLACK
6
CONTINUOUS
10
5.9138601181102359
20
-3.552491062992126
11
5.9129651968503936
21
-3.5517566141732284
0
LINE
8
BLACK
6
CONTINUOUS
10
5.9129651968503936
20
-3.5517566141732284
11
5.9101530708661416
21
-3.5489444488188977
0
LINE
8
BLACK
6
CONTINUOUS
10
5.9101530708661416
20
-3.5489444488188977
11
5.9094186614173223
21
-3.5480495275590549
0
LINE
8
BLACK
6
CONTINUOUS
10
5.9094186614173223
20
-3.5480495275590549
11
5.9085368897637798
21
-3.5459207086614173
0
LINE
8
BLACK
6
CONTINUOUS
10
5.9085368897637798
20
-3.5459207086614173
11
5.9085368897637798
21
-3.5436165354330709
0
LINE
8
BLACK
6
CONTINUOUS
10
5.9085368897637798
20
-3.5436165354330709
11
5.9094187007874011
21
-3.5414877165354328
0
LINE
8
BLACK
6
CONTINUOUS
10
5.9094187007874011
20
-3.5414877165354328
11
5.9110480708661415
21
-3.5398583858267716
0
LINE
8
BLACK
6
CONTINUOUS
10
5.9110480708661415
20
-3.5398583858267716
11
5.9131768897637791
21
-3.5389766141732282
0
LINE
8
BLACK
6
CONTINUOUS
10
5.9131768897637791
20
-3.5389766141732282
11
5.9154810629921259
21
-3.5389766141732282
0
LINE
8
BLACK
6
CONTINUOUS
10
5.9154810629921259
20
-3.5389766141732282
11
5.9176098818897636
21
-3.5398584251968503
0
LINE
8
BLACK
6
CONTINUOUS
10
5.9176098818897636
20
-3.5398584251968503
11
5.9185048031496059
21
-3.540592874015748
0
LINE
8
BLACK
6
CONTINUOUS
10
5.9185048031496059
20
-3.540592874015748
11
5.9203310629921262
21
-3.5424191732283465
0
LINE
8
BLACK
6
CONTINUOUS
10
5.9203310629921262
20
-3.5424191732283465
11
5.9265359055118108
21
-3.5444874409448817
0
LINE
8
BLACK
6
CONTINUOUS
10
5.9265359055118108
20
-3.5444874409448817
11
5.9302434251968501
21
-3.5444874409448817
0
LINE
8
BLACK
6
CONTINUOUS
10
5.9302434251968501
20
-3.5444874409448817
11
5.9364482283464568
21
-3.5424191732283465
0
LINE
8
BLACK
6
CONTINUOUS
10
5.9364482283464568
20
-3.5424191732283465
11
5.9404090944881887
21
-3.5384583070866142
0
LINE
8
BLACK
6
CONTINUOUS
10
5.9404090944881887
20
-3.5384583070866142
11
5.9425027559055117
21
-3.5342709055118111
0
LINE
8
BLACK
6
CONTINUOUS
10
5.9425027559055117
20
-3.5342709055118111
11
5.9449813385826769
21
-3.5243566929133858
0
LINE
8
BLACK
6
CONTINUOUS
10
5.9449813385826769
20
-3.5243566929133858
11
5.9449813385826769
21
-3.5173740551181103
0
LINE
8
BLACK
6
CONTINUOUS
10
5.9449813385826769
20
-3.5173740551181103
11
5.9425027559055117
21
-3.507459842519685
0
LINE
8
BLACK
6
CONTINUOUS
10
5.9425027559055117
20
-3.507459842519685
11
5.9404090944881887
21
-3.5032724803149606
0
LINE
8
BLACK
6
CONTINUOUS
10
5.9404090944881887
20
-3.5032724803149606
11
5.936448188976378
21
-3.4993115748031496
0
LINE
8
BLACK
6
CONTINUOUS
10
5.936448188976378
20
-3.4993115748031496
11
5.9302435433070864
21
-3.4972433464566928
0
LINE
8
BLACK
6
CONTINUOUS
10
5.9302435433070864
20
-3.4972433464566928
11
5.9265359055118108
21
-3.4972433464566928
0
LINE
8
BLACK
6
CONTINUOUS
10
5.9265359055118108
20
-3.4972433464566928
11
5.9203311023622049
21
-3.4993115748031496
0
LINE
8
BLACK
6
CONTINUOUS
10
5.9203311023622049
20
-3.4993115748031496
11
5.9185047637795272
21
-3.5011379527559052
0
LINE
8
BLACK
6
CONTINUOUS
10
5.9185047637795272
20
-3.5011379527559052
11
5.9176098425196848
21
-3.5018724015748033
0
LINE
8
BLACK
6
CONTINUOUS
10
5.9176098425196848
20
-3.5018724015748033
11
5.9154810236220472
21
-3.5027541732283463
0
LINE
8
BLACK
6
CONTINUOUS
10
5.9154810236220472
20
-3.5027541732283463
11
5.9131768503937003
21
-3.5027541732283463
0
LINE
8
BLACK
6
CONTINUOUS
10
5.9131768503937003
20
-3.5027541732283463
11
5.9110480314960627
21
-3.5018724015748033
0
LINE
8
BLACK
6
CONTINUOUS
10
5.9110480314960627
20
-3.5018724015748033
11
5.9094186614173223
21
-3.5002430314960629
0
LINE
8
BLACK
6
CONTINUOUS
10
5.9094186614173223
20
-3.5002430314960629
11
5.9085368897637798
21
-3.4981142125984253
0
LINE
8
BLACK
6
CONTINUOUS
10
5.9085368897637798
20
-3.4981142125984253
11
5.9085368897637798
21
-3.4958100393700788
0
LINE
8
BLACK
6
CONTINUOUS
10
5.9085368897637798
20
-3.4958100393700788
11
5.9094186614173223
21
-3.4936812204724408
0
LINE
8
BLACK
6
CONTINUOUS
10
5.9094186614173223
20
-3.4936812204724408
11
5.9101531102362204
21
-3.4927862992125984
0
LINE
8
BLACK
6
CONTINUOUS
10
5.9101531102362204
20
-3.4927862992125984
11
5.9129652362204723
21
-3.4899741732283465
0
LINE
8
BLACK
6
CONTINUOUS
10
5.9129652362204723
20
-3.4899741732283465
11
5.9138601181102359
21
-3.4892397244094489
0
LINE
8
BLACK
6
CONTINUOUS
10
5.9138601181102359
20
-3.4892397244094489
11
5.914056181102362
21
-3.4891584645669291
0
LINE
8
BLACK
6
CONTINUOUS
10
5.914056181102362
20
-3.4891584645669291
11
5.9142164566929134
21
-3.489019527559055
0
LINE
8
BLACK
6
CONTINUOUS
10
5.9142164566929134
20
-3.489019527559055
11
5.9152735826771652
21
-3.4885475590551178
0
LINE
8
BLACK
6
CONTINUOUS
10
5.9152735826771652
20
-3.4885475590551178
11
5.9237099999999998
21
-3.4857353937007871
0
LINE
8
BLACK
6
CONTINUOUS
10
5.9237099999999998
20
-3.4857353937007871
11
5.9242812204724409
21
-3.4856054724409447
0
LINE
8
BLACK
6
CONTINUOUS
10
5.9242812204724409
20
-3.4856054724409447
11
5.9244253937007869
21
-3.4855457874015747
0
LINE
8
BLACK
6
CONTINUOUS
10
5.9244253937007869
20
-3.4855457874015747
11
5.9246343700787403
21
-3.4855251968503937
0
LINE
8
BLACK
6
CONTINUOUS
10
5.9246343700787403
20
-3.4855251968503937
11
5.9248388976377955
21
-3.4854787007874015
0
LINE
8
BLACK
6
CONTINUOUS
10
5.9248388976377955
20
-3.4854787007874015
11
5.92499437007874
21
-3.4854897244094487
0
LINE
8
BLACK
6
CONTINUOUS
10
5.92499437007874
20
-3.4854897244094487
11
5.9255775196850395
21
-3.4854323228346455
0
LINE
8
BLACK
6
CONTINUOUS
10
5.9255775196850395
20
-3.4854323228346455
11
5.9312018110236222
21
-3.4854323228346455
0
LINE
8
BLACK
6
CONTINUOUS
10
5.9312018110236222
20
-3.4854323228346455
11
5.9317849212598421
21
-3.4854897244094487
0
LINE
8
BLACK
6
CONTINUOUS
10
6.0701492125984249
20
-3.4855457874015747
11
6.0703452755905509
21
-3.4856270078740157
0
LINE
8
BLACK
6
CONTINUOUS
10
6.0703452755905509
20
-3.4856270078740157
11
6.0705568897637798
21
-3.4856420472440943
0
LINE
8
BLACK
6
CONTINUOUS
10
6.0705568897637798
20
-3.4856420472440943
11
6.0716381102362202
21
-3.4860557874015745
0
LINE
8
BLACK
6
CONTINUOUS
10
6.0716381102362202
20
-3.4860557874015745
11
6.0772624015748029
21
-3.4888679527559052
0
LINE
8
BLACK
6
CONTINUOUS
10
6.0772624015748029
20
-3.4888679527559052
11
6.0777582677165354
21
-3.4891800787401572
0
LINE
8
BLACK
6
CONTINUOUS
10
6.0777582677165354
20
-3.4891800787401572
11
6.0779022440944876
21
-3.4892397244094489
0
LINE
8
BLACK
6
CONTINUOUS
10
6.0779022440944876
20
-3.4892397244094489
11
6.0780643307086617
21
-3.4893727559055119
0
LINE
8
BLACK
6
CONTINUOUS
10
6.0780643307086617
20
-3.4893727559055119
11
6.0782421653543306
21
-3.4894846850393701
0
LINE
8
BLACK
6
CONTINUOUS
10
6.0782421653543306
20
-3.4894846850393701
11
6.0783444094488184
21
-3.4896025590551178
0
LINE
8
BLACK
6
CONTINUOUS
10
6.0783444094488184
20
-3.4896025590551178
11
6.0787971653543309
21
-3.4899741338582677
0
LINE
8
BLACK
6
CONTINUOUS
10
6.0787971653543309
20
-3.4899741338582677
11
6.0816093307086616
21
-3.4927862598425197
0
LINE
8
BLACK
6
CONTINUOUS
10
6.0816093307086616
20
-3.4927862598425197
11
6.081981062992126
21
-3.4932392125984251
0
LINE
8
BLACK
6
CONTINUOUS
10
6.081981062992126
20
-3.4932392125984251
11
6.0820988582677167
21
-3.4933413779527558
0
LINE
8
BLACK
6
CONTINUOUS
10
6.0820988582677167
20
-3.4933413779527558
11
6.0822106299212599
21
-3.4935189370078739
0
LINE
8
BLACK
6
CONTINUOUS
10
6.0822106299212599
20
-3.4935189370078739
11
6.0823437795275588
21
-3.493681181102362
0
LINE
8
BLACK
6
CONTINUOUS
10
6.0823437795275588
20
-3.493681181102362
11
6.0824034251968504
21
-3.4938252362204723
0
LINE
8
BLACK
6
CONTINUOUS
10
6.0824034251968504
20
-3.4938252362204723
11
6.0827155905511807
21
-3.4943211023622047
0
LINE
8
BLACK
6
CONTINUOUS
10
6.0827155905511807
20
-3.4943211023622047
11
6.0855277165354327
21
-3.4999454330708661
0
LINE
8
BLACK
6
CONTINUOUS
10
6.0855277165354327
20
-3.4999454330708661
11
6.0859414960629916
21
-3.501026653543307
0
LINE
8
BLACK
6
CONTINUOUS
10
6.0859414960629916
20
-3.501026653543307
11
6.0859564960629919
21
-3.5012382677165355
0
LINE
8
BLACK
6
CONTINUOUS
10
6.0859564960629919
20
-3.5012382677165355
11
6.0860377165354329
21
-3.5014342913385827
0
LINE
8
BLACK
6
CONTINUOUS
10
6.0860377165354329
20
-3.5014342913385827
11
6.0861511811023616
21
-3.5025864173228345
0
LINE
8
BLACK
6
CONTINUOUS
10
6.0861511811023616
20
-3.5025864173228345
11
6.0861511811023616
21
-3.5082107480314959
0
LINE
8
BLACK
6
CONTINUOUS
10
6.0861511811023616
20
-3.5082107480314959
11
6.0860377165354329
21
-3.5093628740157481
0
LINE
8
BLACK
6
CONTINUOUS
10
6.0860377165354329
20
-3.5093628740157481
11
6.0859564960629919
21
-3.5095588582677166
0
LINE
8
BLACK
6
CONTINUOUS
10
6.0859564960629919
20
-3.5095588582677166
11
6.0859414960629916
21
-3.5097705118110234
0
LINE
8
BLACK
6
CONTINUOUS
10
6.0859414960629916
20
-3.5097705118110234
11
6.0855277165354327
21
-3.5108517322834647
0
LINE
8
BLACK
6
CONTINUOUS
10
6.0855277165354327
20
-3.5108517322834647
11
6.0827155905511807
21
-3.5164760629921261
0
LINE
8
BLACK
6
CONTINUOUS
10
6.0827155905511807
20
-3.5164760629921261
11
6.0824034251968504
21
-3.5169718897637794
0
LINE
8
BLACK
6
CONTINUOUS
10
6.0824034251968504
20
-3.5169718897637794
11
6.0823437795275588
21
-3.5171159842519684
0
LINE
8
BLACK
6
CONTINUOUS
10
6.0823437795275588
20
-3.5171159842519684
11
6.0822106299212599
21
-3.5172781889763778
0
LINE
8
BLACK
6
CONTINUOUS
10
6.0822106299212599
20
-3.5172781889763778
11
6.0820988582677167
21
-3.5174557874015746
0
LINE
8
BLACK
6
CONTINUOUS
10
6.0820988582677167
20
-3.5174557874015746
11
6.081981062992126
21
-3.5175579133858266
0
LINE
8
BLACK
6
CONTINUOUS
10
6.081981062992126
20
-3.5175579133858266
11
6.0816093307086616
21
-3.5180109055118107
0
LINE
8
BLACK
6
CONTINUOUS
10
6.0816093307086616
20
-3.5180109055118107
11
6.0787971653543309
21
-3.5208230314960631
0
LINE
8
BLACK
6
CONTINUOUS
10
6.0787971653543309
20
-3.5208230314960631
11
6.0783444094488184
21
-3.5211945669291338
0
LINE
8
BLACK
6
CONTINUOUS
10
6.0783444094488184
20
-3.5211945669291338
11
6.0782421653543306
21
-3.5213124803149607
0
LINE
8
BLACK
6
CONTINUOUS
10
6.0782421653543306
20
-3.5213124803149607
11
6.0780643307086617
21
-3.5214243700787402
0
LINE
8
BLACK
6
CONTINUOUS
10
6.0780643307086617
20
-3.5214243700787402
11
6.0779022440944876
21
-3.521557440944882
0
LINE
8
BLACK
6
CONTINUOUS
10
6.0779022440944876
20
-3.521557440944882
11
6.0777582677165354
21
-3.5216170472440944
0
LINE
8
BLACK
6
CONTINUOUS
10
6.0777582677165354
20
-3.5216170472440944
11
6.0772624015748029
21
-3.5219292125984252
0
LINE
8
BLACK
6
CONTINUOUS
10
6.0772624015748029
20
-3.5219292125984252
11
6.0716381102362202
21
-3.5247413779527559
0
LINE
8
BLACK
6
CONTINUOUS
10
6.0716381102362202
20
-3.5247413779527559
11
6.0715538188976375
21
-3.5247736220472441
0
LINE
8
BLACK
6
CONTINUOUS
10
6.0715538188976375
20
-3.5247736220472441
11
6.0715195669291333
21
-3.5247990157480316
0
LINE
8
BLACK
6
CONTINUOUS
10
6.0715195669291333
20
-3.5247990157480316
11
6.0710361811023619
21
-3.5249716929133856
0
LINE
8
BLACK
6
CONTINUOUS
10
6.0710361811023619
20
-3.5249716929133856
11
6.0705568897637798
21
-3.5251551181102361
0
LINE
8
BLACK
6
CONTINUOUS
10
6.0705568897637798
20
-3.5251551181102361
11
6.0705143307086615
21
-3.5251581102362204
0
LINE
8
BLACK
6
CONTINUOUS
10
6.0705143307086615
20
-3.5251581102362204
11
6.07042937007874
21
-3.5251885039370077
0
LINE
8
BLACK
6
CONTINUOUS
10
6.07042937007874
20
-3.5251885039370077
11
6.0598097637795272
21
-3.5278433858267717
0
LINE
8
BLACK
6
CONTINUOUS
10
6.0598097637795272
20
-3.5278433858267717
11
6.0556224015748032
21
-3.5299370472440943
0
LINE
8
BLACK
6
CONTINUOUS
10
6.0556224015748032
20
-3.5299370472440943
11
6.0541655118110231
21
-3.531393937007874
0
LINE
8
BLACK
6
CONTINUOUS
10
6.0541655118110231
20
-3.531393937007874
11
6.0524053937007869
21
-3.5349141732283464
0
LINE
8
BLACK
6
CONTINUOUS
10
6.0524053937007869
20
-3.5349141732283464
11
6.0524053937007869
21
-3.5377502362204725
0
LINE
8
BLACK
6
CONTINUOUS
10
6.0524053937007869
20
-3.5377502362204725
11
6.0541655118110231
21
-3.5412704724409449
0
LINE
8
BLACK
6
CONTINUOUS
10
6.0541655118110231
20
-3.5412704724409449
11
6.0556223622047245
21
-3.5427273228346454
0
LINE
8
BLACK
6
CONTINUOUS
10
6.0556223622047245
20
-3.5427273228346454
11
6.059142598425197
21
-3.5444874409448817
0
LINE
8
BLACK
6
CONTINUOUS
10
6.059142598425197
20
-3.5444874409448817
11
6.0708508661417317
21
-3.5444874409448817
0
LINE
8
BLACK
6
CONTINUOUS
10
6.0708508661417317
20
-3.5444874409448817
11
6.0783781889763775
21
-3.541978346456693
0
LINE
8
BLACK
6
CONTINUOUS
10
6.0783781889763775
20
-3.541978346456693
11
6.0795070866141732
21
-3.5417216929133857
0
LINE
8
BLACK
6
CONTINUOUS
10
6.0795070866141732
20
-3.5417216929133857
11
6.0818055118110239
21
-3.5418850393700785
0
LINE
8
BLACK
6
CONTINUOUS
10
6.0818055118110239
20
-3.5418850393700785
11
6.0838664173228345
21
-3.5429155118110236
0
LINE
8
BLACK
6
CONTINUOUS
10
6.0838664173228345
20
-3.5429155118110236
11
6.0853761417322829
21
-3.544656220472441
0
LINE
8
BLACK
6
CONTINUOUS
10
6.0853761417322829
20
-3.544656220472441
11
6.0861048031496061
21
-3.546842244094488
0
LINE
8
BLACK
6
CONTINUOUS
10
6.0861048031496061
20
-3.546842244094488
11
6.0859414566929129
21
-3.5491406692913383
0
LINE
8
BLACK
6
CONTINUOUS
10
6.0859414566929129
20
-3.5491406692913383
11
6.0849109842519686
21
-3.5512015748031494
0
LINE
8
BLACK
6
CONTINUOUS
10
6.0849109842519686
20
-3.5512015748031494
11
6.0831702755905512
21
-3.5527112992125982
0
LINE
8
BLACK
6
CONTINUOUS
10
6.0831702755905512
20
-3.5527112992125982
11
6.0821131496062995
21
-3.5531833070866141
0
LINE
8
BLACK
6
CONTINUOUS
10
6.0821131496062995
20
-3.5531833070866141
11
6.0736767322834648
21
-3.5559954330708661
0
LINE
8
BLACK
6
CONTINUOUS
10
6.0736767322834648
20
-3.5559954330708661
11
6.0731053543307087
21
-3.5561253149606298
0
LINE
8
BLACK
6
CONTINUOUS
10
6.0731053543307087
20
-3.5561253149606298
11
6.0729613779527556
21
-3.5561849999999997
0
LINE
8
BLACK
6
CONTINUOUS
10
6.0729613779527556
20
-3.5561849999999997
11
6.0727525984251969
21
-3.5562055511811024
0
LINE
8
BLACK
6
CONTINUOUS
10
6.0727525984251969
20
-3.5562055511811024
11
6.0725478346456692
21
-3.5562521259842517
0
LINE
8
BLACK
6
CONTINUOUS
10
6.0725478346456692
20
-3.5562521259842517
11
6.0723921259842522
21
-3.556241023622047
0
LINE
8
BLACK
6
CONTINUOUS
10
6.0723921259842522
20
-3.556241023622047
11
6.0718092519685039
21
-3.5562984645669289
0
LINE
8
BLACK
6
CONTINUOUS
10
6.0718092519685039
20
-3.5562984645669289
11
6.0577485039370078
21
-3.5562984645669289
0
LINE
8
BLACK
6
CONTINUOUS
10
6.0577485039370078
20
-3.5562984645669289
11
6.0565963779527561
21
-3.5561849999999997
0
LINE
8
BLACK
6
CONTINUOUS
10
6.0565963779527561
20
-3.5561849999999997
11
6.0564003543307088
21
-3.5561037795275592
0
LINE
8
BLACK
6
CONTINUOUS
10
6.0564003543307088
20
-3.5561037795275592
11
6.0561887401574799
21
-3.5560887795275589
0
LINE
8
BLACK
6
CONTINUOUS
10
6.0561887401574799
20
-3.5560887795275589
11
6.0551075196850395
21
-3.5556749999999999
0
LINE
8
BLACK
6
CONTINUOUS
10
6.0551075196850395
20
-3.5556749999999999
11
6.049483188976378
21
-3.552862874015748
0
LINE
8
BLACK
6
CONTINUOUS
10
6.049483188976378
20
-3.552862874015748
11
6.0489874409448818
21
-3.5525507874015747
0
LINE
8
BLACK
6
CONTINUOUS
10
6.0489874409448818
20
-3.5525507874015747
11
6.0488433070866137
21
-3.5524911023622048
0
LINE
8
BLACK
6
CONTINUOUS
10
6.0488433070866137
20
-3.5524911023622048
11
6.048680984251968
21
-3.552357874015748
0
LINE
8
BLACK
6
CONTINUOUS
10
6.048680984251968
20
-3.552357874015748
11
6.0485034645669291
21
-3.5522461417322835
0
LINE
8
BLACK
6
CONTINUOUS
10
6.0485034645669291
20
-3.5522461417322835
11
6.0484012992125979
21
-3.5521283464566928
0
LINE
8
BLACK
6
CONTINUOUS
10
6.0484012992125979
20
-3.5521283464566928
11
6.0479483858267713
21
-3.5517566535433072
0
LINE
8
BLACK
6
CONTINUOUS
10
6.0479483858267713
20
-3.5517566535433072
11
6.0451362204724406
21
-3.5489444881889765
0
LINE
8
BLACK
6
CONTINUOUS
10
6.0451362204724406
20
-3.5489444881889765
11
6.0447645669291337
21
-3.5484916535433069
0
LINE
8
BLACK
6
CONTINUOUS
10
6.0447645669291337
20
-3.5484916535433069
11
6.0446467322834643
21
-3.5483894488188974
0
LINE
8
BLACK
6
CONTINUOUS
10
6.0446467322834643
20
-3.5483894488188974
11
6.0445348818897635
21
-3.5482117322834643
0
LINE
8
BLACK
6
CONTINUOUS
10
6.0445348818897635
20
-3.5482117322834643
11
6.0444017716535434
21
-3.5480495669291336
0
LINE
8
BLACK
6
CONTINUOUS
10
6.0444017716535434
20
-3.5480495669291336
11
6.044342086614173
21
-3.5479054724409447
0
LINE
8
BLACK
6
CONTINUOUS
10
6.044342086614173
20
-3.5479054724409447
11
6.0440300000000002
21
-3.5474096850393702
0
LINE
8
BLACK
6
CONTINUOUS
10
6.0440300000000002
20
-3.5474096850393702
11
6.0412178346456695
21
-3.5417853937007875
0
LINE
8
BLACK
6
CONTINUOUS
10
6.0412178346456695
20
-3.5417853937007875
11
6.0408040944881884
21
-3.5407041732283462
0
LINE
8
BLACK
6
CONTINUOUS
10
6.0408040944881884
20
-3.5407041732283462
11
6.0407890551181103
21
-3.5404925590551182
0
LINE
8
BLACK
6
CONTINUOUS
10
6.0407890551181103
20
-3.5404925590551182
11
6.0407078346456693
21
-3.5402964960629921
0
LINE
8
BLACK
6
CONTINUOUS
10
6.0407078346456693
20
-3.5402964960629921
11
6.0405943700787397
21
-3.5391443700787399
0
LINE
8
BLACK
6
CONTINUOUS
10
6.0405943700787397
20
-3.5391443700787399
11
6.0405943700787397
21
-3.5335200787401573
0
LINE
8
BLACK
6
CONTINUOUS
10
6.0405943700787397
20
-3.5335200787401573
11
6.0407078346456693
21
-3.5323679527559055
0
LINE
8
BLACK
6
CONTINUOUS
10
6.0407078346456693
20
-3.5323679527559055
11
6.0407890551181103
21
-3.5321718503937007
0
LINE
8
BLACK
6
CONTINUOUS
10
6.0407890551181103
20
-3.5321718503937007
11
6.0408040944881884
21
-3.531960275590551
0
LINE
8
BLACK
6
CONTINUOUS
10
6.0408040944881884
20
-3.531960275590551
11
6.0412178346456695
21
-3.5308790551181102
0
LINE
8
BLACK
6
CONTINUOUS
10
6.0412178346456695
20
-3.5308790551181102
11
6.0440300000000002
21
-3.5252547637795275
0
LINE
8
BLACK
6
CONTINUOUS
10
6.0440300000000002
20
-3.5252547637795275
11
6.044342086614173
21
-3.5247589370078738
0
LINE
8
BLACK
6
CONTINUOUS
10
6.044342086614173
20
-3.5247589370078738
11
6.0444017716535434
21
-3.5246148818897636
0
LINE
8
BLACK
6
CONTINUOUS
10
6.0444017716535434
20
-3.5246148818897636
11
6.0445348818897635
21
-3.5244526771653542
0
LINE
8
BLACK
6
CONTINUOUS
10
6.0445348818897635
20
-3.5244526771653542
11
6.0446467322834643
21
-3.5242749999999998
0
LINE
8
BLACK
6
CONTINUOUS
10
6.0446467322834643
20
-3.5242749999999998
11
6.0447645669291337
21
-3.5241727559055116
0
LINE
8
BLACK
6
CONTINUOUS
10
6.0447645669291337
20
-3.5241727559055116
11
6.0451362204724406
21
-3.5237199606299212
0
LINE
8
BLACK
6
CONTINUOUS
10
6.0451362204724406
20
-3.5237199606299212
11
6.0479483858267713
21
-3.5209077952755905
0
LINE
8
BLACK
6
CONTINUOUS
10
6.0479483858267713
20
-3.5209077952755905
11
6.0484011811023617
21
-3.5205361811023623
0
LINE
8
BLACK
6
CONTINUOUS
10
6.0484011811023617
20
-3.5205361811023623
11
6.0485034251968504
21
-3.5204183070866142
0
LINE
8
BLACK
6
CONTINUOUS
10
6.0485034251968504
20
-3.5204183070866142
11
6.0486811023622042
21
-3.5203064566929134
0
LINE
8
BLACK
6
CONTINUOUS
10
6.0486811023622042
20
-3.5203064566929134
11
6.0488433070866137
21
-3.5201733464566929
0
LINE
8
BLACK
6
CONTINUOUS
10
6.0488433070866137
20
-3.5201733464566929
11
6.0489873622047243
21
-3.520113661417323
0
LINE
8
BLACK
6
CONTINUOUS
10
6.0489873622047243
20
-3.520113661417323
11
6.049483188976378
21
-3.5198015748031497
0
LINE
8
BLACK
6
CONTINUOUS
10
6.049483188976378
20
-3.5198015748031497
11
6.055107440944882
21
-3.516989409448819
0
LINE
8
BLACK
6
CONTINUOUS
10
6.055107440944882
20
-3.516989409448819
11
6.0551917716535435
21
-3.516957125984252
0
LINE
8
BLACK
6
CONTINUOUS
10
6.0551917716535435
20
-3.516957125984252
11
6.0552260236220468
21
-3.5169317716535433
0
LINE
8
BLACK
6
CONTINUOUS
10
6.0552260236220468
20
-3.5169317716535433
11
6.0557091338582678
21
-3.5167591338582675
0
LINE
8
BLACK
6
CONTINUOUS
10
6.0557091338582678
20
-3.5167591338582675
11
6.0561887007874011
21
-3.5165756692913384
0
LINE
8
BLACK
6
CONTINUOUS
10
6.0561887007874011
20
-3.5165756692913384
11
6.0562312204724407
21
-3.5165726377952753
0
LINE
8
BLACK
6
CONTINUOUS
10
6.0562312204724407
20
-3.5165726377952753
11
6.056316220472441
21
-3.5165422834645668
0
LINE
8
BLACK
6
CONTINUOUS
10
6.056316220472441
20
-3.5165422834645668
11
6.066935787401575
21
-3.5138874015748032
0
LINE
8
BLACK
6
CONTINUOUS
10
6.066935787401575
20
-3.5138874015748032
11
6.0711232283464565
21
-3.5117936614173226
0
LINE
8
BLACK
6
CONTINUOUS
10
6.0711232283464565
20
-3.5117936614173226
11
6.0725800787401569
21
-3.5103368110236222
0
LINE
8
BLACK
6
CONTINUOUS
10
6.0725800787401569
20
-3.5103368110236222
11
6.0743401574803144
21
-3.5068166535433072
0
LINE
8
BLACK
6
CONTINUOUS
10
6.0743401574803144
20
-3.5068166535433072
11
6.0743401574803144
21
-3.5039804724409449
0
LINE
8
BLACK
6
CONTINUOUS
10
6.0743401574803144
20
-3.5039804724409449
11
6.0725800787401569
21
-3.5004603149606299
0
LINE
8
BLACK
6
CONTINUOUS
10
6.0725800787401569
20
-3.5004603149606299
11
6.0711232283464565
21
-3.499003464566929
0
LINE
8
BLACK
6
CONTINUOUS
10
6.0711232283464565
20
-3.499003464566929
11
6.067602992125984
21
-3.4972433464566928
0
LINE
8
BLACK
6
CONTINUOUS
10
6.067602992125984
20
-3.4972433464566928
11
6.0558947244094483
21
-3.4972433464566928
0
LINE
8
BLACK
6
CONTINUOUS
10
6.0558947244094483
20
-3.4972433464566928
11
6.0483673622047247
21
-3.4997524409448819
0
LINE
8
BLACK
6
CONTINUOUS
10
6.0483673622047247
20
-3.4997524409448819
11
6.0472385039370078
21
-3.5000091338582675
0
LINE
8
BLACK
6
CONTINUOUS
10
6.0472385039370078
20
-3.5000091338582675
11
6.044940078740157
21
-3.4998457874015747
0
LINE
8
BLACK
6
CONTINUOUS
10
6.044940078740157
20
-3.4998457874015747
11
6.0428791732283464
21
-3.4988153543307088
0
LINE
8
BLACK
6
CONTINUOUS
10
6.0428791732283464
20
-3.4988153543307088
11
6.0413694094488184
21
-3.4970746062992126
0
LINE
8
BLACK
6
CONTINUOUS
10
6.0413694094488184
20
-3.4970746062992126
11
6.0406407480314961
21
-3.4948886220472439
0
LINE
8
BLACK
6
CONTINUOUS
10
6.0406407480314961
20
-3.4948886220472439
11
6.0408040944881884
21
-3.4925901968503936
0
LINE
8
BLACK
6
CONTINUOUS
10
6.0408040944881884
20
-3.4925901968503936
11
6.0418345275590548
21
-3.4905292913385826
0
LINE
8
BLACK
6
CONTINUOUS
10
6.0418345275590548
20
-3.4905292913385826
11
6.043575275590551
21
-3.489019527559055
0
LINE
8
BLACK
6
CONTINUOUS
10
6.043575275590551
20
-3.489019527559055
11
6.0446324015748027
21
-3.4885475590551178
0
LINE
8
BLACK
6
CONTINUOUS
10
6.0446324015748027
20
-3.4885475590551178
11
6.0530688188976374
21
-3.4857353937007871
0
LINE
8
BLACK
6
CONTINUOUS
10
6.0530688188976374
20
-3.4857353937007871
11
6.0536400393700784
21
-3.4856054724409447
0
LINE
8
BLACK
6
CONTINUOUS
10
6.0536400393700784
20
-3.4856054724409447
11
6.0537842125984254
21
-3.4855457874015747
0
LINE
8
BLACK
6
CONTINUOUS
10
6.0537842125984254
20
-3.4855457874015747
11
6.0539931889763778
21
-3.4855251968503937
0
LINE
8
BLACK
6
CONTINUOUS
10
6.0539931889763778
20
-3.4855251968503937
11
6.054197716535433
21
-3.4854787007874015
0
LINE
8
BLACK
6
CONTINUOUS
10
6.054197716535433
20
-3.4854787007874015
11
6.0543531889763775
21
-3.4854897244094487
0
LINE
8
BLACK
6
CONTINUOUS
10
6.0543531889763775
20
-3.4854897244094487
11
6.0549363385826771
21
-3.4854323228346455
0
LINE
8
BLACK
6
CONTINUOUS
10
6.0549363385826771
20
-3.4854323228346455
11
6.0689970866141731
21
-3.4854323228346455
0
LINE
8
BLACK
6
CONTINUOUS
10
6.0689970866141731
20
-3.4854323228346455
11
6.0701492125984249
21
-3.4855457874015747
0
LINE
8
BLACK
6
CONTINUOUS
10
6.1088359842519679
20
-3.4864275984251969
11
6.1104652755905509
21
-3.4880568897637794
0
LINE
8
BLACK
6
CONTINUOUS
10
6.1104652755905509
20
-3.4880568897637794
11
6.111347086614173
21
-3.4901857086614174
0
LINE
8
BLACK
6
CONTINUOUS
10
6.111347086614173
20
-3.4901857086614174
11
6.1114605511811027
21
-3.4913378346456692
0
LINE
8
BLACK
6
CONTINUOUS
10
6.1114605511811027
20
-3.4913378346456692
11
6.1114605511811027
21
-3.5377502755905512
0
LINE
8
BLACK
6
CONTINUOUS
10
6.1114605511811027
20
-3.5377502755905512
11
6.1132205905511814
21
-3.5412704330708662
0
LINE
8
BLACK
6
CONTINUOUS
10
6.1132205905511814
20
-3.5412704330708662
11
6.1146774803149606
21
-3.5427273228346454
0
LINE
8
BLACK
6
CONTINUOUS
10
6.1146774803149606
20
-3.5427273228346454
11
6.1181977165354331
21
-3.5444874409448817
0
LINE
8
BLACK
6
CONTINUOUS
10
6.1181977165354331
20
-3.5444874409448817
11
6.1266581496062988
21
-3.5444874409448817
0
LINE
8
BLACK
6
CONTINUOUS
10
6.1266581496062988
20
-3.5444874409448817
11
6.1301783464566926
21
-3.5427273228346454
0
LINE
8
BLACK
6
CONTINUOUS
10
6.1301783464566926
20
-3.5427273228346454
11
6.1316351574803152
21
-3.5412704724409449
0
LINE
8
BLACK
6
CONTINUOUS
10
6.1316351574803152
20
-3.5412704724409449
11
6.1333953149606302
21
-3.5377502362204725
0
LINE
8
BLACK
6
CONTINUOUS
10
6.1333953149606302
20
-3.5377502362204725
11
6.1333953149606302
21
-3.4913378346456692
0
LINE
8
BLACK
6
CONTINUOUS
10
6.1333953149606302
20
-3.4913378346456692
11
6.1335087795275589
21
-3.4901857086614174
0
LINE
8
BLACK
6
CONTINUOUS
10
6.1335087795275589
20
-3.4901857086614174
11
6.1343905905511811
21
-3.4880568897637794
0
LINE
8
BLACK
6
CONTINUOUS
10
6.1343905905511811
20
-3.4880568897637794
11
6.136019881889764
21
-3.4864275984251969
0
LINE
8
BLACK
6
CONTINUOUS
10
6.136019881889764
20
-3.4864275984251969
11
6.1381487007874016
21
-3.4855457874015747
0
LINE
8
BLACK
6
CONTINUOUS
10
6.1381487007874016
20
-3.4855457874015747
11
6.1404529527559051
21
-3.4855457874015747
0
LINE
8
BLACK
6
CONTINUOUS
10
6.1404529527559051
20
-3.4855457874015747
11
6.1425817716535436
21
-3.4864275984251969
0
LINE
8
BLACK
6
CONTINUOUS
10
6.1425817716535436
20
-3.4864275984251969
11
6.1442110629921256
21
-3.4880568897637794
0
LINE
8
BLACK
6
CONTINUOUS
10
6.1442110629921256
20
-3.4880568897637794
11
6.1450928740157478
21
-3.4901857086614174
0
LINE
8
BLACK
6
CONTINUOUS
10
6.1450928740157478
20
-3.4901857086614174
11
6.1452063385826774
21
-3.4913378346456692
0
LINE
8
BLACK
6
CONTINUOUS
10
6.1452063385826774
20
-3.4913378346456692
11
6.1452063385826774
21
-3.5391443700787399
0
LINE
8
BLACK
6
CONTINUOUS
10
6.1452063385826774
20
-3.5391443700787399
11
6.1450928740157478
21
-3.5402964960629921
0
LINE
8
BLACK
6
CONTINUOUS
10
6.1450928740157478
20
-3.5402964960629921
11
6.1450116141732281
21
-3.5404925590551182
0
LINE
8
BLACK
6
CONTINUOUS
10
6.1450116141732281
20
-3.5404925590551182
11
6.1449966141732286
21
-3.5407041732283462
0
LINE
8
BLACK
6
CONTINUOUS
10
6.1449966141732286
20
-3.5407041732283462
11
6.1445828740157475
21
-3.5417854330708662
0
LINE
8
BLACK
6
CONTINUOUS
10
6.1445828740157475
20
-3.5417854330708662
11
6.1417707086614168
21
-3.5474096850393702
0
LINE
8
BLACK
6
CONTINUOUS
10
6.1417707086614168
20
-3.5474096850393702
11
6.1414585826771653
21
-3.5479054724409447
0
LINE
8
BLACK
6
CONTINUOUS
10
6.1414585826771653
20
-3.5479054724409447
11
6.1413989370078736
21
-3.5480495669291336
0
LINE
8
BLACK
6
CONTINUOUS
10
6.1413989370078736
20
-3.5480495669291336
11
6.1412657874015748
21
-3.5482117716535431
0
LINE
8
BLACK
6
CONTINUOUS
10
6.1412657874015748
20
-3.5482117716535431
11
6.1411539763779528
21
-3.5483894488188974
0
LINE
8
BLACK
6
CONTINUOUS
10
6.1411539763779528
20
-3.5483894488188974
11
6.1410361023622047
21
-3.5484916535433069
0
LINE
8
BLACK
6
CONTINUOUS
10
6.1410361023622047
20
-3.5484916535433069
11
6.1406645275590552
21
-3.5489444488188977
0
LINE
8
BLACK
6
CONTINUOUS
10
6.1406645275590552
20
-3.5489444488188977
11
6.1378524015748033
21
-3.5517566141732284
0
LINE
8
BLACK
6
CONTINUOUS
10
6.1378524015748033
20
-3.5517566141732284
11
6.1373994094488191
21
-3.5521283464566928
0
LINE
8
BLACK
6
CONTINUOUS
10
6.1373994094488191
20
-3.5521283464566928
11
6.1372972834645667
21
-3.5522461417322835
0
LINE
8
BLACK
6
CONTINUOUS
10
6.1372972834645667
20
-3.5522461417322835
11
6.1371196850393703
21
-3.5523579133858267
0
LINE
8
BLACK
6
CONTINUOUS
10
6.1371196850393703
20
-3.5523579133858267
11
6.1369574803149609
21
-3.552491062992126
0
LINE
8
BLACK
6
CONTINUOUS
10
6.1369574803149609
20
-3.552491062992126
11
6.1368133858267715
21
-3.5525507086614172
0
LINE
8
BLACK
6
CONTINUOUS
10
6.1368133858267715
20
-3.5525507086614172
11
6.1363175590551178
21
-3.552862874015748
0
LINE
8
BLACK
6
CONTINUOUS
10
6.1363175590551178
20
-3.552862874015748
11
6.1306931889763776
21
-3.5556749999999999
0
LINE
8
BLACK
6
CONTINUOUS
10
6.1306931889763776
20
-3.5556749999999999
11
6.1296119685039372
21
-3.5560887795275589
0
LINE
8
BLACK
6
CONTINUOUS
10
6.1296119685039372
20
-3.5560887795275589
11
6.1294003149606295
21
-3.5561037795275592
0
LINE
8
BLACK
6
CONTINUOUS
10
6.1294003149606295
20
-3.5561037795275592
11
6.129204330708661
21
-3.5561849999999997
0
LINE
8
BLACK
6
CONTINUOUS
10
6.129204330708661
20
-3.5561849999999997
11
6.1280522047244093
21
-3.5562984645669289
0
LINE
8
BLACK
6
CONTINUOUS
10
6.1280522047244093
20
-3.5562984645669289
11
6.1168036220472439
21
-3.5562984645669289
0
LINE
8
BLACK
6
CONTINUOUS
10
6.1168036220472439
20
-3.5562984645669289
11
6.1156514960629922
21
-3.5561849999999997
0
LINE
8
BLACK
6
CONTINUOUS
10
6.1156514960629922
20
-3.5561849999999997
11
6.1154554724409449
21
-3.5561037795275592
0
LINE
8
BLACK
6
CONTINUOUS
10
6.1154554724409449
20
-3.5561037795275592
11
6.115243858267716
21
-3.5560887795275589
0
LINE
8
BLACK
6
CONTINUOUS
10
6.115243858267716
20
-3.5560887795275589
11
6.1141626377952756
21
-3.5556749999999999
0
LINE
8
BLACK
6
CONTINUOUS
10
6.1141626377952756
20
-3.5556749999999999
11
6.1085383070866142
21
-3.552862874015748
0
LINE
8
BLACK
6
CONTINUOUS
10
6.1085383070866142
20
-3.552862874015748
11
6.1080425590551179
21
-3.5525507874015747
0
LINE
8
BLACK
6
CONTINUOUS
10
6.1080425590551179
20
-3.5525507874015747
11
6.1078984251968507
21
-3.5524911023622048
0
LINE
8
BLACK
6
CONTINUOUS
10
6.1078984251968507
20
-3.5524911023622048
11
6.107736102362205
21
-3.552357874015748
0
LINE
8
BLACK
6
CONTINUOUS
10
6.107736102362205
20
-3.552357874015748
11
6.1075585826771652
21
-3.5522461417322835
0
LINE
8
BLACK
6
CONTINUOUS
10
6.1075585826771652
20
-3.5522461417322835
11
6.1074564173228341
21
-3.5521283464566928
0
LINE
8
BLACK
6
CONTINUOUS
10
6.1074564173228341
20
-3.5521283464566928
11
6.1070035039370074
21
-3.5517566535433072
0
LINE
8
BLACK
6
CONTINUOUS
10
6.1070035039370074
20
-3.5517566535433072
11
6.1041913385826767
21
-3.5489444881889765
0
LINE
8
BLACK
6
CONTINUOUS
10
6.1041913385826767
20
-3.5489444881889765
11
6.1038196850393698
21
-3.5484916535433069
0
LINE
8
BLACK
6
CONTINUOUS
10
6.1038196850393698
20
-3.5484916535433069
11
6.1037018503937004
21
-3.5483894488188974
0
LINE
8
BLACK
6
CONTINUOUS
10
6.1037018503937004
20
-3.5483894488188974
11
6.1035899999999996
21
-3.5482117322834643
0
LINE
8
BLACK
6
CONTINUOUS
10
6.1035899999999996
20
-3.5482117322834643
11
6.1034568897637795
21
-3.5480495669291336
0
LINE
8
BLACK
6
CONTINUOUS
10
6.1034568897637795
20
-3.5480495669291336
11
6.1033972047244092
21
-3.5479054724409447
0
LINE
8
BLACK
6
CONTINUOUS
10
6.1033972047244092
20
-3.5479054724409447
11
6.1030851181102364
21
-3.5474096850393702
0
LINE
8
BLACK
6
CONTINUOUS
10
6.1030851181102364
20
-3.5474096850393702
11
6.1002729921259844
21
-3.5417853937007875
0
LINE
8
BLACK
6
CONTINUOUS
10
6.1002729921259844
20
-3.5417853937007875
11
6.0998592125984255
21
-3.5407041338582674
0
LINE
8
BLACK
6
CONTINUOUS
10
6.0998592125984255
20
-3.5407041338582674
11
6.0998441732283464
21
-3.5404924803149607
0
LINE
8
BLACK
6
CONTINUOUS
10
6.0998441732283464
20
-3.5404924803149607
11
6.0997629921259842
21
-3.5402964960629921
0
LINE
8
BLACK
6
CONTINUOUS
10
6.0997629921259842
20
-3.5402964960629921
11
6.0996495275590545
21
-3.5391443700787399
0
LINE
8
BLACK
6
CONTINUOUS
10
6.0996495275590545
20
-3.5391443700787399
11
6.0996495275590545
21
-3.4913378346456692
0
LINE
8
BLACK
6
CONTINUOUS
10
6.0996495275590545
20
-3.4913378346456692
11
6.0997629921259842
21
-3.4901857086614174
0
LINE
8
BLACK
6
CONTINUOUS
10
6.0997629921259842
20
-3.4901857086614174
11
6.1006448031496063
21
-3.4880568897637794
0
LINE
8
BLACK
6
CONTINUOUS
10
6.1006448031496063
20
-3.4880568897637794
11
6.1022740944881892
21
-3.4864275984251969
0
LINE
8
BLACK
6
CONTINUOUS
10
6.1022740944881892
20
-3.4864275984251969
11
6.1044029133858269
21
-3.4855457874015747
0
LINE
8
BLACK
6
CONTINUOUS
10
6.1044029133858269
20
-3.4855457874015747
11
6.1067071653543303
21
-3.4855457874015747
0
LINE
8
BLACK
6
CONTINUOUS
10
6.1067071653543303
20
-3.4855457874015747
11
6.1088359842519679
21
-3.4864275984251969
0
LINE
8
BLACK
6
CONTINUOUS
10
5.9782301181102362
20
-3.5393418503937006
11
5.9794771259842516
21
-3.5398583858267716
0
LINE
8
BLACK
6
CONTINUOUS
10
5.9794771259842516
20
-3.5398583858267716
11
5.9794771653543304
21
-3.5398584251968503
0
LINE
8
BLACK
6
CONTINUOUS
10
5.9794771653543304
20
-3.5398584251968503
11
5.9803720866141727
21
-3.540592874015748
0
LINE
8
BLACK
6
CONTINUOUS
10
5.9803720866141727
20
-3.540592874015748
11
5.9831842125984247
21
-3.5434050393700787
0
LINE
8
BLACK
6
CONTINUOUS
10
5.9831842125984247
20
-3.5434050393700787
11
5.983918622047244
21
-3.5442999212598423
0
LINE
8
BLACK
6
CONTINUOUS
10
5.983918622047244
20
-3.5442999212598423
11
5.9848003937007874
21
-3.5464287795275591
0
LINE
8
BLACK
6
CONTINUOUS
10
5.9848003937007874
20
-3.5464287795275591
11
5.9848003543307087
21
-3.5476522834645667
0
LINE
8
BLACK
6
CONTINUOUS
10
5.9848003543307087
20
-3.5476522834645667
11
5.9848003543307087
21
-3.5487329133858267
0
LINE
8
BLACK
6
CONTINUOUS
10
5.9848003543307087
20
-3.5487329133858267
11
5.983918622047244
21
-3.5508617716535431
0
LINE
8
BLACK
6
CONTINUOUS
10
5.983918622047244
20
-3.5508617716535431
11
5.9831841732283459
21
-3.5517566535433072
0
LINE
8
BLACK
6
CONTINUOUS
10
5.9831841732283459
20
-3.5517566535433072
11
5.980372047244094
21
-3.5545687795275591
0
LINE
8
BLACK
6
CONTINUOUS
10
5.980372047244094
20
-3.5545687795275591
11
5.9794771259842516
21
-3.5553032283464567
0
LINE
8
BLACK
6
CONTINUOUS
10
5.9794771259842516
20
-3.5553032283464567
11
5.9785795669291337
21
-3.5556749999999999
0
LINE
8
BLACK
6
CONTINUOUS
10
5.9785795669291337
20
-3.5556749999999999
11
5.9773483464566928
21
-3.5561849999999997
0
LINE
8
BLACK
6
CONTINUOUS
10
5.9773483464566928
20
-3.5561849999999997
11
5.977348307086614
21
-3.5561849999999997
0
LINE
8
BLACK
6
CONTINUOUS
10
5.977348307086614
20
-3.5561849999999997
11
5.9750441732283459
21
-3.5561849999999997
0
LINE
8
BLACK
6
CONTINUOUS
10
5.9750441732283459
20
-3.5561849999999997
11
5.9750441338582672
21
-3.5561849999999997
0
LINE
8
BLACK
6
CONTINUOUS
10
5.9750441338582672
20
-3.5561849999999997
11
5.9750440944881884
21
-3.5561849999999997
0
LINE
8
BLACK
6
CONTINUOUS
10
5.9750440944881884
20
-3.5561849999999997
11
5.9738128740157475
21
-3.5556749999999999
0
LINE
8
BLACK
6
CONTINUOUS
10
5.9738128740157475
20
-3.5556749999999999
11
5.9729153149606296
21
-3.5553032283464567
0
LINE
8
BLACK
6
CONTINUOUS
10
5.9729153149606296
20
-3.5553032283464567
11
5.9729152755905508
21
-3.555303188976378
0
LINE
8
BLACK
6
CONTINUOUS
10
5.9729152755905508
20
-3.555303188976378
11
5.9720204330708659
21
-3.5545688188976379
0
LINE
8
BLACK
6
CONTINUOUS
10
5.9720204330708659
20
-3.5545688188976379
11
5.9692082677165352
21
-3.5517566929133859
0
LINE
8
BLACK
6
CONTINUOUS
10
5.9692082677165352
20
-3.5517566929133859
11
5.9684738188976381
21
-3.5508617716535431
0
LINE
8
BLACK
6
CONTINUOUS
10
5.9684738188976381
20
-3.5508617716535431
11
5.9684737795275593
21
-3.5508617322834644
0
LINE
8
BLACK
6
CONTINUOUS
10
5.9684737795275593
20
-3.5508617322834644
11
5.9676796456692909
21
-3.5489444881889765
0
LINE
8
BLACK
6
CONTINUOUS
10
5.9676796456692909
20
-3.5489444881889765
11
5.9675920078740159
21
-3.5487329527559055
0
LINE
8
BLACK
6
CONTINUOUS
10
5.9675920078740159
20
-3.5487329527559055
11
5.9675920078740159
21
-3.5464287795275591
0
LINE
8
BLACK
6
CONTINUOUS
10
5.9675920078740159
20
-3.5464287795275591
11
5.9676796850393696
21
-3.5462171259842519
0
LINE
8
BLACK
6
CONTINUOUS
10
5.9676796850393696
20
-3.5462171259842519
11
5.9684737795275593
21
-3.5442999212598423
0
LINE
8
BLACK
6
CONTINUOUS
10
5.9684737795275593
20
-3.5442999212598423
11
5.9692082283464565
21
-3.5434049999999999
0
LINE
8
BLACK
6
CONTINUOUS
10
5.9692082283464565
20
-3.5434049999999999
11
5.9720203937007872
21
-3.5405928346456692
0
LINE
8
BLACK
6
CONTINUOUS
10
5.9720203937007872
20
-3.5405928346456692
11
5.9729153149606296
21
-3.5398583858267716
0
LINE
8
BLACK
6
CONTINUOUS
10
5.9729153149606296
20
-3.5398583858267716
11
5.9741623228346459
21
-3.5393418503937006
0
LINE
8
BLACK
6
CONTINUOUS
10
5.9741623228346459
20
-3.5393418503937006
11
5.9750440944881884
21
-3.5389766141732282
0
LINE
8
BLACK
6
CONTINUOUS
10
5.9750440944881884
20
-3.5389766141732282
11
5.9773483464566928
21
-3.5389766141732282
0
LINE
8
BLACK
6
CONTINUOUS
10
5.9773483464566928
20
-3.5389766141732282
11
5.9782301181102362
21
-3.5393418503937006
0
LINE
8
BLACK
6
CONTINUOUS
10
6.0307791338582675
20
-3.4855457874015747
11
6.0329079527559051
21
-3.4864275984251969
0
LINE
8
BLACK
6
CONTINUOUS
10
6.0329079527559051
20
-3.4864275984251969
11
6.034537244094488
21
-3.4880568897637794
0
LINE
8
BLACK
6
CONTINUOUS
10
6.034537244094488
20
-3.4880568897637794
11
6.0354190551181102
21
-3.4901857086614174
0
LINE
8
BLACK
6
CONTINUOUS
10
6.0354190551181102
20
-3.4901857086614174
11
6.0354190551181102
21
-3.4924899606299213
0
LINE
8
BLACK
6
CONTINUOUS
10
6.0354190551181102
20
-3.4924899606299213
11
6.034537244094488
21
-3.4946187795275589
0
LINE
8
BLACK
6
CONTINUOUS
10
6.034537244094488
20
-3.4946187795275589
11
6.0329079527559051
21
-3.4962480708661419
0
LINE
8
BLACK
6
CONTINUOUS
10
6.0329079527559051
20
-3.4962480708661419
11
6.0307791338582675
21
-3.4971298818897636
0
LINE
8
BLACK
6
CONTINUOUS
10
6.0307791338582675
20
-3.4971298818897636
11
6.0296270078740157
21
-3.4972433464566928
0
LINE
8
BLACK
6
CONTINUOUS
10
6.0296270078740157
20
-3.4972433464566928
11
6.0186596456692909
21
-3.4972433464566928
0
LINE
8
BLACK
6
CONTINUOUS
10
6.0186596456692909
20
-3.4972433464566928
11
6.0186596456692909
21
-3.5503929527559053
0
LINE
8
BLACK
6
CONTINUOUS
10
6.0186596456692909
20
-3.5503929527559053
11
6.0185461811023622
21
-3.5515450787401575
0
LINE
8
BLACK
6
CONTINUOUS
10
6.0185461811023622
20
-3.5515450787401575
11
6.01766437007874
21
-3.5536738976377951
0
LINE
8
BLACK
6
CONTINUOUS
10
6.01766437007874
20
-3.5536738976377951
11
6.0160350787401571
21
-3.555303188976378
0
LINE
8
BLACK
6
CONTINUOUS
10
6.0160350787401571
20
-3.555303188976378
11
6.0139062598425195
21
-3.5561849999999997
0
LINE
8
BLACK
6
CONTINUOUS
10
6.0139062598425195
20
-3.5561849999999997
11
6.011602007874016
21
-3.5561849999999997
0
LINE
8
BLACK
6
CONTINUOUS
10
6.011602007874016
20
-3.5561849999999997
11
6.0094731889763775
21
-3.555303188976378
0
LINE
8
BLACK
6
CONTINUOUS
10
6.0094731889763775
20
-3.555303188976378
11
6.0078438976377955
21
-3.5536738976377951
0
LINE
8
BLACK
6
CONTINUOUS
10
6.0078438976377955
20
-3.5536738976377951
11
6.0069620866141733
21
-3.5515450787401575
0
LINE
8
BLACK
6
CONTINUOUS
10
6.0069620866141733
20
-3.5515450787401575
11
6.0068486220472437
21
-3.5503929527559053
0
LINE
8
BLACK
6
CONTINUOUS
10
6.0068486220472437
20
-3.5503929527559053
11
6.0068486220472437
21
-3.4972433464566928
0
LINE
8
BLACK
6
CONTINUOUS
10
6.0068486220472437
20
-3.4972433464566928
11
5.9958812598425197
21
-3.4972433464566928
0
LINE
8
BLACK
6
CONTINUOUS
10
5.9958812598425197
20
-3.4972433464566928
11
5.994729133858268
21
-3.4971298818897636
0
LINE
8
BLACK
6
CONTINUOUS
10
5.994729133858268
20
-3.4971298818897636
11
5.9926003149606295
21
-3.4962480708661419
0
LINE
8
BLACK
6
CONTINUOUS
10
5.9926003149606295
20
-3.4962480708661419
11
5.9909710236220475
21
-3.4946187795275589
0
LINE
8
BLACK
6
CONTINUOUS
10
5.9909710236220475
20
-3.4946187795275589
11
5.9900892125984253
21
-3.4924899606299213
0
LINE
8
BLACK
6
CONTINUOUS
10
5.9900892125984253
20
-3.4924899606299213
11
5.9900892125984253
21
-3.4901857086614174
0
LINE
8
BLACK
6
CONTINUOUS
10
5.9900892125984253
20
-3.4901857086614174
11
5.9909710236220475
21
-3.4880568897637794
0
LINE
8
BLACK
6
CONTINUOUS
10
5.9909710236220475
20
-3.4880568897637794
11
5.9926003149606295
21
-3.4864275984251969
0
LINE
8
BLACK
6
CONTINUOUS
10
5.9926003149606295
20
-3.4864275984251969
11
5.994729133858268
21
-3.4855457874015747
0
LINE
8
BLACK
6
CONTINUOUS
10
5.994729133858268
20
-3.4855457874015747
11
5.9958812598425197
21
-3.4854323228346455
0
LINE
8
BLACK
6
CONTINUOUS
10
5.9958812598425197
20
-3.4854323228346455
11
6.0296270078740157
21
-3.4854323228346455
0
LINE
8
BLACK
6
CONTINUOUS
10
6.0296270078740157
20
-3.4854323228346455
11
6.0307791338582675
21
-3.4855457874015747
0
LINE
8
BLACK
6
CONTINUOUS
10
4.0665585826771649
20
-3.4661779527559053
11
4.067837007874016
21
-3.4674563779527556
0
LINE
8
BLACK
6
CONTINUOUS
10
4.067837007874016
20
-3.4674563779527556
11
4.067837007874016
21
-3.4692643307086612
0
LINE
8
BLACK
6
CONTINUOUS
10
4.067837007874016
20
-3.4692643307086612
11
4.0665585826771649
21
-3.4705427559055115
0
LINE
8
BLACK
6
CONTINUOUS
10
4.0665585826771649
20
-3.4705427559055115
11
4.0656546062992129
21
-3.4707225590551181
0
LINE
8
BLACK
6
CONTINUOUS
10
4.0656546062992129
20
-3.4707225590551181
11
4.0026624803149602
21
-3.4707225590551181
0
LINE
8
BLACK
6
CONTINUOUS
10
4.0026624803149602
20
-3.4707225590551181
11
4.0017585039370074
21
-3.4705427559055115
0
LINE
8
BLACK
6
CONTINUOUS
10
4.0017585039370074
20
-3.4705427559055115
11
4.0004800787401571
21
-3.4692643307086612
0
LINE
8
BLACK
6
CONTINUOUS
10
4.0004800787401571
20
-3.4692643307086612
11
4.0004800787401571
21
-3.4674563779527556
0
LINE
8
BLACK
6
CONTINUOUS
10
4.0004800787401571
20
-3.4674563779527556
11
4.0017585039370074
21
-3.4661779527559053
0
LINE
8
BLACK
6
CONTINUOUS
10
4.0017585039370074
20
-3.4661779527559053
11
4.0026624803149602
21
-3.4659981496062993
0
LINE
8
BLACK
6
CONTINUOUS
10
4.0026624803149602
20
-3.4659981496062993
11
4.0656546062992129
21
-3.4659981496062993
0
LINE
8
BLACK
6
CONTINUOUS
10
4.0656546062992129
20
-3.4659981496062993
11
4.0665585826771649
21
-3.4661779527559053
0
LINE
8
BLACK
6
CONTINUOUS
10
4.3027790551181102
20
-3.4661779527559053
11
4.3040574803149605
21
-3.4674563779527556
0
LINE
8
BLACK
6
CONTINUOUS
10
4.3040574803149605
20
-3.4674563779527556
11
4.3040574803149605
21
-3.4692643307086612
0
LINE
8
BLACK
6
CONTINUOUS
10
4.3040574803149605
20
-3.4692643307086612
11
4.3027790551181102
21
-3.4705427559055115
0
LINE
8
BLACK
6
CONTINUOUS
10
4.3027790551181102
20
-3.4705427559055115
11
4.3018750787401574
21
-3.4707225590551181
0
LINE
8
BLACK
6
CONTINUOUS
10
4.3018750787401574
20
-3.4707225590551181
11
4.2388829527559055
21
-3.4707225590551181
0
LINE
8
BLACK
6
CONTINUOUS
10
4.2388829527559055
20
-3.4707225590551181
11
4.2379789763779527
21
-3.4705427559055115
0
LINE
8
BLACK
6
CONTINUOUS
10
4.2379789763779527
20
-3.4705427559055115
11
4.2367005511811024
21
-3.4692643307086612
0
LINE
8
BLACK
6
CONTINUOUS
10
4.2367005511811024
20
-3.4692643307086612
11
4.2367005511811024
21
-3.4674563779527556
0
LINE
8
BLACK
6
CONTINUOUS
10
4.2367005511811024
20
-3.4674563779527556
11
4.2379789763779527
21
-3.4661779527559053
0
LINE
8
BLACK
6
CONTINUOUS
10
4.2379789763779527
20
-3.4661779527559053
11
4.2388829527559055
21
-3.4659981496062993
0
LINE
8
BLACK
6
CONTINUOUS
10
4.2388829527559055
20
-3.4659981496062993
11
4.3018750787401574
21
-3.4659981496062993
0
LINE
8
BLACK
6
CONTINUOUS
10
4.3018750787401574
20
-3.4659981496062993
11
4.3027790551181102
21
-3.4661779527559053
0
LINE
8
BLACK
6
CONTINUOUS
10
4.5389995275590547
20
-3.4661779527559053
11
4.5402779527559058
21
-3.4674563779527556
0
LINE
8
BLACK
6
CONTINUOUS
10
4.5402779527559058
20
-3.4674563779527556
11
4.5402779527559058
21
-3.4692643307086612
0
LINE
8
BLACK
6
CONTINUOUS
10
4.5402779527559058
20
-3.4692643307086612
11
4.5389995275590547
21
-3.4705427559055115
0
LINE
8
BLACK
6
CONTINUOUS
10
4.5389995275590547
20
-3.4705427559055115
11
4.5380955511811019
21
-3.4707225590551181
0
LINE
8
BLACK
6
CONTINUOUS
10
4.5380955511811019
20
-3.4707225590551181
11
4.47510342519685
21
-3.4707225590551181
0
LINE
8
BLACK
6
CONTINUOUS
10
4.47510342519685
20
-3.4707225590551181
11
4.4741994488188972
21
-3.4705427559055115
0
LINE
8
BLACK
6
CONTINUOUS
10
4.4741994488188972
20
-3.4705427559055115
11
4.4729210236220469
21
-3.4692643307086612
0
LINE
8
BLACK
6
CONTINUOUS
10
4.4729210236220469
20
-3.4692643307086612
11
4.4729210236220469
21
-3.4674563779527556
0
LINE
8
BLACK
6
CONTINUOUS
10
4.4729210236220469
20
-3.4674563779527556
11
4.4741994488188972
21
-3.4661779527559053
0
LINE
8
BLACK
6
CONTINUOUS
10
4.4741994488188972
20
-3.4661779527559053
11
4.47510342519685
21
-3.4659981496062993
0
LINE
8
BLACK
6
CONTINUOUS
10
4.47510342519685
20
-3.4659981496062993
11
4.5380955511811019
21
-3.4659981496062993
0
LINE
8
BLACK
6
CONTINUOUS
10
4.5380955511811019
20
-3.4659981496062993
11
4.5389995275590547
21
-3.4661779527559053
0
LINE
8
BLACK
6
CONTINUOUS
10
4.77522
20
-3.4661779527559053
11
4.7764984251968503
21
-3.4674563779527556
0
LINE
8
BLACK
6
CONTINUOUS
10
4.7764984251968503
20
-3.4674563779527556
11
4.7764984251968503
21
-3.4692643307086612
0
LINE
8
BLACK
6
CONTINUOUS
10
4.7764984251968503
20
-3.4692643307086612
11
4.77522
21
-3.4705427559055115
0
LINE
8
BLACK
6
CONTINUOUS
10
4.77522
20
-3.4705427559055115
11
4.7743160236220472
21
-3.4707225590551181
0
LINE
8
BLACK
6
CONTINUOUS
10
4.7743160236220472
20
-3.4707225590551181
11
4.7113238976377954
21
-3.4707225590551181
0
LINE
8
BLACK
6
CONTINUOUS
10
4.7113238976377954
20
-3.4707225590551181
11
4.7104199212598425
21
-3.4705427559055115
0
LINE
8
BLACK
6
CONTINUOUS
10
4.7104199212598425
20
-3.4705427559055115
11
4.7091414960629923
21
-3.4692643307086612
0
LINE
8
BLACK
6
CONTINUOUS
10
4.7091414960629923
20
-3.4692643307086612
11
4.7091414960629923
21
-3.4674563779527556
0
LINE
8
BLACK
6
CONTINUOUS
10
4.7091414960629923
20
-3.4674563779527556
11
4.7104199212598425
21
-3.4661779527559053
0
LINE
8
BLACK
6
CONTINUOUS
10
4.7104199212598425
20
-3.4661779527559053
11
4.7113238976377954
21
-3.4659981496062993
0
LINE
8
BLACK
6
CONTINUOUS
10
4.7113238976377954
20
-3.4659981496062993
11
4.7743160236220472
21
-3.4659981496062993
0
LINE
8
BLACK
6
CONTINUOUS
10
4.7743160236220472
20
-3.4659981496062993
11
4.77522
21
-3.4661779527559053
0
LINE
8
BLACK
6
CONTINUOUS
10
5.0114404724409445
20
-3.4661779527559053
11
5.0127188976377948
21
-3.4674563779527556
0
LINE
8
BLACK
6
CONTINUOUS
10
5.0127188976377948
20
-3.4674563779527556
11
5.0127188976377948
21
-3.4692643307086612
0
LINE
8
BLACK
6
CONTINUOUS
10
5.0127188976377948
20
-3.4692643307086612
11
5.0114404724409445
21
-3.4705427559055115
0
LINE
8
BLACK
6
CONTINUOUS
10
5.0114404724409445
20
-3.4705427559055115
11
5.0105364960629917
21
-3.4707225590551181
0
LINE
8
BLACK
6
CONTINUOUS
10
5.0105364960629917
20
-3.4707225590551181
11
4.9475443700787398
21
-3.4707225590551181
0
LINE
8
BLACK
6
CONTINUOUS
10
4.9475443700787398
20
-3.4707225590551181
11
4.946640393700787
21
-3.4705427559055115
0
LINE
8
BLACK
6
CONTINUOUS
10
4.946640393700787
20
-3.4705427559055115
11
4.9453619685039367
21
-3.4692643307086612
0
LINE
8
BLACK
6
CONTINUOUS
10
4.9453619685039367
20
-3.4692643307086612
11
4.9453619685039367
21
-3.4674563779527556
0
LINE
8
BLACK
6
CONTINUOUS
10
4.9453619685039367
20
-3.4674563779527556
11
4.946640393700787
21
-3.4661779527559053
0
LINE
8
BLACK
6
CONTINUOUS
10
4.946640393700787
20
-3.4661779527559053
11
4.9475443700787398
21
-3.4659981496062993
0
LINE
8
BLACK
6
CONTINUOUS
10
4.9475443700787398
20
-3.4659981496062993
11
5.0105364960629917
21
-3.4659981496062993
0
LINE
8
BLACK
6
CONTINUOUS
10
5.0105364960629917
20
-3.4659981496062993
11
5.0114404724409445
21
-3.4661779527559053
0
LINE
8
BLACK
6
CONTINUOUS
10
5.7229177559055113
20
-3.4158326377952757
11
5.7250465748031498
21
-3.4167144488188974
0
LINE
8
BLACK
6
CONTINUOUS
10
5.7250465748031498
20
-3.4167144488188974
11
5.7266758661417319
21
-3.4183437401574803
0
LINE
8
BLACK
6
CONTINUOUS
10
5.7266758661417319
20
-3.4183437401574803
11
5.727557677165354
21
-3.4204725590551179
0
LINE
8
BLACK
6
CONTINUOUS
10
5.727557677165354
20
-3.4204725590551179
11
5.727557677165354
21
-3.4227768110236219
0
LINE
8
BLACK
6
CONTINUOUS
10
5.727557677165354
20
-3.4227768110236219
11
5.7266758661417319
21
-3.4249056299212599
0
LINE
8
BLACK
6
CONTINUOUS
10
5.7266758661417319
20
-3.4249056299212599
11
5.7250465748031498
21
-3.4265349212598424
0
LINE
8
BLACK
6
CONTINUOUS
10
5.7250465748031498
20
-3.4265349212598424
11
5.7229177559055113
21
-3.4274167322834646
0
LINE
8
BLACK
6
CONTINUOUS
10
5.7229177559055113
20
-3.4274167322834646
11
5.7217656299212596
21
-3.4275301968503937
0
LINE
8
BLACK
6
CONTINUOUS
10
5.7217656299212596
20
-3.4275301968503937
11
5.6827704724409447
21
-3.4275301968503937
0
LINE
8
BLACK
6
CONTINUOUS
10
5.6827704724409447
20
-3.4275301968503937
11
5.6816183464566929
21
-3.4274167322834646
0
LINE
8
BLACK
6
CONTINUOUS
10
5.6816183464566929
20
-3.4274167322834646
11
5.6794895275590553
21
-3.4265349212598424
0
LINE
8
BLACK
6
CONTINUOUS
10
5.6794895275590553
20
-3.4265349212598424
11
5.6778602362204724
21
-3.4249056299212599
0
LINE
8
BLACK
6
CONTINUOUS
10
5.6778602362204724
20
-3.4249056299212599
11
5.6769784251968503
21
-3.4227768110236219
0
LINE
8
BLACK
6
CONTINUOUS
10
5.6769784251968503
20
-3.4227768110236219
11
5.6769784251968503
21
-3.4204725590551179
0
LINE
8
BLACK
6
CONTINUOUS
10
5.6769784251968503
20
-3.4204725590551179
11
5.6778602362204724
21
-3.4183437401574803
0
LINE
8
BLACK
6
CONTINUOUS
10
5.6778602362204724
20
-3.4183437401574803
11
5.6794895275590553
21
-3.4167144488188974
0
LINE
8
BLACK
6
CONTINUOUS
10
5.6794895275590553
20
-3.4167144488188974
11
5.6816183464566929
21
-3.4158326377952757
0
LINE
8
BLACK
6
CONTINUOUS
10
5.6816183464566929
20
-3.4158326377952757
11
5.6827704724409447
21
-3.4157191732283465
0
LINE
8
BLACK
6
CONTINUOUS
10
5.6827704724409447
20
-3.4157191732283465
11
5.7217656299212596
21
-3.4157191732283465
0
LINE
8
BLACK
6
CONTINUOUS
10
5.7217656299212596
20
-3.4157191732283465
11
5.7229177559055113
21
-3.4158326377952757
0
LINE
8
BLACK
6
CONTINUOUS
10
5.1864551181102359
20
-3.3588461811023622
11
5.1866349212598424
21
-3.359750157480315
0
LINE
8
BLACK
6
CONTINUOUS
10
5.1866349212598424
20
-3.359750157480315
11
5.1866349212598424
21
-3.4227422834645669
0
LINE
8
BLACK
6
CONTINUOUS
10
5.1866349212598424
20
-3.4227422834645669
11
5.1864551181102359
21
-3.4236462598425197
0
LINE
8
BLACK
6
CONTINUOUS
10
5.1864551181102359
20
-3.4236462598425197
11
5.1851766929133856
21
-3.42492468503937
0
LINE
8
BLACK
6
CONTINUOUS
10
5.1851766929133856
20
-3.42492468503937
11
5.1833687401574799
21
-3.42492468503937
0
LINE
8
BLACK
6
CONTINUOUS
10
5.1833687401574799
20
-3.42492468503937
11
5.1820903149606297
21
-3.4236462598425197
0
LINE
8
BLACK
6
CONTINUOUS
10
5.1820903149606297
20
-3.4236462598425197
11
5.1819105118110231
21
-3.4227422834645669
0
LINE
8
BLACK
6
CONTINUOUS
10
5.1819105118110231
20
-3.4227422834645669
11
5.1819105118110231
21
-3.359750157480315
0
LINE
8
BLACK
6
CONTINUOUS
10
5.1819105118110231
20
-3.359750157480315
11
5.1820903149606297
21
-3.3588461811023622
0
LINE
8
BLACK
6
CONTINUOUS
10
5.1820903149606297
20
-3.3588461811023622
11
5.1833687401574799
21
-3.3575677559055119
0
LINE
8
BLACK
6
CONTINUOUS
10
5.1833687401574799
20
-3.3575677559055119
11
5.1851766929133856
21
-3.3575677559055119
0
LINE
8
BLACK
6
CONTINUOUS
10
5.1851766929133856
20
-3.3575677559055119
11
5.1864551181102359
21
-3.3588461811023622
0
LINE
8
BLACK
6
CONTINUOUS
10
6.4581086614173229
20
-3.3588461811023622
11
6.4582884645669294
21
-3.359750157480315
0
LINE
8
BLACK
6
CONTINUOUS
10
6.4582884645669294
20
-3.359750157480315
11
6.4582884645669294
21
-3.4227422834645669
0
LINE
8
BLACK
6
CONTINUOUS
10
6.4582884645669294
20
-3.4227422834645669
11
6.4581086614173229
21
-3.4236462598425197
0
LINE
8
BLACK
6
CONTINUOUS
10
6.4581086614173229
20
-3.4236462598425197
11
6.4568302362204726
21
-3.42492468503937
0
LINE
8
BLACK
6
CONTINUOUS
10
6.4568302362204726
20
-3.42492468503937
11
6.455022283464567
21
-3.42492468503937
0
LINE
8
BLACK
6
CONTINUOUS
10
6.455022283464567
20
-3.42492468503937
11
6.4537438582677167
21
-3.4236462598425197
0
LINE
8
BLACK
6
CONTINUOUS
10
6.4537438582677167
20
-3.4236462598425197
11
6.4535640551181102
21
-3.4227422834645669
0
LINE
8
BLACK
6
CONTINUOUS
10
6.4535640551181102
20
-3.4227422834645669
11
6.4535640551181102
21
-3.359750157480315
0
LINE
8
BLACK
6
CONTINUOUS
10
6.4535640551181102
20
-3.359750157480315
11
6.4537438582677167
21
-3.3588461811023622
0
LINE
8
BLACK
6
CONTINUOUS
10
6.4537438582677167
20
-3.3588461811023622
11
6.455022283464567
21
-3.3575677559055119
0
LINE
8
BLACK
6
CONTINUOUS
10
6.455022283464567
20
-3.3575677559055119
11
6.4568302362204726
21
-3.3575677559055119
0
LINE
8
BLACK
6
CONTINUOUS
10
6.4568302362204726
20
-3.3575677559055119
11
6.4581086614173229
21
-3.3588461811023622
0
LINE
8
BLACK
6
CONTINUOUS
10
5.456684881889764
20
-3.3597771259842517
11
5.4572634645669291
21
-3.3597771259842517
0
LINE
8
BLACK
6
CONTINUOUS
10
5.4572634645669291
20
-3.3597771259842517
11
5.4578036220472441
21
-3.360000866141732
0
LINE
8
BLACK
6
CONTINUOUS
10
5.4578036220472441
20
-3.360000866141732
11
5.4583769685039369
21
-3.3601155511811025
0
LINE
8
BLACK
6
CONTINUOUS
10
5.4583769685039369
20
-3.3601155511811025
11
5.4588577165354328
21
-3.3604374803149604
0
LINE
8
BLACK
6
CONTINUOUS
10
5.4588577165354328
20
-3.3604374803149604
11
5.4593922834645667
21
-3.3606589370078739
0
LINE
8
BLACK
6
CONTINUOUS
10
5.4593922834645667
20
-3.3606589370078739
11
5.4598057086614169
21
-3.3610723622047245
0
LINE
8
BLACK
6
CONTINUOUS
10
5.4598057086614169
20
-3.3610723622047245
11
5.460291535433071
21
-3.361397716535433
0
LINE
8
BLACK
6
CONTINUOUS
10
5.460291535433071
20
-3.361397716535433
11
5.461017362204724
21
-3.3622840157480316
0
LINE
8
BLACK
6
CONTINUOUS
10
5.461017362204724
20
-3.3622840157480316
11
5.4610215748031496
21
-3.3622882283464568
0
LINE
8
BLACK
6
CONTINUOUS
10
5.4610215748031496
20
-3.3622882283464568
11
5.4610223228346459
21
-3.3622900787401573
0
LINE
8
BLACK
6
CONTINUOUS
10
5.4610223228346459
20
-3.3622900787401573
11
5.461025039370079
21
-3.3622933858267716
0
LINE
8
BLACK
6
CONTINUOUS
10
5.461025039370079
20
-3.3622933858267716
11
5.4655750787401578
21
-3.3691184645669292
0
LINE
8
BLACK
6
CONTINUOUS
10
5.4655750787401578
20
-3.3691184645669292
11
5.4693582677165349
21
-3.3729016535433072
0
LINE
8
BLACK
6
CONTINUOUS
10
5.4693582677165349
20
-3.3729016535433072
11
5.4733755511811024
21
-3.3749103149606299
0
LINE
8
BLACK
6
CONTINUOUS
10
5.4733755511811024
20
-3.3749103149606299
11
5.4743552755905514
21
-3.3755270472440944
0
LINE
8
BLACK
6
CONTINUOUS
10
5.4743552755905514
20
-3.3755270472440944
11
5.4758649999999998
21
-3.3772678346456693
0
LINE
8
BLACK
6
CONTINUOUS
10
5.4758649999999998
20
-3.3772678346456693
11
5.4765936220472442
21
-3.3794537401574805
0
LINE
8
BLACK
6
CONTINUOUS
10
5.4765936220472442
20
-3.3794537401574805
11
5.4764303149606297
21
-3.3817521653543308
0
LINE
8
BLACK
6
CONTINUOUS
10
5.4764303149606297
20
-3.3817521653543308
11
5.4753998031496058
21
-3.3838131496062993
0
LINE
8
BLACK
6
CONTINUOUS
10
5.4753998031496058
20
-3.3838131496062993
11
5.4736590551181097
21
-3.3853228740157482
0
LINE
8
BLACK
6
CONTINUOUS
10
5.4736590551181097
20
-3.3853228740157482
11
5.4714731102362206
21
-3.3860514960629922
0
LINE
8
BLACK
6
CONTINUOUS
10
5.4714731102362206
20
-3.3860514960629922
11
5.4691746850393699
21
-3.3858881889763777
0
LINE
8
BLACK
6
CONTINUOUS
10
5.4691746850393699
20
-3.3858881889763777
11
5.4680934645669286
21
-3.3854744094488187
0
LINE
8
BLACK
6
CONTINUOUS
10
5.4680934645669286
20
-3.3854744094488187
11
5.4632190944881884
21
-3.3830372047244093
0
LINE
8
BLACK
6
CONTINUOUS
10
5.4632190944881884
20
-3.3830372047244093
11
5.4627232677165356
21
-3.3827250787401573
0
LINE
8
BLACK
6
CONTINUOUS
10
5.4627232677165356
20
-3.3827250787401573
11
5.4625792125984249
21
-3.3826654330708661
0
LINE
8
BLACK
6
CONTINUOUS
10
5.4625792125984249
20
-3.3826654330708661
11
5.4624170078740155
21
-3.3825322834645668
0
LINE
8
BLACK
6
CONTINUOUS
10
5.4624170078740155
20
-3.3825322834645668
11
5.4622393307086616
21
-3.3824204724409448
0
LINE
8
BLACK
6
CONTINUOUS
10
5.4622393307086616
20
-3.3824204724409448
11
5.462137086614173
21
-3.3823025590551179
0
LINE
8
BLACK
6
CONTINUOUS
10
5.462137086614173
20
-3.3823025590551179
11
5.4620168503937006
21
-3.3822038976377953
0
LINE
8
BLACK
6
CONTINUOUS
10
5.4620168503937006
20
-3.3822038976377953
11
5.4620168503937006
21
-3.4108447637795276
0
LINE
8
BLACK
6
CONTINUOUS
10
5.4620168503937006
20
-3.4108447637795276
11
5.4707344881889766
21
-3.4108447637795276
0
LINE
8
BLACK
6
CONTINUOUS
10
5.4707344881889766
20
-3.4108447637795276
11
5.4718866141732283
21
-3.4109582283464568
0
LINE
8
BLACK
6
CONTINUOUS
10
5.4718866141732283
20
-3.4109582283464568
11
5.4740154330708659
21
-3.4118400393700785
0
LINE
8
BLACK
6
CONTINUOUS
10
5.4740154330708659
20
-3.4118400393700785
11
5.4756447244094488
21
-3.4134693307086614
0
LINE
8
BLACK
6
CONTINUOUS
10
5.4756447244094488
20
-3.4134693307086614
11
5.476526535433071
21
-3.415598149606299
0
LINE
8
BLACK
6
CONTINUOUS
10
5.476526535433071
20
-3.415598149606299
11
5.476526535433071
21
-3.417902401574803
0
LINE
8
BLACK
6
CONTINUOUS
10
5.476526535433071
20
-3.417902401574803
11
5.4756447244094488
21
-3.420031220472441
0
LINE
8
BLACK
6
CONTINUOUS
10
5.4756447244094488
20
-3.420031220472441
11
5.4740154330708659
21
-3.4216605118110235
0
LINE
8
BLACK
6
CONTINUOUS
10
5.4740154330708659
20
-3.4216605118110235
11
5.4718866141732283
21
-3.4225423228346457
0
LINE
8
BLACK
6
CONTINUOUS
10
5.4718866141732283
20
-3.4225423228346457
11
5.4707344881889766
21
-3.4226557874015748
0
LINE
8
BLACK
6
CONTINUOUS
10
5.4707344881889766
20
-3.4226557874015748
11
5.4414881496062995
21
-3.4226557874015748
0
LINE
8
BLACK
6
CONTINUOUS
10
5.4414881496062995
20
-3.4226557874015748
11
5.4403360236220468
21
-3.4225423228346457
0
LINE
8
BLACK
6
CONTINUOUS
10
5.4403360236220468
20
-3.4225423228346457
11
5.4382072047244092
21
-3.4216605118110235
0
LINE
8
BLACK
6
CONTINUOUS
10
5.4382072047244092
20
-3.4216605118110235
11
5.4365779133858263
21
-3.420031220472441
0
LINE
8
BLACK
6
CONTINUOUS
10
5.4365779133858263
20
-3.420031220472441
11
5.435696102362205
21
-3.417902401574803
0
LINE
8
BLACK
6
CONTINUOUS
10
5.435696102362205
20
-3.417902401574803
11
5.435696102362205
21
-3.415598149606299
0
LINE
8
BLACK
6
CONTINUOUS
10
5.435696102362205
20
-3.415598149606299
11
5.4365779133858263
21
-3.4134693307086614
0
LINE
8
BLACK
6
CONTINUOUS
10
5.4365779133858263
20
-3.4134693307086614
11
5.4382072047244092
21
-3.4118400393700785
0
LINE
8
BLACK
6
CONTINUOUS
10
5.4382072047244092
20
-3.4118400393700785
11
5.4403360236220468
21
-3.4109582283464568
0
LINE
8
BLACK
6
CONTINUOUS
10
5.4403360236220468
20
-3.4109582283464568
11
5.4414881496062995
21
-3.4108447637795276
0
LINE
8
BLACK
6
CONTINUOUS
10
5.4414881496062995
20
-3.4108447637795276
11
5.4502058267716533
21
-3.4108447637795276
0
LINE
8
BLACK
6
CONTINUOUS
10
5.4502058267716533
20
-3.4108447637795276
11
5.4502058267716533
21
-3.3655691732283466
0
LINE
8
BLACK
6
CONTINUOUS
10
5.4502058267716533
20
-3.3655691732283466
11
5.4502062204724409
21
-3.3655650000000001
0
LINE
8
BLACK
6
CONTINUOUS
10
5.4502062204724409
20
-3.3655650000000001
11
5.4502058267716533
21
-3.3655629527559054
0
LINE
8
BLACK
6
CONTINUOUS
10
5.4502058267716533
20
-3.3655629527559054
11
5.4502070078740159
21
-3.3655568897637793
0
LINE
8
BLACK
6
CONTINUOUS
10
5.4502070078740159
20
-3.3655568897637793
11
5.4503192913385829
21
-3.3644170472440944
0
LINE
8
BLACK
6
CONTINUOUS
10
5.4503192913385829
20
-3.3644170472440944
11
5.4505430314960632
21
-3.3638768503937007
0
LINE
8
BLACK
6
CONTINUOUS
10
5.4505430314960632
20
-3.3638768503937007
11
5.4506577165354333
21
-3.3633035433070866
0
LINE
8
BLACK
6
CONTINUOUS
10
5.4506577165354333
20
-3.3633035433070866
11
5.4509796456692916
21
-3.3628227559055119
0
LINE
8
BLACK
6
CONTINUOUS
10
5.4509796456692916
20
-3.3628227559055119
11
5.4512011023622042
21
-3.3622882283464568
0
LINE
8
BLACK
6
CONTINUOUS
10
5.4512011023622042
20
-3.3622882283464568
11
5.4516145275590553
21
-3.3618747637795274
0
LINE
8
BLACK
6
CONTINUOUS
10
5.4516145275590553
20
-3.3618747637795274
11
5.4519398818897633
21
-3.3613889763779525
0
LINE
8
BLACK
6
CONTINUOUS
10
5.4519398818897633
20
-3.3613889763779525
11
5.452421299212598
21
-3.3610679921259843
0
LINE
8
BLACK
6
CONTINUOUS
10
5.452421299212598
20
-3.3610679921259843
11
5.4528303937007871
21
-3.3606589370078739
0
LINE
8
BLACK
6
CONTINUOUS
10
5.4528303937007871
20
-3.3606589370078739
11
5.4533704724409446
21
-3.3604351968503936
0
LINE
8
BLACK
6
CONTINUOUS
10
5.4533704724409446
20
-3.3604351968503936
11
5.4538571259842517
21
-3.3601107874015748
0
LINE
8
BLACK
6
CONTINUOUS
10
5.4538571259842517
20
-3.3601107874015748
11
5.4544247637795271
21
-3.359998464566929
0
LINE
8
BLACK
6
CONTINUOUS
10
5.4544247637795271
20
-3.359998464566929
11
5.4549592125984248
21
-3.3597771259842517
0
LINE
8
BLACK
6
CONTINUOUS
10
5.4549592125984248
20
-3.3597771259842517
11
5.4555439370078735
21
-3.3597771259842517
0
LINE
8
BLACK
6
CONTINUOUS
10
5.4555439370078735
20
-3.3597771259842517
11
5.4561175590551176
21
-3.359663661417323
0
LINE
8
BLACK
6
CONTINUOUS
10
5.4561175590551176
20
-3.359663661417323
11
5.456684881889764
21
-3.3597771259842517
0
LINE
8
BLACK
6
CONTINUOUS
10
5.5084445669291338
20
-3.3597771259842517
11
5.5086406299212598
21
-3.3598583464566927
0
LINE
8
BLACK
6
CONTINUOUS
10
5.5086406299212598
20
-3.3598583464566927
11
5.5088522440944878
21
-3.3598733858267718
0
LINE
8
BLACK
6
CONTINUOUS
10
5.5088522440944878
20
-3.3598733858267718
11
5.5099334645669291
21
-3.3602871259842519
0
LINE
8
BLACK
6
CONTINUOUS
10
5.5099334645669291
20
-3.3602871259842519
11
5.514807874015748
21
-3.3627243307086614
0
LINE
8
BLACK
6
CONTINUOUS
10
5.514807874015748
20
-3.3627243307086614
11
5.515303661417323
21
-3.3630364173228346
0
LINE
8
BLACK
6
CONTINUOUS
10
5.515303661417323
20
-3.3630364173228346
11
5.5154477165354328
21
-3.3630961023622046
0
LINE
8
BLACK
6
CONTINUOUS
10
5.5154477165354328
20
-3.3630961023622046
11
5.5156098818897634
21
-3.3632291732283464
0
LINE
8
BLACK
6
CONTINUOUS
10
5.5156098818897634
20
-3.3632291732283464
11
5.5157875984251969
21
-3.3633410629921259
0
LINE
8
BLACK
6
CONTINUOUS
10
5.5157875984251969
20
-3.3633410629921259
11
5.515889803149606
21
-3.3634588976377953
0
LINE
8
BLACK
6
CONTINUOUS
10
5.515889803149606
20
-3.3634588976377953
11
5.5163426377952751
21
-3.3638305511811022
0
LINE
8
BLACK
6
CONTINUOUS
10
5.5163426377952751
20
-3.3638305511811022
11
5.5187798425196846
21
-3.3662677559055116
0
LINE
8
BLACK
6
CONTINUOUS
10
5.5187798425196846
20
-3.3662677559055116
11
5.5191514173228349
21
-3.3667205511811025
0
LINE
8
BLACK
6
CONTINUOUS
10
5.5191514173228349
20
-3.3667205511811025
11
5.5192693307086609
21
-3.3668227952755907
0
LINE
8
BLACK
6
CONTINUOUS
10
5.5192693307086609
20
-3.3668227952755907
11
5.5193811417322838
21
-3.367000472440945
0
LINE
8
BLACK
6
CONTINUOUS
10
5.5193811417322838
20
-3.367000472440945
11
5.5195142913385826
21
-3.3671626771653544
0
LINE
8
BLACK
6
CONTINUOUS
10
5.5195142913385826
20
-3.3671626771653544
11
5.5195739370078742
21
-3.3673067322834647
0
LINE
8
BLACK
6
CONTINUOUS
10
5.5195739370078742
20
-3.3673067322834647
11
5.5198860629921258
21
-3.3678025590551179
0
LINE
8
BLACK
6
CONTINUOUS
10
5.5198860629921258
20
-3.3678025590551179
11
5.5223232677165353
21
-3.3726769291338581
0
LINE
8
BLACK
6
CONTINUOUS
10
5.5223232677165353
20
-3.3726769291338581
11
5.5223555118110239
21
-3.3727611811023621
0
LINE
8
BLACK
6
CONTINUOUS
10
5.5223555118110239
20
-3.3727611811023621
11
5.5223809055118105
21
-3.372795472440945
0
LINE
8
BLACK
6
CONTINUOUS
10
5.5223809055118105
20
-3.372795472440945
11
5.5225532677165354
21
-3.3732779527559056
0
LINE
8
BLACK
6
CONTINUOUS
10
5.5225532677165354
20
-3.3732779527559056
11
5.5227370472440942
21
-3.3737581496062989
0
LINE
8
BLACK
6
CONTINUOUS
10
5.5227370472440942
20
-3.3737581496062989
11
5.5227400787401573
21
-3.3738007874015747
0
LINE
8
BLACK
6
CONTINUOUS
10
5.5227400787401573
20
-3.3738007874015747
11
5.522770393700787
21
-3.3738856692913384
0
LINE
8
BLACK
6
CONTINUOUS
10
5.522770393700787
20
-3.3738856692913384
11
5.5252075984251965
21
-3.3836344488188974
0
LINE
8
BLACK
6
CONTINUOUS
10
5.5252075984251965
20
-3.3836344488188974
11
5.5252371259842521
21
-3.3838342125984253
0
LINE
8
BLACK
6
CONTINUOUS
10
5.5252371259842521
20
-3.3838342125984253
11
5.5252704330708662
21
-3.3839146062992125
0
LINE
8
BLACK
6
CONTINUOUS
10
5.5252704330708662
20
-3.3839146062992125
11
5.5253131102362207
21
-3.384348307086614
0
LINE
8
BLACK
6
CONTINUOUS
10
5.5253131102362207
20
-3.384348307086614
11
5.5253769291338584
21
-3.3847797244094489
0
LINE
8
BLACK
6
CONTINUOUS
10
5.5253769291338584
20
-3.3847797244094489
11
5.5253640944881885
21
-3.3848658267716534
0
LINE
8
BLACK
6
CONTINUOUS
10
5.5253640944881885
20
-3.3848658267716534
11
5.5253838976377949
21
-3.3850667322834647
0
LINE
8
BLACK
6
CONTINUOUS
10
5.5253838976377949
20
-3.3850667322834647
11
5.5253838976377949
21
-3.3972527165354331
0
LINE
8
BLACK
6
CONTINUOUS
10
5.5253838976377949
20
-3.3972527165354331
11
5.5253640944881885
21
-3.3974535826771652
0
LINE
8
BLACK
6
CONTINUOUS
10
5.5253640944881885
20
-3.3974535826771652
11
5.5253769291338584
21
-3.397539724409449
0
LINE
8
BLACK
6
CONTINUOUS
10
5.5253769291338584
20
-3.397539724409449
11
5.5253131102362207
21
-3.3979711023622046
0
LINE
8
BLACK
6
CONTINUOUS
10
5.5253131102362207
20
-3.3979711023622046
11
5.5252704330708662
21
-3.3984048425196849
0
LINE
8
BLACK
6
CONTINUOUS
10
5.5252704330708662
20
-3.3984048425196849
11
5.5252371259842521
21
-3.3984851968503937
0
LINE
8
BLACK
6
CONTINUOUS
10
5.5252371259842521
20
-3.3984851968503937
11
5.5252075984251965
21
-3.398685
0
LINE
8
BLACK
6
CONTINUOUS
10
5.5252075984251965
20
-3.398685
11
5.522770393700787
21
-3.408433779527559
0
LINE
8
BLACK
6
CONTINUOUS
10
5.522770393700787
20
-3.408433779527559
11
5.5227400393700785
21
-3.4085186220472439
0
LINE
8
BLACK
6
CONTINUOUS
10
5.5227400393700785
20
-3.4085186220472439
11
5.5227370472440942
21
-3.4085612598425197
0
LINE
8
BLACK
6
CONTINUOUS
10
5.5227370472440942
20
-3.4085612598425197
11
5.5225533858267717
21
-3.4090411023622047
0
LINE
8
BLACK
6
CONTINUOUS
10
5.5225533858267717
20
-3.4090411023622047
11
5.5223809055118105
21
-3.4095239763779528
0
LINE
8
BLACK
6
CONTINUOUS
10
5.5223809055118105
20
-3.4095239763779528
11
5.5223555118110239
21
-3.4095582283464565
0
LINE
8
BLACK
6
CONTINUOUS
10
5.5223555118110239
20
-3.4095582283464565
11
5.5223232677165353
21
-3.4096425196850393
0
LINE
8
BLACK
6
CONTINUOUS
10
5.5223232677165353
20
-3.4096425196850393
11
5.5198860629921258
21
-3.4145169291338582
0
LINE
8
BLACK
6
CONTINUOUS
10
5.5198860629921258
20
-3.4145169291338582
11
5.5195739370078742
21
-3.4150127165354331
0
LINE
8
BLACK
6
CONTINUOUS
10
5.5195739370078742
20
-3.4150127165354331
11
5.5195142913385826
21
-3.4151568110236221
0
LINE
8
BLACK
6
CONTINUOUS
10
5.5195142913385826
20
-3.4151568110236221
11
5.5193811417322838
21
-3.4153189763779528
0
LINE
8
BLACK
6
CONTINUOUS
10
5.5193811417322838
20
-3.4153189763779528
11
5.5192693307086609
21
-3.4154966929133859
0
LINE
8
BLACK
6
CONTINUOUS
10
5.5192693307086609
20
-3.4154966929133859
11
5.5191514566929136
21
-3.4155988976377953
0
LINE
8
BLACK
6
CONTINUOUS
10
5.5191514566929136
20
-3.4155988976377953
11
5.5187798425196846
21
-3.4160517322834645
0
LINE
8
BLACK
6
CONTINUOUS
10
5.5187798425196846
20
-3.4160517322834645
11
5.5163426377952751
21
-3.4184889370078739
0
LINE
8
BLACK
6
CONTINUOUS
10
5.5163426377952751
20
-3.4184889370078739
11
5.515889803149606
21
-3.4188605511811021
0
LINE
8
BLACK
6
CONTINUOUS
10
5.515889803149606
20
-3.4188605511811021
11
5.5157875590551182
21
-3.418978464566929
0
LINE
8
BLACK
6
CONTINUOUS
10
5.5157875590551182
20
-3.418978464566929
11
5.5156098425196847
21
-3.419090275590551
0
LINE
8
BLACK
6
CONTINUOUS
10
5.5156098425196847
20
-3.419090275590551
11
5.5154477165354328
21
-3.4192233858267715
0
LINE
8
BLACK
6
CONTINUOUS
10
5.5154477165354328
20
-3.4192233858267715
11
5.5153035826771655
21
-3.4192830708661415
0
LINE
8
BLACK
6
CONTINUOUS
10
5.5153035826771655
20
-3.4192830708661415
11
5.5148077952755905
21
-3.4195951574803147
0
LINE
8
BLACK
6
CONTINUOUS
10
5.5148077952755905
20
-3.4195951574803147
11
5.5099334645669291
21
-3.4220323228346454
0
LINE
8
BLACK
6
CONTINUOUS
10
5.5099334645669291
20
-3.4220323228346454
11
5.5088522047244091
21
-3.4224461023622048
0
LINE
8
BLACK
6
CONTINUOUS
10
5.5088522047244091
20
-3.4224461023622048
11
5.5086405511811023
21
-3.4224611023622047
0
LINE
8
BLACK
6
CONTINUOUS
10
5.5086405511811023
20
-3.4224611023622047
11
5.5084445669291338
21
-3.4225423228346457
0
LINE
8
BLACK
6
CONTINUOUS
10
5.5084445669291338
20
-3.4225423228346457
11
5.507292440944882
21
-3.4226557874015748
0
LINE
8
BLACK
6
CONTINUOUS
10
5.507292440944882
20
-3.4226557874015748
11
5.5024180314960631
21
-3.4226557874015748
0
LINE
8
BLACK
6
CONTINUOUS
10
5.5024180314960631
20
-3.4226557874015748
11
5.5012659055118105
21
-3.4225423228346457
0
LINE
8
BLACK
6
CONTINUOUS
10
5.5012659055118105
20
-3.4225423228346457
11
5.501069921259842
21
-3.4224611417322834
0
LINE
8
BLACK
6
CONTINUOUS
10
5.501069921259842
20
-3.4224611417322834
11
5.5008582283464564
21
-3.4224461023622048
0
LINE
8
BLACK
6
CONTINUOUS
10
5.5008582283464564
20
-3.4224461023622048
11
5.499777007874016
21
-3.4220323228346454
0
LINE
8
BLACK
6
CONTINUOUS
10
5.499777007874016
20
-3.4220323228346454
11
5.4949026377952759
21
-3.4195951574803147
0
LINE
8
BLACK
6
CONTINUOUS
10
5.4949026377952759
20
-3.4195951574803147
11
5.4944068897637797
21
-3.4192830708661415
0
LINE
8
BLACK
6
CONTINUOUS
10
5.4944068897637797
20
-3.4192830708661415
11
5.4942627559055115
21
-3.4192233858267715
0
LINE
8
BLACK
6
CONTINUOUS
10
5.4942627559055115
20
-3.4192233858267715
11
5.4941004330708658
21
-3.4190901574803148
0
LINE
8
BLACK
6
CONTINUOUS
10
5.4941004330708658
20
-3.4190901574803148
11
5.4939229133858269
21
-3.4189784251968502
0
LINE
8
BLACK
6
CONTINUOUS
10
5.4939229133858269
20
-3.4189784251968502
11
5.4938207480314958
21
-3.4188606299212596
0
LINE
8
BLACK
6
CONTINUOUS
10
5.4938207480314958
20
-3.4188606299212596
11
5.4933678346456691
21
-3.4184889370078739
0
LINE
8
BLACK
6
CONTINUOUS
10
5.4933678346456691
20
-3.4184889370078739
11
5.4909306299212597
21
-3.4160517322834645
0
LINE
8
BLACK
6
CONTINUOUS
10
5.4909306299212597
20
-3.4160517322834645
11
5.4905590157480315
21
-3.4155988976377953
0
LINE
8
BLACK
6
CONTINUOUS
10
5.4905590157480315
20
-3.4155988976377953
11
5.4904411417322834
21
-3.4154966929133859
0
LINE
8
BLACK
6
CONTINUOUS
10
5.4904411417322834
20
-3.4154966929133859
11
5.4903292913385826
21
-3.4153189763779528
0
LINE
8
BLACK
6
CONTINUOUS
10
5.4903292913385826
20
-3.4153189763779528
11
5.4901961811023625
21
-3.4151568110236221
0
LINE
8
BLACK
6
CONTINUOUS
10
5.4901961811023625
20
-3.4151568110236221
11
5.4901364960629921
21
-3.4150127165354331
0
LINE
8
BLACK
6
CONTINUOUS
10
5.4901364960629921
20
-3.4150127165354331
11
5.4898244094488184
21
-3.4145169291338582
0
LINE
8
BLACK
6
CONTINUOUS
10
5.4898244094488184
20
-3.4145169291338582
11
5.487387204724409
21
-3.4096425196850393
0
LINE
8
BLACK
6
CONTINUOUS
10
5.487387204724409
20
-3.4096425196850393
11
5.4873549606299212
21
-3.409558307086614
0
LINE
8
BLACK
6
CONTINUOUS
10
5.4873549606299212
20
-3.409558307086614
11
5.4873295669291338
21
-3.4095240157480315
0
LINE
8
BLACK
6
CONTINUOUS
10
5.4873295669291338
20
-3.4095240157480315
11
5.4871569685039372
21
-3.4090409055118109
0
LINE
8
BLACK
6
CONTINUOUS
10
5.4871569685039372
20
-3.4090409055118109
11
5.4869734251968501
21
-3.4085612992125984
0
LINE
8
BLACK
6
CONTINUOUS
10
5.4869734251968501
20
-3.4085612992125984
11
5.486970393700787
21
-3.4085186614173226
0
LINE
8
BLACK
6
CONTINUOUS
10
5.486970393700787
20
-3.4085186614173226
11
5.4869400787401572
21
-3.4084338188976377
0
LINE
8
BLACK
6
CONTINUOUS
10
5.4869400787401572
20
-3.4084338188976377
11
5.4845028740157478
21
-3.398685
0
LINE
8
BLACK
6
CONTINUOUS
10
5.4845028740157478
20
-3.398685
11
5.484473346456693
21
-3.39848531496063
0
LINE
8
BLACK
6
CONTINUOUS
10
5.484473346456693
20
-3.39848531496063
11
5.4844400000000002
21
-3.3984048425196849
0
LINE
8
BLACK
6
CONTINUOUS
10
5.4844400000000002
20
-3.3984048425196849
11
5.4843972440944881
21
-3.397970866141732
0
LINE
8
BLACK
6
CONTINUOUS
10
5.4843972440944881
20
-3.397970866141732
11
5.484333503937008
21
-3.3975397637795273
0
LINE
8
BLACK
6
CONTINUOUS
10
5.484333503937008
20
-3.3975397637795273
11
5.4843462992125982
21
-3.397453622047244
0
LINE
8
BLACK
6
CONTINUOUS
10
5.4843462992125982
20
-3.397453622047244
11
5.4843265354330706
21
-3.3972527165354331
0
LINE
8
BLACK
6
CONTINUOUS
10
5.4843265354330706
20
-3.3972527165354331
11
5.4843265354330706
21
-3.3850667322834647
0
LINE
8
BLACK
6
CONTINUOUS
10
5.4843265354330706
20
-3.3850667322834647
11
5.4843462992125982
21
-3.3848657874015746
0
LINE
8
BLACK
6
CONTINUOUS
10
5.4843462992125982
20
-3.3848657874015746
11
5.484333503937008
21
-3.3847796850393701
0
LINE
8
BLACK
6
CONTINUOUS
10
5.484333503937008
20
-3.3847796850393701
11
5.4843972440944881
21
-3.3843485433070866
0
LINE
8
BLACK
6
CONTINUOUS
10
5.4843972440944881
20
-3.3843485433070866
11
5.4844400000000002
21
-3.3839146062992125
0
LINE
8
BLACK
6
CONTINUOUS
10
5.4844400000000002
20
-3.3839146062992125
11
5.484473346456693
21
-3.3838340944881891
0
LINE
8
BLACK
6
CONTINUOUS
10
5.484473346456693
20
-3.3838340944881891
11
5.4845028740157478
21
-3.3836344488188974
0
LINE
8
BLACK
6
CONTINUOUS
10
5.4845028740157478
20
-3.3836344488188974
11
5.4869400787401572
21
-3.3738856299212596
0
LINE
8
BLACK
6
CONTINUOUS
10
5.4869400787401572
20
-3.3738856299212596
11
5.4869704330708657
21
-3.3738006299212597
0
LINE
8
BLACK
6
CONTINUOUS
10
5.4869704330708657
20
-3.3738006299212597
11
5.4869734645669288
21
-3.3737581496062989
0
LINE
8
BLACK
6
CONTINUOUS
10
5.4869734645669288
20
-3.3737581496062989
11
5.4871566535433072
21
-3.3732793700787402
0
LINE
8
BLACK
6
CONTINUOUS
10
5.4871566535433072
20
-3.3732793700787402
11
5.4873295669291338
21
-3.3727954330708663
0
LINE
8
BLACK
6
CONTINUOUS
10
5.4873295669291338
20
-3.3727954330708663
11
5.4873549606299212
21
-3.3727611023622046
0
LINE
8
BLACK
6
CONTINUOUS
10
5.4873549606299212
20
-3.3727611023622046
11
5.487387204724409
21
-3.3726769291338581
0
LINE
8
BLACK
6
CONTINUOUS
10
5.487387204724409
20
-3.3726769291338581
11
5.4898244094488184
21
-3.3678025196850392
0
LINE
8
BLACK
6
CONTINUOUS
10
5.4898244094488184
20
-3.3678025196850392
11
5.4901364960629921
21
-3.3673066929133859
0
LINE
8
BLACK
6
CONTINUOUS
10
5.4901364960629921
20
-3.3673066929133859
11
5.4901961811023625
21
-3.3671626771653544
0
LINE
8
BLACK
6
CONTINUOUS
10
5.4901961811023625
20
-3.3671626771653544
11
5.4903292519685039
21
-3.367000472440945
0
LINE
8
BLACK
6
CONTINUOUS
10
5.4903292519685039
20
-3.367000472440945
11
5.4904411417322834
21
-3.3668227952755907
0
LINE
8
BLACK
6
CONTINUOUS
10
5.4904411417322834
20
-3.3668227952755907
11
5.4905589763779528
21
-3.3667205511811025
0
LINE
8
BLACK
6
CONTINUOUS
10
5.4905589763779528
20
-3.3667205511811025
11
5.4909306299212597
21
-3.3662677559055116
0
LINE
8
BLACK
6
CONTINUOUS
10
5.4909306299212597
20
-3.3662677559055116
11
5.4933678346456691
21
-3.3638305511811022
0
LINE
8
BLACK
6
CONTINUOUS
10
5.4933678346456691
20
-3.3638305511811022
11
5.4938206299212595
21
-3.363458937007874
0
LINE
8
BLACK
6
CONTINUOUS
10
5.4938206299212595
20
-3.363458937007874
11
5.4939228740157482
21
-3.3633410629921259
0
LINE
8
BLACK
6
CONTINUOUS
10
5.4939228740157482
20
-3.3633410629921259
11
5.4941005511811021
21
-3.3632292125984251
0
LINE
8
BLACK
6
CONTINUOUS
10
5.4941005511811021
20
-3.3632292125984251
11
5.4942627559055115
21
-3.3630961023622046
0
LINE
8
BLACK
6
CONTINUOUS
10
5.4942627559055115
20
-3.3630961023622046
11
5.4944068110236222
21
-3.3630364173228346
0
LINE
8
BLACK
6
CONTINUOUS
10
5.4944068110236222
20
-3.3630364173228346
11
5.4949026377952759
21
-3.3627243307086614
0
LINE
8
BLACK
6
CONTINUOUS
10
5.4949026377952759
20
-3.3627243307086614
11
5.499777007874016
21
-3.3602871259842519
0
LINE
8
BLACK
6
CONTINUOUS
10
5.499777007874016
20
-3.3602871259842519
11
5.5008582283464564
21
-3.359873346456693
0
LINE
8
BLACK
6
CONTINUOUS
10
5.5008582283464564
20
-3.359873346456693
11
5.501069921259842
21
-3.3598582677165352
0
LINE
8
BLACK
6
CONTINUOUS
10
5.501069921259842
20
-3.3598582677165352
11
5.5012659055118105
21
-3.3597771259842517
0
LINE
8
BLACK
6
CONTINUOUS
10
5.5012659055118105
20
-3.3597771259842517
11
5.5024180314960631
21
-3.359663661417323
0
LINE
8
BLACK
6
CONTINUOUS
10
5.5024180314960631
20
-3.359663661417323
11
5.507292440944882
21
-3.359663661417323
0
LINE
8
BLACK
6
CONTINUOUS
10
5.507292440944882
20
-3.359663661417323
11
5.5084445669291338
21
-3.3597771259842517
0
LINE
8
BLACK
6
CONTINUOUS
10
5.5010418503937011
20
-3.3728598425196852
11
5.4999598818897635
21
-3.3739417716535431
0
LINE
8
BLACK
6
CONTINUOUS
10
5.4999598818897635
20
-3.3739417716535431
11
5.498241141732283
21
-3.377379212598425
0
LINE
8
BLACK
6
CONTINUOUS
10
5.498241141732283
20
-3.377379212598425
11
5.4961375590551178
21
-3.3857936614173227
0
LINE
8
BLACK
6
CONTINUOUS
10
5.4961375590551178
20
-3.3857936614173227
11
5.4961375590551178
21
-3.3965257480314959
0
LINE
8
BLACK
6
CONTINUOUS
10
5.4961375590551178
20
-3.3965257480314959
11
5.498241141732283
21
-3.4049401968503936
0
LINE
8
BLACK
6
CONTINUOUS
10
5.498241141732283
20
-3.4049401968503936
11
5.4999599212598422
21
-3.408377716535433
0
LINE
8
BLACK
6
CONTINUOUS
10
5.4999599212598422
20
-3.408377716535433
11
5.5010418503937011
21
-3.4094596456692914
0
LINE
8
BLACK
6
CONTINUOUS
10
5.5010418503937011
20
-3.4094596456692914
11
5.5038120866141735
21
-3.4108447637795276
0
LINE
8
BLACK
6
CONTINUOUS
10
5.5038120866141735
20
-3.4108447637795276
11
5.5058983464566928
21
-3.4108447637795276
0
LINE
8
BLACK
6
CONTINUOUS
10
5.5058983464566928
20
-3.4108447637795276
11
5.5086686220472441
21
-3.4094596062992126
0
LINE
8
BLACK
6
CONTINUOUS
10
5.5086686220472441
20
-3.4094596062992126
11
5.509750551181102
21
-3.408377716535433
0
LINE
8
BLACK
6
CONTINUOUS
10
5.509750551181102
20
-3.408377716535433
11
5.5114692519685038
21
-3.4049402362204724
0
LINE
8
BLACK
6
CONTINUOUS
10
5.5114692519685038
20
-3.4049402362204724
11
5.5135728740157477
21
-3.3965257874015746
0
LINE
8
BLACK
6
CONTINUOUS
10
5.5135728740157477
20
-3.3965257874015746
11
5.5135728740157477
21
-3.385793622047244
0
LINE
8
BLACK
6
CONTINUOUS
10
5.5135728740157477
20
-3.385793622047244
11
5.5114692913385825
21
-3.3773792519685037
0
LINE
8
BLACK
6
CONTINUOUS
10
5.5114692913385825
20
-3.3773792519685037
11
5.509750551181102
21
-3.3739417716535431
0
LINE
8
BLACK
6
CONTINUOUS
10
5.509750551181102
20
-3.3739417716535431
11
5.5086685826771653
21
-3.3728598031496064
0
LINE
8
BLACK
6
CONTINUOUS
10
5.5086685826771653
20
-3.3728598031496064
11
5.5058983464566928
21
-3.3714746850393702
0
LINE
8
BLACK
6
CONTINUOUS
10
5.5058983464566928
20
-3.3714746850393702
11
5.5038121653543302
21
-3.3714746850393702
0
LINE
8
BLACK
6
CONTINUOUS
10
5.5038121653543302
20
-3.3714746850393702
11
5.5010418503937011
21
-3.3728598425196852
0
LINE
8
BLACK
6
CONTINUOUS
10
5.5693744488188974
20
-3.3597771259842517
11
5.571503267716535
21
-3.3606589370078739
0
LINE
8
BLACK
6
CONTINUOUS
10
5.571503267716535
20
-3.3606589370078739
11
5.573132559055118
21
-3.3622882283464568
0
LINE
8
BLACK
6
CONTINUOUS
10
5.573132559055118
20
-3.3622882283464568
11
5.5740143700787401
21
-3.3644170472440944
0
LINE
8
BLACK
6
CONTINUOUS
10
5.5740143700787401
20
-3.3644170472440944
11
5.5741278346456689
21
-3.3655691732283466
0
LINE
8
BLACK
6
CONTINUOUS
10
5.5741278346456689
20
-3.3655691732283466
11
5.5741278346456689
21
-3.4167502755905512
0
LINE
8
BLACK
6
CONTINUOUS
10
5.5741278346456689
20
-3.4167502755905512
11
5.5740143700787401
21
-3.417902401574803
0
LINE
8
BLACK
6
CONTINUOUS
10
5.5740143700787401
20
-3.417902401574803
11
5.573132559055118
21
-3.420031220472441
0
LINE
8
BLACK
6
CONTINUOUS
10
5.573132559055118
20
-3.420031220472441
11
5.571503267716535
21
-3.4216605118110235
0
LINE
8
BLACK
6
CONTINUOUS
10
5.571503267716535
20
-3.4216605118110235
11
5.5693744488188974
21
-3.4225423228346457
0
LINE
8
BLACK
6
CONTINUOUS
10
5.5693744488188974
20
-3.4225423228346457
11
5.5682223228346457
21
-3.4226557874015748
0
LINE
8
BLACK
6
CONTINUOUS
10
5.5682223228346457
20
-3.4226557874015748
11
5.5487247637795276
21
-3.4226557874015748
0
LINE
8
BLACK
6
CONTINUOUS
10
5.5487247637795276
20
-3.4226557874015748
11
5.5475726377952759
21
-3.4225423228346457
0
LINE
8
BLACK
6
CONTINUOUS
10
5.5475726377952759
20
-3.4225423228346457
11
5.5473766141732286
21
-3.4224611023622047
0
LINE
8
BLACK
6
CONTINUOUS
10
5.5473766141732286
20
-3.4224611023622047
11
5.5471649999999997
21
-3.4224461023622048
0
LINE
8
BLACK
6
CONTINUOUS
10
5.5471649999999997
20
-3.4224461023622048
11
5.5460837795275593
21
-3.4220323228346454
0
LINE
8
BLACK
6
CONTINUOUS
10
5.5460837795275593
20
-3.4220323228346454
11
5.5412093700787404
21
-3.4195951968503935
0
LINE
8
BLACK
6
CONTINUOUS
10
5.5412093700787404
20
-3.4195951968503935
11
5.5407134251968504
21
-3.4192830314960627
0
LINE
8
BLACK
6
CONTINUOUS
10
5.5407134251968504
20
-3.4192830314960627
11
5.5405694488188972
21
-3.4192233858267715
0
LINE
8
BLACK
6
CONTINUOUS
10
5.5405694488188972
20
-3.4192233858267715
11
5.5404073228346453
21
-3.4190903149606298
0
LINE
8
BLACK
6
CONTINUOUS
10
5.5404073228346453
20
-3.4190903149606298
11
5.5402296062992127
21
-3.418978464566929
0
LINE
8
BLACK
6
CONTINUOUS
10
5.5402296062992127
20
-3.418978464566929
11
5.5401273228346453
21
-3.4188605511811021
0
LINE
8
BLACK
6
CONTINUOUS
10
5.5401273228346453
20
-3.4188605511811021
11
5.5396745275590549
21
-3.4184889370078739
0
LINE
8
BLACK
6
CONTINUOUS
10
5.5396745275590549
20
-3.4184889370078739
11
5.5372373228346454
21
-3.4160517322834645
0
LINE
8
BLACK
6
CONTINUOUS
10
5.5372373228346454
20
-3.4160517322834645
11
5.5368656692913385
21
-3.4155988976377953
0
LINE
8
BLACK
6
CONTINUOUS
10
5.5368656692913385
20
-3.4155988976377953
11
5.5367477952755904
21
-3.4154966535433071
0
LINE
8
BLACK
6
CONTINUOUS
10
5.5367477952755904
20
-3.4154966535433071
11
5.5366359055118108
21
-3.4153188976377953
0
LINE
8
BLACK
6
CONTINUOUS
10
5.5366359055118108
20
-3.4153188976377953
11
5.5365028740157483
21
-3.4151568110236221
0
LINE
8
BLACK
6
CONTINUOUS
10
5.5365028740157483
20
-3.4151568110236221
11
5.5364431889763779
21
-3.4150127952755907
0
LINE
8
BLACK
6
CONTINUOUS
10
5.5364431889763779
20
-3.4150127952755907
11
5.5361310629921254
21
-3.4145168897637794
0
LINE
8
BLACK
6
CONTINUOUS
10
5.5361310629921254
20
-3.4145168897637794
11
5.5336938976377947
21
-3.4096424803149605
0
LINE
8
BLACK
6
CONTINUOUS
10
5.5336938976377947
20
-3.4096424803149605
11
5.5332801574803145
21
-3.4085612598425197
0
LINE
8
BLACK
6
CONTINUOUS
10
5.5332801574803145
20
-3.4085612598425197
11
5.5332651181102364
21
-3.4083496062992125
0
LINE
8
BLACK
6
CONTINUOUS
10
5.5332651181102364
20
-3.4083496062992125
11
5.5331839370078741
21
-3.4081536220472439
0
LINE
8
BLACK
6
CONTINUOUS
10
5.5331839370078741
20
-3.4081536220472439
11
5.5330704724409445
21
-3.4070014960629922
0
LINE
8
BLACK
6
CONTINUOUS
10
5.5330704724409445
20
-3.4070014960629922
11
5.5330704724409445
21
-3.3996899212598426
0
LINE
8
BLACK
6
CONTINUOUS
10
5.5330704724409445
20
-3.3996899212598426
11
5.5331839370078741
21
-3.3985377952755904
0
LINE
8
BLACK
6
CONTINUOUS
10
5.5331839370078741
20
-3.3985377952755904
11
5.5332651181102364
21
-3.3983417716535431
0
LINE
8
BLACK
6
CONTINUOUS
10
5.5332651181102364
20
-3.3983417716535431
11
5.5332801574803145
21
-3.3981301574803147
0
LINE
8
BLACK
6
CONTINUOUS
10
5.5332801574803145
20
-3.3981301574803147
11
5.5336938976377947
21
-3.3970489370078738
0
LINE
8
BLACK
6
CONTINUOUS
10
5.5336938976377947
20
-3.3970489370078738
11
5.5361310629921254
21
-3.3921745275590549
0
LINE
8
BLACK
6
CONTINUOUS
10
5.5361310629921254
20
-3.3921745275590549
11
5.5364432677165354
21
-3.3916785039370079
0
LINE
8
BLACK
6
CONTINUOUS
10
5.5364432677165354
20
-3.3916785039370079
11
5.536502913385827
21
-3.3915345669291339
0
LINE
8
BLACK
6
CONTINUOUS
10
5.536502913385827
20
-3.3915345669291339
11
5.5366358661417321
21
-3.3913724803149607
0
LINE
8
BLACK
6
CONTINUOUS
10
5.5366358661417321
20
-3.3913724803149607
11
5.5367477952755904
21
-3.3911947637795277
0
LINE
8
BLACK
6
CONTINUOUS
10
5.5367477952755904
20
-3.3911947637795277
11
5.5368657086614173
21
-3.3910924803149607
0
LINE
8
BLACK
6
CONTINUOUS
10
5.5368657086614173
20
-3.3910924803149607
11
5.5372373622047242
21
-3.3906396456692911
0
LINE
8
BLACK
6
CONTINUOUS
10
5.5372373622047242
20
-3.3906396456692911
11
5.5391874015748028
21
-3.3886895669291337
0
LINE
8
BLACK
6
CONTINUOUS
10
5.5391874015748028
20
-3.3886895669291337
11
5.5391850393700786
21
-3.3886875196850395
0
LINE
8
BLACK
6
CONTINUOUS
10
5.5391850393700786
20
-3.3886875196850395
11
5.539073149606299
21
-3.3885098031496064
0
LINE
8
BLACK
6
CONTINUOUS
10
5.539073149606299
20
-3.3885098031496064
11
5.5389400787401577
21
-3.3883476377952757
0
LINE
8
BLACK
6
CONTINUOUS
10
5.5389400787401577
20
-3.3883476377952757
11
5.5388803937007873
21
-3.3882035826771655
0
LINE
8
BLACK
6
CONTINUOUS
10
5.5388803937007873
20
-3.3882035826771655
11
5.5385683070866136
21
-3.3877077952755905
0
LINE
8
BLACK
6
CONTINUOUS
10
5.5385683070866136
20
-3.3877077952755905
11
5.5361311023622042
21
-3.3828333858267716
0
LINE
8
BLACK
6
CONTINUOUS
10
5.5361311023622042
20
-3.3828333858267716
11
5.535717362204724
21
-3.3817521653543308
0
LINE
8
BLACK
6
CONTINUOUS
10
5.535717362204724
20
-3.3817521653543308
11
5.5357023228346458
21
-3.3815405511811023
0
LINE
8
BLACK
6
CONTINUOUS
10
5.5357023228346458
20
-3.3815405511811023
11
5.5356211023622048
21
-3.3813444881889763
0
LINE
8
BLACK
6
CONTINUOUS
10
5.5356211023622048
20
-3.3813444881889763
11
5.5355076377952752
21
-3.3801923622047245
0
LINE
8
BLACK
6
CONTINUOUS
10
5.5355076377952752
20
-3.3801923622047245
11
5.5355076377952752
21
-3.3753179527559056
0
LINE
8
BLACK
6
CONTINUOUS
10
5.5355076377952752
20
-3.3753179527559056
11
5.5356211023622048
21
-3.3741658267716534
0
LINE
8
BLACK
6
CONTINUOUS
10
5.5356211023622048
20
-3.3741658267716534
11
5.5357023228346458
21
-3.3739697244094486
0
LINE
8
BLACK
6
CONTINUOUS
10
5.5357023228346458
20
-3.3739697244094486
11
5.535717362204724
21
-3.3737581496062989
0
LINE
8
BLACK
6
CONTINUOUS
10
5.535717362204724
20
-3.3737581496062989
11
5.5361311023622042
21
-3.3726769291338581
0
LINE
8
BLACK
6
CONTINUOUS
10
5.5361311023622042
20
-3.3726769291338581
11
5.5385683070866136
21
-3.3678025196850392
0
LINE
8
BLACK
6
CONTINUOUS
10
5.5385683070866136
20
-3.3678025196850392
11
5.5388803937007873
21
-3.3673066929133859
0
LINE
8
BLACK
6
CONTINUOUS
10
5.5388803937007873
20
-3.3673066929133859
11
5.5389400787401577
21
-3.3671626771653544
0
LINE
8
BLACK
6
CONTINUOUS
10
5.5389400787401577
20
-3.3671626771653544
11
5.539073149606299
21
-3.367000472440945
0
LINE
8
BLACK
6
CONTINUOUS
10
5.539073149606299
20
-3.367000472440945
11
5.5391850393700786
21
-3.3668227952755907
0
LINE
8
BLACK
6
CONTINUOUS
10
5.5391850393700786
20
-3.3668227952755907
11
5.5393028740157479
21
-3.3667205511811025
0
LINE
8
BLACK
6
CONTINUOUS
10
5.5393028740157479
20
-3.3667205511811025
11
5.5396745275590549
21
-3.3662677559055116
0
LINE
8
BLACK
6
CONTINUOUS
10
5.5396745275590549
20
-3.3662677559055116
11
5.5421117322834643
21
-3.3638305511811022
0
LINE
8
BLACK
6
CONTINUOUS
10
5.5421117322834643
20
-3.3638305511811022
11
5.5425645275590547
21
-3.363458937007874
0
LINE
8
BLACK
6
CONTINUOUS
10
5.5425645275590547
20
-3.363458937007874
11
5.5426667716535434
21
-3.3633410629921259
0
LINE
8
BLACK
6
CONTINUOUS
10
5.5426667716535434
20
-3.3633410629921259
11
5.5428444488188973
21
-3.3632292125984251
0
LINE
8
BLACK
6
CONTINUOUS
10
5.5428444488188973
20
-3.3632292125984251
11
5.5430066535433067
21
-3.3630961023622046
0
LINE
8
BLACK
6
CONTINUOUS
10
5.5430066535433067
20
-3.3630961023622046
11
5.5431507086614173
21
-3.3630364173228346
0
LINE
8
BLACK
6
CONTINUOUS
10
5.5431507086614173
20
-3.3630364173228346
11
5.5436465354330711
21
-3.3627243307086614
0
LINE
8
BLACK
6
CONTINUOUS
10
5.5436465354330711
20
-3.3627243307086614
11
5.5485209055118112
21
-3.3602871259842519
0
LINE
8
BLACK
6
CONTINUOUS
10
5.5485209055118112
20
-3.3602871259842519
11
5.5496021259842516
21
-3.359873346456693
0
LINE
8
BLACK
6
CONTINUOUS
10
5.5496021259842516
20
-3.359873346456693
11
5.549813818897638
21
-3.3598582677165352
0
LINE
8
BLACK
6
CONTINUOUS
10
5.549813818897638
20
-3.3598582677165352
11
5.5500098031496066
21
-3.3597771259842517
0
LINE
8
BLACK
6
CONTINUOUS
10
5.5500098031496066
20
-3.3597771259842517
11
5.5511619291338583
21
-3.359663661417323
0
LINE
8
BLACK
6
CONTINUOUS
10
5.5511619291338583
20
-3.359663661417323
11
5.5682223228346457
21
-3.359663661417323
0
LINE
8
BLACK
6
CONTINUOUS
10
5.5682223228346457
20
-3.359663661417323
11
5.5693744488188974
21
-3.3597771259842517
0
LINE
8
BLACK
6
CONTINUOUS
10
5.5470403937007875
20
-3.3975399212598423
11
5.5462665748031492
21
-3.3983137007874014
0
LINE
8
BLACK
6
CONTINUOUS
10
5.5462665748031492
20
-3.3983137007874014
11
5.5448814960629917
21
-3.4010839763779526
0
LINE
8
BLACK
6
CONTINUOUS
10
5.5448814960629917
20
-3.4010839763779526
11
5.5448814960629917
21
-3.405607401574803
0
LINE
8
BLACK
6
CONTINUOUS
10
5.5448814960629917
20
-3.405607401574803
11
5.5462665748031492
21
-3.4083776771653542
0
LINE
8
BLACK
6
CONTINUOUS
10
5.5462665748031492
20
-3.4083776771653542
11
5.5473484645669293
21
-3.4094595669291339
0
LINE
8
BLACK
6
CONTINUOUS
10
5.5473484645669293
20
-3.4094595669291339
11
5.5501188582677168
21
-3.4108447637795276
0
LINE
8
BLACK
6
CONTINUOUS
10
5.5501188582677168
20
-3.4108447637795276
11
5.5623168110236216
21
-3.4108447637795276
0
LINE
8
BLACK
6
CONTINUOUS
10
5.5623168110236216
20
-3.4108447637795276
11
5.5623168110236216
21
-3.3958466535433072
0
LINE
8
BLACK
6
CONTINUOUS
10
5.5623168110236216
20
-3.3958466535433072
11
5.552120236220472
21
-3.3958466535433072
0
LINE
8
BLACK
6
CONTINUOUS
10
5.552120236220472
20
-3.3958466535433072
11
5.5470403937007875
21
-3.3975399212598423
0
LINE
8
BLACK
6
CONTINUOUS
10
5.5497857480314963
20
-3.3728598425196852
11
5.5487037795275587
21
-3.3739417716535431
0
LINE
8
BLACK
6
CONTINUOUS
10
5.5487037795275587
20
-3.3739417716535431
11
5.5473186614173224
21
-3.3767120472440944
0
LINE
8
BLACK
6
CONTINUOUS
10
5.5473186614173224
20
-3.3767120472440944
11
5.5473186614173224
21
-3.3787982283464566
0
LINE
8
BLACK
6
CONTINUOUS
10
5.5473186614173224
20
-3.3787982283464566
11
5.5487037795275587
21
-3.3815685039370078
0
LINE
8
BLACK
6
CONTINUOUS
10
5.5487037795275587
20
-3.3815685039370078
11
5.5497857480314963
21
-3.382650472440945
0
LINE
8
BLACK
6
CONTINUOUS
10
5.5497857480314963
20
-3.382650472440945
11
5.5525560629921262
21
-3.3840356299212599
0
LINE
8
BLACK
6
CONTINUOUS
10
5.5525560629921262
20
-3.3840356299212599
11
5.5623168110236216
21
-3.3840356299212599
0
LINE
8
BLACK
6
CONTINUOUS
10
5.5623168110236216
20
-3.3840356299212599
11
5.5623168110236216
21
-3.3714746850393702
0
LINE
8
BLACK
6
CONTINUOUS
10
5.5623168110236216
20
-3.3714746850393702
11
5.5525560629921262
21
-3.3714746850393702
0
LINE
8
BLACK
6
CONTINUOUS
10
5.5525560629921262
20
-3.3714746850393702
11
5.5497857480314963
21
-3.3728598425196852
0
LINE
8
BLACK
6
CONTINUOUS
10
5.6053633464566932
20
-3.3597210629921257
11
5.6055188582677165
21
-3.3597100393700785
0
LINE
8
BLACK
6
CONTINUOUS
10
5.6055188582677165
20
-3.3597100393700785
11
5.6057233464566929
21
-3.3597565354330707
0
LINE
8
BLACK
6
CONTINUOUS
10
5.6057233464566929
20
-3.3597565354330707
11
5.6059323622047241
21
-3.3597771259842517
0
LINE
8
BLACK
6
CONTINUOUS
10
5.6059323622047241
20
-3.3597771259842517
11
5.6060765354330711
21
-3.3598368503937008
0
LINE
8
BLACK
6
CONTINUOUS
10
5.6060765354330711
20
-3.3598368503937008
11
5.6066477165354334
21
-3.3599667322834645
0
LINE
8
BLACK
6
CONTINUOUS
10
5.6066477165354334
20
-3.3599667322834645
11
5.6139593307086617
21
-3.362403937007874
0
LINE
8
BLACK
6
CONTINUOUS
10
5.6139593307086617
20
-3.362403937007874
11
5.6150164173228347
21
-3.3628759055118111
0
LINE
8
BLACK
6
CONTINUOUS
10
5.6150164173228347
20
-3.3628759055118111
11
5.6151766535433065
21
-3.3630148818897636
0
LINE
8
BLACK
6
CONTINUOUS
10
5.6151766535433065
20
-3.3630148818897636
11
5.6153727165354326
21
-3.3630961023622046
0
LINE
8
BLACK
6
CONTINUOUS
10
5.6153727165354326
20
-3.3630961023622046
11
5.6162676377952758
21
-3.3638305511811022
0
LINE
8
BLACK
6
CONTINUOUS
10
5.6162676377952758
20
-3.3638305511811022
11
5.6211420472440947
21
-3.3687049606299211
0
LINE
8
BLACK
6
CONTINUOUS
10
5.6211420472440947
20
-3.3687049606299211
11
5.6215136220472441
21
-3.3691577559055119
0
LINE
8
BLACK
6
CONTINUOUS
10
5.6215136220472441
20
-3.3691577559055119
11
5.621631535433071
21
-3.3692600000000001
0
LINE
8
BLACK
6
CONTINUOUS
10
5.621631535433071
20
-3.3692600000000001
11
5.621743346456693
21
-3.3694376771653545
0
LINE
8
BLACK
6
CONTINUOUS
10
5.621743346456693
20
-3.3694376771653545
11
5.6218764960629919
21
-3.3695998818897639
0
LINE
8
BLACK
6
CONTINUOUS
10
5.6218764960629919
20
-3.3695998818897639
11
5.6219361417322835
21
-3.3697439370078741
0
LINE
8
BLACK
6
CONTINUOUS
10
5.6219361417322835
20
-3.3697439370078741
11
5.6222482677165351
21
-3.3702397637795274
0
LINE
8
BLACK
6
CONTINUOUS
10
5.6222482677165351
20
-3.3702397637795274
11
5.6246854724409445
21
-3.3751141338582675
0
LINE
8
BLACK
6
CONTINUOUS
10
5.6246854724409445
20
-3.3751141338582675
11
5.6247177165354332
21
-3.3751983858267716
0
LINE
8
BLACK
6
CONTINUOUS
10
5.6247177165354332
20
-3.3751983858267716
11
5.6247431102362206
21
-3.3752326771653545
0
LINE
8
BLACK
6
CONTINUOUS
10
5.6247431102362206
20
-3.3752326771653545
11
5.6249154724409447
21
-3.375715157480315
0
LINE
8
BLACK
6
CONTINUOUS
10
5.6249154724409447
20
-3.375715157480315
11
5.6250992519685035
21
-3.3761953543307084
0
LINE
8
BLACK
6
CONTINUOUS
10
5.6250992519685035
20
-3.3761953543307084
11
5.6251022834645665
21
-3.3762379921259842
0
LINE
8
BLACK
6
CONTINUOUS
10
5.6251022834645665
20
-3.3762379921259842
11
5.6251325984251963
21
-3.3763228740157478
0
LINE
8
BLACK
6
CONTINUOUS
10
5.6251325984251963
20
-3.3763228740157478
11
5.6275698031496058
21
-3.3860716535433069
0
LINE
8
BLACK
6
CONTINUOUS
10
5.6275698031496058
20
-3.3860716535433069
11
5.6275993307086614
21
-3.3862714173228348
0
LINE
8
BLACK
6
CONTINUOUS
10
5.6275993307086614
20
-3.3862714173228348
11
5.6276326377952754
21
-3.3863518110236219
0
LINE
8
BLACK
6
CONTINUOUS
10
5.6276326377952754
20
-3.3863518110236219
11
5.62767531496063
21
-3.3867855118110235
0
LINE
8
BLACK
6
CONTINUOUS
10
5.62767531496063
20
-3.3867855118110235
11
5.6277391338582676
21
-3.3872169291338583
0
LINE
8
BLACK
6
CONTINUOUS
10
5.6277391338582676
20
-3.3872169291338583
11
5.6277262992125987
21
-3.3873030314960628
0
LINE
8
BLACK
6
CONTINUOUS
10
5.6277262992125987
20
-3.3873030314960628
11
5.6277461023622042
21
-3.3875039370078741
0
LINE
8
BLACK
6
CONTINUOUS
10
5.6277461023622042
20
-3.3875039370078741
11
5.6277461023622042
21
-3.3948155118110237
0
LINE
8
BLACK
6
CONTINUOUS
10
5.6277461023622042
20
-3.3948155118110237
11
5.6277262992125987
21
-3.3950163779527558
0
LINE
8
BLACK
6
CONTINUOUS
10
5.6277262992125987
20
-3.3950163779527558
11
5.6277391338582676
21
-3.3951025196850395
0
LINE
8
BLACK
6
CONTINUOUS
10
5.6277391338582676
20
-3.3951025196850395
11
5.62767531496063
21
-3.3955338976377951
0
LINE
8
BLACK
6
CONTINUOUS
10
5.62767531496063
20
-3.3955338976377951
11
5.6276326377952754
21
-3.3959676377952754
0
LINE
8
BLACK
6
CONTINUOUS
10
5.6276326377952754
20
-3.3959676377952754
11
5.6275993307086614
21
-3.3960479921259843
0
LINE
8
BLACK
6
CONTINUOUS
10
5.6275993307086614
20
-3.3960479921259843
11
5.6275698031496058
21
-3.3962477952755905
0
LINE
8
BLACK
6
CONTINUOUS
10
5.6275698031496058
20
-3.3962477952755905
11
5.6251325984251963
21
-3.4059965748031495
0
LINE
8
BLACK
6
CONTINUOUS
10
5.6251325984251963
20
-3.4059965748031495
11
5.6251022440944878
21
-3.4060814173228344
0
LINE
8
BLACK
6
CONTINUOUS
10
5.6251022440944878
20
-3.4060814173228344
11
5.6250992519685035
21
-3.4061240551181102
0
LINE
8
BLACK
6
CONTINUOUS
10
5.6250992519685035
20
-3.4061240551181102
11
5.624915590551181
21
-3.4066038976377953
0
LINE
8
BLACK
6
CONTINUOUS
10
5.624915590551181
20
-3.4066038976377953
11
5.6247431102362206
21
-3.4070867716535433
0
LINE
8
BLACK
6
CONTINUOUS
10
5.6247431102362206
20
-3.4070867716535433
11
5.6247177165354332
21
-3.4071210236220471
0
LINE
8
BLACK
6
CONTINUOUS
10
5.6247177165354332
20
-3.4071210236220471
11
5.6246854724409445
21
-3.4072053149606298
0
LINE
8
BLACK
6
CONTINUOUS
10
5.6246854724409445
20
-3.4072053149606298
11
5.6222482677165351
21
-3.4120797244094487
0
LINE
8
BLACK
6
CONTINUOUS
10
5.6222482677165351
20
-3.4120797244094487
11
5.6219361417322835
21
-3.4125755118110237
0
LINE
8
BLACK
6
CONTINUOUS
10
5.6219361417322835
20
-3.4125755118110237
11
5.6218764960629919
21
-3.4127196062992127
0
LINE
8
BLACK
6
CONTINUOUS
10
5.6218764960629919
20
-3.4127196062992127
11
5.621743346456693
21
-3.4128817716535433
0
LINE
8
BLACK
6
CONTINUOUS
10
5.621743346456693
20
-3.4128817716535433
11
5.621631535433071
21
-3.4130594881889764
0
LINE
8
BLACK
6
CONTINUOUS
10
5.621631535433071
20
-3.4130594881889764
11
5.6215136614173229
21
-3.4131616929133859
0
LINE
8
BLACK
6
CONTINUOUS
10
5.6215136614173229
20
-3.4131616929133859
11
5.6211420472440947
21
-3.413614527559055
0
LINE
8
BLACK
6
CONTINUOUS
10
5.6211420472440947
20
-3.413614527559055
11
5.6162676377952758
21
-3.4184889370078739
0
LINE
8
BLACK
6
CONTINUOUS
10
5.6162676377952758
20
-3.4184889370078739
11
5.6153727165354326
21
-3.4192233858267715
0
LINE
8
BLACK
6
CONTINUOUS
10
5.6153727165354326
20
-3.4192233858267715
11
5.6151766535433065
21
-3.4193045669291338
0
LINE
8
BLACK
6
CONTINUOUS
10
5.6151766535433065
20
-3.4193045669291338
11
5.6150164173228347
21
-3.4194435826771654
0
LINE
8
BLACK
6
CONTINUOUS
10
5.6150164173228347
20
-3.4194435826771654
11
5.613959291338583
21
-3.4199155905511809
0
LINE
8
BLACK
6
CONTINUOUS
10
5.613959291338583
20
-3.4199155905511809
11
5.6066477165354334
21
-3.4223527559055116
0
LINE
8
BLACK
6
CONTINUOUS
10
5.6066477165354334
20
-3.4223527559055116
11
5.6060763385826773
21
-3.4224826377952757
0
LINE
8
BLACK
6
CONTINUOUS
10
5.6060763385826773
20
-3.4224826377952757
11
5.6059323622047241
21
-3.4225423228346457
0
LINE
8
BLACK
6
CONTINUOUS
10
5.6059323622047241
20
-3.4225423228346457
11
5.6057235826771654
21
-3.4225628740157479
0
LINE
8
BLACK
6
CONTINUOUS
10
5.6057235826771654
20
-3.4225628740157479
11
5.6055188188976377
21
-3.4226094488188976
0
LINE
8
BLACK
6
CONTINUOUS
10
5.6055188188976377
20
-3.4226094488188976
11
5.6053631102362207
21
-3.4225983464566929
0
LINE
8
BLACK
6
CONTINUOUS
10
5.6053631102362207
20
-3.4225983464566929
11
5.6047802362204724
21
-3.4226557874015748
0
LINE
8
BLACK
6
CONTINUOUS
10
5.6047802362204724
20
-3.4226557874015748
11
5.5999058661417322
21
-3.4226557874015748
0
LINE
8
BLACK
6
CONTINUOUS
10
5.5999058661417322
20
-3.4226557874015748
11
5.5993227165354327
21
-3.4225983464566929
0
LINE
8
BLACK
6
CONTINUOUS
10
5.5993227165354327
20
-3.4225983464566929
11
5.5991672834645669
21
-3.4226094094488189
0
LINE
8
BLACK
6
CONTINUOUS
10
5.5991672834645669
20
-3.4226094094488189
11
5.598962716535433
21
-3.4225628740157479
0
LINE
8
BLACK
6
CONTINUOUS
10
5.598962716535433
20
-3.4225628740157479
11
5.5987537401574805
21
-3.4225423228346457
0
LINE
8
BLACK
6
CONTINUOUS
10
5.5987537401574805
20
-3.4225423228346457
11
5.5986096062992123
21
-3.422482598425197
0
LINE
8
BLACK
6
CONTINUOUS
10
5.5986096062992123
20
-3.422482598425197
11
5.5980383858267713
21
-3.4223527559055116
0
LINE
8
BLACK
6
CONTINUOUS
10
5.5980383858267713
20
-3.4223527559055116
11
5.5907268110236217
21
-3.4199155905511809
0
LINE
8
BLACK
6
CONTINUOUS
10
5.5907268110236217
20
-3.4199155905511809
11
5.5896696850393699
21
-3.4194436220472442
0
LINE
8
BLACK
6
CONTINUOUS
10
5.5896696850393699
20
-3.4194436220472442
11
5.5895092913385822
21
-3.419304527559055
0
LINE
8
BLACK
6
CONTINUOUS
10
5.5895092913385822
20
-3.419304527559055
11
5.5893133070866137
21
-3.4192233464566928
0
LINE
8
BLACK
6
CONTINUOUS
10
5.5893133070866137
20
-3.4192233464566928
11
5.5884183858267713
21
-3.4184888976377952
0
LINE
8
BLACK
6
CONTINUOUS
10
5.5884183858267713
20
-3.4184888976377952
11
5.5859812204724406
21
-3.4160516929133857
0
LINE
8
BLACK
6
CONTINUOUS
10
5.5859812204724406
20
-3.4160516929133857
11
5.5852467716535434
21
-3.4151567716535434
0
LINE
8
BLACK
6
CONTINUOUS
10
5.5852467716535434
20
-3.4151567716535434
11
5.5843650393700788
21
-3.4130279527559053
0
LINE
8
BLACK
6
CONTINUOUS
10
5.5843650393700788
20
-3.4130279527559053
11
5.5843650393700788
21
-3.4107237795275589
0
LINE
8
BLACK
6
CONTINUOUS
10
5.5843650393700788
20
-3.4107237795275589
11
5.5852468503937009
21
-3.4085949606299213
0
LINE
8
BLACK
6
CONTINUOUS
10
5.5852468503937009
20
-3.4085949606299213
11
5.5868762204724405
21
-3.4069655905511809
0
LINE
8
BLACK
6
CONTINUOUS
10
5.5868762204724405
20
-3.4069655905511809
11
5.589005039370079
21
-3.4060838582677166
0
LINE
8
BLACK
6
CONTINUOUS
10
5.589005039370079
20
-3.4060838582677166
11
5.5913092125984249
21
-3.4060838582677166
0
LINE
8
BLACK
6
CONTINUOUS
10
5.5913092125984249
20
-3.4060838582677166
11
5.5934380314960626
21
-3.4069656692913384
0
LINE
8
BLACK
6
CONTINUOUS
10
5.5934380314960626
20
-3.4069656692913384
11
5.5943329527559058
21
-3.407700118110236
0
LINE
8
BLACK
6
CONTINUOUS
10
5.5943329527559058
20
-3.407700118110236
11
5.5957842913385827
21
-3.4091514566929133
0
LINE
8
BLACK
6
CONTINUOUS
10
5.5957842913385827
20
-3.4091514566929133
11
5.6008642125984247
21
-3.4108447637795276
0
LINE
8
BLACK
6
CONTINUOUS
10
5.6008642125984247
20
-3.4108447637795276
11
5.6038218503937003
21
-3.4108447637795276
0
LINE
8
BLACK
6
CONTINUOUS
10
5.6038218503937003
20
-3.4108447637795276
11
5.6089017716535432
21
-3.4091514566929133
0
LINE
8
BLACK
6
CONTINUOUS
10
5.6089017716535432
20
-3.4091514566929133
11
5.6121127559055113
21
-3.4059405118110235
0
LINE
8
BLACK
6
CONTINUOUS
10
5.6121127559055113
20
-3.4059405118110235
11
5.6138314566929131
21
-3.4025030314960629
0
LINE
8
BLACK
6
CONTINUOUS
10
5.6138314566929131
20
-3.4025030314960629
11
5.615935078740157
21
-3.3940885826771652
0
LINE
8
BLACK
6
CONTINUOUS
10
5.615935078740157
20
-3.3940885826771652
11
5.615935078740157
21
-3.3882308267716534
0
LINE
8
BLACK
6
CONTINUOUS
10
5.615935078740157
20
-3.3882308267716534
11
5.6138314960629918
21
-3.3798164566929132
0
LINE
8
BLACK
6
CONTINUOUS
10
5.6138314960629918
20
-3.3798164566929132
11
5.6121127559055113
21
-3.3763789763779526
0
LINE
8
BLACK
6
CONTINUOUS
10
5.6121127559055113
20
-3.3763789763779526
11
5.6089016929133857
21
-3.3731679133858266
0
LINE
8
BLACK
6
CONTINUOUS
10
5.6089016929133857
20
-3.3731679133858266
11
5.6038219685039365
21
-3.3714746850393702
0
LINE
8
BLACK
6
CONTINUOUS
10
5.6038219685039365
20
-3.3714746850393702
11
5.6008641338582672
21
-3.3714746850393702
0
LINE
8
BLACK
6
CONTINUOUS
10
5.6008641338582672
20
-3.3714746850393702
11
5.5957843307086614
21
-3.3731679133858266
0
LINE
8
BLACK
6
CONTINUOUS
10
5.5957843307086614
20
-3.3731679133858266
11
5.5943329527559058
21
-3.3746193700787401
0
LINE
8
BLACK
6
CONTINUOUS
10
5.5943329527559058
20
-3.3746193700787401
11
5.5934380314960626
21
-3.3753538188976377
0
LINE
8
BLACK
6
CONTINUOUS
10
5.5934380314960626
20
-3.3753538188976377
11
5.5913092125984249
21
-3.3762356299212599
0
LINE
8
BLACK
6
CONTINUOUS
10
5.5913092125984249
20
-3.3762356299212599
11
5.589005039370079
21
-3.3762356299212599
0
LINE
8
BLACK
6
CONTINUOUS
10
5.589005039370079
20
-3.3762356299212599
11
5.5868762204724405
21
-3.3753538976377953
0
LINE
8
BLACK
6
CONTINUOUS
10
5.5868762204724405
20
-3.3753538976377953
11
5.5852468503937009
21
-3.3737245275590548
0
LINE
8
BLACK
6
CONTINUOUS
10
5.5852468503937009
20
-3.3737245275590548
11
5.5843650393700788
21
-3.3715957086614172
0
LINE
8
BLACK
6
CONTINUOUS
10
5.5843650393700788
20
-3.3715957086614172
11
5.5843650393700788
21
-3.3692915354330708
0
LINE
8
BLACK
6
CONTINUOUS
10
5.5843650393700788
20
-3.3692915354330708
11
5.5852467716535434
21
-3.3671627165354332
0
LINE
8
BLACK
6
CONTINUOUS
10
5.5852467716535434
20
-3.3671627165354332
11
5.5859812204724406
21
-3.3662677952755904
0
LINE
8
BLACK
6
CONTINUOUS
10
5.5859812204724406
20
-3.3662677952755904
11
5.5884183858267713
21
-3.3638305905511809
0
LINE
8
BLACK
6
CONTINUOUS
10
5.5884183858267713
20
-3.3638305905511809
11
5.5893133070866137
21
-3.3630961417322833
0
LINE
8
BLACK
6
CONTINUOUS
10
5.5893133070866137
20
-3.3630961417322833
11
5.589509330708661
21
-3.3630149212598424
0
LINE
8
BLACK
6
CONTINUOUS
10
5.589509330708661
20
-3.3630149212598424
11
5.5896696456692911
21
-3.3628759055118111
0
LINE
8
BLACK
6
CONTINUOUS
10
5.5896696456692911
20
-3.3628759055118111
11
5.5907267716535429
21
-3.362403937007874
0
LINE
8
BLACK
6
CONTINUOUS
10
5.5907267716535429
20
-3.362403937007874
11
5.5980383858267713
21
-3.3599666929133858
0
LINE
8
BLACK
6
CONTINUOUS
10
5.5980383858267713
20
-3.3599666929133858
11
5.5986097244094486
21
-3.3598367716535433
0
LINE
8
BLACK
6
CONTINUOUS
10
5.5986097244094486
20
-3.3598367716535433
11
5.5987537401574805
21
-3.3597771259842517
0
LINE
8
BLACK
6
CONTINUOUS
10
5.5987537401574805
20
-3.3597771259842517
11
5.5989624803149605
21
-3.3597565354330707
0
LINE
8
BLACK
6
CONTINUOUS
10
5.5989624803149605
20
-3.3597565354330707
11
5.5991672834645669
21
-3.3597099999999998
0
LINE
8
BLACK
6
CONTINUOUS
10
5.5991672834645669
20
-3.3597099999999998
11
5.5993229527559052
21
-3.3597210629921257
0
LINE
8
BLACK
6
CONTINUOUS
10
5.5993229527559052
20
-3.3597210629921257
11
5.5999058661417322
21
-3.359663661417323
0
LINE
8
BLACK
6
CONTINUOUS
10
5.5999058661417322
20
-3.359663661417323
11
5.6047802362204724
21
-3.359663661417323
0
LINE
8
BLACK
6
CONTINUOUS
10
5.6047802362204724
20
-3.359663661417323
11
5.6053633464566932
21
-3.3597210629921257
0
LINE
8
BLACK
6
CONTINUOUS
10
5.7619128740157475
20
-3.3597771259842517
11
5.764041692913386
21
-3.3606589370078739
0
LINE
8
BLACK
6
CONTINUOUS
10
5.764041692913386
20
-3.3606589370078739
11
5.765670984251968
21
-3.3622882283464568
0
LINE
8
BLACK
6
CONTINUOUS
10
5.765670984251968
20
-3.3622882283464568
11
5.7665527952755902
21
-3.3644170472440944
0
LINE
8
BLACK
6
CONTINUOUS
10
5.7665527952755902
20
-3.3644170472440944
11
5.7666662598425198
21
-3.3655691732283466
0
LINE
8
BLACK
6
CONTINUOUS
10
5.7666662598425198
20
-3.3655691732283466
11
5.7666662598425198
21
-3.4167502755905512
0
LINE
8
BLACK
6
CONTINUOUS
10
5.7666662598425198
20
-3.4167502755905512
11
5.7665527952755902
21
-3.417902401574803
0
LINE
8
BLACK
6
CONTINUOUS
10
5.7665527952755902
20
-3.417902401574803
11
5.765670984251968
21
-3.420031220472441
0
LINE
8
BLACK
6
CONTINUOUS
10
5.765670984251968
20
-3.420031220472441
11
5.764041692913386
21
-3.4216605118110235
0
LINE
8
BLACK
6
CONTINUOUS
10
5.764041692913386
20
-3.4216605118110235
11
5.7619128740157475
21
-3.4225423228346457
0
LINE
8
BLACK
6
CONTINUOUS
10
5.7619128740157475
20
-3.4225423228346457
11
5.7607607480314957
21
-3.4226557874015748
0
LINE
8
BLACK
6
CONTINUOUS
10
5.7607607480314957
20
-3.4226557874015748
11
5.7412631889763777
21
-3.4226557874015748
0
LINE
8
BLACK
6
CONTINUOUS
10
5.7412631889763777
20
-3.4226557874015748
11
5.7401110629921259
21
-3.4225423228346457
0
LINE
8
BLACK
6
CONTINUOUS
10
5.7401110629921259
20
-3.4225423228346457
11
5.7399150393700786
21
-3.4224611023622047
0
LINE
8
BLACK
6
CONTINUOUS
10
5.7399150393700786
20
-3.4224611023622047
11
5.7397034251968506
21
-3.4224461023622048
0
LINE
8
BLACK
6
CONTINUOUS
10
5.7397034251968506
20
-3.4224461023622048
11
5.7386222047244093
21
-3.4220323228346454
0
LINE
8
BLACK
6
CONTINUOUS
10
5.7386222047244093
20
-3.4220323228346454
11
5.7337477952755904
21
-3.4195951968503935
0
LINE
8
BLACK
6
CONTINUOUS
10
5.7337477952755904
20
-3.4195951968503935
11
5.7332518503937004
21
-3.4192830314960627
0
LINE
8
BLACK
6
CONTINUOUS
10
5.7332518503937004
20
-3.4192830314960627
11
5.7331078740157482
21
-3.4192233858267715
0
LINE
8
BLACK
6
CONTINUOUS
10
5.7331078740157482
20
-3.4192233858267715
11
5.7329457480314963
21
-3.4190903149606298
0
LINE
8
BLACK
6
CONTINUOUS
10
5.7329457480314963
20
-3.4190903149606298
11
5.7327680314960627
21
-3.418978464566929
0
LINE
8
BLACK
6
CONTINUOUS
10
5.7327680314960627
20
-3.418978464566929
11
5.7326657480314962
21
-3.4188605511811021
0
LINE
8
BLACK
6
CONTINUOUS
10
5.7326657480314962
20
-3.4188605511811021
11
5.7322129527559058
21
-3.4184889370078739
0
LINE
8
BLACK
6
CONTINUOUS
10
5.7322129527559058
20
-3.4184889370078739
11
5.7297757480314964
21
-3.4160517322834645
0
LINE
8
BLACK
6
CONTINUOUS
10
5.7297757480314964
20
-3.4160517322834645
11
5.7294040944881885
21
-3.4155988976377953
0
LINE
8
BLACK
6
CONTINUOUS
10
5.7294040944881885
20
-3.4155988976377953
11
5.7292862204724404
21
-3.4154966535433071
0
LINE
8
BLACK
6
CONTINUOUS
10
5.7292862204724404
20
-3.4154966535433071
11
5.7291743307086609
21
-3.4153188976377953
0
LINE
8
BLACK
6
CONTINUOUS
10
5.7291743307086609
20
-3.4153188976377953
11
5.7290412992125983
21
-3.4151568110236221
0
LINE
8
BLACK
6
CONTINUOUS
10
5.7290412992125983
20
-3.4151568110236221
11
5.7289816141732279
21
-3.4150127952755907
0
LINE
8
BLACK
6
CONTINUOUS
10
5.7289816141732279
20
-3.4150127952755907
11
5.7286694881889764
21
-3.4145168897637794
0
LINE
8
BLACK
6
CONTINUOUS
10
5.7286694881889764
20
-3.4145168897637794
11
5.7262323228346457
21
-3.4096424803149605
0
LINE
8
BLACK
6
CONTINUOUS
10
5.7262323228346457
20
-3.4096424803149605
11
5.7258185826771655
21
-3.4085612598425197
0
LINE
8
BLACK
6
CONTINUOUS
10
5.7258185826771655
20
-3.4085612598425197
11
5.7258035433070864
21
-3.4083496062992125
0
LINE
8
BLACK
6
CONTINUOUS
10
5.7258035433070864
20
-3.4083496062992125
11
5.7257223622047242
21
-3.4081536220472439
0
LINE
8
BLACK
6
CONTINUOUS
10
5.7257223622047242
20
-3.4081536220472439
11
5.7256088976377955
21
-3.4070014960629922
0
LINE
8
BLACK
6
CONTINUOUS
10
5.7256088976377955
20
-3.4070014960629922
11
5.7256088976377955
21
-3.3996899212598426
0
LINE
8
BLACK
6
CONTINUOUS
10
5.7256088976377955
20
-3.3996899212598426
11
5.7257223622047242
21
-3.3985377952755904
0
LINE
8
BLACK
6
CONTINUOUS
10
5.7257223622047242
20
-3.3985377952755904
11
5.7258035433070864
21
-3.3983417716535431
0
LINE
8
BLACK
6
CONTINUOUS
10
5.7258035433070864
20
-3.3983417716535431
11
5.7258185826771655
21
-3.3981301574803147
0
LINE
8
BLACK
6
CONTINUOUS
10
5.7258185826771655
20
-3.3981301574803147
11
5.7262323228346457
21
-3.3970489370078738
0
LINE
8
BLACK
6
CONTINUOUS
10
5.7262323228346457
20
-3.3970489370078738
11
5.7286694881889764
21
-3.3921745275590549
0
LINE
8
BLACK
6
CONTINUOUS
10
5.7286694881889764
20
-3.3921745275590549
11
5.7289816929133854
21
-3.3916785039370079
0
LINE
8
BLACK
6
CONTINUOUS
10
5.7289816929133854
20
-3.3916785039370079
11
5.7290413385826771
21
-3.3915345669291339
0
LINE
8
BLACK
6
CONTINUOUS
10
5.7290413385826771
20
-3.3915345669291339
11
5.7291742913385821
21
-3.3913724803149607
0
LINE
8
BLACK
6
CONTINUOUS
10
5.7291742913385821
20
-3.3913724803149607
11
5.7292862204724404
21
-3.3911947637795277
0
LINE
8
BLACK
6
CONTINUOUS
10
5.7292862204724404
20
-3.3911947637795277
11
5.7294041338582673
21
-3.3910924803149607
0
LINE
8
BLACK
6
CONTINUOUS
10
5.7294041338582673
20
-3.3910924803149607
11
5.7297757874015751
21
-3.3906396456692911
0
LINE
8
BLACK
6
CONTINUOUS
10
5.7297757874015751
20
-3.3906396456692911
11
5.7317258267716538
21
-3.3886895669291337
0
LINE
8
BLACK
6
CONTINUOUS
10
5.7317258267716538
20
-3.3886895669291337
11
5.7317234645669286
21
-3.3886875196850395
0
LINE
8
BLACK
6
CONTINUOUS
10
5.7317234645669286
20
-3.3886875196850395
11
5.7316115748031491
21
-3.3885098031496064
0
LINE
8
BLACK
6
CONTINUOUS
10
5.7316115748031491
20
-3.3885098031496064
11
5.7314785039370078
21
-3.3883476377952757
0
LINE
8
BLACK
6
CONTINUOUS
10
5.7314785039370078
20
-3.3883476377952757
11
5.7314188188976374
21
-3.3882035826771655
0
LINE
8
BLACK
6
CONTINUOUS
10
5.7314188188976374
20
-3.3882035826771655
11
5.7311067322834646
21
-3.3877077952755905
0
LINE
8
BLACK
6
CONTINUOUS
10
5.7311067322834646
20
-3.3877077952755905
11
5.7286695275590551
21
-3.3828333858267716
0
LINE
8
BLACK
6
CONTINUOUS
10
5.7286695275590551
20
-3.3828333858267716
11
5.7282557874015749
21
-3.3817521653543308
0
LINE
8
BLACK
6
CONTINUOUS
10
5.7282557874015749
20
-3.3817521653543308
11
5.7282407480314959
21
-3.3815405511811023
0
LINE
8
BLACK
6
CONTINUOUS
10
5.7282407480314959
20
-3.3815405511811023
11
5.7281595275590549
21
-3.3813444881889763
0
LINE
8
BLACK
6
CONTINUOUS
10
5.7281595275590549
20
-3.3813444881889763
11
5.7280460629921262
21
-3.3801923622047245
0
LINE
8
BLACK
6
CONTINUOUS
10
5.7280460629921262
20
-3.3801923622047245
11
5.7280460629921262
21
-3.3753179527559056
0
LINE
8
BLACK
6
CONTINUOUS
10
5.7280460629921262
20
-3.3753179527559056
11
5.7281595275590549
21
-3.3741658267716534
0
LINE
8
BLACK
6
CONTINUOUS
10
5.7281595275590549
20
-3.3741658267716534
11
5.7282407480314959
21
-3.3739697244094486
0
LINE
8
BLACK
6
CONTINUOUS
10
5.7282407480314959
20
-3.3739697244094486
11
5.7282557874015749
21
-3.3737581496062989
0
LINE
8
BLACK
6
CONTINUOUS
10
5.7282557874015749
20
-3.3737581496062989
11
5.7286695275590551
21
-3.3726769291338581
0
LINE
8
BLACK
6
CONTINUOUS
10
5.7286695275590551
20
-3.3726769291338581
11
5.7311067322834646
21
-3.3678025196850392
0
LINE
8
BLACK
6
CONTINUOUS
10
5.7311067322834646
20
-3.3678025196850392
11
5.7314188188976374
21
-3.3673066929133859
0
LINE
8
BLACK
6
CONTINUOUS
10
5.7314188188976374
20
-3.3673066929133859
11
5.7314785039370078
21
-3.3671626771653544
0
LINE
8
BLACK
6
CONTINUOUS
10
5.7314785039370078
20
-3.3671626771653544
11
5.7316115748031491
21
-3.367000472440945
0
LINE
8
BLACK
6
CONTINUOUS
10
5.7316115748031491
20
-3.367000472440945
11
5.7317234645669286
21
-3.3668227952755907
0
LINE
8
BLACK
6
CONTINUOUS
10
5.7317234645669286
20
-3.3668227952755907
11
5.731841299212598
21
-3.3667205511811025
0
LINE
8
BLACK
6
CONTINUOUS
10
5.731841299212598
20
-3.3667205511811025
11
5.7322129527559058
21
-3.3662677559055116
0
LINE
8
BLACK
6
CONTINUOUS
10
5.7322129527559058
20
-3.3662677559055116
11
5.7346501574803153
21
-3.3638305511811022
0
LINE
8
BLACK
6
CONTINUOUS
10
5.7346501574803153
20
-3.3638305511811022
11
5.7351029527559056
21
-3.363458937007874
0
LINE
8
BLACK
6
CONTINUOUS
10
5.7351029527559056
20
-3.363458937007874
11
5.7352051968503934
21
-3.3633410629921259
0
LINE
8
BLACK
6
CONTINUOUS
10
5.7352051968503934
20
-3.3633410629921259
11
5.7353828740157482
21
-3.3632292125984251
0
LINE
8
BLACK
6
CONTINUOUS
10
5.7353828740157482
20
-3.3632292125984251
11
5.7355450787401576
21
-3.3630961023622046
0
LINE
8
BLACK
6
CONTINUOUS
10
5.7355450787401576
20
-3.3630961023622046
11
5.7356891338582674
21
-3.3630364173228346
0
LINE
8
BLACK
6
CONTINUOUS
10
5.7356891338582674
20
-3.3630364173228346
11
5.7361849606299211
21
-3.3627243307086614
0
LINE
8
BLACK
6
CONTINUOUS
10
5.7361849606299211
20
-3.3627243307086614
11
5.7410593307086613
21
-3.3602871259842519
0
LINE
8
BLACK
6
CONTINUOUS
10
5.7410593307086613
20
-3.3602871259842519
11
5.7421405511811026
21
-3.359873346456693
0
LINE
8
BLACK
6
CONTINUOUS
10
5.7421405511811026
20
-3.359873346456693
11
5.7423522440944881
21
-3.3598582677165352
0
LINE
8
BLACK
6
CONTINUOUS
10
5.7423522440944881
20
-3.3598582677165352
11
5.7425482283464566
21
-3.3597771259842517
0
LINE
8
BLACK
6
CONTINUOUS
10
5.7425482283464566
20
-3.3597771259842517
11
5.7437003543307084
21
-3.359663661417323
0
LINE
8
BLACK
6
CONTINUOUS
10
5.7437003543307084
20
-3.359663661417323
11
5.7607607480314957
21
-3.359663661417323
0
LINE
8
BLACK
6
CONTINUOUS
10
5.7607607480314957
20
-3.359663661417323
11
5.7619128740157475
21
-3.3597771259842517
0
LINE
8
BLACK
6
CONTINUOUS
10
5.7395788188976375
20
-3.3975399212598423
11
5.7388050000000002
21
-3.3983137007874014
0
LINE
8
BLACK
6
CONTINUOUS
10
5.7388050000000002
20
-3.3983137007874014
11
5.7374199212598427
21
-3.4010839763779526
0
LINE
8
BLACK
6
CONTINUOUS
10
5.7374199212598427
20
-3.4010839763779526
11
5.7374199212598427
21
-3.405607401574803
0
LINE
8
BLACK
6
CONTINUOUS
10
5.7374199212598427
20
-3.405607401574803
11
5.7388050000000002
21
-3.4083776771653542
0
LINE
8
BLACK
6
CONTINUOUS
10
5.7388050000000002
20
-3.4083776771653542
11
5.7398868897637794
21
-3.4094595669291339
0
LINE
8
BLACK
6
CONTINUOUS
10
5.7398868897637794
20
-3.4094595669291339
11
5.7426572834645668
21
-3.4108447637795276
0
LINE
8
BLACK
6
CONTINUOUS
10
5.7426572834645668
20
-3.4108447637795276
11
5.7548552362204726
21
-3.4108447637795276
0
LINE
8
BLACK
6
CONTINUOUS
10
5.7548552362204726
20
-3.4108447637795276
11
5.7548552362204726
21
-3.3958466535433072
0
LINE
8
BLACK
6
CONTINUOUS
10
5.7548552362204726
20
-3.3958466535433072
11
5.744658661417323
21
-3.3958466535433072
0
LINE
8
BLACK
6
CONTINUOUS
10
5.744658661417323
20
-3.3958466535433072
11
5.7395788188976375
21
-3.3975399212598423
0
LINE
8
BLACK
6
CONTINUOUS
10
5.7423241732283463
20
-3.3728598425196852
11
5.7412422047244096
21
-3.3739417716535431
0
LINE
8
BLACK
6
CONTINUOUS
10
5.7412422047244096
20
-3.3739417716535431
11
5.7398570866141734
21
-3.3767120472440944
0
LINE
8
BLACK
6
CONTINUOUS
10
5.7398570866141734
20
-3.3767120472440944
11
5.7398570866141734
21
-3.3787982283464566
0
LINE
8
BLACK
6
CONTINUOUS
10
5.7398570866141734
20
-3.3787982283464566
11
5.7412422047244096
21
-3.3815685039370078
0
LINE
8
BLACK
6
CONTINUOUS
10
5.7412422047244096
20
-3.3815685039370078
11
5.7423241732283463
21
-3.382650472440945
0
LINE
8
BLACK
6
CONTINUOUS
10
5.7423241732283463
20
-3.382650472440945
11
5.7450944881889763
21
-3.3840356299212599
0
LINE
8
BLACK
6
CONTINUOUS
10
5.7450944881889763
20
-3.3840356299212599
11
5.7548552362204726
21
-3.3840356299212599
0
LINE
8
BLACK
6
CONTINUOUS
10
5.7548552362204726
20
-3.3840356299212599
11
5.7548552362204726
21
-3.3714746850393702
0
LINE
8
BLACK
6
CONTINUOUS
10
5.7548552362204726
20
-3.3714746850393702
11
5.7450944881889763
21
-3.3714746850393702
0
LINE
8
BLACK
6
CONTINUOUS
10
5.7450944881889763
20
-3.3714746850393702
11
5.7423241732283463
21
-3.3728598425196852
0
LINE
8
BLACK
6
CONTINUOUS
10
5.797892204724409
20
-3.3597771259842517
11
5.7984707874015751
21
-3.3597771259842517
0
LINE
8
BLACK
6
CONTINUOUS
10
5.7984707874015751
20
-3.3597771259842517
11
5.7990109448818901
21
-3.360000866141732
0
LINE
8
BLACK
6
CONTINUOUS
10
5.7990109448818901
20
-3.360000866141732
11
5.7995842913385829
21
-3.3601155511811025
0
LINE
8
BLACK
6
CONTINUOUS
10
5.7995842913385829
20
-3.3601155511811025
11
5.8000650393700788
21
-3.3604374803149604
0
LINE
8
BLACK
6
CONTINUOUS
10
5.8000650393700788
20
-3.3604374803149604
11
5.8005996062992127
21
-3.3606589370078739
0
LINE
8
BLACK
6
CONTINUOUS
10
5.8005996062992127
20
-3.3606589370078739
11
5.8010130314960628
21
-3.3610723622047245
0
LINE
8
BLACK
6
CONTINUOUS
10
5.8010130314960628
20
-3.3610723622047245
11
5.8014988582677161
21
-3.361397716535433
0
LINE
8
BLACK
6
CONTINUOUS
10
5.8014988582677161
20
-3.361397716535433
11
5.8022246850393699
21
-3.3622840157480316
0
LINE
8
BLACK
6
CONTINUOUS
10
5.8022246850393699
20
-3.3622840157480316
11
5.8022288976377947
21
-3.3622882283464568
0
LINE
8
BLACK
6
CONTINUOUS
10
5.8022288976377947
20
-3.3622882283464568
11
5.802229645669291
21
-3.3622900787401573
0
LINE
8
BLACK
6
CONTINUOUS
10
5.802229645669291
20
-3.3622900787401573
11
5.802232362204724
21
-3.3622933858267716
0
LINE
8
BLACK
6
CONTINUOUS
10
5.802232362204724
20
-3.3622933858267716
11
5.8067824015748029
21
-3.3691184645669292
0
LINE
8
BLACK
6
CONTINUOUS
10
5.8067824015748029
20
-3.3691184645669292
11
5.8105655905511808
21
-3.3729016535433072
0
LINE
8
BLACK
6
CONTINUOUS
10
5.8105655905511808
20
-3.3729016535433072
11
5.8145828740157475
21
-3.3749103149606299
0
LINE
8
BLACK
6
CONTINUOUS
10
5.8145828740157475
20
-3.3749103149606299
11
5.8155625984251964
21
-3.3755270472440944
0
LINE
8
BLACK
6
CONTINUOUS
10
5.8155625984251964
20
-3.3755270472440944
11
5.8170723228346457
21
-3.3772678346456693
0
LINE
8
BLACK
6
CONTINUOUS
10
5.8170723228346457
20
-3.3772678346456693
11
5.8178009448818893
21
-3.3794537401574805
0
LINE
8
BLACK
6
CONTINUOUS
10
5.8178009448818893
20
-3.3794537401574805
11
5.8176376377952757
21
-3.3817521653543308
0
LINE
8
BLACK
6
CONTINUOUS
10
5.8176376377952757
20
-3.3817521653543308
11
5.8166071259842518
21
-3.3838131496062993
0
LINE
8
BLACK
6
CONTINUOUS
10
5.8166071259842518
20
-3.3838131496062993
11
5.8148663779527556
21
-3.3853228740157482
0
LINE
8
BLACK
6
CONTINUOUS
10
5.8148663779527556
20
-3.3853228740157482
11
5.8126804330708657
21
-3.3860514960629922
0
LINE
8
BLACK
6
CONTINUOUS
10
5.8126804330708657
20
-3.3860514960629922
11
5.8103820078740158
21
-3.3858881889763777
0
LINE
8
BLACK
6
CONTINUOUS
10
5.8103820078740158
20
-3.3858881889763777
11
5.8093007874015745
21
-3.3854744094488187
0
LINE
8
BLACK
6
CONTINUOUS
10
5.8093007874015745
20
-3.3854744094488187
11
5.8044264173228344
21
-3.3830372047244093
0
LINE
8
BLACK
6
CONTINUOUS
10
5.8044264173228344
20
-3.3830372047244093
11
5.8039305905511807
21
-3.3827250787401573
0
LINE
8
BLACK
6
CONTINUOUS
10
5.8039305905511807
20
-3.3827250787401573
11
5.8037865354330709
21
-3.3826654330708661
0
LINE
8
BLACK
6
CONTINUOUS
10
5.8037865354330709
20
-3.3826654330708661
11
5.8036243307086615
21
-3.3825322834645668
0
LINE
8
BLACK
6
CONTINUOUS
10
5.8036243307086615
20
-3.3825322834645668
11
5.8034466535433067
21
-3.3824204724409448
0
LINE
8
BLACK
6
CONTINUOUS
10
5.8034466535433067
20
-3.3824204724409448
11
5.8033444094488189
21
-3.3823025590551179
0
LINE
8
BLACK
6
CONTINUOUS
10
5.8033444094488189
20
-3.3823025590551179
11
5.8032241732283465
21
-3.3822038976377953
0
LINE
8
BLACK
6
CONTINUOUS
10
5.8032241732283465
20
-3.3822038976377953
11
5.8032241732283465
21
-3.4108447637795276
0
LINE
8
BLACK
6
CONTINUOUS
10
5.8032241732283465
20
-3.4108447637795276
11
5.8119418110236216
21
-3.4108447637795276
0
LINE
8
BLACK
6
CONTINUOUS
10
5.8119418110236216
20
-3.4108447637795276
11
5.8130939370078742
21
-3.4109582283464568
0
LINE
8
BLACK
6
CONTINUOUS
10
5.8130939370078742
20
-3.4109582283464568
11
5.8152227559055119
21
-3.4118400393700785
0
LINE
8
BLACK
6
CONTINUOUS
10
5.8152227559055119
20
-3.4118400393700785
11
5.8168520472440948
21
-3.4134693307086614
0
LINE
8
BLACK
6
CONTINUOUS
10
5.8168520472440948
20
-3.4134693307086614
11
5.8177338582677161
21
-3.415598149606299
0
LINE
8
BLACK
6
CONTINUOUS
10
5.8177338582677161
20
-3.415598149606299
11
5.8177338582677161
21
-3.417902401574803
0
LINE
8
BLACK
6
CONTINUOUS
10
5.8177338582677161
20
-3.417902401574803
11
5.8168520472440948
21
-3.420031220472441
0
LINE
8
BLACK
6
CONTINUOUS
10
5.8168520472440948
20
-3.420031220472441
11
5.8152227559055119
21
-3.4216605118110235
0
LINE
8
BLACK
6
CONTINUOUS
10
5.8152227559055119
20
-3.4216605118110235
11
5.8130939370078742
21
-3.4225423228346457
0
LINE
8
BLACK
6
CONTINUOUS
10
5.8130939370078742
20
-3.4225423228346457
11
5.8119418110236216
21
-3.4226557874015748
0
LINE
8
BLACK
6
CONTINUOUS
10
5.8119418110236216
20
-3.4226557874015748
11
5.7826954724409445
21
-3.4226557874015748
0
LINE
8
BLACK
6
CONTINUOUS
10
5.7826954724409445
20
-3.4226557874015748
11
5.7815433464566928
21
-3.4225423228346457
0
LINE
8
BLACK
6
CONTINUOUS
10
5.7815433464566928
20
-3.4225423228346457
11
5.7794145275590552
21
-3.4216605118110235
0
LINE
8
BLACK
6
CONTINUOUS
10
5.7794145275590552
20
-3.4216605118110235
11
5.7777852362204722
21
-3.420031220472441
0
LINE
8
BLACK
6
CONTINUOUS
10
5.7777852362204722
20
-3.420031220472441
11
5.7769034251968501
21
-3.417902401574803
0
LINE
8
BLACK
6
CONTINUOUS
10
5.7769034251968501
20
-3.417902401574803
11
5.7769034251968501
21
-3.415598149606299
0
LINE
8
BLACK
6
CONTINUOUS
10
5.7769034251968501
20
-3.415598149606299
11
5.7777852362204722
21
-3.4134693307086614
0
LINE
8
BLACK
6
CONTINUOUS
10
5.7777852362204722
20
-3.4134693307086614
11
5.7794145275590552
21
-3.4118400393700785
0
LINE
8
BLACK
6
CONTINUOUS
10
5.7794145275590552
20
-3.4118400393700785
11
5.7815433464566928
21
-3.4109582283464568
0
LINE
8
BLACK
6
CONTINUOUS
10
5.7815433464566928
20
-3.4109582283464568
11
5.7826954724409445
21
-3.4108447637795276
0
LINE
8
BLACK
6
CONTINUOUS
10
5.7826954724409445
20
-3.4108447637795276
11
5.7914131496062993
21
-3.4108447637795276
0
LINE
8
BLACK
6
CONTINUOUS
10
5.7914131496062993
20
-3.4108447637795276
11
5.7914131496062993
21
-3.3655691732283466
0
LINE
8
BLACK
6
CONTINUOUS
10
5.7914131496062993
20
-3.3655691732283466
11
5.7914135433070868
21
-3.3655650000000001
0
LINE
8
BLACK
6
CONTINUOUS
10
5.7914135433070868
20
-3.3655650000000001
11
5.7914131496062993
21
-3.3655629527559054
0
LINE
8
BLACK
6
CONTINUOUS
10
5.7914131496062993
20
-3.3655629527559054
11
5.791414330708661
21
-3.3655568897637793
0
LINE
8
BLACK
6
CONTINUOUS
10
5.791414330708661
20
-3.3655568897637793
11
5.791526614173228
21
-3.3644170472440944
0
LINE
8
BLACK
6
CONTINUOUS
10
5.791526614173228
20
-3.3644170472440944
11
5.7917503543307083
21
-3.3638768503937007
0
LINE
8
BLACK
6
CONTINUOUS
10
5.7917503543307083
20
-3.3638768503937007
11
5.7918650393700783
21
-3.3633035433070866
0
LINE
8
BLACK
6
CONTINUOUS
10
5.7918650393700783
20
-3.3633035433070866
11
5.7921869685039367
21
-3.3628227559055119
0
LINE
8
BLACK
6
CONTINUOUS
10
5.7921869685039367
20
-3.3628227559055119
11
5.7924084251968502
21
-3.3622882283464568
0
LINE
8
BLACK
6
CONTINUOUS
10
5.7924084251968502
20
-3.3622882283464568
11
5.7928218503937003
21
-3.3618747637795274
0
LINE
8
BLACK
6
CONTINUOUS
10
5.7928218503937003
20
-3.3618747637795274
11
5.7931472047244092
21
-3.3613889763779525
0
LINE
8
BLACK
6
CONTINUOUS
10
5.7931472047244092
20
-3.3613889763779525
11
5.7936286220472439
21
-3.3610679921259843
0
LINE
8
BLACK
6
CONTINUOUS
10
5.7936286220472439
20
-3.3610679921259843
11
5.7940377165354331
21
-3.3606589370078739
0
LINE
8
BLACK
6
CONTINUOUS
10
5.7940377165354331
20
-3.3606589370078739
11
5.7945777952755906
21
-3.3604351968503936
0
LINE
8
BLACK
6
CONTINUOUS
10
5.7945777952755906
20
-3.3604351968503936
11
5.7950644488188976
21
-3.3601107874015748
0
LINE
8
BLACK
6
CONTINUOUS
10
5.7950644488188976
20
-3.3601107874015748
11
5.7956320866141731
21
-3.359998464566929
0
LINE
8
BLACK
6
CONTINUOUS
10
5.7956320866141731
20
-3.359998464566929
11
5.7961665354330707
21
-3.3597771259842517
0
LINE
8
BLACK
6
CONTINUOUS
10
5.7961665354330707
20
-3.3597771259842517
11
5.7967512598425195
21
-3.3597771259842517
0
LINE
8
BLACK
6
CONTINUOUS
10
5.7967512598425195
20
-3.3597771259842517
11
5.7973248818897636
21
-3.359663661417323
0
LINE
8
BLACK
6
CONTINUOUS
10
5.7973248818897636
20
-3.359663661417323
11
5.797892204724409
21
-3.3597771259842517
0
LINE
8
BLACK
6
CONTINUOUS
10
5.8496518897637797
20
-3.3597771259842517
11
5.8498479527559057
21
-3.3598583464566927
0
LINE
8
BLACK
6
CONTINUOUS
10
5.8498479527559057
20
-3.3598583464566927
11
5.8500595669291338
21
-3.3598733858267718
0
LINE
8
BLACK
6
CONTINUOUS
10
5.8500595669291338
20
-3.3598733858267718
11
5.8511407874015751
21
-3.3602871259842519
0
LINE
8
BLACK
6
CONTINUOUS
10
5.8511407874015751
20
-3.3602871259842519
11
5.856015196850394
21
-3.3627243307086614
0
LINE
8
BLACK
6
CONTINUOUS
10
5.856015196850394
20
-3.3627243307086614
11
5.856510984251968
21
-3.3630364173228346
0
LINE
8
BLACK
6
CONTINUOUS
10
5.856510984251968
20
-3.3630364173228346
11
5.8566550393700787
21
-3.3630961023622046
0
LINE
8
BLACK
6
CONTINUOUS
10
5.8566550393700787
20
-3.3630961023622046
11
5.8568172047244094
21
-3.3632291732283464
0
LINE
8
BLACK
6
CONTINUOUS
10
5.8568172047244094
20
-3.3632291732283464
11
5.856994921259842
21
-3.3633410629921259
0
LINE
8
BLACK
6
CONTINUOUS
10
5.856994921259842
20
-3.3633410629921259
11
5.8570971259842519
21
-3.3634588976377953
0
LINE
8
BLACK
6
CONTINUOUS
10
5.8570971259842519
20
-3.3634588976377953
11
5.8575499606299211
21
-3.3638305511811022
0
LINE
8
BLACK
6
CONTINUOUS
10
5.8575499606299211
20
-3.3638305511811022
11
5.8599871653543305
21
-3.3662677559055116
0
LINE
8
BLACK
6
CONTINUOUS
10
5.8599871653543305
20
-3.3662677559055116
11
5.8603587401574799
21
-3.3667205511811025
0
LINE
8
BLACK
6
CONTINUOUS
10
5.8603587401574799
20
-3.3667205511811025
11
5.8604766535433068
21
-3.3668227952755907
0
LINE
8
BLACK
6
CONTINUOUS
10
5.8604766535433068
20
-3.3668227952755907
11
5.8605884645669288
21
-3.367000472440945
0
LINE
8
BLACK
6
CONTINUOUS
10
5.8605884645669288
20
-3.367000472440945
11
5.8607216141732286
21
-3.3671626771653544
0
LINE
8
BLACK
6
CONTINUOUS
10
5.8607216141732286
20
-3.3671626771653544
11
5.8607812598425193
21
-3.3673067322834647
0
LINE
8
BLACK
6
CONTINUOUS
10
5.8607812598425193
20
-3.3673067322834647
11
5.8610933858267718
21
-3.3678025590551179
0
LINE
8
BLACK
6
CONTINUOUS
10
5.8610933858267718
20
-3.3678025590551179
11
5.8635305905511812
21
-3.3726769291338581
0
LINE
8
BLACK
6
CONTINUOUS
10
5.8635305905511812
20
-3.3726769291338581
11
5.863562834645669
21
-3.3727611811023621
0
LINE
8
BLACK
6
CONTINUOUS
10
5.863562834645669
20
-3.3727611811023621
11
5.8635882283464564
21
-3.372795472440945
0
LINE
8
BLACK
6
CONTINUOUS
10
5.8635882283464564
20
-3.372795472440945
11
5.8637605905511814
21
-3.3732779527559056
0
LINE
8
BLACK
6
CONTINUOUS
10
5.8637605905511814
20
-3.3732779527559056
11
5.8639443700787401
21
-3.3737581496062989
0
LINE
8
BLACK
6
CONTINUOUS
10
5.8639443700787401
20
-3.3737581496062989
11
5.8639474015748032
21
-3.3738007874015747
0
LINE
8
BLACK
6
CONTINUOUS
10
5.8639474015748032
20
-3.3738007874015747
11
5.863977716535433
21
-3.3738856692913384
0
LINE
8
BLACK
6
CONTINUOUS
10
5.863977716535433
20
-3.3738856692913384
11
5.8664149212598424
21
-3.3836344488188974
0
LINE
8
BLACK
6
CONTINUOUS
10
5.8664149212598424
20
-3.3836344488188974
11
5.8664444488188972
21
-3.3838342125984253
0
LINE
8
BLACK
6
CONTINUOUS
10
5.8664444488188972
20
-3.3838342125984253
11
5.8664777559055112
21
-3.3839146062992125
0
LINE
8
BLACK
6
CONTINUOUS
10
5.8664777559055112
20
-3.3839146062992125
11
5.8665204330708658
21
-3.384348307086614
0
LINE
8
BLACK
6
CONTINUOUS
10
5.8665204330708658
20
-3.384348307086614
11
5.8665842519685034
21
-3.3847797244094489
0
LINE
8
BLACK
6
CONTINUOUS
10
5.8665842519685034
20
-3.3847797244094489
11
5.8665714173228345
21
-3.3848658267716534
0
LINE
8
BLACK
6
CONTINUOUS
10
5.8665714173228345
20
-3.3848658267716534
11
5.8665912204724409
21
-3.3850667322834647
0
LINE
8
BLACK
6
CONTINUOUS
10
5.8665912204724409
20
-3.3850667322834647
11
5.8665912204724409
21
-3.3972527165354331
0
LINE
8
BLACK
6
CONTINUOUS
10
5.8665912204724409
20
-3.3972527165354331
11
5.8665714173228345
21
-3.3974535826771652
0
LINE
8
BLACK
6
CONTINUOUS
10
5.8665714173228345
20
-3.3974535826771652
11
5.8665842519685034
21
-3.397539724409449
0
LINE
8
BLACK
6
CONTINUOUS
10
5.8665842519685034
20
-3.397539724409449
11
5.8665204330708658
21
-3.3979711023622046
0
LINE
8
BLACK
6
CONTINUOUS
10
5.8665204330708658
20
-3.3979711023622046
11
5.8664777559055112
21
-3.3984048425196849
0
LINE
8
BLACK
6
CONTINUOUS
10
5.8664777559055112
20
-3.3984048425196849
11
5.8664444488188972
21
-3.3984851968503937
0
LINE
8
BLACK
6
CONTINUOUS
10
5.8664444488188972
20
-3.3984851968503937
11
5.8664149212598424
21
-3.398685
0
LINE
8
BLACK
6
CONTINUOUS
10
5.8664149212598424
20
-3.398685
11
5.863977716535433
21
-3.408433779527559
0
LINE
8
BLACK
6
CONTINUOUS
10
5.863977716535433
20
-3.408433779527559
11
5.8639473622047245
21
-3.4085186220472439
0
LINE
8
BLACK
6
CONTINUOUS
10
5.8639473622047245
20
-3.4085186220472439
11
5.8639443700787401
21
-3.4085612598425197
0
LINE
8
BLACK
6
CONTINUOUS
10
5.8639443700787401
20
-3.4085612598425197
11
5.8637607086614176
21
-3.4090411023622047
0
LINE
8
BLACK
6
CONTINUOUS
10
5.8637607086614176
20
-3.4090411023622047
11
5.8635882283464564
21
-3.4095239763779528
0
LINE
8
BLACK
6
CONTINUOUS
10
5.8635882283464564
20
-3.4095239763779528
11
5.863562834645669
21
-3.4095582283464565
0
LINE
8
BLACK
6
CONTINUOUS
10
5.863562834645669
20
-3.4095582283464565
11
5.8635305905511812
21
-3.4096425196850393
0
LINE
8
BLACK
6
CONTINUOUS
10
5.8635305905511812
20
-3.4096425196850393
11
5.8610933858267718
21
-3.4145169291338582
0
LINE
8
BLACK
6
CONTINUOUS
10
5.8610933858267718
20
-3.4145169291338582
11
5.8607812598425193
21
-3.4150127165354331
0
LINE
8
BLACK
6
CONTINUOUS
10
5.8607812598425193
20
-3.4150127165354331
11
5.8607216141732286
21
-3.4151568110236221
0
LINE
8
BLACK
6
CONTINUOUS
10
5.8607216141732286
20
-3.4151568110236221
11
5.8605884645669288
21
-3.4153189763779528
0
LINE
8
BLACK
6
CONTINUOUS
10
5.8605884645669288
20
-3.4153189763779528
11
5.8604766535433068
21
-3.4154966929133859
0
LINE
8
BLACK
6
CONTINUOUS
10
5.8604766535433068
20
-3.4154966929133859
11
5.8603587795275587
21
-3.4155988976377953
0
LINE
8
BLACK
6
CONTINUOUS
10
5.8603587795275587
20
-3.4155988976377953
11
5.8599871653543305
21
-3.4160517322834645
0
LINE
8
BLACK
6
CONTINUOUS
10
5.8599871653543305
20
-3.4160517322834645
11
5.8575499606299211
21
-3.4184889370078739
0
LINE
8
BLACK
6
CONTINUOUS
10
5.8575499606299211
20
-3.4184889370078739
11
5.8570971259842519
21
-3.4188605511811021
0
LINE
8
BLACK
6
CONTINUOUS
10
5.8570971259842519
20
-3.4188605511811021
11
5.8569948818897632
21
-3.418978464566929
0
LINE
8
BLACK
6
CONTINUOUS
10
5.8569948818897632
20
-3.418978464566929
11
5.8568171653543306
21
-3.419090275590551
0
LINE
8
BLACK
6
CONTINUOUS
10
5.8568171653543306
20
-3.419090275590551
11
5.8566550393700787
21
-3.4192233858267715
0
LINE
8
BLACK
6
CONTINUOUS
10
5.8566550393700787
20
-3.4192233858267715
11
5.8565109055118105
21
-3.4192830708661415
0
LINE
8
BLACK
6
CONTINUOUS
10
5.8565109055118105
20
-3.4192830708661415
11
5.8560151181102365
21
-3.4195951574803147
0
LINE
8
BLACK
6
CONTINUOUS
10
5.8560151181102365
20
-3.4195951574803147
11
5.8511407874015751
21
-3.4220323228346454
0
LINE
8
BLACK
6
CONTINUOUS
10
5.8511407874015751
20
-3.4220323228346454
11
5.850059527559055
21
-3.4224461023622048
0
LINE
8
BLACK
6
CONTINUOUS
10
5.850059527559055
20
-3.4224461023622048
11
5.8498478740157482
21
-3.4224611023622047
0
LINE
8
BLACK
6
CONTINUOUS
10
5.8498478740157482
20
-3.4224611023622047
11
5.8496518897637797
21
-3.4225423228346457
0
LINE
8
BLACK
6
CONTINUOUS
10
5.8496518897637797
20
-3.4225423228346457
11
5.8484997637795271
21
-3.4226557874015748
0
LINE
8
BLACK
6
CONTINUOUS
10
5.8484997637795271
20
-3.4226557874015748
11
5.8436253543307082
21
-3.4226557874015748
0
LINE
8
BLACK
6
CONTINUOUS
10
5.8436253543307082
20
-3.4226557874015748
11
5.8424732283464564
21
-3.4225423228346457
0
LINE
8
BLACK
6
CONTINUOUS
10
5.8424732283464564
20
-3.4225423228346457
11
5.8422772440944879
21
-3.4224611417322834
0
LINE
8
BLACK
6
CONTINUOUS
10
5.8422772440944879
20
-3.4224611417322834
11
5.8420655511811024
21
-3.4224461023622048
0
LINE
8
BLACK
6
CONTINUOUS
10
5.8420655511811024
20
-3.4224461023622048
11
5.8409843307086611
21
-3.4220323228346454
0
LINE
8
BLACK
6
CONTINUOUS
10
5.8409843307086611
20
-3.4220323228346454
11
5.8361099606299209
21
-3.4195951574803147
0
LINE
8
BLACK
6
CONTINUOUS
10
5.8361099606299209
20
-3.4195951574803147
11
5.8356142125984247
21
-3.4192830708661415
0
LINE
8
BLACK
6
CONTINUOUS
10
5.8356142125984247
20
-3.4192830708661415
11
5.8354700787401574
21
-3.4192233858267715
0
LINE
8
BLACK
6
CONTINUOUS
10
5.8354700787401574
20
-3.4192233858267715
11
5.8353077559055118
21
-3.4190901574803148
0
LINE
8
BLACK
6
CONTINUOUS
10
5.8353077559055118
20
-3.4190901574803148
11
5.835130236220472
21
-3.4189784251968502
0
LINE
8
BLACK
6
CONTINUOUS
10
5.835130236220472
20
-3.4189784251968502
11
5.8350280708661417
21
-3.4188606299212596
0
LINE
8
BLACK
6
CONTINUOUS
10
5.8350280708661417
20
-3.4188606299212596
11
5.8345751574803151
21
-3.4184889370078739
0
LINE
8
BLACK
6
CONTINUOUS
10
5.8345751574803151
20
-3.4184889370078739
11
5.8321379527559056
21
-3.4160517322834645
0
LINE
8
BLACK
6
CONTINUOUS
10
5.8321379527559056
20
-3.4160517322834645
11
5.8317663385826775
21
-3.4155988976377953
0
LINE
8
BLACK
6
CONTINUOUS
10
5.8317663385826775
20
-3.4155988976377953
11
5.8316484645669293
21
-3.4154966929133859
0
LINE
8
BLACK
6
CONTINUOUS
10
5.8316484645669293
20
-3.4154966929133859
11
5.8315366141732285
21
-3.4153189763779528
0
LINE
8
BLACK
6
CONTINUOUS
10
5.8315366141732285
20
-3.4153189763779528
11
5.8314035039370076
21
-3.4151568110236221
0
LINE
8
BLACK
6
CONTINUOUS
10
5.8314035039370076
20
-3.4151568110236221
11
5.8313438188976381
21
-3.4150127165354331
0
LINE
8
BLACK
6
CONTINUOUS
10
5.8313438188976381
20
-3.4150127165354331
11
5.8310317322834644
21
-3.4145169291338582
0
LINE
8
BLACK
6
CONTINUOUS
10
5.8310317322834644
20
-3.4145169291338582
11
5.8285945275590549
21
-3.4096425196850393
0
LINE
8
BLACK
6
CONTINUOUS
10
5.8285945275590549
20
-3.4096425196850393
11
5.8285622834645672
21
-3.409558307086614
0
LINE
8
BLACK
6
CONTINUOUS
10
5.8285622834645672
20
-3.409558307086614
11
5.8285368897637797
21
-3.4095240157480315
0
LINE
8
BLACK
6
CONTINUOUS
10
5.8285368897637797
20
-3.4095240157480315
11
5.8283642913385822
21
-3.4090409055118109
0
LINE
8
BLACK
6
CONTINUOUS
10
5.8283642913385822
20
-3.4090409055118109
11
5.828180748031496
21
-3.4085612992125984
0
LINE
8
BLACK
6
CONTINUOUS
10
5.828180748031496
20
-3.4085612992125984
11
5.8281777165354329
21
-3.4085186614173226
0
LINE
8
BLACK
6
CONTINUOUS
10
5.8281777165354329
20
-3.4085186614173226
11
5.8281474015748032
21
-3.4084338188976377
0
LINE
8
BLACK
6
CONTINUOUS
10
5.8281474015748032
20
-3.4084338188976377
11
5.8257101968503937
21
-3.398685
0
LINE
8
BLACK
6
CONTINUOUS
10
5.8257101968503937
20
-3.398685
11
5.8256806692913381
21
-3.39848531496063
0
LINE
8
BLACK
6
CONTINUOUS
10
5.8256806692913381
20
-3.39848531496063
11
5.8256473228346453
21
-3.3984048425196849
0
LINE
8
BLACK
6
CONTINUOUS
10
5.8256473228346453
20
-3.3984048425196849
11
5.8256045669291341
21
-3.397970866141732
0
LINE
8
BLACK
6
CONTINUOUS
10
5.8256045669291341
20
-3.397970866141732
11
5.8255408267716531
21
-3.3975397637795273
0
LINE
8
BLACK
6
CONTINUOUS
10
5.8255408267716531
20
-3.3975397637795273
11
5.8255536220472441
21
-3.397453622047244
0
LINE
8
BLACK
6
CONTINUOUS
10
5.8255536220472441
20
-3.397453622047244
11
5.8255338582677165
21
-3.3972527165354331
0
LINE
8
BLACK
6
CONTINUOUS
10
5.8255338582677165
20
-3.3972527165354331
11
5.8255338582677165
21
-3.3850667322834647
0
LINE
8
BLACK
6
CONTINUOUS
10
5.8255338582677165
20
-3.3850667322834647
11
5.8255536220472441
21
-3.3848657874015746
0
LINE
8
BLACK
6
CONTINUOUS
10
5.8255536220472441
20
-3.3848657874015746
11
5.8255408267716531
21
-3.3847796850393701
0
LINE
8
BLACK
6
CONTINUOUS
10
5.8255408267716531
20
-3.3847796850393701
11
5.8256045669291341
21
-3.3843485433070866
0
LINE
8
BLACK
6
CONTINUOUS
10
5.8256045669291341
20
-3.3843485433070866
11
5.8256473228346453
21
-3.3839146062992125
0
LINE
8
BLACK
6
CONTINUOUS
10
5.8256473228346453
20
-3.3839146062992125
11
5.8256806692913381
21
-3.3838340944881891
0
LINE
8
BLACK
6
CONTINUOUS
10
5.8256806692913381
20
-3.3838340944881891
11
5.8257101968503937
21
-3.3836344488188974
0
LINE
8
BLACK
6
CONTINUOUS
10
5.8257101968503937
20
-3.3836344488188974
11
5.8281474015748032
21
-3.3738856299212596
0
LINE
8
BLACK
6
CONTINUOUS
10
5.8281474015748032
20
-3.3738856299212596
11
5.8281777559055117
21
-3.3738006299212597
0
LINE
8
BLACK
6
CONTINUOUS
10
5.8281777559055117
20
-3.3738006299212597
11
5.8281807874015747
21
-3.3737581496062989
0
LINE
8
BLACK
6
CONTINUOUS
10
5.8281807874015747
20
-3.3737581496062989
11
5.8283639763779522
21
-3.3732793700787402
0
LINE
8
BLACK
6
CONTINUOUS
10
5.8283639763779522
20
-3.3732793700787402
11
5.8285368897637797
21
-3.3727954330708663
0
LINE
8
BLACK
6
CONTINUOUS
10
5.8285368897637797
20
-3.3727954330708663
11
5.8285622834645672
21
-3.3727611023622046
0
LINE
8
BLACK
6
CONTINUOUS
10
5.8285622834645672
20
-3.3727611023622046
11
5.8285945275590549
21
-3.3726769291338581
0
LINE
8
BLACK
6
CONTINUOUS
10
5.8285945275590549
20
-3.3726769291338581
11
5.8310317322834644
21
-3.3678025196850392
0
LINE
8
BLACK
6
CONTINUOUS
10
5.8310317322834644
20
-3.3678025196850392
11
5.8313438188976381
21
-3.3673066929133859
0
LINE
8
BLACK
6
CONTINUOUS
10
5.8313438188976381
20
-3.3673066929133859
11
5.8314035039370076
21
-3.3671626771653544
0
LINE
8
BLACK
6
CONTINUOUS
10
5.8314035039370076
20
-3.3671626771653544
11
5.8315365748031498
21
-3.367000472440945
0
LINE
8
BLACK
6
CONTINUOUS
10
5.8315365748031498
20
-3.367000472440945
11
5.8316484645669293
21
-3.3668227952755907
0
LINE
8
BLACK
6
CONTINUOUS
10
5.8316484645669293
20
-3.3668227952755907
11
5.8317662992125987
21
-3.3667205511811025
0
LINE
8
BLACK
6
CONTINUOUS
10
5.8317662992125987
20
-3.3667205511811025
11
5.8321379527559056
21
-3.3662677559055116
0
LINE
8
BLACK
6
CONTINUOUS
10
5.8321379527559056
20
-3.3662677559055116
11
5.8345751574803151
21
-3.3638305511811022
0
LINE
8
BLACK
6
CONTINUOUS
10
5.8345751574803151
20
-3.3638305511811022
11
5.8350279527559055
21
-3.363458937007874
0
LINE
8
BLACK
6
CONTINUOUS
10
5.8350279527559055
20
-3.363458937007874
11
5.8351301968503932
21
-3.3633410629921259
0
LINE
8
BLACK
6
CONTINUOUS
10
5.8351301968503932
20
-3.3633410629921259
11
5.835307874015748
21
-3.3632292125984251
0
LINE
8
BLACK
6
CONTINUOUS
10
5.835307874015748
20
-3.3632292125984251
11
5.8354700787401574
21
-3.3630961023622046
0
LINE
8
BLACK
6
CONTINUOUS
10
5.8354700787401574
20
-3.3630961023622046
11
5.8356141338582672
21
-3.3630364173228346
0
LINE
8
BLACK
6
CONTINUOUS
10
5.8356141338582672
20
-3.3630364173228346
11
5.8361099606299209
21
-3.3627243307086614
0
LINE
8
BLACK
6
CONTINUOUS
10
5.8361099606299209
20
-3.3627243307086614
11
5.8409843307086611
21
-3.3602871259842519
0
LINE
8
BLACK
6
CONTINUOUS
10
5.8409843307086611
20
-3.3602871259842519
11
5.8420655511811024
21
-3.359873346456693
0
LINE
8
BLACK
6
CONTINUOUS
10
5.8420655511811024
20
-3.359873346456693
11
5.8422772440944879
21
-3.3598582677165352
0
LINE
8
BLACK
6
CONTINUOUS
10
5.8422772440944879
20
-3.3598582677165352
11
5.8424732283464564
21
-3.3597771259842517
0
LINE
8
BLACK
6
CONTINUOUS
10
5.8424732283464564
20
-3.3597771259842517
11
5.8436253543307082
21
-3.359663661417323
0
LINE
8
BLACK
6
CONTINUOUS
10
5.8436253543307082
20
-3.359663661417323
11
5.8484997637795271
21
-3.359663661417323
0
LINE
8
BLACK
6
CONTINUOUS
10
5.8484997637795271
20
-3.359663661417323
11
5.8496518897637797
21
-3.3597771259842517
0
LINE
8
BLACK
6
CONTINUOUS
10
5.8422491732283461
20
-3.3728598425196852
11
5.8411672047244094
21
-3.3739417716535431
0
LINE
8
BLACK
6
CONTINUOUS
10
5.8411672047244094
20
-3.3739417716535431
11
5.8394484645669289
21
-3.377379212598425
0
LINE
8
BLACK
6
CONTINUOUS
10
5.8394484645669289
20
-3.377379212598425
11
5.8373448818897637
21
-3.3857936614173227
0
LINE
8
BLACK
6
CONTINUOUS
10
5.8373448818897637
20
-3.3857936614173227
11
5.8373448818897637
21
-3.3965257480314959
0
LINE
8
BLACK
6
CONTINUOUS
10
5.8373448818897637
20
-3.3965257480314959
11
5.8394484645669289
21
-3.4049401968503936
0
LINE
8
BLACK
6
CONTINUOUS
10
5.8394484645669289
20
-3.4049401968503936
11
5.8411672440944882
21
-3.408377716535433
0
LINE
8
BLACK
6
CONTINUOUS
10
5.8411672440944882
20
-3.408377716535433
11
5.8422491732283461
21
-3.4094596456692914
0
LINE
8
BLACK
6
CONTINUOUS
10
5.8422491732283461
20
-3.4094596456692914
11
5.8450194094488186
21
-3.4108447637795276
0
LINE
8
BLACK
6
CONTINUOUS
10
5.8450194094488186
20
-3.4108447637795276
11
5.8471056692913388
21
-3.4108447637795276
0
LINE
8
BLACK
6
CONTINUOUS
10
5.8471056692913388
20
-3.4108447637795276
11
5.84987594488189
21
-3.4094596062992126
0
LINE
8
BLACK
6
CONTINUOUS
10
5.84987594488189
20
-3.4094596062992126
11
5.850957874015748
21
-3.408377716535433
0
LINE
8
BLACK
6
CONTINUOUS
10
5.850957874015748
20
-3.408377716535433
11
5.8526765748031497
21
-3.4049402362204724
0
LINE
8
BLACK
6
CONTINUOUS
10
5.8526765748031497
20
-3.4049402362204724
11
5.8547801968503936
21
-3.3965257874015746
0
LINE
8
BLACK
6
CONTINUOUS
10
5.8547801968503936
20
-3.3965257874015746
11
5.8547801968503936
21
-3.385793622047244
0
LINE
8
BLACK
6
CONTINUOUS
10
5.8547801968503936
20
-3.385793622047244
11
5.8526766141732285
21
-3.3773792519685037
0
LINE
8
BLACK
6
CONTINUOUS
10
5.8526766141732285
20
-3.3773792519685037
11
5.850957874015748
21
-3.3739417716535431
0
LINE
8
BLACK
6
CONTINUOUS
10
5.850957874015748
20
-3.3739417716535431
11
5.8498759055118112
21
-3.3728598031496064
0
LINE
8
BLACK
6
CONTINUOUS
10
5.8498759055118112
20
-3.3728598031496064
11
5.8471056692913388
21
-3.3714746850393702
0
LINE
8
BLACK
6
CONTINUOUS
10
5.8471056692913388
20
-3.3714746850393702
11
5.8450194881889761
21
-3.3714746850393702
0
LINE
8
BLACK
6
CONTINUOUS
10
5.8450194881889761
20
-3.3714746850393702
11
5.8422491732283461
21
-3.3728598425196852
0
LINE
8
BLACK
6
CONTINUOUS
10
5.9008329527559056
20
-3.3597771259842517
11
5.9010288976377954
21
-3.3598582677165352
0
LINE
8
BLACK
6
CONTINUOUS
10
5.9010288976377954
20
-3.3598582677165352
11
5.9012406299212596
21
-3.359873346456693
0
LINE
8
BLACK
6
CONTINUOUS
10
5.9012406299212596
20
-3.359873346456693
11
5.9023218503937009
21
-3.3602871259842519
0
LINE
8
BLACK
6
CONTINUOUS
10
5.9023218503937009
20
-3.3602871259842519
11
5.9071962598425198
21
-3.3627243307086614
0
LINE
8
BLACK
6
CONTINUOUS
10
5.9071962598425198
20
-3.3627243307086614
11
5.9076920472440939
21
-3.3630364173228346
0
LINE
8
BLACK
6
CONTINUOUS
10
5.9076920472440939
20
-3.3630364173228346
11
5.9078361417322833
21
-3.3630961023622046
0
LINE
8
BLACK
6
CONTINUOUS
10
5.9078361417322833
20
-3.3630961023622046
11
5.907998307086614
21
-3.3632292125984251
0
LINE
8
BLACK
6
CONTINUOUS
10
5.907998307086614
20
-3.3632292125984251
11
5.9081760236220475
21
-3.3633410629921259
0
LINE
8
BLACK
6
CONTINUOUS
10
5.9081760236220475
20
-3.3633410629921259
11
5.9082782283464566
21
-3.363458937007874
0
LINE
8
BLACK
6
CONTINUOUS
10
5.9082782283464566
20
-3.363458937007874
11
5.9087310629921257
21
-3.3638305511811022
0
LINE
8
BLACK
6
CONTINUOUS
10
5.9087310629921257
20
-3.3638305511811022
11
5.9111682677165351
21
-3.3662677559055116
0
LINE
8
BLACK
6
CONTINUOUS
10
5.9111682677165351
20
-3.3662677559055116
11
5.9115399606299208
21
-3.3667206692913383
0
LINE
8
BLACK
6
CONTINUOUS
10
5.9115399606299208
20
-3.3667206692913383
11
5.9116577559055115
21
-3.366822834645669
0
LINE
8
BLACK
6
CONTINUOUS
10
5.9116577559055115
20
-3.366822834645669
11
5.911769488188976
21
-3.3670003543307088
0
LINE
8
BLACK
6
CONTINUOUS
10
5.911769488188976
20
-3.3670003543307088
11
5.9119027165354332
21
-3.3671626771653544
0
LINE
8
BLACK
6
CONTINUOUS
10
5.9119027165354332
20
-3.3671626771653544
11
5.9119624015748027
21
-3.3673068110236222
0
LINE
8
BLACK
6
CONTINUOUS
10
5.9119624015748027
20
-3.3673068110236222
11
5.9122744881889764
21
-3.3678025590551179
0
LINE
8
BLACK
6
CONTINUOUS
10
5.9122744881889764
20
-3.3678025590551179
11
5.9147116535433071
21
-3.3726769291338581
0
LINE
8
BLACK
6
CONTINUOUS
10
5.9147116535433071
20
-3.3726769291338581
11
5.915125433070866
21
-3.3737581496062989
0
LINE
8
BLACK
6
CONTINUOUS
10
5.915125433070866
20
-3.3737581496062989
11
5.9151404724409451
21
-3.3739698425196849
0
LINE
8
BLACK
6
CONTINUOUS
10
5.9151404724409451
20
-3.3739698425196849
11
5.9152216535433073
21
-3.3741658267716534
0
LINE
8
BLACK
6
CONTINUOUS
10
5.9152216535433073
20
-3.3741658267716534
11
5.915335118110236
21
-3.3753179527559056
0
LINE
8
BLACK
6
CONTINUOUS
10
5.915335118110236
20
-3.3753179527559056
11
5.915335118110236
21
-3.3801923622047245
0
LINE
8
BLACK
6
CONTINUOUS
10
5.915335118110236
20
-3.3801923622047245
11
5.9152216535433073
21
-3.3813444881889763
0
LINE
8
BLACK
6
CONTINUOUS
10
5.9152216535433073
20
-3.3813444881889763
11
5.9151404724409451
21
-3.381540433070866
0
LINE
8
BLACK
6
CONTINUOUS
10
5.9151404724409451
20
-3.381540433070866
11
5.915125433070866
21
-3.3817521653543308
0
LINE
8
BLACK
6
CONTINUOUS
10
5.915125433070866
20
-3.3817521653543308
11
5.9147116535433071
21
-3.3828333858267716
0
LINE
8
BLACK
6
CONTINUOUS
10
5.9147116535433071
20
-3.3828333858267716
11
5.9122744881889764
21
-3.3877077559055118
0
LINE
8
BLACK
6
CONTINUOUS
10
5.9122744881889764
20
-3.3877077559055118
11
5.9119624015748027
21
-3.3882034645669292
0
LINE
8
BLACK
6
CONTINUOUS
10
5.9119624015748027
20
-3.3882034645669292
11
5.9119027165354332
21
-3.3883476377952757
0
LINE
8
BLACK
6
CONTINUOUS
10
5.9119027165354332
20
-3.3883476377952757
11
5.911769488188976
21
-3.3885099212598426
0
LINE
8
BLACK
6
CONTINUOUS
10
5.911769488188976
20
-3.3885099212598426
11
5.9116577559055115
21
-3.3886874803149607
0
LINE
8
BLACK
6
CONTINUOUS
10
5.9116577559055115
20
-3.3886874803149607
11
5.9115399606299208
21
-3.3887896062992127
0
LINE
8
BLACK
6
CONTINUOUS
10
5.9115399606299208
20
-3.3887896062992127
11
5.9111682677165351
21
-3.3892425590551181
0
LINE
8
BLACK
6
CONTINUOUS
10
5.9111682677165351
20
-3.3892425590551181
11
5.9087310629921257
21
-3.3916797637795275
0
LINE
8
BLACK
6
CONTINUOUS
10
5.9087310629921257
20
-3.3916797637795275
11
5.9082782283464566
21
-3.3920513385826769
0
LINE
8
BLACK
6
CONTINUOUS
10
5.9082782283464566
20
-3.3920513385826769
11
5.9081760236220475
21
-3.3921692519685038
0
LINE
8
BLACK
6
CONTINUOUS
10
5.9081760236220475
20
-3.3921692519685038
11
5.907998307086614
21
-3.3922810629921258
0
LINE
8
BLACK
6
CONTINUOUS
10
5.907998307086614
20
-3.3922810629921258
11
5.9078361417322833
21
-3.3924142125984251
0
LINE
8
BLACK
6
CONTINUOUS
10
5.9078361417322833
20
-3.3924142125984251
11
5.9076920472440939
21
-3.3924738582677163
0
LINE
8
BLACK
6
CONTINUOUS
10
5.9076920472440939
20
-3.3924738582677163
11
5.9071962598425198
21
-3.3927859842519683
0
LINE
8
BLACK
6
CONTINUOUS
10
5.9071962598425198
20
-3.3927859842519683
11
5.9023218503937009
21
-3.3952231889763778
0
LINE
8
BLACK
6
CONTINUOUS
10
5.9023218503937009
20
-3.3952231889763778
11
5.9022376377952757
21
-3.3952553937007872
0
LINE
8
BLACK
6
CONTINUOUS
10
5.9022376377952757
20
-3.3952553937007872
11
5.9022033464566928
21
-3.3952808267716534
0
LINE
8
BLACK
6
CONTINUOUS
10
5.9022033464566928
20
-3.3952808267716534
11
5.9017202362204726
21
-3.3954533858267717
0
LINE
8
BLACK
6
CONTINUOUS
10
5.9017202362204726
20
-3.3954533858267717
11
5.9012406299212596
21
-3.3956369685039371
0
LINE
8
BLACK
6
CONTINUOUS
10
5.9012406299212596
20
-3.3956369685039371
11
5.9011979921259838
21
-3.395639960629921
0
LINE
8
BLACK
6
CONTINUOUS
10
5.9011979921259838
20
-3.395639960629921
11
5.9011131496062994
21
-3.39567031496063
0
LINE
8
BLACK
6
CONTINUOUS
10
5.9011131496062994
20
-3.39567031496063
11
5.8919932283464567
21
-3.3979502755905511
0
LINE
8
BLACK
6
CONTINUOUS
10
5.8919932283464567
20
-3.3979502755905511
11
5.8885558661417319
21
-3.3996689763779528
0
LINE
8
BLACK
6
CONTINUOUS
10
5.8885558661417319
20
-3.3996689763779528
11
5.8874739370078739
21
-3.4007509055118108
0
LINE
8
BLACK
6
CONTINUOUS
10
5.8874739370078739
20
-3.4007509055118108
11
5.8860887795275589
21
-3.4035212204724408
0
LINE
8
BLACK
6
CONTINUOUS
10
5.8860887795275589
20
-3.4035212204724408
11
5.8860887795275589
21
-3.405607401574803
0
LINE
8
BLACK
6
CONTINUOUS
10
5.8860887795275589
20
-3.405607401574803
11
5.8874739370078739
21
-3.408377716535433
0
LINE
8
BLACK
6
CONTINUOUS
10
5.8874739370078739
20
-3.408377716535433
11
5.8885558661417319
21
-3.4094596456692914
0
LINE
8
BLACK
6
CONTINUOUS
10
5.8885558661417319
20
-3.4094596456692914
11
5.8913261023622043
21
-3.4108447637795276
0
LINE
8
BLACK
6
CONTINUOUS
10
5.8913261023622043
20
-3.4108447637795276
11
5.9011596456692912
21
-3.4108447637795276
0
LINE
8
BLACK
6
CONTINUOUS
10
5.9011596456692912
20
-3.4108447637795276
11
5.9075621653543307
21
-3.4087106299212597
0
LINE
8
BLACK
6
CONTINUOUS
10
5.9075621653543307
20
-3.4087106299212597
11
5.9086910236220467
21
-3.4084539370078741
0
LINE
8
BLACK
6
CONTINUOUS
10
5.9086910236220467
20
-3.4084539370078741
11
5.9109894488188974
21
-3.4086173228346457
0
LINE
8
BLACK
6
CONTINUOUS
10
5.9109894488188974
20
-3.4086173228346457
11
5.9130503543307089
21
-3.4096477952755904
0
LINE
8
BLACK
6
CONTINUOUS
10
5.9130503543307089
20
-3.4096477952755904
11
5.9145601181102361
21
-3.4113885039370078
0
LINE
8
BLACK
6
CONTINUOUS
10
5.9145601181102361
20
-3.4113885039370078
11
5.9152887795275593
21
-3.4135745275590552
0
LINE
8
BLACK
6
CONTINUOUS
10
5.9152887795275593
20
-3.4135745275590552
11
5.9151253937007873
21
-3.4158729527559055
0
LINE
8
BLACK
6
CONTINUOUS
10
5.9151253937007873
20
-3.4158729527559055
11
5.9140949606299209
21
-3.4179338582677166
0
LINE
8
BLACK
6
CONTINUOUS
10
5.9140949606299209
20
-3.4179338582677166
11
5.9123542125984248
21
-3.4194435826771654
0
LINE
8
BLACK
6
CONTINUOUS
10
5.9123542125984248
20
-3.4194435826771654
11
5.911297086614173
21
-3.4199155905511809
0
LINE
8
BLACK
6
CONTINUOUS
10
5.911297086614173
20
-3.4199155905511809
11
5.9039855118110234
21
-3.4223527559055116
0
LINE
8
BLACK
6
CONTINUOUS
10
5.9039855118110234
20
-3.4223527559055116
11
5.9034141338582673
21
-3.4224826377952757
0
LINE
8
BLACK
6
CONTINUOUS
10
5.9034141338582673
20
-3.4224826377952757
11
5.903270157480315
21
-3.4225423228346457
0
LINE
8
BLACK
6
CONTINUOUS
10
5.903270157480315
20
-3.4225423228346457
11
5.9030613779527554
21
-3.4225628740157479
0
LINE
8
BLACK
6
CONTINUOUS
10
5.9030613779527554
20
-3.4225628740157479
11
5.9028566141732286
21
-3.4226094488188976
0
LINE
8
BLACK
6
CONTINUOUS
10
5.9028566141732286
20
-3.4226094488188976
11
5.9027009055118107
21
-3.4225983464566929
0
LINE
8
BLACK
6
CONTINUOUS
10
5.9027009055118107
20
-3.4225983464566929
11
5.9021180314960633
21
-3.4226557874015748
0
LINE
8
BLACK
6
CONTINUOUS
10
5.9021180314960633
20
-3.4226557874015748
11
5.8899320472440939
21
-3.4226557874015748
0
LINE
8
BLACK
6
CONTINUOUS
10
5.8899320472440939
20
-3.4226557874015748
11
5.8887799212598422
21
-3.4225423228346457
0
LINE
8
BLACK
6
CONTINUOUS
10
5.8887799212598422
20
-3.4225423228346457
11
5.8885839370078736
21
-3.4224611417322834
0
LINE
8
BLACK
6
CONTINUOUS
10
5.8885839370078736
20
-3.4224611417322834
11
5.8883722440944881
21
-3.4224461023622048
0
LINE
8
BLACK
6
CONTINUOUS
10
5.8883722440944881
20
-3.4224461023622048
11
5.8872910236220468
21
-3.4220323228346454
0
LINE
8
BLACK
6
CONTINUOUS
10
5.8872910236220468
20
-3.4220323228346454
11
5.8824166535433067
21
-3.4195951574803147
0
LINE
8
BLACK
6
CONTINUOUS
10
5.8824166535433067
20
-3.4195951574803147
11
5.8819209055118105
21
-3.4192830708661415
0
LINE
8
BLACK
6
CONTINUOUS
10
5.8819209055118105
20
-3.4192830708661415
11
5.8817767716535432
21
-3.4192233858267715
0
LINE
8
BLACK
6
CONTINUOUS
10
5.8817767716535432
20
-3.4192233858267715
11
5.8816144488188975
21
-3.4190901574803148
0
LINE
8
BLACK
6
CONTINUOUS
10
5.8816144488188975
20
-3.4190901574803148
11
5.8814369291338577
21
-3.4189784251968502
0
LINE
8
BLACK
6
CONTINUOUS
10
5.8814369291338577
20
-3.4189784251968502
11
5.8813347637795275
21
-3.4188606299212596
0
LINE
8
BLACK
6
CONTINUOUS
10
5.8813347637795275
20
-3.4188606299212596
11
5.8808818503937008
21
-3.4184889370078739
0
LINE
8
BLACK
6
CONTINUOUS
10
5.8808818503937008
20
-3.4184889370078739
11
5.8784446456692914
21
-3.4160517322834645
0
LINE
8
BLACK
6
CONTINUOUS
10
5.8784446456692914
20
-3.4160517322834645
11
5.8780730314960632
21
-3.4155988976377953
0
LINE
8
BLACK
6
CONTINUOUS
10
5.8780730314960632
20
-3.4155988976377953
11
5.8779551574803151
21
-3.4154966929133859
0
LINE
8
BLACK
6
CONTINUOUS
10
5.8779551574803151
20
-3.4154966929133859
11
5.8778433070866143
21
-3.4153189763779528
0
LINE
8
BLACK
6
CONTINUOUS
10
5.8778433070866143
20
-3.4153189763779528
11
5.8777101968503933
21
-3.4151568110236221
0
LINE
8
BLACK
6
CONTINUOUS
10
5.8777101968503933
20
-3.4151568110236221
11
5.8776505118110238
21
-3.4150127165354331
0
LINE
8
BLACK
6
CONTINUOUS
10
5.8776505118110238
20
-3.4150127165354331
11
5.8773384251968501
21
-3.4145169291338582
0
LINE
8
BLACK
6
CONTINUOUS
10
5.8773384251968501
20
-3.4145169291338582
11
5.8749012204724407
21
-3.4096425196850393
0
LINE
8
BLACK
6
CONTINUOUS
10
5.8749012204724407
20
-3.4096425196850393
11
5.8744874409448817
21
-3.4085612992125984
0
LINE
8
BLACK
6
CONTINUOUS
10
5.8744874409448817
20
-3.4085612992125984
11
5.8744723622047239
21
-3.4083495669291337
0
LINE
8
BLACK
6
CONTINUOUS
10
5.8744723622047239
20
-3.4083495669291337
11
5.8743912204724404
21
-3.4081536220472439
0
LINE
8
BLACK
6
CONTINUOUS
10
5.8743912204724404
20
-3.4081536220472439
11
5.8742777559055117
21
-3.4070014960629922
0
LINE
8
BLACK
6
CONTINUOUS
10
5.8742777559055117
20
-3.4070014960629922
11
5.8742777559055117
21
-3.402127125984252
0
LINE
8
BLACK
6
CONTINUOUS
10
5.8742777559055117
20
-3.402127125984252
11
5.8743912204724404
21
-3.4009749999999999
0
LINE
8
BLACK
6
CONTINUOUS
10
5.8743912204724404
20
-3.4009749999999999
11
5.8744723622047239
21
-3.4007790157480313
0
LINE
8
BLACK
6
CONTINUOUS
10
5.8744723622047239
20
-3.4007790157480313
11
5.8744874409448817
21
-3.4005673228346458
0
LINE
8
BLACK
6
CONTINUOUS
10
5.8744874409448817
20
-3.4005673228346458
11
5.8749012204724407
21
-3.3994861023622045
0
LINE
8
BLACK
6
CONTINUOUS
10
5.8749012204724407
20
-3.3994861023622045
11
5.8773384251968501
21
-3.3946116929133856
0
LINE
8
BLACK
6
CONTINUOUS
10
5.8773384251968501
20
-3.3946116929133856
11
5.8776505118110238
21
-3.3941158661417323
0
LINE
8
BLACK
6
CONTINUOUS
10
5.8776505118110238
20
-3.3941158661417323
11
5.8777101968503933
21
-3.3939718110236221
0
LINE
8
BLACK
6
CONTINUOUS
10
5.8777101968503933
20
-3.3939718110236221
11
5.8778433070866143
21
-3.3938096062992127
0
LINE
8
BLACK
6
CONTINUOUS
10
5.8778433070866143
20
-3.3938096062992127
11
5.8779551574803151
21
-3.3936319291338584
0
LINE
8
BLACK
6
CONTINUOUS
10
5.8779551574803151
20
-3.3936319291338584
11
5.8780730314960632
21
-3.3935296850393701
0
LINE
8
BLACK
6
CONTINUOUS
10
5.8780730314960632
20
-3.3935296850393701
11
5.8784446456692914
21
-3.3930768897637793
0
LINE
8
BLACK
6
CONTINUOUS
10
5.8784446456692914
20
-3.3930768897637793
11
5.8808818503937008
21
-3.3906396850393699
0
LINE
8
BLACK
6
CONTINUOUS
10
5.8808818503937008
20
-3.3906396850393699
11
5.8813347637795275
21
-3.3902679527559054
0
LINE
8
BLACK
6
CONTINUOUS
10
5.8813347637795275
20
-3.3902679527559054
11
5.8814369291338577
21
-3.3901501968503935
0
LINE
8
BLACK
6
CONTINUOUS
10
5.8814369291338577
20
-3.3901501968503935
11
5.8816144488188975
21
-3.3900384251968503
0
LINE
8
BLACK
6
CONTINUOUS
10
5.8816144488188975
20
-3.3900384251968503
11
5.8817767716535432
21
-3.3899052362204722
0
LINE
8
BLACK
6
CONTINUOUS
10
5.8817767716535432
20
-3.3899052362204722
11
5.8819209055118105
21
-3.3898455118110236
0
LINE
8
BLACK
6
CONTINUOUS
10
5.8819209055118105
20
-3.3898455118110236
11
5.8824166535433067
21
-3.3895334645669291
0
LINE
8
BLACK
6
CONTINUOUS
10
5.8824166535433067
20
-3.3895334645669291
11
5.8872910236220468
21
-3.3870962992125984
0
LINE
8
BLACK
6
CONTINUOUS
10
5.8872910236220468
20
-3.3870962992125984
11
5.8873751968503933
21
-3.3870640551181102
0
LINE
8
BLACK
6
CONTINUOUS
10
5.8873751968503933
20
-3.3870640551181102
11
5.887409527559055
21
-3.3870386614173227
0
LINE
8
BLACK
6
CONTINUOUS
10
5.887409527559055
20
-3.3870386614173227
11
5.8878923622047239
21
-3.3868661417322832
0
LINE
8
BLACK
6
CONTINUOUS
10
5.8878923622047239
20
-3.3868661417322832
11
5.8883722440944881
21
-3.3866825196850394
0
LINE
8
BLACK
6
CONTINUOUS
10
5.8883722440944881
20
-3.3866825196850394
11
5.8884148818897639
21
-3.3866794881889764
0
LINE
8
BLACK
6
CONTINUOUS
10
5.8884148818897639
20
-3.3866794881889764
11
5.8884997637795271
21
-3.3866491732283466
0
LINE
8
BLACK
6
CONTINUOUS
10
5.8884997637795271
20
-3.3866491732283466
11
5.8976195275590548
21
-3.384369212598425
0
LINE
8
BLACK
6
CONTINUOUS
10
5.8976195275590548
20
-3.384369212598425
11
5.9010570472440946
21
-3.382650472440945
0
LINE
8
BLACK
6
CONTINUOUS
10
5.9010570472440946
20
-3.382650472440945
11
5.9021389763779526
21
-3.3815685433070866
0
LINE
8
BLACK
6
CONTINUOUS
10
5.9021389763779526
20
-3.3815685433070866
11
5.9035240944881888
21
-3.3787983070866141
0
LINE
8
BLACK
6
CONTINUOUS
10
5.9035240944881888
20
-3.3787983070866141
11
5.9035240944881888
21
-3.3767120078740156
0
LINE
8
BLACK
6
CONTINUOUS
10
5.9035240944881888
20
-3.3767120078740156
11
5.9021389763779526
21
-3.3739417716535431
0
LINE
8
BLACK
6
CONTINUOUS
10
5.9021389763779526
20
-3.3739417716535431
11
5.9010570472440946
21
-3.3728598425196852
0
LINE
8
BLACK
6
CONTINUOUS
10
5.9010570472440946
20
-3.3728598425196852
11
5.8982867322834647
21
-3.3714746850393702
0
LINE
8
BLACK
6
CONTINUOUS
10
5.8982867322834647
20
-3.3714746850393702
11
5.8884531496062991
21
-3.3714746850393702
0
LINE
8
BLACK
6
CONTINUOUS
10
5.8884531496062991
20
-3.3714746850393702
11
5.8820507480314959
21
-3.3736088188976376
0
LINE
8
BLACK
6
CONTINUOUS
10
5.8820507480314959
20
-3.3736088188976376
11
5.8809218897637798
21
-3.3738655118110237
0
LINE
8
BLACK
6
CONTINUOUS
10
5.8809218897637798
20
-3.3738655118110237
11
5.8786234251968503
21
-3.3737021653543304
0
LINE
8
BLACK
6
CONTINUOUS
10
5.8786234251968503
20
-3.3737021653543304
11
5.8765625196850388
21
-3.3726716929133858
0
LINE
8
BLACK
6
CONTINUOUS
10
5.8765625196850388
20
-3.3726716929133858
11
5.8750527952755904
21
-3.3709309842519684
0
LINE
8
BLACK
6
CONTINUOUS
10
5.8750527952755904
20
-3.3709309842519684
11
5.8743241338582672
21
-3.3687450000000001
0
LINE
8
BLACK
6
CONTINUOUS
10
5.8743241338582672
20
-3.3687450000000001
11
5.8744874803149605
21
-3.3664465354330706
0
LINE
8
BLACK
6
CONTINUOUS
10
5.8744874803149605
20
-3.3664465354330706
11
5.8755179527559056
21
-3.3643856299212596
0
LINE
8
BLACK
6
CONTINUOUS
10
5.8755179527559056
20
-3.3643856299212596
11
5.877258661417323
21
-3.3628759055118111
0
LINE
8
BLACK
6
CONTINUOUS
10
5.877258661417323
20
-3.3628759055118111
11
5.8783157874015748
21
-3.362403937007874
0
LINE
8
BLACK
6
CONTINUOUS
10
5.8783157874015748
20
-3.362403937007874
11
5.8856274015748031
21
-3.3599666929133858
0
LINE
8
BLACK
6
CONTINUOUS
10
5.8856274015748031
20
-3.3599666929133858
11
5.8861987401574805
21
-3.3598367716535433
0
LINE
8
BLACK
6
CONTINUOUS
10
5.8861987401574805
20
-3.3598367716535433
11
5.8863427559055115
21
-3.3597771259842517
0
LINE
8
BLACK
6
CONTINUOUS
10
5.8863427559055115
20
-3.3597771259842517
11
5.8865514960629923
21
-3.3597565354330707
0
LINE
8
BLACK
6
CONTINUOUS
10
5.8865514960629923
20
-3.3597565354330707
11
5.8867562992125979
21
-3.3597099999999998
0
LINE
8
BLACK
6
CONTINUOUS
10
5.8867562992125979
20
-3.3597099999999998
11
5.8869119685039371
21
-3.3597210629921257
0
LINE
8
BLACK
6
CONTINUOUS
10
5.8869119685039371
20
-3.3597210629921257
11
5.8874948818897632
21
-3.359663661417323
0
LINE
8
BLACK
6
CONTINUOUS
10
5.8874948818897632
20
-3.359663661417323
11
5.8996808267716538
21
-3.359663661417323
0
LINE
8
BLACK
6
CONTINUOUS
10
5.8996808267716538
20
-3.359663661417323
11
5.9008329527559056
21
-3.3597771259842517
0
LINE
8
BLACK
6
CONTINUOUS
10
5.952014094488189
20
-3.3597771259842517
11
5.952210157480315
21
-3.3598583464566927
0
LINE
8
BLACK
6
CONTINUOUS
10
5.952210157480315
20
-3.3598583464566927
11
5.952421771653543
21
-3.3598733858267718
0
LINE
8
BLACK
6
CONTINUOUS
10
5.952421771653543
20
-3.3598733858267718
11
5.9535029921259843
21
-3.3602871259842519
0
LINE
8
BLACK
6
CONTINUOUS
10
5.9535029921259843
20
-3.3602871259842519
11
5.9583774015748032
21
-3.3627243307086614
0
LINE
8
BLACK
6
CONTINUOUS
10
5.9583774015748032
20
-3.3627243307086614
11
5.9588731889763782
21
-3.3630364173228346
0
LINE
8
BLACK
6
CONTINUOUS
10
5.9588731889763782
20
-3.3630364173228346
11
5.959017244094488
21
-3.3630961023622046
0
LINE
8
BLACK
6
CONTINUOUS
10
5.959017244094488
20
-3.3630961023622046
11
5.9591794094488186
21
-3.3632291732283464
0
LINE
8
BLACK
6
CONTINUOUS
10
5.9591794094488186
20
-3.3632291732283464
11
5.9593571259842522
21
-3.3633410629921259
0
LINE
8
BLACK
6
CONTINUOUS
10
5.9593571259842522
20
-3.3633410629921259
11
5.9594593307086612
21
-3.3634588976377953
0
LINE
8
BLACK
6
CONTINUOUS
10
5.9594593307086612
20
-3.3634588976377953
11
5.9599121653543303
21
-3.3638305511811022
0
LINE
8
BLACK
6
CONTINUOUS
10
5.9599121653543303
20
-3.3638305511811022
11
5.9647865748031492
21
-3.3687049606299211
0
LINE
8
BLACK
6
CONTINUOUS
10
5.9647865748031492
20
-3.3687049606299211
11
5.9655210236220473
21
-3.3695998818897639
0
LINE
8
BLACK
6
CONTINUOUS
10
5.9655210236220473
20
-3.3695998818897639
11
5.9656890157480316
21
-3.3700055118110237
0
LINE
8
BLACK
6
CONTINUOUS
10
5.9656890157480316
20
-3.3700055118110237
11
5.9659504330708657
21
-3.3703583070866139
0
LINE
8
BLACK
6
CONTINUOUS
10
5.9659504330708657
20
-3.3703583070866139
11
5.9663399212598422
21
-3.3714485039370077
0
LINE
8
BLACK
6
CONTINUOUS
10
5.9663399212598422
20
-3.3714485039370077
11
5.9687771259842517
21
-3.3811972834645667
0
LINE
8
BLACK
6
CONTINUOUS
10
5.9687771259842517
20
-3.3811972834645667
11
5.9688066535433073
21
-3.3813970472440946
0
LINE
8
BLACK
6
CONTINUOUS
10
5.9688066535433073
20
-3.3813970472440946
11
5.9688399606299214
21
-3.3814774409448818
0
LINE
8
BLACK
6
CONTINUOUS
10
5.9688399606299214
20
-3.3814774409448818
11
5.9688826377952751
21
-3.3819111417322834
0
LINE
8
BLACK
6
CONTINUOUS
10
5.9688826377952751
20
-3.3819111417322834
11
5.9689464566929136
21
-3.3823425590551182
0
LINE
8
BLACK
6
CONTINUOUS
10
5.9689464566929136
20
-3.3823425590551182
11
5.9689336220472438
21
-3.3824286614173227
0
LINE
8
BLACK
6
CONTINUOUS
10
5.9689336220472438
20
-3.3824286614173227
11
5.9689534251968501
21
-3.382629566929134
0
LINE
8
BLACK
6
CONTINUOUS
10
5.9689534251968501
20
-3.382629566929134
11
5.9689534251968501
21
-3.3996899212598426
0
LINE
8
BLACK
6
CONTINUOUS
10
5.9689534251968501
20
-3.3996899212598426
11
5.9689336220472438
21
-3.3998907874015747
0
LINE
8
BLACK
6
CONTINUOUS
10
5.9689336220472438
20
-3.3998907874015747
11
5.9689464566929136
21
-3.3999769291338584
0
LINE
8
BLACK
6
CONTINUOUS
10
5.9689464566929136
20
-3.3999769291338584
11
5.9688826377952751
21
-3.400408307086614
0
LINE
8
BLACK
6
CONTINUOUS
10
5.9688826377952751
20
-3.400408307086614
11
5.9688399606299214
21
-3.4008420472440943
0
LINE
8
BLACK
6
CONTINUOUS
10
5.9688399606299214
20
-3.4008420472440943
11
5.9688066535433073
21
-3.4009224015748032
0
LINE
8
BLACK
6
CONTINUOUS
10
5.9688066535433073
20
-3.4009224015748032
11
5.9687771259842517
21
-3.4011222047244094
0
LINE
8
BLACK
6
CONTINUOUS
10
5.9687771259842517
20
-3.4011222047244094
11
5.9663399212598422
21
-3.4108709842519684
0
LINE
8
BLACK
6
CONTINUOUS
10
5.9663399212598422
20
-3.4108709842519684
11
5.9659504330708657
21
-3.4119611811023622
0
LINE
8
BLACK
6
CONTINUOUS
10
5.9659504330708657
20
-3.4119611811023622
11
5.9656890157480316
21
-3.4123139370078741
0
LINE
8
BLACK
6
CONTINUOUS
10
5.9656890157480316
20
-3.4123139370078741
11
5.9655210236220473
21
-3.4127196062992127
0
LINE
8
BLACK
6
CONTINUOUS
10
5.9655210236220473
20
-3.4127196062992127
11
5.9647865748031492
21
-3.413614527559055
0
LINE
8
BLACK
6
CONTINUOUS
10
5.9647865748031492
20
-3.413614527559055
11
5.9599121653543303
21
-3.4184889370078739
0
LINE
8
BLACK
6
CONTINUOUS
10
5.9599121653543303
20
-3.4184889370078739
11
5.9594593307086612
21
-3.4188605511811021
0
LINE
8
BLACK
6
CONTINUOUS
10
5.9594593307086612
20
-3.4188605511811021
11
5.9593570866141734
21
-3.418978464566929
0
LINE
8
BLACK
6
CONTINUOUS
10
5.9593570866141734
20
-3.418978464566929
11
5.9591793700787399
21
-3.419090275590551
0
LINE
8
BLACK
6
CONTINUOUS
10
5.9591793700787399
20
-3.419090275590551
11
5.959017244094488
21
-3.4192233858267715
0
LINE
8
BLACK
6
CONTINUOUS
10
5.959017244094488
20
-3.4192233858267715
11
5.9588731102362207
21
-3.4192830708661415
0
LINE
8
BLACK
6
CONTINUOUS
10
5.9588731102362207
20
-3.4192830708661415
11
5.9583773228346457
21
-3.4195951574803147
0
LINE
8
BLACK
6
CONTINUOUS
10
5.9583773228346457
20
-3.4195951574803147
11
5.9535029921259843
21
-3.4220323228346454
0
LINE
8
BLACK
6
CONTINUOUS
10
5.9535029921259843
20
-3.4220323228346454
11
5.9524217322834643
21
-3.4224461023622048
0
LINE
8
BLACK
6
CONTINUOUS
10
5.9524217322834643
20
-3.4224461023622048
11
5.9522100787401575
21
-3.4224611023622047
0
LINE
8
BLACK
6
CONTINUOUS
10
5.9522100787401575
20
-3.4224611023622047
11
5.952014094488189
21
-3.4225423228346457
0
LINE
8
BLACK
6
CONTINUOUS
10
5.952014094488189
20
-3.4225423228346457
11
5.9508619685039372
21
-3.4226557874015748
0
LINE
8
BLACK
6
CONTINUOUS
10
5.9508619685039372
20
-3.4226557874015748
11
5.9411131889763782
21
-3.4226557874015748
0
LINE
8
BLACK
6
CONTINUOUS
10
5.9411131889763782
20
-3.4226557874015748
11
5.9399610629921256
21
-3.4225423228346457
0
LINE
8
BLACK
6
CONTINUOUS
10
5.9399610629921256
20
-3.4225423228346457
11
5.9397650393700783
21
-3.4224611023622047
0
LINE
8
BLACK
6
CONTINUOUS
10
5.9397650393700783
20
-3.4224611023622047
11
5.9395534251968503
21
-3.4224461023622048
0
LINE
8
BLACK
6
CONTINUOUS
10
5.9395534251968503
20
-3.4224461023622048
11
5.938472204724409
21
-3.4220323228346454
0
LINE
8
BLACK
6
CONTINUOUS
10
5.938472204724409
20
-3.4220323228346454
11
5.9335977952755901
21
-3.4195951968503935
0
LINE
8
BLACK
6
CONTINUOUS
10
5.9335977952755901
20
-3.4195951968503935
11
5.9331019291338585
21
-3.4192830708661415
0
LINE
8
BLACK
6
CONTINUOUS
10
5.9331019291338585
20
-3.4192830708661415
11
5.9329578346456691
21
-3.4192233858267715
0
LINE
8
BLACK
6
CONTINUOUS
10
5.9329578346456691
20
-3.4192233858267715
11
5.9327955905511809
21
-3.4190902362204723
0
LINE
8
BLACK
6
CONTINUOUS
10
5.9327955905511809
20
-3.4190902362204723
11
5.9326180314960633
21
-3.418978464566929
0
LINE
8
BLACK
6
CONTINUOUS
10
5.9326180314960633
20
-3.418978464566929
11
5.9325158267716533
21
-3.4188605905511809
0
LINE
8
BLACK
6
CONTINUOUS
10
5.9325158267716533
20
-3.4188605905511809
11
5.9320629527559054
21
-3.4184889370078739
0
LINE
8
BLACK
6
CONTINUOUS
10
5.9320629527559054
20
-3.4184889370078739
11
5.9271885826771653
21
-3.413614527559055
0
LINE
8
BLACK
6
CONTINUOUS
10
5.9271885826771653
20
-3.413614527559055
11
5.9264541338582672
21
-3.4127196062992127
0
LINE
8
BLACK
6
CONTINUOUS
10
5.9264541338582672
20
-3.4127196062992127
11
5.926286141732283
21
-3.4123140157480316
0
LINE
8
BLACK
6
CONTINUOUS
10
5.926286141732283
20
-3.4123140157480316
11
5.9260247244094488
21
-3.411961220472441
0
LINE
8
BLACK
6
CONTINUOUS
10
5.9260247244094488
20
-3.411961220472441
11
5.9256352362204723
21
-3.4108710236220472
0
LINE
8
BLACK
6
CONTINUOUS
10
5.9256352362204723
20
-3.4108710236220472
11
5.9231980314960628
21
-3.4011222047244094
0
LINE
8
BLACK
6
CONTINUOUS
10
5.9231980314960628
20
-3.4011222047244094
11
5.9231685039370081
21
-3.4009225196850394
0
LINE
8
BLACK
6
CONTINUOUS
10
5.9231685039370081
20
-3.4009225196850394
11
5.9231351574803144
21
-3.4008420472440943
0
LINE
8
BLACK
6
CONTINUOUS
10
5.9231351574803144
20
-3.4008420472440943
11
5.9230924015748032
21
-3.4004080708661415
0
LINE
8
BLACK
6
CONTINUOUS
10
5.9230924015748032
20
-3.4004080708661415
11
5.9230286614173231
21
-3.3999769685039367
0
LINE
8
BLACK
6
CONTINUOUS
10
5.9230286614173231
20
-3.3999769685039367
11
5.9230414566929133
21
-3.3998908267716534
0
LINE
8
BLACK
6
CONTINUOUS
10
5.9230414566929133
20
-3.3998908267716534
11
5.9230216929133856
21
-3.3996899212598426
0
LINE
8
BLACK
6
CONTINUOUS
10
5.9230216929133856
20
-3.3996899212598426
11
5.9230216929133856
21
-3.382629566929134
0
LINE
8
BLACK
6
CONTINUOUS
10
5.9230216929133856
20
-3.382629566929134
11
5.9230414566929133
21
-3.3824286220472439
0
LINE
8
BLACK
6
CONTINUOUS
10
5.9230414566929133
20
-3.3824286220472439
11
5.9230286614173231
21
-3.3823425196850394
0
LINE
8
BLACK
6
CONTINUOUS
10
5.9230286614173231
20
-3.3823425196850394
11
5.9230924015748032
21
-3.3819113779527559
0
LINE
8
BLACK
6
CONTINUOUS
10
5.9230924015748032
20
-3.3819113779527559
11
5.9231351574803144
21
-3.3814774409448818
0
LINE
8
BLACK
6
CONTINUOUS
10
5.9231351574803144
20
-3.3814774409448818
11
5.9231685039370081
21
-3.3813969291338584
0
LINE
8
BLACK
6
CONTINUOUS
10
5.9231685039370081
20
-3.3813969291338584
11
5.9231980314960628
21
-3.3811972834645667
0
LINE
8
BLACK
6
CONTINUOUS
10
5.9231980314960628
20
-3.3811972834645667
11
5.9256352362204723
21
-3.3714484645669289
0
LINE
8
BLACK
6
CONTINUOUS
10
5.9256352362204723
20
-3.3714484645669289
11
5.9260247244094488
21
-3.3703582677165356
0
LINE
8
BLACK
6
CONTINUOUS
10
5.9260247244094488
20
-3.3703582677165356
11
5.926286141732283
21
-3.3700054330708662
0
LINE
8
BLACK
6
CONTINUOUS
10
5.926286141732283
20
-3.3700054330708662
11
5.9264541338582672
21
-3.3695998818897639
0
LINE
8
BLACK
6
CONTINUOUS
10
5.9264541338582672
20
-3.3695998818897639
11
5.9271885826771653
21
-3.3687049606299211
0
LINE
8
BLACK
6
CONTINUOUS
10
5.9271885826771653
20
-3.3687049606299211
11
5.9320629527559054
21
-3.3638305511811022
0
LINE
8
BLACK
6
CONTINUOUS
10
5.9320629527559054
20
-3.3638305511811022
11
5.9325157874015746
21
-3.3634588582677165
0
LINE
8
BLACK
6
CONTINUOUS
10
5.9325157874015746
20
-3.3634588582677165
11
5.9326179921259845
21
-3.3633410629921259
0
LINE
8
BLACK
6
CONTINUOUS
10
5.9326179921259845
20
-3.3633410629921259
11
5.9327955118110234
21
-3.3632292913385826
0
LINE
8
BLACK
6
CONTINUOUS
10
5.9327955118110234
20
-3.3632292913385826
11
5.9329578346456691
21
-3.3630961023622046
0
LINE
8
BLACK
6
CONTINUOUS
10
5.9329578346456691
20
-3.3630961023622046
11
5.933102007874016
21
-3.3630363385826771
0
LINE
8
BLACK
6
CONTINUOUS
10
5.933102007874016
20
-3.3630363385826771
11
5.9335977559055113
21
-3.3627243307086614
0
LINE
8
BLACK
6
CONTINUOUS
10
5.9335977559055113
20
-3.3627243307086614
11
5.9384721653543302
21
-3.3602871259842519
0
LINE
8
BLACK
6
CONTINUOUS
10
5.9384721653543302
20
-3.3602871259842519
11
5.9395534251968503
21
-3.359873346456693
0
LINE
8
BLACK
6
CONTINUOUS
10
5.9395534251968503
20
-3.359873346456693
11
5.9397650393700783
21
-3.3598583070866139
0
LINE
8
BLACK
6
CONTINUOUS
10
5.9397650393700783
20
-3.3598583070866139
11
5.9399610629921256
21
-3.3597771259842517
0
LINE
8
BLACK
6
CONTINUOUS
10
5.9399610629921256
20
-3.3597771259842517
11
5.9411131889763782
21
-3.359663661417323
0
LINE
8
BLACK
6
CONTINUOUS
10
5.9411131889763782
20
-3.359663661417323
11
5.9508619685039372
21
-3.359663661417323
0
LINE
8
BLACK
6
CONTINUOUS
10
5.9508619685039372
20
-3.359663661417323
11
5.952014094488189
21
-3.3597771259842517
0
LINE
8
BLACK
6
CONTINUOUS
10
5.9397369685039365
20
-3.3728598031496064
11
5.9366968503937008
21
-3.3758999606299214
0
LINE
8
BLACK
6
CONTINUOUS
10
5.9366968503937008
20
-3.3758999606299214
11
5.9348327165354329
21
-3.383356496062992
0
LINE
8
BLACK
6
CONTINUOUS
10
5.9348327165354329
20
-3.383356496062992
11
5.9348327165354329
21
-3.3989629527559053
0
LINE
8
BLACK
6
CONTINUOUS
10
5.9348327165354329
20
-3.3989629527559053
11
5.9366968503937008
21
-3.4064194881889764
0
LINE
8
BLACK
6
CONTINUOUS
10
5.9366968503937008
20
-3.4064194881889764
11
5.939736889763779
21
-3.4094595669291339
0
LINE
8
BLACK
6
CONTINUOUS
10
5.939736889763779
20
-3.4094595669291339
11
5.9425072834645665
21
-3.4108447637795276
0
LINE
8
BLACK
6
CONTINUOUS
10
5.9425072834645665
20
-3.4108447637795276
11
5.9494678740157481
21
-3.4108447637795276
0
LINE
8
BLACK
6
CONTINUOUS
10
5.9494678740157481
20
-3.4108447637795276
11
5.9522381496062993
21
-3.4094596062992126
0
LINE
8
BLACK
6
CONTINUOUS
10
5.9522381496062993
20
-3.4094596062992126
11
5.955278267716535
21
-3.4064194881889764
0
LINE
8
BLACK
6
CONTINUOUS
10
5.955278267716535
20
-3.4064194881889764
11
5.9571424015748029
21
-3.3989629921259841
0
LINE
8
BLACK
6
CONTINUOUS
10
5.9571424015748029
20
-3.3989629921259841
11
5.9571424015748029
21
-3.3833564566929133
0
LINE
8
BLACK
6
CONTINUOUS
10
5.9571424015748029
20
-3.3833564566929133
11
5.955278267716535
21
-3.3758999606299214
0
LINE
8
BLACK
6
CONTINUOUS
10
5.955278267716535
20
-3.3758999606299214
11
5.9522381102362205
21
-3.3728598031496064
0
LINE
8
BLACK
6
CONTINUOUS
10
5.9522381102362205
20
-3.3728598031496064
11
5.9494678740157481
21
-3.3714746850393702
0
LINE
8
BLACK
6
CONTINUOUS
10
5.9494678740157481
20
-3.3714746850393702
11
5.9425072834645665
21
-3.3714746850393702
0
LINE
8
BLACK
6
CONTINUOUS
10
5.9425072834645665
20
-3.3714746850393702
11
5.9397369685039365
21
-3.3728598031496064
0
LINE
8
BLACK
6
CONTINUOUS
10
6.0129439763779526
20
-3.3597771259842517
11
6.0150727952755902
21
-3.3606589370078739
0
LINE
8
BLACK
6
CONTINUOUS
10
6.0150727952755902
20
-3.3606589370078739
11
6.0167020866141732
21
-3.3622882283464568
0
LINE
8
BLACK
6
CONTINUOUS
10
6.0167020866141732
20
-3.3622882283464568
11
6.0175838976377953
21
-3.3644170472440944
0
LINE
8
BLACK
6
CONTINUOUS
10
6.0175838976377953
20
-3.3644170472440944
11
6.0176973622047241
21
-3.3655691732283466
0
LINE
8
BLACK
6
CONTINUOUS
10
6.0176973622047241
20
-3.3655691732283466
11
6.0176973622047241
21
-3.4167502755905512
0
LINE
8
BLACK
6
CONTINUOUS
10
6.0176973622047241
20
-3.4167502755905512
11
6.0175838976377953
21
-3.417902401574803
0
LINE
8
BLACK
6
CONTINUOUS
10
6.0175838976377953
20
-3.417902401574803
11
6.0167020866141732
21
-3.420031220472441
0
LINE
8
BLACK
6
CONTINUOUS
10
6.0167020866141732
20
-3.420031220472441
11
6.0150727952755902
21
-3.4216605118110235
0
LINE
8
BLACK
6
CONTINUOUS
10
6.0150727952755902
20
-3.4216605118110235
11
6.0129439763779526
21
-3.4225423228346457
0
LINE
8
BLACK
6
CONTINUOUS
10
6.0129439763779526
20
-3.4225423228346457
11
6.0117918503937009
21
-3.4226557874015748
0
LINE
8
BLACK
6
CONTINUOUS
10
6.0117918503937009
20
-3.4226557874015748
11
5.9996058661417324
21
-3.4226557874015748
0
LINE
8
BLACK
6
CONTINUOUS
10
5.9996058661417324
20
-3.4226557874015748
11
5.9990229527559054
21
-3.4225983464566929
0
LINE
8
BLACK
6
CONTINUOUS
10
5.9990229527559054
20
-3.4225983464566929
11
5.9988672834645671
21
-3.4226094488188976
0
LINE
8
BLACK
6
CONTINUOUS
10
5.9988672834645671
20
-3.4226094488188976
11
5.9986624803149606
21
-3.4225628740157479
0
LINE
8
BLACK
6
CONTINUOUS
10
5.9986624803149606
20
-3.4225628740157479
11
5.9984537401574798
21
-3.4225423228346457
0
LINE
8
BLACK
6
CONTINUOUS
10
5.9984537401574798
20
-3.4225423228346457
11
5.99830968503937
21
-3.4224826377952757
0
LINE
8
BLACK
6
CONTINUOUS
10
5.99830968503937
20
-3.4224826377952757
11
5.9977384251968502
21
-3.4223527559055116
0
LINE
8
BLACK
6
CONTINUOUS
10
5.9977384251968502
20
-3.4223527559055116
11
5.9904268110236218
21
-3.4199155905511809
0
LINE
8
BLACK
6
CONTINUOUS
10
5.9904268110236218
20
-3.4199155905511809
11
5.9893696850393701
21
-3.4194436220472442
0
LINE
8
BLACK
6
CONTINUOUS
10
5.9893696850393701
20
-3.4194436220472442
11
5.9892093307086611
21
-3.419304527559055
0
LINE
8
BLACK
6
CONTINUOUS
10
5.9892093307086611
20
-3.419304527559055
11
5.9890133858267713
21
-3.4192233858267715
0
LINE
8
BLACK
6
CONTINUOUS
10
5.9890133858267713
20
-3.4192233858267715
11
5.988118464566929
21
-3.4184889370078739
0
LINE
8
BLACK
6
CONTINUOUS
10
5.988118464566929
20
-3.4184889370078739
11
5.9832440551181101
21
-3.413614527559055
0
LINE
8
BLACK
6
CONTINUOUS
10
5.9832440551181101
20
-3.413614527559055
11
5.9828724409448819
21
-3.4131616929133859
0
LINE
8
BLACK
6
CONTINUOUS
10
5.9828724409448819
20
-3.4131616929133859
11
5.9827545669291338
21
-3.4130594881889764
0
LINE
8
BLACK
6
CONTINUOUS
10
5.9827545669291338
20
-3.4130594881889764
11
5.982642716535433
21
-3.4128817716535433
0
LINE
8
BLACK
6
CONTINUOUS
10
5.982642716535433
20
-3.4128817716535433
11
5.982509606299212
21
-3.4127196062992127
0
LINE
8
BLACK
6
CONTINUOUS
10
5.982509606299212
20
-3.4127196062992127
11
5.9824499212598425
21
-3.4125755118110237
0
LINE
8
BLACK
6
CONTINUOUS
10
5.9824499212598425
20
-3.4125755118110237
11
5.9821378346456688
21
-3.4120797244094487
0
LINE
8
BLACK
6
CONTINUOUS
10
5.9821378346456688
20
-3.4120797244094487
11
5.9797006299212594
21
-3.4072053149606298
0
LINE
8
BLACK
6
CONTINUOUS
10
5.9797006299212594
20
-3.4072053149606298
11
5.9796683858267716
21
-3.4071211023622046
0
LINE
8
BLACK
6
CONTINUOUS
10
5.9796683858267716
20
-3.4071211023622046
11
5.9796429921259842
21
-3.4070868110236221
0
LINE
8
BLACK
6
CONTINUOUS
10
5.9796429921259842
20
-3.4070868110236221
11
5.9794704724409451
21
-3.406603937007874
0
LINE
8
BLACK
6
CONTINUOUS
10
5.9794704724409451
20
-3.406603937007874
11
5.9792868503937004
21
-3.406124094488189
0
LINE
8
BLACK
6
CONTINUOUS
10
5.9792868503937004
20
-3.406124094488189
11
5.9792838188976374
21
-3.4060814173228344
0
LINE
8
BLACK
6
CONTINUOUS
10
5.9792838188976374
20
-3.4060814173228344
11
5.9792535039370076
21
-3.4059965748031495
0
LINE
8
BLACK
6
CONTINUOUS
10
5.9792535039370076
20
-3.4059965748031495
11
5.9768163385826769
21
-3.3962477952755905
0
LINE
8
BLACK
6
CONTINUOUS
10
5.9768163385826769
20
-3.3962477952755905
11
5.9767868110236222
21
-3.3960481102362206
0
LINE
8
BLACK
6
CONTINUOUS
10
5.9767868110236222
20
-3.3960481102362206
11
5.9767534645669294
21
-3.3959676377952754
0
LINE
8
BLACK
6
CONTINUOUS
10
5.9767534645669294
20
-3.3959676377952754
11
5.9767107086614173
21
-3.3955336614173226
0
LINE
8
BLACK
6
CONTINUOUS
10
5.9767107086614173
20
-3.3955336614173226
11
5.9766469685039372
21
-3.3951025590551178
0
LINE
8
BLACK
6
CONTINUOUS
10
5.9766469685039372
20
-3.3951025590551178
11
5.9766597637795273
21
-3.3950164173228345
0
LINE
8
BLACK
6
CONTINUOUS
10
5.9766597637795273
20
-3.3950164173228345
11
5.9766399999999997
21
-3.3948155118110237
0
LINE
8
BLACK
6
CONTINUOUS
10
5.9766399999999997
20
-3.3948155118110237
11
5.9766399999999997
21
-3.3875039370078741
0
LINE
8
BLACK
6
CONTINUOUS
10
5.9766399999999997
20
-3.3875039370078741
11
5.9766597637795273
21
-3.3873029921259841
0
LINE
8
BLACK
6
CONTINUOUS
10
5.9766597637795273
20
-3.3873029921259841
11
5.9766469685039372
21
-3.3872168897637795
0
LINE
8
BLACK
6
CONTINUOUS
10
5.9766469685039372
20
-3.3872168897637795
11
5.9767107086614173
21
-3.386785748031496
0
LINE
8
BLACK
6
CONTINUOUS
10
5.9767107086614173
20
-3.386785748031496
11
5.9767534645669294
21
-3.3863518110236219
0
LINE
8
BLACK
6
CONTINUOUS
10
5.9767534645669294
20
-3.3863518110236219
11
5.9767868110236222
21
-3.3862712992125985
0
LINE
8
BLACK
6
CONTINUOUS
10
5.9767868110236222
20
-3.3862712992125985
11
5.9768163385826769
21
-3.3860716535433069
0
LINE
8
BLACK
6
CONTINUOUS
10
5.9768163385826769
20
-3.3860716535433069
11
5.9792535039370076
21
-3.3763228740157478
0
LINE
8
BLACK
6
CONTINUOUS
10
5.9792535039370076
20
-3.3763228740157478
11
5.9792838582677161
21
-3.3762378740157479
0
LINE
8
BLACK
6
CONTINUOUS
10
5.9792838582677161
20
-3.3762378740157479
11
5.9792868897637792
21
-3.3761953543307084
0
LINE
8
BLACK
6
CONTINUOUS
10
5.9792868897637792
20
-3.3761953543307084
11
5.9794701574803151
21
-3.3757163385826772
0
LINE
8
BLACK
6
CONTINUOUS
10
5.9794701574803151
20
-3.3757163385826772
11
5.9796429921259842
21
-3.3752326377952757
0
LINE
8
BLACK
6
CONTINUOUS
10
5.9796429921259842
20
-3.3752326377952757
11
5.9796683858267716
21
-3.3751983070866141
0
LINE
8
BLACK
6
CONTINUOUS
10
5.9796683858267716
20
-3.3751983070866141
11
5.9797006299212594
21
-3.3751141338582675
0
LINE
8
BLACK
6
CONTINUOUS
10
5.9797006299212594
20
-3.3751141338582675
11
5.9821378346456688
21
-3.3702397244094486
0
LINE
8
BLACK
6
CONTINUOUS
10
5.9821378346456688
20
-3.3702397244094486
11
5.9824499212598425
21
-3.3697438976377954
0
LINE
8
BLACK
6
CONTINUOUS
10
5.9824499212598425
20
-3.3697438976377954
11
5.982509606299212
21
-3.3695998818897639
0
LINE
8
BLACK
6
CONTINUOUS
10
5.982509606299212
20
-3.3695998818897639
11
5.9826426771653543
21
-3.3694376771653545
0
LINE
8
BLACK
6
CONTINUOUS
10
5.9826426771653543
20
-3.3694376771653545
11
5.9827545669291338
21
-3.3692600000000001
0
LINE
8
BLACK
6
CONTINUOUS
10
5.9827545669291338
20
-3.3692600000000001
11
5.9828724015748032
21
-3.3691577559055119
0
LINE
8
BLACK
6
CONTINUOUS
10
5.9828724015748032
20
-3.3691577559055119
11
5.9832440551181101
21
-3.3687049606299211
0
LINE
8
BLACK
6
CONTINUOUS
10
5.9832440551181101
20
-3.3687049606299211
11
5.988118464566929
21
-3.3638305511811022
0
LINE
8
BLACK
6
CONTINUOUS
10
5.988118464566929
20
-3.3638305511811022
11
5.9890133858267713
21
-3.3630961023622046
0
LINE
8
BLACK
6
CONTINUOUS
10
5.9890133858267713
20
-3.3630961023622046
11
5.9892094094488186
21
-3.3630148818897636
0
LINE
8
BLACK
6
CONTINUOUS
10
5.9892094094488186
20
-3.3630148818897636
11
5.9893696850393701
21
-3.3628759055118111
0
LINE
8
BLACK
6
CONTINUOUS
10
5.9893696850393701
20
-3.3628759055118111
11
5.9904268110236218
21
-3.362403937007874
0
LINE
8
BLACK
6
CONTINUOUS
10
5.9904268110236218
20
-3.362403937007874
11
5.9977383858267714
21
-3.3599667322834645
0
LINE
8
BLACK
6
CONTINUOUS
10
5.9977383858267714
20
-3.3599667322834645
11
5.998309527559055
21
-3.3598368503937008
0
LINE
8
BLACK
6
CONTINUOUS
10
5.998309527559055
20
-3.3598368503937008
11
5.9984537401574798
21
-3.3597771259842517
0
LINE
8
BLACK
6
CONTINUOUS
10
5.9984537401574798
20
-3.3597771259842517
11
5.9986627165354331
21
-3.3597565354330707
0
LINE
8
BLACK
6
CONTINUOUS
10
5.9986627165354331
20
-3.3597565354330707
11
5.9988672440944883
21
-3.3597100393700785
0
LINE
8
BLACK
6
CONTINUOUS
10
5.9988672440944883
20
-3.3597100393700785
11
5.9990227165354328
21
-3.3597210629921257
0
LINE
8
BLACK
6
CONTINUOUS
10
5.9990227165354328
20
-3.3597210629921257
11
5.9996058661417324
21
-3.359663661417323
0
LINE
8
BLACK
6
CONTINUOUS
10
5.9996058661417324
20
-3.359663661417323
11
6.0117918503937009
21
-3.359663661417323
0
LINE
8
BLACK
6
CONTINUOUS
10
6.0117918503937009
20
-3.359663661417323
11
6.0129439763779526
21
-3.3597771259842517
0
LINE
8
BLACK
6
CONTINUOUS
10
5.9954843700787404
20
-3.3731679527559053
11
5.9922733070866139
21
-3.3763789763779526
0
LINE
8
BLACK
6
CONTINUOUS
10
5.9922733070866139
20
-3.3763789763779526
11
5.9905546456692909
21
-3.3798162598425194
0
LINE
8
BLACK
6
CONTINUOUS
10
5.9905546456692909
20
-3.3798162598425194
11
5.988451023622047
21
-3.3882308661417322
0
LINE
8
BLACK
6
CONTINUOUS
10
5.988451023622047
20
-3.3882308661417322
11
5.988451023622047
21
-3.3940885433070864
0
LINE
8
BLACK
6
CONTINUOUS
10
5.988451023622047
20
-3.3940885433070864
11
5.9905546456692909
21
-3.4025031496062992
0
LINE
8
BLACK
6
CONTINUOUS
10
5.9905546456692909
20
-3.4025031496062992
11
5.9922733464566926
21
-3.4059405118110235
0
LINE
8
BLACK
6
CONTINUOUS
10
5.9922733464566926
20
-3.4059405118110235
11
5.9954842913385828
21
-3.4091514566929133
0
LINE
8
BLACK
6
CONTINUOUS
10
5.9954842913385828
20
-3.4091514566929133
11
6.0005642519685036
21
-3.4108447637795276
0
LINE
8
BLACK
6
CONTINUOUS
10
6.0005642519685036
20
-3.4108447637795276
11
6.0058863385826768
21
-3.4108447637795276
0
LINE
8
BLACK
6
CONTINUOUS
10
6.0058863385826768
20
-3.4108447637795276
11
6.0058863385826768
21
-3.3714746850393702
0
LINE
8
BLACK
6
CONTINUOUS
10
6.0058863385826768
20
-3.3714746850393702
11
6.0005641732283461
21
-3.3714746850393702
0
LINE
8
BLACK
6
CONTINUOUS
10
6.0005641732283461
20
-3.3714746850393702
11
5.9954843700787404
21
-3.3731679527559053
0
LINE
8
BLACK
6
CONTINUOUS
10
6.0592506692913384
20
-3.3597771259842517
11
6.061379488188976
21
-3.3606589370078739
0
LINE
8
BLACK
6
CONTINUOUS
10
6.061379488188976
20
-3.3606589370078739
11
6.0630087795275589
21
-3.3622882283464568
0
LINE
8
BLACK
6
CONTINUOUS
10
6.0630087795275589
20
-3.3622882283464568
11
6.0638905905511811
21
-3.3644170472440944
0
LINE
8
BLACK
6
CONTINUOUS
10
6.0638905905511811
20
-3.3644170472440944
11
6.0640040551181098
21
-3.3655691732283466
0
LINE
8
BLACK
6
CONTINUOUS
10
6.0640040551181098
20
-3.3655691732283466
11
6.0640040551181098
21
-3.4167502755905512
0
LINE
8
BLACK
6
CONTINUOUS
10
6.0640040551181098
20
-3.4167502755905512
11
6.0638905905511811
21
-3.417902401574803
0
LINE
8
BLACK
6
CONTINUOUS
10
6.0638905905511811
20
-3.417902401574803
11
6.0630087795275589
21
-3.420031220472441
0
LINE
8
BLACK
6
CONTINUOUS
10
6.0630087795275589
20
-3.420031220472441
11
6.061379488188976
21
-3.4216605118110235
0
LINE
8
BLACK
6
CONTINUOUS
10
6.061379488188976
20
-3.4216605118110235
11
6.0592506692913384
21
-3.4225423228346457
0
LINE
8
BLACK
6
CONTINUOUS
10
6.0592506692913384
20
-3.4225423228346457
11
6.0580985433070866
21
-3.4226557874015748
0
LINE
8
BLACK
6
CONTINUOUS
10
6.0580985433070866
20
-3.4226557874015748
11
6.0337265748031497
21
-3.4226557874015748
0
LINE
8
BLACK
6
CONTINUOUS
10
6.0337265748031497
20
-3.4226557874015748
11
6.0325744488188979
21
-3.4225423228346457
0
LINE
8
BLACK
6
CONTINUOUS
10
6.0325744488188979
20
-3.4225423228346457
11
6.0304456299212594
21
-3.4216605118110235
0
LINE
8
BLACK
6
CONTINUOUS
10
6.0304456299212594
20
-3.4216605118110235
11
6.0288163385826774
21
-3.420031220472441
0
LINE
8
BLACK
6
CONTINUOUS
10
6.0288163385826774
20
-3.420031220472441
11
6.0279345275590552
21
-3.417902401574803
0
LINE
8
BLACK
6
CONTINUOUS
10
6.0279345275590552
20
-3.417902401574803
11
6.0279345275590552
21
-3.415598149606299
0
LINE
8
BLACK
6
CONTINUOUS
10
6.0279345275590552
20
-3.415598149606299
11
6.0288163385826774
21
-3.4134693307086614
0
LINE
8
BLACK
6
CONTINUOUS
10
6.0288163385826774
20
-3.4134693307086614
11
6.0304456299212594
21
-3.4118400393700785
0
LINE
8
BLACK
6
CONTINUOUS
10
6.0304456299212594
20
-3.4118400393700785
11
6.0325744488188979
21
-3.4109582283464568
0
LINE
8
BLACK
6
CONTINUOUS
10
6.0325744488188979
20
-3.4109582283464568
11
6.0337265748031497
21
-3.4108447637795276
0
LINE
8
BLACK
6
CONTINUOUS
10
6.0337265748031497
20
-3.4108447637795276
11
6.0521930314960626
21
-3.4108447637795276
0
LINE
8
BLACK
6
CONTINUOUS
10
6.0521930314960626
20
-3.4108447637795276
11
6.0521930314960626
21
-3.3958466535433072
0
LINE
8
BLACK
6
CONTINUOUS
10
6.0521930314960626
20
-3.3958466535433072
11
6.0410381496062993
21
-3.3958466535433072
0
LINE
8
BLACK
6
CONTINUOUS
10
6.0410381496062993
20
-3.3958466535433072
11
6.0398860236220475
21
-3.395733188976378
0
LINE
8
BLACK
6
CONTINUOUS
10
6.0398860236220475
20
-3.395733188976378
11
6.037757204724409
21
-3.3948513779527558
0
LINE
8
BLACK
6
CONTINUOUS
10
6.037757204724409
20
-3.3948513779527558
11
6.036127913385827
21
-3.3932220866141733
0
LINE
8
BLACK
6
CONTINUOUS
10
6.036127913385827
20
-3.3932220866141733
11
6.0352461023622048
21
-3.3910932677165353
0
LINE
8
BLACK
6
CONTINUOUS
10
6.0352461023622048
20
-3.3910932677165353
11
6.0352461023622048
21
-3.3887890157480314
0
LINE
8
BLACK
6
CONTINUOUS
10
6.0352461023622048
20
-3.3887890157480314
11
6.036127913385827
21
-3.3866601968503938
0
LINE
8
BLACK
6
CONTINUOUS
10
6.036127913385827
20
-3.3866601968503938
11
6.037757204724409
21
-3.3850309055118109
0
LINE
8
BLACK
6
CONTINUOUS
10
6.037757204724409
20
-3.3850309055118109
11
6.0398860236220475
21
-3.3841490944881887
0
LINE
8
BLACK
6
CONTINUOUS
10
6.0398860236220475
20
-3.3841490944881887
11
6.0410381496062993
21
-3.3840356299212599
0
LINE
8
BLACK
6
CONTINUOUS
10
6.0410381496062993
20
-3.3840356299212599
11
6.0521930314960626
21
-3.3840356299212599
0
LINE
8
BLACK
6
CONTINUOUS
10
6.0521930314960626
20
-3.3840356299212599
11
6.0521930314960626
21
-3.3714746850393702
0
LINE
8
BLACK
6
CONTINUOUS
10
6.0521930314960626
20
-3.3714746850393702
11
6.0337265748031497
21
-3.3714746850393702
0
LINE
8
BLACK
6
CONTINUOUS
10
6.0337265748031497
20
-3.3714746850393702
11
6.0325744488188979
21
-3.371361220472441
0
LINE
8
BLACK
6
CONTINUOUS
10
6.0325744488188979
20
-3.371361220472441
11
6.0304456299212594
21
-3.3704794094488189
0
LINE
8
BLACK
6
CONTINUOUS
10
6.0304456299212594
20
-3.3704794094488189
11
6.0288163385826774
21
-3.3688501181102359
0
LINE
8
BLACK
6
CONTINUOUS
10
6.0288163385826774
20
-3.3688501181102359
11
6.0279345275590552
21
-3.3667212992125983
0
LINE
8
BLACK
6
CONTINUOUS
10
6.0279345275590552
20
-3.3667212992125983
11
6.0279345275590552
21
-3.3644170472440944
0
LINE
8
BLACK
6
CONTINUOUS
10
6.0279345275590552
20
-3.3644170472440944
11
6.0288163385826774
21
-3.3622882283464568
0
LINE
8
BLACK
6
CONTINUOUS
10
6.0288163385826774
20
-3.3622882283464568
11
6.0304456299212594
21
-3.3606589370078739
0
LINE
8
BLACK
6
CONTINUOUS
10
6.0304456299212594
20
-3.3606589370078739
11
6.0325744488188979
21
-3.3597771259842517
0
LINE
8
BLACK
6
CONTINUOUS
10
6.0325744488188979
20
-3.3597771259842517
11
6.0337265748031497
21
-3.359663661417323
0
LINE
8
BLACK
6
CONTINUOUS
10
6.0337265748031497
20
-3.359663661417323
11
6.0580985433070866
21
-3.359663661417323
0
LINE
8
BLACK
6
CONTINUOUS
10
6.0580985433070866
20
-3.359663661417323
11
6.0592506692913384
21
-3.3597771259842517
0
LINE
8
BLACK
6
CONTINUOUS
10
6.0952395669291342
20
-3.3597210629921257
11
6.0953950787401574
21
-3.3597100393700785
0
LINE
8
BLACK
6
CONTINUOUS
10
6.0953950787401574
20
-3.3597100393700785
11
6.0955995669291339
21
-3.3597565354330707
0
LINE
8
BLACK
6
CONTINUOUS
10
6.0955995669291339
20
-3.3597565354330707
11
6.0958085826771651
21
-3.3597771259842517
0
LINE
8
BLACK
6
CONTINUOUS
10
6.0958085826771651
20
-3.3597771259842517
11
6.095952755905512
21
-3.3598368503937008
0
LINE
8
BLACK
6
CONTINUOUS
10
6.095952755905512
20
-3.3598368503937008
11
6.0965239370078743
21
-3.3599667322834645
0
LINE
8
BLACK
6
CONTINUOUS
10
6.0965239370078743
20
-3.3599667322834645
11
6.1038355511811027
21
-3.362403937007874
0
LINE
8
BLACK
6
CONTINUOUS
10
6.1038355511811027
20
-3.362403937007874
11
6.1048926377952757
21
-3.3628759055118111
0
LINE
8
BLACK
6
CONTINUOUS
10
6.1048926377952757
20
-3.3628759055118111
11
6.1050528740157475
21
-3.3630148818897636
0
LINE
8
BLACK
6
CONTINUOUS
10
6.1050528740157475
20
-3.3630148818897636
11
6.1052489370078735
21
-3.3630961023622046
0
LINE
8
BLACK
6
CONTINUOUS
10
6.1052489370078735
20
-3.3630961023622046
11
6.1061438582677168
21
-3.3638305511811022
0
LINE
8
BLACK
6
CONTINUOUS
10
6.1061438582677168
20
-3.3638305511811022
11
6.1110182677165357
21
-3.3687049606299211
0
LINE
8
BLACK
6
CONTINUOUS
10
6.1110182677165357
20
-3.3687049606299211
11
6.1113898425196851
21
-3.3691577559055119
0
LINE
8
BLACK
6
CONTINUOUS
10
6.1113898425196851
20
-3.3691577559055119
11
6.111507755905512
21
-3.3692600000000001
0
LINE
8
BLACK
6
CONTINUOUS
10
6.111507755905512
20
-3.3692600000000001
11
6.111619566929134
21
-3.3694376771653545
0
LINE
8
BLACK
6
CONTINUOUS
10
6.111619566929134
20
-3.3694376771653545
11
6.1117527165354328
21
-3.3695998818897639
0
LINE
8
BLACK
6
CONTINUOUS
10
6.1117527165354328
20
-3.3695998818897639
11
6.1118123622047245
21
-3.3697439370078741
0
LINE
8
BLACK
6
CONTINUOUS
10
6.1118123622047245
20
-3.3697439370078741
11
6.112124488188976
21
-3.3702397637795274
0
LINE
8
BLACK
6
CONTINUOUS
10
6.112124488188976
20
-3.3702397637795274
11
6.1145616929133855
21
-3.3751141338582675
0
LINE
8
BLACK
6
CONTINUOUS
10
6.1145616929133855
20
-3.3751141338582675
11
6.1145939370078741
21
-3.3751983858267716
0
LINE
8
BLACK
6
CONTINUOUS
10
6.1145939370078741
20
-3.3751983858267716
11
6.1146193307086616
21
-3.3752326771653545
0
LINE
8
BLACK
6
CONTINUOUS
10
6.1146193307086616
20
-3.3752326771653545
11
6.1147916929133856
21
-3.375715157480315
0
LINE
8
BLACK
6
CONTINUOUS
10
6.1147916929133856
20
-3.375715157480315
11
6.1149754724409444
21
-3.3761953543307084
0
LINE
8
BLACK
6
CONTINUOUS
10
6.1149754724409444
20
-3.3761953543307084
11
6.1149785039370075
21
-3.3762379921259842
0
LINE
8
BLACK
6
CONTINUOUS
10
6.1149785039370075
20
-3.3762379921259842
11
6.1150088188976373
21
-3.3763228740157478
0
LINE
8
BLACK
6
CONTINUOUS
10
6.1150088188976373
20
-3.3763228740157478
11
6.1174460236220467
21
-3.3860716535433069
0
LINE
8
BLACK
6
CONTINUOUS
10
6.1174460236220467
20
-3.3860716535433069
11
6.1174755511811023
21
-3.3862714173228348
0
LINE
8
BLACK
6
CONTINUOUS
10
6.1174755511811023
20
-3.3862714173228348
11
6.1175088582677164
21
-3.3863518110236219
0
LINE
8
BLACK
6
CONTINUOUS
10
6.1175088582677164
20
-3.3863518110236219
11
6.117551535433071
21
-3.3867855118110235
0
LINE
8
BLACK
6
CONTINUOUS
10
6.117551535433071
20
-3.3867855118110235
11
6.1176153543307086
21
-3.3872169291338583
0
LINE
8
BLACK
6
CONTINUOUS
10
6.1176153543307086
20
-3.3872169291338583
11
6.1176025196850397
21
-3.3873030314960628
0
LINE
8
BLACK
6
CONTINUOUS
10
6.1176025196850397
20
-3.3873030314960628
11
6.1176223228346451
21
-3.3875039370078741
0
LINE
8
BLACK
6
CONTINUOUS
10
6.1176223228346451
20
-3.3875039370078741
11
6.1176223228346451
21
-3.3948155118110237
0
LINE
8
BLACK
6
CONTINUOUS
10
6.1176223228346451
20
-3.3948155118110237
11
6.1176025196850397
21
-3.3950163779527558
0
LINE
8
BLACK
6
CONTINUOUS
10
6.1176025196850397
20
-3.3950163779527558
11
6.1176153543307086
21
-3.3951025196850395
0
LINE
8
BLACK
6
CONTINUOUS
10
6.1176153543307086
20
-3.3951025196850395
11
6.117551535433071
21
-3.3955338976377951
0
LINE
8
BLACK
6
CONTINUOUS
10
6.117551535433071
20
-3.3955338976377951
11
6.1175088582677164
21
-3.3959676377952754
0
LINE
8
BLACK
6
CONTINUOUS
10
6.1175088582677164
20
-3.3959676377952754
11
6.1174755511811023
21
-3.3960479921259843
0
LINE
8
BLACK
6
CONTINUOUS
10
6.1174755511811023
20
-3.3960479921259843
11
6.1174460236220467
21
-3.3962477952755905
0
LINE
8
BLACK
6
CONTINUOUS
10
6.1174460236220467
20
-3.3962477952755905
11
6.1150088188976373
21
-3.4059965748031495
0
LINE
8
BLACK
6
CONTINUOUS
10
6.1150088188976373
20
-3.4059965748031495
11
6.1149784645669287
21
-3.4060814173228344
0
LINE
8
BLACK
6
CONTINUOUS
10
6.1149784645669287
20
-3.4060814173228344
11
6.1149754724409444
21
-3.4061240551181102
0
LINE
8
BLACK
6
CONTINUOUS
10
6.1149754724409444
20
-3.4061240551181102
11
6.1147918110236219
21
-3.4066038976377953
0
LINE
8
BLACK
6
CONTINUOUS
10
6.1147918110236219
20
-3.4066038976377953
11
6.1146193307086616
21
-3.4070867716535433
0
LINE
8
BLACK
6
CONTINUOUS
10
6.1146193307086616
20
-3.4070867716535433
11
6.1145939370078741
21
-3.4071210236220471
0
LINE
8
BLACK
6
CONTINUOUS
10
6.1145939370078741
20
-3.4071210236220471
11
6.1145616929133855
21
-3.4072053149606298
0
LINE
8
BLACK
6
CONTINUOUS
10
6.1145616929133855
20
-3.4072053149606298
11
6.112124488188976
21
-3.4120797244094487
0
LINE
8
BLACK
6
CONTINUOUS
10
6.112124488188976
20
-3.4120797244094487
11
6.1118123622047245
21
-3.4125755118110237
0
LINE
8
BLACK
6
CONTINUOUS
10
6.1118123622047245
20
-3.4125755118110237
11
6.1117527165354328
21
-3.4127196062992127
0
LINE
8
BLACK
6
CONTINUOUS
10
6.1117527165354328
20
-3.4127196062992127
11
6.111619566929134
21
-3.4128817716535433
0
LINE
8
BLACK
6
CONTINUOUS
10
6.111619566929134
20
-3.4128817716535433
11
6.111507755905512
21
-3.4130594881889764
0
LINE
8
BLACK
6
CONTINUOUS
10
6.111507755905512
20
-3.4130594881889764
11
6.1113898818897638
21
-3.4131616929133859
0
LINE
8
BLACK
6
CONTINUOUS
10
6.1113898818897638
20
-3.4131616929133859
11
6.1110182677165357
21
-3.413614527559055
0
LINE
8
BLACK
6
CONTINUOUS
10
6.1110182677165357
20
-3.413614527559055
11
6.1061438582677168
21
-3.4184889370078739
0
LINE
8
BLACK
6
CONTINUOUS
10
6.1061438582677168
20
-3.4184889370078739
11
6.1052489370078735
21
-3.4192233858267715
0
LINE
8
BLACK
6
CONTINUOUS
10
6.1052489370078735
20
-3.4192233858267715
11
6.1050528740157475
21
-3.4193045669291338
0
LINE
8
BLACK
6
CONTINUOUS
10
6.1050528740157475
20
-3.4193045669291338
11
6.1048926377952757
21
-3.4194435826771654
0
LINE
8
BLACK
6
CONTINUOUS
10
6.1048926377952757
20
-3.4194435826771654
11
6.1038355118110239
21
-3.4199155905511809
0
LINE
8
BLACK
6
CONTINUOUS
10
6.1038355118110239
20
-3.4199155905511809
11
6.0965239370078743
21
-3.4223527559055116
0
LINE
8
BLACK
6
CONTINUOUS
10
6.0965239370078743
20
-3.4223527559055116
11
6.0959525590551182
21
-3.4224826377952757
0
LINE
8
BLACK
6
CONTINUOUS
10
6.0959525590551182
20
-3.4224826377952757
11
6.0958085826771651
21
-3.4225423228346457
0
LINE
8
BLACK
6
CONTINUOUS
10
6.0958085826771651
20
-3.4225423228346457
11
6.0955998031496064
21
-3.4225628740157479
0
LINE
8
BLACK
6
CONTINUOUS
10
6.0955998031496064
20
-3.4225628740157479
11
6.0953950393700786
21
-3.4226094488188976
0
LINE
8
BLACK
6
CONTINUOUS
10
6.0953950393700786
20
-3.4226094488188976
11
6.0952393307086616
21
-3.4225983464566929
0
LINE
8
BLACK
6
CONTINUOUS
10
6.0952393307086616
20
-3.4225983464566929
11
6.0946564566929133
21
-3.4226557874015748
0
LINE
8
BLACK
6
CONTINUOUS
10
6.0946564566929133
20
-3.4226557874015748
11
6.0897820866141732
21
-3.4226557874015748
0
LINE
8
BLACK
6
CONTINUOUS
10
6.0897820866141732
20
-3.4226557874015748
11
6.0891989370078736
21
-3.4225983464566929
0
LINE
8
BLACK
6
CONTINUOUS
10
6.0891989370078736
20
-3.4225983464566929
11
6.0890435039370079
21
-3.4226094094488189
0
LINE
8
BLACK
6
CONTINUOUS
10
6.0890435039370079
20
-3.4226094094488189
11
6.0888389370078739
21
-3.4225628740157479
0
LINE
8
BLACK
6
CONTINUOUS
10
6.0888389370078739
20
-3.4225628740157479
11
6.0886299606299215
21
-3.4225423228346457
0
LINE
8
BLACK
6
CONTINUOUS
10
6.0886299606299215
20
-3.4225423228346457
11
6.0884858267716533
21
-3.422482598425197
0
LINE
8
BLACK
6
CONTINUOUS
10
6.0884858267716533
20
-3.422482598425197
11
6.0879146062992122
21
-3.4223527559055116
0
LINE
8
BLACK
6
CONTINUOUS
10
6.0879146062992122
20
-3.4223527559055116
11
6.0806030314960626
21
-3.4199155905511809
0
LINE
8
BLACK
6
CONTINUOUS
10
6.0806030314960626
20
-3.4199155905511809
11
6.0795459055118108
21
-3.4194436220472442
0
LINE
8
BLACK
6
CONTINUOUS
10
6.0795459055118108
20
-3.4194436220472442
11
6.0793855118110232
21
-3.419304527559055
0
LINE
8
BLACK
6
CONTINUOUS
10
6.0793855118110232
20
-3.419304527559055
11
6.0791895275590546
21
-3.4192233464566928
0
LINE
8
BLACK
6
CONTINUOUS
10
6.0791895275590546
20
-3.4192233464566928
11
6.0782946062992123
21
-3.4184888976377952
0
LINE
8
BLACK
6
CONTINUOUS
10
6.0782946062992123
20
-3.4184888976377952
11
6.0758574409448816
21
-3.4160516929133857
0
LINE
8
BLACK
6
CONTINUOUS
10
6.0758574409448816
20
-3.4160516929133857
11
6.0751229921259844
21
-3.4151567716535434
0
LINE
8
BLACK
6
CONTINUOUS
10
6.0751229921259844
20
-3.4151567716535434
11
6.0742412598425197
21
-3.4130279527559053
0
LINE
8
BLACK
6
CONTINUOUS
10
6.0742412598425197
20
-3.4130279527559053
11
6.0742412598425197
21
-3.4107237795275589
0
LINE
8
BLACK
6
CONTINUOUS
10
6.0742412598425197
20
-3.4107237795275589
11
6.0751230708661419
21
-3.4085949606299213
0
LINE
8
BLACK
6
CONTINUOUS
10
6.0751230708661419
20
-3.4085949606299213
11
6.0767524409448814
21
-3.4069655905511809
0
LINE
8
BLACK
6
CONTINUOUS
10
6.0767524409448814
20
-3.4069655905511809
11
6.0788812598425199
21
-3.4060838582677166
0
LINE
8
BLACK
6
CONTINUOUS
10
6.0788812598425199
20
-3.4060838582677166
11
6.0811854330708659
21
-3.4060838582677166
0
LINE
8
BLACK
6
CONTINUOUS
10
6.0811854330708659
20
-3.4060838582677166
11
6.0833142519685035
21
-3.4069656692913384
0
LINE
8
BLACK
6
CONTINUOUS
10
6.0833142519685035
20
-3.4069656692913384
11
6.0842091732283468
21
-3.407700118110236
0
LINE
8
BLACK
6
CONTINUOUS
10
6.0842091732283468
20
-3.407700118110236
11
6.0856605118110236
21
-3.4091514566929133
0
LINE
8
BLACK
6
CONTINUOUS
10
6.0856605118110236
20
-3.4091514566929133
11
6.0907404330708657
21
-3.4108447637795276
0
LINE
8
BLACK
6
CONTINUOUS
10
6.0907404330708657
20
-3.4108447637795276
11
6.0936980708661412
21
-3.4108447637795276
0
LINE
8
BLACK
6
CONTINUOUS
10
6.0936980708661412
20
-3.4108447637795276
11
6.0987779921259841
21
-3.4091514566929133
0
LINE
8
BLACK
6
CONTINUOUS
10
6.0987779921259841
20
-3.4091514566929133
11
6.1019889763779522
21
-3.4059405118110235
0
LINE
8
BLACK
6
CONTINUOUS
10
6.1019889763779522
20
-3.4059405118110235
11
6.103707677165354
21
-3.4025030314960629
0
LINE
8
BLACK
6
CONTINUOUS
10
6.103707677165354
20
-3.4025030314960629
11
6.1058112992125979
21
-3.3940885826771652
0
LINE
8
BLACK
6
CONTINUOUS
10
6.1058112992125979
20
-3.3940885826771652
11
6.1058112992125979
21
-3.3882308267716534
0
LINE
8
BLACK
6
CONTINUOUS
10
6.1058112992125979
20
-3.3882308267716534
11
6.1037077165354328
21
-3.3798164566929132
0
LINE
8
BLACK
6
CONTINUOUS
10
6.1037077165354328
20
-3.3798164566929132
11
6.1019889763779522
21
-3.3763789763779526
0
LINE
8
BLACK
6
CONTINUOUS
10
6.1019889763779522
20
-3.3763789763779526
11
6.0987779133858266
21
-3.3731679133858266
0
LINE
8
BLACK
6
CONTINUOUS
10
6.0987779133858266
20
-3.3731679133858266
11
6.0936981889763775
21
-3.3714746850393702
0
LINE
8
BLACK
6
CONTINUOUS
10
6.0936981889763775
20
-3.3714746850393702
11
6.0907403543307082
21
-3.3714746850393702
0
LINE
8
BLACK
6
CONTINUOUS
10
6.0907403543307082
20
-3.3714746850393702
11
6.0856605511811024
21
-3.3731679133858266
0
LINE
8
BLACK
6
CONTINUOUS
10
6.0856605511811024
20
-3.3731679133858266
11
6.0842091732283468
21
-3.3746193700787401
0
LINE
8
BLACK
6
CONTINUOUS
10
6.0842091732283468
20
-3.3746193700787401
11
6.0833142519685035
21
-3.3753538188976377
0
LINE
8
BLACK
6
CONTINUOUS
10
6.0833142519685035
20
-3.3753538188976377
11
6.0811854330708659
21
-3.3762356299212599
0
LINE
8
BLACK
6
CONTINUOUS
10
6.0811854330708659
20
-3.3762356299212599
11
6.0788812598425199
21
-3.3762356299212599
0
LINE
8
BLACK
6
CONTINUOUS
10
6.0788812598425199
20
-3.3762356299212599
11
6.0767524409448814
21
-3.3753538976377953
0
LINE
8
BLACK
6
CONTINUOUS
10
6.0767524409448814
20
-3.3753538976377953
11
6.0751230708661419
21
-3.3737245275590548
0
LINE
8
BLACK
6
CONTINUOUS
10
6.0751230708661419
20
-3.3737245275590548
11
6.0742412598425197
21
-3.3715957086614172
0
LINE
8
BLACK
6
CONTINUOUS
10
6.0742412598425197
20
-3.3715957086614172
11
6.0742412598425197
21
-3.3692915354330708
0
LINE
8
BLACK
6
CONTINUOUS
10
6.0742412598425197
20
-3.3692915354330708
11
6.0751229921259844
21
-3.3671627165354332
0
LINE
8
BLACK
6
CONTINUOUS
10
6.0751229921259844
20
-3.3671627165354332
11
6.0758574409448816
21
-3.3662677952755904
0
LINE
8
BLACK
6
CONTINUOUS
10
6.0758574409448816
20
-3.3662677952755904
11
6.0782946062992123
21
-3.3638305905511809
0
LINE
8
BLACK
6
CONTINUOUS
10
6.0782946062992123
20
-3.3638305905511809
11
6.0791895275590546
21
-3.3630961417322833
0
LINE
8
BLACK
6
CONTINUOUS
10
6.0791895275590546
20
-3.3630961417322833
11
6.0793855511811019
21
-3.3630149212598424
0
LINE
8
BLACK
6
CONTINUOUS
10
6.0793855511811019
20
-3.3630149212598424
11
6.0795458661417321
21
-3.3628759055118111
0
LINE
8
BLACK
6
CONTINUOUS
10
6.0795458661417321
20
-3.3628759055118111
11
6.0806029921259839
21
-3.362403937007874
0
LINE
8
BLACK
6
CONTINUOUS
10
6.0806029921259839
20
-3.362403937007874
11
6.0879146062992122
21
-3.3599666929133858
0
LINE
8
BLACK
6
CONTINUOUS
10
6.0879146062992122
20
-3.3599666929133858
11
6.0884859448818895
21
-3.3598367716535433
0
LINE
8
BLACK
6
CONTINUOUS
10
6.0884859448818895
20
-3.3598367716535433
11
6.0886299606299215
21
-3.3597771259842517
0
LINE
8
BLACK
6
CONTINUOUS
10
6.0886299606299215
20
-3.3597771259842517
11
6.0888387007874014
21
-3.3597565354330707
0
LINE
8
BLACK
6
CONTINUOUS
10
6.0888387007874014
20
-3.3597565354330707
11
6.0890435039370079
21
-3.3597099999999998
0
LINE
8
BLACK
6
CONTINUOUS
10
6.0890435039370079
20
-3.3597099999999998
11
6.0891991732283461
21
-3.3597210629921257
0
LINE
8
BLACK
6
CONTINUOUS
10
6.0891991732283461
20
-3.3597210629921257
11
6.0897820866141732
21
-3.359663661417323
0
LINE
8
BLACK
6
CONTINUOUS
10
6.0897820866141732
20
-3.359663661417323
11
6.0946564566929133
21
-3.359663661417323
0
LINE
8
BLACK
6
CONTINUOUS
10
6.0946564566929133
20
-3.359663661417323
11
6.0952395669291342
21
-3.3597210629921257
0
LINE
8
BLACK
6
CONTINUOUS
10
6.2469146850393695
20
-3.3597771259842517
11
6.2471106299212593
21
-3.3598582677165352
0
LINE
8
BLACK
6
CONTINUOUS
10
6.2471106299212593
20
-3.3598582677165352
11
6.2473223622047245
21
-3.359873346456693
0
LINE
8
BLACK
6
CONTINUOUS
10
6.2473223622047245
20
-3.359873346456693
11
6.2484035826771649
21
-3.3602871259842519
0
LINE
8
BLACK
6
CONTINUOUS
10
6.2484035826771649
20
-3.3602871259842519
11
6.2532779921259838
21
-3.3627243307086614
0
LINE
8
BLACK
6
CONTINUOUS
10
6.2532779921259838
20
-3.3627243307086614
11
6.2537737795275588
21
-3.3630364173228346
0
LINE
8
BLACK
6
CONTINUOUS
10
6.2537737795275588
20
-3.3630364173228346
11
6.2539178740157482
21
-3.3630961023622046
0
LINE
8
BLACK
6
CONTINUOUS
10
6.2539178740157482
20
-3.3630961023622046
11
6.2540800393700788
21
-3.3632292125984251
0
LINE
8
BLACK
6
CONTINUOUS
10
6.2540800393700788
20
-3.3632292125984251
11
6.2542577559055115
21
-3.3633410629921259
0
LINE
8
BLACK
6
CONTINUOUS
10
6.2542577559055115
20
-3.3633410629921259
11
6.2543599606299214
21
-3.363458937007874
0
LINE
8
BLACK
6
CONTINUOUS
10
6.2543599606299214
20
-3.363458937007874
11
6.2548127952755905
21
-3.3638305511811022
0
LINE
8
BLACK
6
CONTINUOUS
10
6.2548127952755905
20
-3.3638305511811022
11
6.25725
21
-3.3662677559055116
0
LINE
8
BLACK
6
CONTINUOUS
10
6.25725
20
-3.3662677559055116
11
6.2576216929133857
21
-3.3667206692913383
0
LINE
8
BLACK
6
CONTINUOUS
10
6.2576216929133857
20
-3.3667206692913383
11
6.2577394881889763
21
-3.366822834645669
0
LINE
8
BLACK
6
CONTINUOUS
10
6.2577394881889763
20
-3.366822834645669
11
6.2578512204724408
21
-3.3670003543307088
0
LINE
8
BLACK
6
CONTINUOUS
10
6.2578512204724408
20
-3.3670003543307088
11
6.2579844488188971
21
-3.3671626771653544
0
LINE
8
BLACK
6
CONTINUOUS
10
6.2579844488188971
20
-3.3671626771653544
11
6.2580441338582675
21
-3.3673068110236222
0
LINE
8
BLACK
6
CONTINUOUS
10
6.2580441338582675
20
-3.3673068110236222
11
6.2583562204724412
21
-3.3678025590551179
0
LINE
8
BLACK
6
CONTINUOUS
10
6.2583562204724412
20
-3.3678025590551179
11
6.2607933858267719
21
-3.3726769291338581
0
LINE
8
BLACK
6
CONTINUOUS
10
6.2607933858267719
20
-3.3726769291338581
11
6.2612071653543309
21
-3.3737581496062989
0
LINE
8
BLACK
6
CONTINUOUS
10
6.2612071653543309
20
-3.3737581496062989
11
6.261222204724409
21
-3.3739698425196849
0
LINE
8
BLACK
6
CONTINUOUS
10
6.261222204724409
20
-3.3739698425196849
11
6.2613033858267713
21
-3.3741658267716534
0
LINE
8
BLACK
6
CONTINUOUS
10
6.2613033858267713
20
-3.3741658267716534
11
6.2614168503937009
21
-3.3753179527559056
0
LINE
8
BLACK
6
CONTINUOUS
10
6.2614168503937009
20
-3.3753179527559056
11
6.2614168503937009
21
-3.3801923622047245
0
LINE
8
BLACK
6
CONTINUOUS
10
6.2614168503937009
20
-3.3801923622047245
11
6.2613033858267713
21
-3.3813444881889763
0
LINE
8
BLACK
6
CONTINUOUS
10
6.2613033858267713
20
-3.3813444881889763
11
6.261222204724409
21
-3.381540433070866
0
LINE
8
BLACK
6
CONTINUOUS
10
6.261222204724409
20
-3.381540433070866
11
6.2612071653543309
21
-3.3817521653543308
0
LINE
8
BLACK
6
CONTINUOUS
10
6.2612071653543309
20
-3.3817521653543308
11
6.2607933858267719
21
-3.3828333858267716
0
LINE
8
BLACK
6
CONTINUOUS
10
6.2607933858267719
20
-3.3828333858267716
11
6.2583562204724412
21
-3.3877077559055118
0
LINE
8
BLACK
6
CONTINUOUS
10
6.2583562204724412
20
-3.3877077559055118
11
6.2580441338582675
21
-3.3882034645669292
0
LINE
8
BLACK
6
CONTINUOUS
10
6.2580441338582675
20
-3.3882034645669292
11
6.2579844488188971
21
-3.3883476377952757
0
LINE
8
BLACK
6
CONTINUOUS
10
6.2579844488188971
20
-3.3883476377952757
11
6.2578512204724408
21
-3.3885099212598426
0
LINE
8
BLACK
6
CONTINUOUS
10
6.2578512204724408
20
-3.3885099212598426
11
6.2577394881889763
21
-3.3886874803149607
0
LINE
8
BLACK
6
CONTINUOUS
10
6.2577394881889763
20
-3.3886874803149607
11
6.2576216929133857
21
-3.3887896062992127
0
LINE
8
BLACK
6
CONTINUOUS
10
6.2576216929133857
20
-3.3887896062992127
11
6.25725
21
-3.3892425590551181
0
LINE
8
BLACK
6
CONTINUOUS
10
6.25725
20
-3.3892425590551181
11
6.2548127952755905
21
-3.3916797637795275
0
LINE
8
BLACK
6
CONTINUOUS
10
6.2548127952755905
20
-3.3916797637795275
11
6.2543599606299214
21
-3.3920513385826769
0
LINE
8
BLACK
6
CONTINUOUS
10
6.2543599606299214
20
-3.3920513385826769
11
6.2542577559055115
21
-3.3921692519685038
0
LINE
8
BLACK
6
CONTINUOUS
10
6.2542577559055115
20
-3.3921692519685038
11
6.2540800393700788
21
-3.3922810629921258
0
LINE
8
BLACK
6
CONTINUOUS
10
6.2540800393700788
20
-3.3922810629921258
11
6.2539178740157482
21
-3.3924142125984251
0
LINE
8
BLACK
6
CONTINUOUS
10
6.2539178740157482
20
-3.3924142125984251
11
6.2537737795275588
21
-3.3924738582677163
0
LINE
8
BLACK
6
CONTINUOUS
10
6.2537737795275588
20
-3.3924738582677163
11
6.2532779921259838
21
-3.3927859842519683
0
LINE
8
BLACK
6
CONTINUOUS
10
6.2532779921259838
20
-3.3927859842519683
11
6.2484035826771649
21
-3.3952231889763778
0
LINE
8
BLACK
6
CONTINUOUS
10
6.2484035826771649
20
-3.3952231889763778
11
6.2483193700787396
21
-3.3952553937007872
0
LINE
8
BLACK
6
CONTINUOUS
10
6.2483193700787396
20
-3.3952553937007872
11
6.2482850787401576
21
-3.3952808267716534
0
LINE
8
BLACK
6
CONTINUOUS
10
6.2482850787401576
20
-3.3952808267716534
11
6.2478019685039365
21
-3.3954533858267717
0
LINE
8
BLACK
6
CONTINUOUS
10
6.2478019685039365
20
-3.3954533858267717
11
6.2473223622047245
21
-3.3956369685039371
0
LINE
8
BLACK
6
CONTINUOUS
10
6.2473223622047245
20
-3.3956369685039371
11
6.2472797244094487
21
-3.395639960629921
0
LINE
8
BLACK
6
CONTINUOUS
10
6.2472797244094487
20
-3.395639960629921
11
6.2471948818897634
21
-3.39567031496063
0
LINE
8
BLACK
6
CONTINUOUS
10
6.2471948818897634
20
-3.39567031496063
11
6.2380749606299215
21
-3.3979502755905511
0
LINE
8
BLACK
6
CONTINUOUS
10
6.2380749606299215
20
-3.3979502755905511
11
6.2346375984251967
21
-3.3996689763779528
0
LINE
8
BLACK
6
CONTINUOUS
10
6.2346375984251967
20
-3.3996689763779528
11
6.2335556692913388
21
-3.4007509055118108
0
LINE
8
BLACK
6
CONTINUOUS
10
6.2335556692913388
20
-3.4007509055118108
11
6.2321705118110238
21
-3.4035212204724408
0
LINE
8
BLACK
6
CONTINUOUS
10
6.2321705118110238
20
-3.4035212204724408
11
6.2321705118110238
21
-3.405607401574803
0
LINE
8
BLACK
6
CONTINUOUS
10
6.2321705118110238
20
-3.405607401574803
11
6.2335556692913388
21
-3.408377716535433
0
LINE
8
BLACK
6
CONTINUOUS
10
6.2335556692913388
20
-3.408377716535433
11
6.2346375984251967
21
-3.4094596456692914
0
LINE
8
BLACK
6
CONTINUOUS
10
6.2346375984251967
20
-3.4094596456692914
11
6.2374078346456692
21
-3.4108447637795276
0
LINE
8
BLACK
6
CONTINUOUS
10
6.2374078346456692
20
-3.4108447637795276
11
6.247241377952756
21
-3.4108447637795276
0
LINE
8
BLACK
6
CONTINUOUS
10
6.247241377952756
20
-3.4108447637795276
11
6.2536438976377955
21
-3.4087106299212597
0
LINE
8
BLACK
6
CONTINUOUS
10
6.2536438976377955
20
-3.4087106299212597
11
6.2547727559055115
21
-3.4084539370078741
0
LINE
8
BLACK
6
CONTINUOUS
10
6.2547727559055115
20
-3.4084539370078741
11
6.2570711811023623
21
-3.4086173228346457
0
LINE
8
BLACK
6
CONTINUOUS
10
6.2570711811023623
20
-3.4086173228346457
11
6.2591320866141729
21
-3.4096477952755904
0
LINE
8
BLACK
6
CONTINUOUS
10
6.2591320866141729
20
-3.4096477952755904
11
6.2606418503937009
21
-3.4113885039370078
0
LINE
8
BLACK
6
CONTINUOUS
10
6.2606418503937009
20
-3.4113885039370078
11
6.2613705118110232
21
-3.4135745275590552
0
LINE
8
BLACK
6
CONTINUOUS
10
6.2613705118110232
20
-3.4135745275590552
11
6.2612071259842521
21
-3.4158729527559055
0
LINE
8
BLACK
6
CONTINUOUS
10
6.2612071259842521
20
-3.4158729527559055
11
6.2601766929133857
21
-3.4179338582677166
0
LINE
8
BLACK
6
CONTINUOUS
10
6.2601766929133857
20
-3.4179338582677166
11
6.2584359448818896
21
-3.4194435826771654
0
LINE
8
BLACK
6
CONTINUOUS
10
6.2584359448818896
20
-3.4194435826771654
11
6.2573788188976378
21
-3.4199155905511809
0
LINE
8
BLACK
6
CONTINUOUS
10
6.2573788188976378
20
-3.4199155905511809
11
6.2500672440944882
21
-3.4223527559055116
0
LINE
8
BLACK
6
CONTINUOUS
10
6.2500672440944882
20
-3.4223527559055116
11
6.2494958661417321
21
-3.4224826377952757
0
LINE
8
BLACK
6
CONTINUOUS
10
6.2494958661417321
20
-3.4224826377952757
11
6.249351889763779
21
-3.4225423228346457
0
LINE
8
BLACK
6
CONTINUOUS
10
6.249351889763779
20
-3.4225423228346457
11
6.2491431102362203
21
-3.4225628740157479
0
LINE
8
BLACK
6
CONTINUOUS
10
6.2491431102362203
20
-3.4225628740157479
11
6.2489383464566925
21
-3.4226094488188976
0
LINE
8
BLACK
6
CONTINUOUS
10
6.2489383464566925
20
-3.4226094488188976
11
6.2487826377952755
21
-3.4225983464566929
0
LINE
8
BLACK
6
CONTINUOUS
10
6.2487826377952755
20
-3.4225983464566929
11
6.2481997637795272
21
-3.4226557874015748
0
LINE
8
BLACK
6
CONTINUOUS
10
6.2481997637795272
20
-3.4226557874015748
11
6.2360137795275588
21
-3.4226557874015748
0
LINE
8
BLACK
6
CONTINUOUS
10
6.2360137795275588
20
-3.4226557874015748
11
6.234861653543307
21
-3.4225423228346457
0
LINE
8
BLACK
6
CONTINUOUS
10
6.234861653543307
20
-3.4225423228346457
11
6.2346656692913385
21
-3.4224611417322834
0
LINE
8
BLACK
6
CONTINUOUS
10
6.2346656692913385
20
-3.4224611417322834
11
6.234453976377953
21
-3.4224461023622048
0
LINE
8
BLACK
6
CONTINUOUS
10
6.234453976377953
20
-3.4224461023622048
11
6.2333727559055117
21
-3.4220323228346454
0
LINE
8
BLACK
6
CONTINUOUS
10
6.2333727559055117
20
-3.4220323228346454
11
6.2284983858267715
21
-3.4195951574803147
0
LINE
8
BLACK
6
CONTINUOUS
10
6.2284983858267715
20
-3.4195951574803147
11
6.2280026377952753
21
-3.4192830708661415
0
LINE
8
BLACK
6
CONTINUOUS
10
6.2280026377952753
20
-3.4192830708661415
11
6.227858503937008
21
-3.4192233858267715
0
LINE
8
BLACK
6
CONTINUOUS
10
6.227858503937008
20
-3.4192233858267715
11
6.2276961811023623
21
-3.4190901574803148
0
LINE
8
BLACK
6
CONTINUOUS
10
6.2276961811023623
20
-3.4190901574803148
11
6.2275186614173226
21
-3.4189784251968502
0
LINE
8
BLACK
6
CONTINUOUS
10
6.2275186614173226
20
-3.4189784251968502
11
6.2274164960629923
21
-3.4188606299212596
0
LINE
8
BLACK
6
CONTINUOUS
10
6.2274164960629923
20
-3.4188606299212596
11
6.2269635826771657
21
-3.4184889370078739
0
LINE
8
BLACK
6
CONTINUOUS
10
6.2269635826771657
20
-3.4184889370078739
11
6.2245263779527562
21
-3.4160517322834645
0
LINE
8
BLACK
6
CONTINUOUS
10
6.2245263779527562
20
-3.4160517322834645
11
6.2241547637795271
21
-3.4155988976377953
0
LINE
8
BLACK
6
CONTINUOUS
10
6.2241547637795271
20
-3.4155988976377953
11
6.224036889763779
21
-3.4154966929133859
0
LINE
8
BLACK
6
CONTINUOUS
10
6.224036889763779
20
-3.4154966929133859
11
6.2239250393700782
21
-3.4153189763779528
0
LINE
8
BLACK
6
CONTINUOUS
10
6.2239250393700782
20
-3.4153189763779528
11
6.2237919291338581
21
-3.4151568110236221
0
LINE
8
BLACK
6
CONTINUOUS
10
6.2237919291338581
20
-3.4151568110236221
11
6.2237322440944878
21
-3.4150127165354331
0
LINE
8
BLACK
6
CONTINUOUS
10
6.2237322440944878
20
-3.4150127165354331
11
6.223420157480315
21
-3.4145169291338582
0
LINE
8
BLACK
6
CONTINUOUS
10
6.223420157480315
20
-3.4145169291338582
11
6.2209829527559055
21
-3.4096425196850393
0
LINE
8
BLACK
6
CONTINUOUS
10
6.2209829527559055
20
-3.4096425196850393
11
6.2205691732283466
21
-3.4085612992125984
0
LINE
8
BLACK
6
CONTINUOUS
10
6.2205691732283466
20
-3.4085612992125984
11
6.2205540944881887
21
-3.4083495669291337
0
LINE
8
BLACK
6
CONTINUOUS
10
6.2205540944881887
20
-3.4083495669291337
11
6.2204729527559053
21
-3.4081536220472439
0
LINE
8
BLACK
6
CONTINUOUS
10
6.2204729527559053
20
-3.4081536220472439
11
6.2203594881889765
21
-3.4070014960629922
0
LINE
8
BLACK
6
CONTINUOUS
10
6.2203594881889765
20
-3.4070014960629922
11
6.2203594881889765
21
-3.402127125984252
0
LINE
8
BLACK
6
CONTINUOUS
10
6.2203594881889765
20
-3.402127125984252
11
6.2204729527559053
21
-3.4009749999999999
0
LINE
8
BLACK
6
CONTINUOUS
10
6.2204729527559053
20
-3.4009749999999999
11
6.2205540944881887
21
-3.4007790157480313
0
LINE
8
BLACK
6
CONTINUOUS
10
6.2205540944881887
20
-3.4007790157480313
11
6.2205691732283466
21
-3.4005673228346458
0
LINE
8
BLACK
6
CONTINUOUS
10
6.2205691732283466
20
-3.4005673228346458
11
6.2209829527559055
21
-3.3994861023622045
0
LINE
8
BLACK
6
CONTINUOUS
10
6.2209829527559055
20
-3.3994861023622045
11
6.223420157480315
21
-3.3946116929133856
0
LINE
8
BLACK
6
CONTINUOUS
10
6.223420157480315
20
-3.3946116929133856
11
6.2237322440944878
21
-3.3941158661417323
0
LINE
8
BLACK
6
CONTINUOUS
10
6.2237322440944878
20
-3.3941158661417323
11
6.2237919291338581
21
-3.3939718110236221
0
LINE
8
BLACK
6
CONTINUOUS
10
6.2237919291338581
20
-3.3939718110236221
11
6.2239250393700782
21
-3.3938096062992127
0
LINE
8
BLACK
6
CONTINUOUS
10
6.2239250393700782
20
-3.3938096062992127
11
6.224036889763779
21
-3.3936319291338584
0
LINE
8
BLACK
6
CONTINUOUS
10
6.224036889763779
20
-3.3936319291338584
11
6.2241547637795271
21
-3.3935296850393701
0
LINE
8
BLACK
6
CONTINUOUS
10
6.2241547637795271
20
-3.3935296850393701
11
6.2245263779527562
21
-3.3930768897637793
0
LINE
8
BLACK
6
CONTINUOUS
10
6.2245263779527562
20
-3.3930768897637793
11
6.2269635826771657
21
-3.3906396850393699
0
LINE
8
BLACK
6
CONTINUOUS
10
6.2269635826771657
20
-3.3906396850393699
11
6.2274164960629923
21
-3.3902679527559054
0
LINE
8
BLACK
6
CONTINUOUS
10
6.2274164960629923
20
-3.3902679527559054
11
6.2275186614173226
21
-3.3901501968503935
0
LINE
8
BLACK
6
CONTINUOUS
10
6.2275186614173226
20
-3.3901501968503935
11
6.2276961811023623
21
-3.3900384251968503
0
LINE
8
BLACK
6
CONTINUOUS
10
6.2276961811023623
20
-3.3900384251968503
11
6.227858503937008
21
-3.3899052362204722
0
LINE
8
BLACK
6
CONTINUOUS
10
6.227858503937008
20
-3.3899052362204722
11
6.2280026377952753
21
-3.3898455118110236
0
LINE
8
BLACK
6
CONTINUOUS
10
6.2280026377952753
20
-3.3898455118110236
11
6.2284983858267715
21
-3.3895334645669291
0
LINE
8
BLACK
6
CONTINUOUS
10
6.2284983858267715
20
-3.3895334645669291
11
6.2333727559055117
21
-3.3870962992125984
0
LINE
8
BLACK
6
CONTINUOUS
10
6.2333727559055117
20
-3.3870962992125984
11
6.2334569291338582
21
-3.3870640551181102
0
LINE
8
BLACK
6
CONTINUOUS
10
6.2334569291338582
20
-3.3870640551181102
11
6.2334912598425198
21
-3.3870386614173227
0
LINE
8
BLACK
6
CONTINUOUS
10
6.2334912598425198
20
-3.3870386614173227
11
6.2339740944881887
21
-3.3868661417322832
0
LINE
8
BLACK
6
CONTINUOUS
10
6.2339740944881887
20
-3.3868661417322832
11
6.234453976377953
21
-3.3866825196850394
0
LINE
8
BLACK
6
CONTINUOUS
10
6.234453976377953
20
-3.3866825196850394
11
6.2344966141732279
21
-3.3866794881889764
0
LINE
8
BLACK
6
CONTINUOUS
10
6.2344966141732279
20
-3.3866794881889764
11
6.2345814960629919
21
-3.3866491732283466
0
LINE
8
BLACK
6
CONTINUOUS
10
6.2345814960629919
20
-3.3866491732283466
11
6.2437012598425197
21
-3.384369212598425
0
LINE
8
BLACK
6
CONTINUOUS
10
6.2437012598425197
20
-3.384369212598425
11
6.2471387795275586
21
-3.382650472440945
0
LINE
8
BLACK
6
CONTINUOUS
10
6.2471387795275586
20
-3.382650472440945
11
6.2482207086614174
21
-3.3815685433070866
0
LINE
8
BLACK
6
CONTINUOUS
10
6.2482207086614174
20
-3.3815685433070866
11
6.2496058267716537
21
-3.3787983070866141
0
LINE
8
BLACK
6
CONTINUOUS
10
6.2496058267716537
20
-3.3787983070866141
11
6.2496058267716537
21
-3.3767120078740156
0
LINE
8
BLACK
6
CONTINUOUS
10
6.2496058267716537
20
-3.3767120078740156
11
6.2482207086614174
21
-3.3739417716535431
0
LINE
8
BLACK
6
CONTINUOUS
10
6.2482207086614174
20
-3.3739417716535431
11
6.2471387795275586
21
-3.3728598425196852
0
LINE
8
BLACK
6
CONTINUOUS
10
6.2471387795275586
20
-3.3728598425196852
11
6.2443684645669286
21
-3.3714746850393702
0
LINE
8
BLACK
6
CONTINUOUS
10
6.2443684645669286
20
-3.3714746850393702
11
6.2345348818897639
21
-3.3714746850393702
0
LINE
8
BLACK
6
CONTINUOUS
10
6.2345348818897639
20
-3.3714746850393702
11
6.2281324803149607
21
-3.3736088188976376
0
LINE
8
BLACK
6
CONTINUOUS
10
6.2281324803149607
20
-3.3736088188976376
11
6.2270036220472438
21
-3.3738655118110237
0
LINE
8
BLACK
6
CONTINUOUS
10
6.2270036220472438
20
-3.3738655118110237
11
6.2247051574803152
21
-3.3737021653543304
0
LINE
8
BLACK
6
CONTINUOUS
10
6.2247051574803152
20
-3.3737021653543304
11
6.2226442519685037
21
-3.3726716929133858
0
LINE
8
BLACK
6
CONTINUOUS
10
6.2226442519685037
20
-3.3726716929133858
11
6.2211345275590553
21
-3.3709309842519684
0
LINE
8
BLACK
6
CONTINUOUS
10
6.2211345275590553
20
-3.3709309842519684
11
6.2204058661417321
21
-3.3687450000000001
0
LINE
8
BLACK
6
CONTINUOUS
10
6.2204058661417321
20
-3.3687450000000001
11
6.2205692125984253
21
-3.3664465354330706
0
LINE
8
BLACK
6
CONTINUOUS
10
6.2205692125984253
20
-3.3664465354330706
11
6.2215996850393696
21
-3.3643856299212596
0
LINE
8
BLACK
6
CONTINUOUS
10
6.2215996850393696
20
-3.3643856299212596
11
6.223340393700787
21
-3.3628759055118111
0
LINE
8
BLACK
6
CONTINUOUS
10
6.223340393700787
20
-3.3628759055118111
11
6.2243975196850396
21
-3.362403937007874
0
LINE
8
BLACK
6
CONTINUOUS
10
6.2243975196850396
20
-3.362403937007874
11
6.231709133858268
21
-3.3599666929133858
0
LINE
8
BLACK
6
CONTINUOUS
10
6.231709133858268
20
-3.3599666929133858
11
6.2322804724409444
21
-3.3598367716535433
0
LINE
8
BLACK
6
CONTINUOUS
10
6.2322804724409444
20
-3.3598367716535433
11
6.2324244881889763
21
-3.3597771259842517
0
LINE
8
BLACK
6
CONTINUOUS
10
6.2324244881889763
20
-3.3597771259842517
11
6.2326332283464563
21
-3.3597565354330707
0
LINE
8
BLACK
6
CONTINUOUS
10
6.2326332283464563
20
-3.3597565354330707
11
6.2328380314960627
21
-3.3597099999999998
0
LINE
8
BLACK
6
CONTINUOUS
10
6.2328380314960627
20
-3.3597099999999998
11
6.232993700787401
21
-3.3597210629921257
0
LINE
8
BLACK
6
CONTINUOUS
10
6.232993700787401
20
-3.3597210629921257
11
6.2335766141732281
21
-3.359663661417323
0
LINE
8
BLACK
6
CONTINUOUS
10
6.2335766141732281
20
-3.359663661417323
11
6.2457625590551178
21
-3.359663661417323
0
LINE
8
BLACK
6
CONTINUOUS
10
6.2457625590551178
20
-3.359663661417323
11
6.2469146850393695
21
-3.3597771259842517
0
LINE
8
BLACK
6
CONTINUOUS
10
5.4109437007874011
20
-3.3598434645669291
11
5.4113644881889762
21
-3.3598733858267718
0
LINE
8
BLACK
6
CONTINUOUS
10
5.4113644881889762
20
-3.3598733858267718
11
5.4120265748031491
21
-3.3602044094488188
0
LINE
8
BLACK
6
CONTINUOUS
10
5.4120265748031491
20
-3.3602044094488188
11
5.4127292519685035
21
-3.3604386614173229
0
LINE
8
BLACK
6
CONTINUOUS
10
5.4127292519685035
20
-3.3604386614173229
11
5.41304811023622
21
-3.3607151968503937
0
LINE
8
BLACK
6
CONTINUOUS
10
5.41304811023622
20
-3.3607151968503937
11
5.4134253937007877
21
-3.3609038582677164
0
LINE
8
BLACK
6
CONTINUOUS
10
5.4134253937007877
20
-3.3609038582677164
11
5.4139104330708658
21
-3.3614631102362202
0
LINE
8
BLACK
6
CONTINUOUS
10
5.4139104330708658
20
-3.3614631102362202
11
5.4144699999999997
21
-3.3619484251968501
0
LINE
8
BLACK
6
CONTINUOUS
10
5.4144699999999997
20
-3.3619484251968501
11
5.4146587007874016
21
-3.3623258661417323
0
LINE
8
BLACK
6
CONTINUOUS
10
5.4146587007874016
20
-3.3623258661417323
11
5.4149351181102361
21
-3.3626445669291338
0
LINE
8
BLACK
6
CONTINUOUS
10
5.4149351181102361
20
-3.3626445669291338
11
5.4154071259842516
21
-3.3637016929133856
0
LINE
8
BLACK
6
CONTINUOUS
10
5.4154071259842516
20
-3.3637016929133856
11
5.4324674409448814
21
-3.4148827952755907
0
LINE
8
BLACK
6
CONTINUOUS
10
5.4324674409448814
20
-3.4148827952755907
11
5.4327241338582679
21
-3.4160116535433072
0
LINE
8
BLACK
6
CONTINUOUS
10
5.4327241338582679
20
-3.4160116535433072
11
5.4325607874015747
21
-3.4183100787401575
0
LINE
8
BLACK
6
CONTINUOUS
10
5.4325607874015747
20
-3.4183100787401575
11
5.4315303149606295
21
-3.4203709842519685
0
LINE
8
BLACK
6
CONTINUOUS
10
5.4315303149606295
20
-3.4203709842519685
11
5.4297896062992121
21
-3.4218807480314961
0
LINE
8
BLACK
6
CONTINUOUS
10
5.4297896062992121
20
-3.4218807480314961
11
5.4276035826771656
21
-3.4226094094488189
0
LINE
8
BLACK
6
CONTINUOUS
10
5.4276035826771656
20
-3.4226094094488189
11
5.4253051574803148
21
-3.4224460629921261
0
LINE
8
BLACK
6
CONTINUOUS
10
5.4253051574803148
20
-3.4224460629921261
11
5.4232442519685042
21
-3.4214155905511809
0
LINE
8
BLACK
6
CONTINUOUS
10
5.4232442519685042
20
-3.4214155905511809
11
5.4217345275590549
21
-3.4196748818897635
0
LINE
8
BLACK
6
CONTINUOUS
10
5.4217345275590549
20
-3.4196748818897635
11
5.4212625196850395
21
-3.4186177559055118
0
LINE
8
BLACK
6
CONTINUOUS
10
5.4212625196850395
20
-3.4186177559055118
11
5.4177341338582679
21
-3.4080326377952757
0
LINE
8
BLACK
6
CONTINUOUS
10
5.4177341338582679
20
-3.4080326377952757
11
5.401875078740157
21
-3.4080326377952757
0
LINE
8
BLACK
6
CONTINUOUS
10
5.401875078740157
20
-3.4080326377952757
11
5.3983466929133854
21
-3.4186177559055118
0
LINE
8
BLACK
6
CONTINUOUS
10
5.3983466929133854
20
-3.4186177559055118
11
5.3978747244094487
21
-3.4196748818897635
0
LINE
8
BLACK
6
CONTINUOUS
10
5.3978747244094487
20
-3.4196748818897635
11
5.3963650000000003
21
-3.4214155905511809
0
LINE
8
BLACK
6
CONTINUOUS
10
5.3963650000000003
20
-3.4214155905511809
11
5.3943040551181101
21
-3.4224460629921261
0
LINE
8
BLACK
6
CONTINUOUS
10
5.3943040551181101
20
-3.4224460629921261
11
5.3920056299212593
21
-3.4226094094488189
0
LINE
8
BLACK
6
CONTINUOUS
10
5.3920056299212593
20
-3.4226094094488189
11
5.3898196456692915
21
-3.4218807480314961
0
LINE
8
BLACK
6
CONTINUOUS
10
5.3898196456692915
20
-3.4218807480314961
11
5.3880789370078741
21
-3.4203710236220473
0
LINE
8
BLACK
6
CONTINUOUS
10
5.3880789370078741
20
-3.4203710236220473
11
5.387048464566929
21
-3.4183100787401575
0
LINE
8
BLACK
6
CONTINUOUS
10
5.387048464566929
20
-3.4183100787401575
11
5.3868851181102357
21
-3.4160116535433072
0
LINE
8
BLACK
6
CONTINUOUS
10
5.3868851181102357
20
-3.4160116535433072
11
5.3871418110236222
21
-3.4148827952755907
0
LINE
8
BLACK
6
CONTINUOUS
10
5.3871418110236222
20
-3.4148827952755907
11
5.4042022047244096
21
-3.3637016535433069
0
LINE
8
BLACK
6
CONTINUOUS
10
5.4042022047244096
20
-3.3637016535433069
11
5.4046741732283463
21
-3.3626445275590551
0
LINE
8
BLACK
6
CONTINUOUS
10
5.4046741732283463
20
-3.3626445275590551
11
5.4049506692913383
21
-3.3623257086614173
0
LINE
8
BLACK
6
CONTINUOUS
10
5.4049506692913383
20
-3.3623257086614173
11
5.4051393307086615
21
-3.3619484251968501
0
LINE
8
BLACK
6
CONTINUOUS
10
5.4051393307086615
20
-3.3619484251968501
11
5.4056986614173228
21
-3.3614632677165353
0
LINE
8
BLACK
6
CONTINUOUS
10
5.4056986614173228
20
-3.3614632677165353
11
5.4061839370078735
21
-3.3609038188976377
0
LINE
8
BLACK
6
CONTINUOUS
10
5.4061839370078735
20
-3.3609038188976377
11
5.4065612992125986
21
-3.3607151181102362
0
LINE
8
BLACK
6
CONTINUOUS
10
5.4065612992125986
20
-3.3607151181102362
11
5.4068800393700789
21
-3.3604387007874017
0
LINE
8
BLACK
6
CONTINUOUS
10
5.4068800393700789
20
-3.3604387007874017
11
5.4075824803149608
21
-3.3602045275590551
0
LINE
8
BLACK
6
CONTINUOUS
10
5.4075824803149608
20
-3.3602045275590551
11
5.408244842519685
21
-3.3598733858267718
0
LINE
8
BLACK
6
CONTINUOUS
10
5.408244842519685
20
-3.3598733858267718
11
5.4086657480314964
21
-3.3598434251968503
0
LINE
8
BLACK
6
CONTINUOUS
10
5.4086657480314964
20
-3.3598434251968503
11
5.4090660629921254
21
-3.3597100393700785
0
LINE
8
BLACK
6
CONTINUOUS
10
5.4090660629921254
20
-3.3597100393700785
11
5.4098044488188979
21
-3.3597624803149606
0
LINE
8
BLACK
6
CONTINUOUS
10
5.4098044488188979
20
-3.3597624803149606
11
5.4105432677165357
21
-3.3597099999999998
0
LINE
8
BLACK
6
CONTINUOUS
10
5.4105432677165357
20
-3.3597099999999998
11
5.4109437007874011
21
-3.3598434645669291
0
LINE
8
BLACK
6
CONTINUOUS
10
5.4058120866141728
20
-3.3962216141732284
11
5.4137971259842521
21
-3.3962216141732284
0
LINE
8
BLACK
6
CONTINUOUS
10
5.4137971259842521
20
-3.3962216141732284
11
5.4098046062992129
21
-3.3842440551181103
0
LINE
8
BLACK
6
CONTINUOUS
10
5.4098046062992129
20
-3.3842440551181103
11
5.4058120866141728
21
-3.3962216141732284
0
LINE
8
BLACK
6
CONTINUOUS
10
6.1445394488188976
20
-3.3598434645669291
11
6.1449602362204727
21
-3.3598733858267718
0
LINE
8
BLACK
6
CONTINUOUS
10
6.1449602362204727
20
-3.3598733858267718
11
6.1456223228346456
21
-3.3602044094488188
0
LINE
8
BLACK
6
CONTINUOUS
10
6.1456223228346456
20
-3.3602044094488188
11
6.146325
21
-3.3604386614173229
0
LINE
8
BLACK
6
CONTINUOUS
10
6.146325
20
-3.3604386614173229
11
6.1466438582677165
21
-3.3607151968503937
0
LINE
8
BLACK
6
CONTINUOUS
10
6.1466438582677165
20
-3.3607151968503937
11
6.1470211417322833
21
-3.3609038582677164
0
LINE
8
BLACK
6
CONTINUOUS
10
6.1470211417322833
20
-3.3609038582677164
11
6.1475061811023624
21
-3.3614631102362202
0
LINE
8
BLACK
6
CONTINUOUS
10
6.1475061811023624
20
-3.3614631102362202
11
6.1480657480314962
21
-3.3619484251968501
0
LINE
8
BLACK
6
CONTINUOUS
10
6.1480657480314962
20
-3.3619484251968501
11
6.1482544488188973
21
-3.3623258661417323
0
LINE
8
BLACK
6
CONTINUOUS
10
6.1482544488188973
20
-3.3623258661417323
11
6.1485308661417317
21
-3.3626445669291338
0
LINE
8
BLACK
6
CONTINUOUS
10
6.1485308661417317
20
-3.3626445669291338
11
6.1490028740157481
21
-3.3637016929133856
0
LINE
8
BLACK
6
CONTINUOUS
10
6.1490028740157481
20
-3.3637016929133856
11
6.166063188976378
21
-3.4148827952755907
0
LINE
8
BLACK
6
CONTINUOUS
10
6.166063188976378
20
-3.4148827952755907
11
6.1663198818897635
21
-3.4160116535433072
0
LINE
8
BLACK
6
CONTINUOUS
10
6.1663198818897635
20
-3.4160116535433072
11
6.1661565354330703
21
-3.4183100787401575
0
LINE
8
BLACK
6
CONTINUOUS
10
6.1661565354330703
20
-3.4183100787401575
11
6.1651260629921261
21
-3.4203709842519685
0
LINE
8
BLACK
6
CONTINUOUS
10
6.1651260629921261
20
-3.4203709842519685
11
6.1633853543307087
21
-3.4218807480314961
0
LINE
8
BLACK
6
CONTINUOUS
10
6.1633853543307087
20
-3.4218807480314961
11
6.1611993307086612
21
-3.4226094094488189
0
LINE
8
BLACK
6
CONTINUOUS
10
6.1611993307086612
20
-3.4226094094488189
11
6.1589009055118105
21
-3.4224460629921261
0
LINE
8
BLACK
6
CONTINUOUS
10
6.1589009055118105
20
-3.4224460629921261
11
6.1568399999999999
21
-3.4214155905511809
0
LINE
8
BLACK
6
CONTINUOUS
10
6.1568399999999999
20
-3.4214155905511809
11
6.1553302755905515
21
-3.4196748818897635
0
LINE
8
BLACK
6
CONTINUOUS
10
6.1553302755905515
20
-3.4196748818897635
11
6.1548582677165351
21
-3.4186177559055118
0
LINE
8
BLACK
6
CONTINUOUS
10
6.1548582677165351
20
-3.4186177559055118
11
6.1513298818897635
21
-3.4080326377952757
0
LINE
8
BLACK
6
CONTINUOUS
10
6.1513298818897635
20
-3.4080326377952757
11
6.1354708267716536
21
-3.4080326377952757
0
LINE
8
BLACK
6
CONTINUOUS
10
6.1354708267716536
20
-3.4080326377952757
11
6.1319424409448819
21
-3.4186177559055118
0
LINE
8
BLACK
6
CONTINUOUS
10
6.1319424409448819
20
-3.4186177559055118
11
6.1314704724409443
21
-3.4196748818897635
0
LINE
8
BLACK
6
CONTINUOUS
10
6.1314704724409443
20
-3.4196748818897635
11
6.1299607480314959
21
-3.4214155905511809
0
LINE
8
BLACK
6
CONTINUOUS
10
6.1299607480314959
20
-3.4214155905511809
11
6.1278998031496066
21
-3.4224460629921261
0
LINE
8
BLACK
6
CONTINUOUS
10
6.1278998031496066
20
-3.4224460629921261
11
6.1256013779527558
21
-3.4226094094488189
0
LINE
8
BLACK
6
CONTINUOUS
10
6.1256013779527558
20
-3.4226094094488189
11
6.1234153937007871
21
-3.4218807480314961
0
LINE
8
BLACK
6
CONTINUOUS
10
6.1234153937007871
20
-3.4218807480314961
11
6.1216746850393697
21
-3.4203710236220473
0
LINE
8
BLACK
6
CONTINUOUS
10
6.1216746850393697
20
-3.4203710236220473
11
6.1206442125984246
21
-3.4183100787401575
0
LINE
8
BLACK
6
CONTINUOUS
10
6.1206442125984246
20
-3.4183100787401575
11
6.1204808661417323
21
-3.4160116535433072
0
LINE
8
BLACK
6
CONTINUOUS
10
6.1204808661417323
20
-3.4160116535433072
11
6.1207375590551178
21
-3.4148827952755907
0
LINE
8
BLACK
6
CONTINUOUS
10
6.1207375590551178
20
-3.4148827952755907
11
6.1377979527559052
21
-3.3637016535433069
0
LINE
8
BLACK
6
CONTINUOUS
10
6.1377979527559052
20
-3.3637016535433069
11
6.1382699212598419
21
-3.3626445275590551
0
LINE
8
BLACK
6
CONTINUOUS
10
6.1382699212598419
20
-3.3626445275590551
11
6.1385464173228348
21
-3.3623257086614173
0
LINE
8
BLACK
6
CONTINUOUS
10
6.1385464173228348
20
-3.3623257086614173
11
6.1387350787401571
21
-3.3619484251968501
0
LINE
8
BLACK
6
CONTINUOUS
10
6.1387350787401571
20
-3.3619484251968501
11
6.1392944094488184
21
-3.3614632677165353
0
LINE
8
BLACK
6
CONTINUOUS
10
6.1392944094488184
20
-3.3614632677165353
11
6.13977968503937
21
-3.3609038188976377
0
LINE
8
BLACK
6
CONTINUOUS
10
6.13977968503937
20
-3.3609038188976377
11
6.1401570472440943
21
-3.3607151181102362
0
LINE
8
BLACK
6
CONTINUOUS
10
6.1401570472440943
20
-3.3607151181102362
11
6.1404757874015745
21
-3.3604387007874017
0
LINE
8
BLACK
6
CONTINUOUS
10
6.1404757874015745
20
-3.3604387007874017
11
6.1411782283464564
21
-3.3602045275590551
0
LINE
8
BLACK
6
CONTINUOUS
10
6.1411782283464564
20
-3.3602045275590551
11
6.1418405905511806
21
-3.3598733858267718
0
LINE
8
BLACK
6
CONTINUOUS
10
6.1418405905511806
20
-3.3598733858267718
11
6.142261496062992
21
-3.3598434251968503
0
LINE
8
BLACK
6
CONTINUOUS
10
6.142261496062992
20
-3.3598434251968503
11
6.142661811023622
21
-3.3597100393700785
0
LINE
8
BLACK
6
CONTINUOUS
10
6.142661811023622
20
-3.3597100393700785
11
6.1434001968503935
21
-3.3597624803149606
0
LINE
8
BLACK
6
CONTINUOUS
10
6.1434001968503935
20
-3.3597624803149606
11
6.1441390157480313
21
-3.3597099999999998
0
LINE
8
BLACK
6
CONTINUOUS
10
6.1441390157480313
20
-3.3597099999999998
11
6.1445394488188976
21
-3.3598434645669291
0
LINE
8
BLACK
6
CONTINUOUS
10
6.1394078346456693
20
-3.3962216141732284
11
6.1473928740157477
21
-3.3962216141732284
0
LINE
8
BLACK
6
CONTINUOUS
10
6.1473928740157477
20
-3.3962216141732284
11
6.1434003543307085
21
-3.3842440551181103
0
LINE
8
BLACK
6
CONTINUOUS
10
6.1434003543307085
20
-3.3842440551181103
11
6.1394078346456693
21
-3.3962216141732284
0
LINE
8
BLACK
6
CONTINUOUS
10
5.6717366535433067
20
-3.3597771259842517
11
5.6738654724409452
21
-3.3606589370078739
0
LINE
8
BLACK
6
CONTINUOUS
10
5.6738654724409452
20
-3.3606589370078739
11
5.6754947637795272
21
-3.3622882283464568
0
LINE
8
BLACK
6
CONTINUOUS
10
5.6754947637795272
20
-3.3622882283464568
11
5.6763765748031494
21
-3.3644170472440944
0
LINE
8
BLACK
6
CONTINUOUS
10
5.6763765748031494
20
-3.3644170472440944
11
5.676490039370079
21
-3.3655691732283466
0
LINE
8
BLACK
6
CONTINUOUS
10
5.676490039370079
20
-3.3655691732283466
11
5.676490039370079
21
-3.4167502755905512
0
LINE
8
BLACK
6
CONTINUOUS
10
5.676490039370079
20
-3.4167502755905512
11
5.6763765748031494
21
-3.417902401574803
0
LINE
8
BLACK
6
CONTINUOUS
10
5.6763765748031494
20
-3.417902401574803
11
5.6754947637795272
21
-3.420031220472441
0
LINE
8
BLACK
6
CONTINUOUS
10
5.6754947637795272
20
-3.420031220472441
11
5.6738654724409452
21
-3.4216605118110235
0
LINE
8
BLACK
6
CONTINUOUS
10
5.6738654724409452
20
-3.4216605118110235
11
5.6717366535433067
21
-3.4225423228346457
0
LINE
8
BLACK
6
CONTINUOUS
10
5.6717366535433067
20
-3.4225423228346457
11
5.6694324015748032
21
-3.4225423228346457
0
LINE
8
BLACK
6
CONTINUOUS
10
5.6694324015748032
20
-3.4225423228346457
11
5.6673035826771656
21
-3.4216605118110235
0
LINE
8
BLACK
6
CONTINUOUS
10
5.6673035826771656
20
-3.4216605118110235
11
5.6656742913385827
21
-3.420031220472441
0
LINE
8
BLACK
6
CONTINUOUS
10
5.6656742913385827
20
-3.420031220472441
11
5.6647924803149605
21
-3.417902401574803
0
LINE
8
BLACK
6
CONTINUOUS
10
5.6647924803149605
20
-3.417902401574803
11
5.6646790157480318
21
-3.4167502755905512
0
LINE
8
BLACK
6
CONTINUOUS
10
5.6646790157480318
20
-3.4167502755905512
11
5.6646790157480318
21
-3.3982838582677166
0
LINE
8
BLACK
6
CONTINUOUS
10
5.6646790157480318
20
-3.3982838582677166
11
5.6510869685039369
21
-3.3982838582677166
0
LINE
8
BLACK
6
CONTINUOUS
10
5.6510869685039369
20
-3.3982838582677166
11
5.6499348425196851
21
-3.3981703937007874
0
LINE
8
BLACK
6
CONTINUOUS
10
5.6499348425196851
20
-3.3981703937007874
11
5.6497388188976378
21
-3.3980891732283465
0
LINE
8
BLACK
6
CONTINUOUS
10
5.6497388188976378
20
-3.3980891732283465
11
5.6495272047244089
21
-3.3980741732283466
0
LINE
8
BLACK
6
CONTINUOUS
10
5.6495272047244089
20
-3.3980741732283466
11
5.6484459448818898
21
-3.3976603937007872
0
LINE
8
BLACK
6
CONTINUOUS
10
5.6484459448818898
20
-3.3976603937007872
11
5.6435715354330709
21
-3.3952231889763778
0
LINE
8
BLACK
6
CONTINUOUS
10
5.6435715354330709
20
-3.3952231889763778
11
5.6430757086614172
21
-3.3949110629921257
0
LINE
8
BLACK
6
CONTINUOUS
10
5.6430757086614172
20
-3.3949110629921257
11
5.6429316535433074
21
-3.3948514173228346
0
LINE
8
BLACK
6
CONTINUOUS
10
5.6429316535433074
20
-3.3948514173228346
11
5.6427694488188971
21
-3.3947182677165353
0
LINE
8
BLACK
6
CONTINUOUS
10
5.6427694488188971
20
-3.3947182677165353
11
5.6425917716535432
21
-3.3946064566929133
0
LINE
8
BLACK
6
CONTINUOUS
10
5.6425917716535432
20
-3.3946064566929133
11
5.6424895275590554
21
-3.3944885826771651
0
LINE
8
BLACK
6
CONTINUOUS
10
5.6424895275590554
20
-3.3944885826771651
11
5.6420367322834641
21
-3.394116968503937
0
LINE
8
BLACK
6
CONTINUOUS
10
5.6420367322834641
20
-3.394116968503937
11
5.6395995275590547
21
-3.3916797637795275
0
LINE
8
BLACK
6
CONTINUOUS
10
5.6395995275590547
20
-3.3916797637795275
11
5.6392278740157478
21
-3.3912269291338584
0
LINE
8
BLACK
6
CONTINUOUS
10
5.6392278740157478
20
-3.3912269291338584
11
5.6391099999999996
21
-3.3911246850393701
0
LINE
8
BLACK
6
CONTINUOUS
10
5.6391099999999996
20
-3.3911246850393701
11
5.6389981496062989
21
-3.3909469685039371
0
LINE
8
BLACK
6
CONTINUOUS
10
5.6389981496062989
20
-3.3909469685039371
11
5.6388650787401575
21
-3.3907848425196851
0
LINE
8
BLACK
6
CONTINUOUS
10
5.6388650787401575
20
-3.3907848425196851
11
5.6388053543307084
21
-3.3906407086614174
0
LINE
8
BLACK
6
CONTINUOUS
10
5.6388053543307084
20
-3.3906407086614174
11
5.6384933070866143
21
-3.3901449212598425
0
LINE
8
BLACK
6
CONTINUOUS
10
5.6384933070866143
20
-3.3901449212598425
11
5.6360561417322836
21
-3.3852705905511811
0
LINE
8
BLACK
6
CONTINUOUS
10
5.6360561417322836
20
-3.3852705905511811
11
5.6356423622047247
21
-3.3841893307086615
0
LINE
8
BLACK
6
CONTINUOUS
10
5.6356423622047247
20
-3.3841893307086615
11
5.6356273228346456
21
-3.3839776771653542
0
LINE
8
BLACK
6
CONTINUOUS
10
5.6356273228346456
20
-3.3839776771653542
11
5.6355461417322834
21
-3.3837816929133857
0
LINE
8
BLACK
6
CONTINUOUS
10
5.6355461417322834
20
-3.3837816929133857
11
5.6354326771653538
21
-3.382629566929134
0
LINE
8
BLACK
6
CONTINUOUS
10
5.6354326771653538
20
-3.382629566929134
11
5.6354326771653538
21
-3.3753179527559056
0
LINE
8
BLACK
6
CONTINUOUS
10
5.6354326771653538
20
-3.3753179527559056
11
5.6355461417322834
21
-3.3741658267716534
0
LINE
8
BLACK
6
CONTINUOUS
10
5.6355461417322834
20
-3.3741658267716534
11
5.6356273228346456
21
-3.3739698031496062
0
LINE
8
BLACK
6
CONTINUOUS
10
5.6356273228346456
20
-3.3739698031496062
11
5.6356423622047247
21
-3.3737581889763777
0
LINE
8
BLACK
6
CONTINUOUS
10
5.6356423622047247
20
-3.3737581889763777
11
5.6360561417322836
21
-3.3726769291338581
0
LINE
8
BLACK
6
CONTINUOUS
10
5.6360561417322836
20
-3.3726769291338581
11
5.6384933070866143
21
-3.3678025984251967
0
LINE
8
BLACK
6
CONTINUOUS
10
5.6384933070866143
20
-3.3678025984251967
11
5.6388053543307084
21
-3.3673067716535434
0
LINE
8
BLACK
6
CONTINUOUS
10
5.6388053543307084
20
-3.3673067716535434
11
5.6388650787401575
21
-3.3671626771653544
0
LINE
8
BLACK
6
CONTINUOUS
10
5.6388650787401575
20
-3.3671626771653544
11
5.6389981496062989
21
-3.3670005118110233
0
LINE
8
BLACK
6
CONTINUOUS
10
5.6389981496062989
20
-3.3670005118110233
11
5.6391099999999996
21
-3.366822834645669
0
LINE
8
BLACK
6
CONTINUOUS
10
5.6391099999999996
20
-3.366822834645669
11
5.6392278740157478
21
-3.3667205511811025
0
LINE
8
BLACK
6
CONTINUOUS
10
5.6392278740157478
20
-3.3667205511811025
11
5.6395995275590547
21
-3.3662677559055116
0
LINE
8
BLACK
6
CONTINUOUS
10
5.6395995275590547
20
-3.3662677559055116
11
5.6420367322834641
21
-3.3638305511811022
0
LINE
8
BLACK
6
CONTINUOUS
10
5.6420367322834641
20
-3.3638305511811022
11
5.6424895275590554
21
-3.3634588976377953
0
LINE
8
BLACK
6
CONTINUOUS
10
5.6424895275590554
20
-3.3634588976377953
11
5.6425917716535432
21
-3.3633410629921259
0
LINE
8
BLACK
6
CONTINUOUS
10
5.6425917716535432
20
-3.3633410629921259
11
5.6427694488188971
21
-3.3632292125984251
0
LINE
8
BLACK
6
CONTINUOUS
10
5.6427694488188971
20
-3.3632292125984251
11
5.6429316535433074
21
-3.3630961023622046
0
LINE
8
BLACK
6
CONTINUOUS
10
5.6429316535433074
20
-3.3630961023622046
11
5.6430757086614172
21
-3.3630364173228346
0
LINE
8
BLACK
6
CONTINUOUS
10
5.6430757086614172
20
-3.3630364173228346
11
5.6435715354330709
21
-3.3627243307086614
0
LINE
8
BLACK
6
CONTINUOUS
10
5.6435715354330709
20
-3.3627243307086614
11
5.6484459448818898
21
-3.3602871259842519
0
LINE
8
BLACK
6
CONTINUOUS
10
5.6484459448818898
20
-3.3602871259842519
11
5.6495272047244089
21
-3.359873346456693
0
LINE
8
BLACK
6
CONTINUOUS
10
5.6495272047244089
20
-3.359873346456693
11
5.6497388188976378
21
-3.3598583070866139
0
LINE
8
BLACK
6
CONTINUOUS
10
5.6497388188976378
20
-3.3598583070866139
11
5.6499348425196851
21
-3.3597771259842517
0
LINE
8
BLACK
6
CONTINUOUS
10
5.6499348425196851
20
-3.3597771259842517
11
5.6510869685039369
21
-3.359663661417323
0
LINE
8
BLACK
6
CONTINUOUS
10
5.6510869685039369
20
-3.359663661417323
11
5.670584527559055
21
-3.359663661417323
0
LINE
8
BLACK
6
CONTINUOUS
10
5.670584527559055
20
-3.359663661417323
11
5.6717366535433067
21
-3.3597771259842517
0
LINE
8
BLACK
6
CONTINUOUS
10
5.6497107480314961
20
-3.3728598425196852
11
5.6486288188976372
21
-3.3739417322834644
0
LINE
8
BLACK
6
CONTINUOUS
10
5.6486288188976372
20
-3.3739417322834644
11
5.647243700787401
21
-3.3767120078740156
0
LINE
8
BLACK
6
CONTINUOUS
10
5.647243700787401
20
-3.3767120078740156
11
5.647243700787401
21
-3.3812354724409448
0
LINE
8
BLACK
6
CONTINUOUS
10
5.647243700787401
20
-3.3812354724409448
11
5.6486288188976372
21
-3.384005748031496
0
LINE
8
BLACK
6
CONTINUOUS
10
5.6486288188976372
20
-3.384005748031496
11
5.6497107480314961
21
-3.3850876771653544
0
LINE
8
BLACK
6
CONTINUOUS
10
5.6497107480314961
20
-3.3850876771653544
11
5.652481062992126
21
-3.3864728346456694
0
LINE
8
BLACK
6
CONTINUOUS
10
5.652481062992126
20
-3.3864728346456694
11
5.6646790157480318
21
-3.3864728346456694
0
LINE
8
BLACK
6
CONTINUOUS
10
5.6646790157480318
20
-3.3864728346456694
11
5.6646790157480318
21
-3.3714746850393702
0
LINE
8
BLACK
6
CONTINUOUS
10
5.6646790157480318
20
-3.3714746850393702
11
5.652481062992126
21
-3.3714746850393702
0
LINE
8
BLACK
6
CONTINUOUS
10
5.652481062992126
20
-3.3714746850393702
11
5.6497107480314961
21
-3.3728598425196852
0
LINE
8
BLACK
6
CONTINUOUS
10
6.2054824015748027
20
-3.3597771259842517
11
6.2076112204724412
21
-3.3606589370078739
0
LINE
8
BLACK
6
CONTINUOUS
10
6.2076112204724412
20
-3.3606589370078739
11
6.2092405118110232
21
-3.3622882283464568
0
LINE
8
BLACK
6
CONTINUOUS
10
6.2092405118110232
20
-3.3622882283464568
11
6.2101223228346454
21
-3.3644170472440944
0
LINE
8
BLACK
6
CONTINUOUS
10
6.2101223228346454
20
-3.3644170472440944
11
6.210235787401575
21
-3.3655691732283466
0
LINE
8
BLACK
6
CONTINUOUS
10
6.210235787401575
20
-3.3655691732283466
11
6.210235787401575
21
-3.4167502755905512
0
LINE
8
BLACK
6
CONTINUOUS
10
6.210235787401575
20
-3.4167502755905512
11
6.2101223228346454
21
-3.417902401574803
0
LINE
8
BLACK
6
CONTINUOUS
10
6.2101223228346454
20
-3.417902401574803
11
6.2092405118110232
21
-3.420031220472441
0
LINE
8
BLACK
6
CONTINUOUS
10
6.2092405118110232
20
-3.420031220472441
11
6.2076112204724412
21
-3.4216605118110235
0
LINE
8
BLACK
6
CONTINUOUS
10
6.2076112204724412
20
-3.4216605118110235
11
6.2054824015748027
21
-3.4225423228346457
0
LINE
8
BLACK
6
CONTINUOUS
10
6.2054824015748027
20
-3.4225423228346457
11
6.2031781496062992
21
-3.4225423228346457
0
LINE
8
BLACK
6
CONTINUOUS
10
6.2031781496062992
20
-3.4225423228346457
11
6.2010493307086616
21
-3.4216605118110235
0
LINE
8
BLACK
6
CONTINUOUS
10
6.2010493307086616
20
-3.4216605118110235
11
6.1994200393700787
21
-3.420031220472441
0
LINE
8
BLACK
6
CONTINUOUS
10
6.1994200393700787
20
-3.420031220472441
11
6.1985382283464565
21
-3.417902401574803
0
LINE
8
BLACK
6
CONTINUOUS
10
6.1985382283464565
20
-3.417902401574803
11
6.1984247637795278
21
-3.4167502755905512
0
LINE
8
BLACK
6
CONTINUOUS
10
6.1984247637795278
20
-3.4167502755905512
11
6.1984247637795278
21
-3.3982838582677166
0
LINE
8
BLACK
6
CONTINUOUS
10
6.1984247637795278
20
-3.3982838582677166
11
6.1848327165354329
21
-3.3982838582677166
0
LINE
8
BLACK
6
CONTINUOUS
10
6.1848327165354329
20
-3.3982838582677166
11
6.1836805905511811
21
-3.3981703937007874
0
LINE
8
BLACK
6
CONTINUOUS
10
6.1836805905511811
20
-3.3981703937007874
11
6.1834845669291338
21
-3.3980891732283465
0
LINE
8
BLACK
6
CONTINUOUS
10
6.1834845669291338
20
-3.3980891732283465
11
6.1832729527559049
21
-3.3980741732283466
0
LINE
8
BLACK
6
CONTINUOUS
10
6.1832729527559049
20
-3.3980741732283466
11
6.1821916929133858
21
-3.3976603937007872
0
LINE
8
BLACK
6
CONTINUOUS
10
6.1821916929133858
20
-3.3976603937007872
11
6.1773172834645669
21
-3.3952231889763778
0
LINE
8
BLACK
6
CONTINUOUS
10
6.1773172834645669
20
-3.3952231889763778
11
6.1768214566929132
21
-3.3949110629921257
0
LINE
8
BLACK
6
CONTINUOUS
10
6.1768214566929132
20
-3.3949110629921257
11
6.1766774015748034
21
-3.3948514173228346
0
LINE
8
BLACK
6
CONTINUOUS
10
6.1766774015748034
20
-3.3948514173228346
11
6.176515196850394
21
-3.3947182677165353
0
LINE
8
BLACK
6
CONTINUOUS
10
6.176515196850394
20
-3.3947182677165353
11
6.1763375196850392
21
-3.3946064566929133
0
LINE
8
BLACK
6
CONTINUOUS
10
6.1763375196850392
20
-3.3946064566929133
11
6.1762352755905514
21
-3.3944885826771651
0
LINE
8
BLACK
6
CONTINUOUS
10
6.1762352755905514
20
-3.3944885826771651
11
6.1757824803149601
21
-3.394116968503937
0
LINE
8
BLACK
6
CONTINUOUS
10
6.1757824803149601
20
-3.394116968503937
11
6.1733452755905507
21
-3.3916797637795275
0
LINE
8
BLACK
6
CONTINUOUS
10
6.1733452755905507
20
-3.3916797637795275
11
6.1729736220472438
21
-3.3912269291338584
0
LINE
8
BLACK
6
CONTINUOUS
10
6.1729736220472438
20
-3.3912269291338584
11
6.1728557480314956
21
-3.3911246850393701
0
LINE
8
BLACK
6
CONTINUOUS
10
6.1728557480314956
20
-3.3911246850393701
11
6.1727438976377949
21
-3.3909469685039371
0
LINE
8
BLACK
6
CONTINUOUS
10
6.1727438976377949
20
-3.3909469685039371
11
6.1726108267716535
21
-3.3907848425196851
0
LINE
8
BLACK
6
CONTINUOUS
10
6.1726108267716535
20
-3.3907848425196851
11
6.1725511023622044
21
-3.3906407086614174
0
LINE
8
BLACK
6
CONTINUOUS
10
6.1725511023622044
20
-3.3906407086614174
11
6.1722390551181103
21
-3.3901449212598425
0
LINE
8
BLACK
6
CONTINUOUS
10
6.1722390551181103
20
-3.3901449212598425
11
6.1698018897637796
21
-3.3852705905511811
0
LINE
8
BLACK
6
CONTINUOUS
10
6.1698018897637796
20
-3.3852705905511811
11
6.1693881102362207
21
-3.3841893307086615
0
LINE
8
BLACK
6
CONTINUOUS
10
6.1693881102362207
20
-3.3841893307086615
11
6.1693730708661416
21
-3.3839776771653542
0
LINE
8
BLACK
6
CONTINUOUS
10
6.1693730708661416
20
-3.3839776771653542
11
6.1692918897637794
21
-3.3837816929133857
0
LINE
8
BLACK
6
CONTINUOUS
10
6.1692918897637794
20
-3.3837816929133857
11
6.1691784251968507
21
-3.382629566929134
0
LINE
8
BLACK
6
CONTINUOUS
10
6.1691784251968507
20
-3.382629566929134
11
6.1691784251968507
21
-3.3753179527559056
0
LINE
8
BLACK
6
CONTINUOUS
10
6.1691784251968507
20
-3.3753179527559056
11
6.1692918897637794
21
-3.3741658267716534
0
LINE
8
BLACK
6
CONTINUOUS
10
6.1692918897637794
20
-3.3741658267716534
11
6.1693730708661416
21
-3.3739698031496062
0
LINE
8
BLACK
6
CONTINUOUS
10
6.1693730708661416
20
-3.3739698031496062
11
6.1693881102362207
21
-3.3737581889763777
0
LINE
8
BLACK
6
CONTINUOUS
10
6.1693881102362207
20
-3.3737581889763777
11
6.1698018897637796
21
-3.3726769291338581
0
LINE
8
BLACK
6
CONTINUOUS
10
6.1698018897637796
20
-3.3726769291338581
11
6.1722390551181103
21
-3.3678025984251967
0
LINE
8
BLACK
6
CONTINUOUS
10
6.1722390551181103
20
-3.3678025984251967
11
6.1725511023622044
21
-3.3673067716535434
0
LINE
8
BLACK
6
CONTINUOUS
10
6.1725511023622044
20
-3.3673067716535434
11
6.1726108267716535
21
-3.3671626771653544
0
LINE
8
BLACK
6
CONTINUOUS
10
6.1726108267716535
20
-3.3671626771653544
11
6.1727438976377949
21
-3.3670005118110233
0
LINE
8
BLACK
6
CONTINUOUS
10
6.1727438976377949
20
-3.3670005118110233
11
6.1728557480314956
21
-3.366822834645669
0
LINE
8
BLACK
6
CONTINUOUS
10
6.1728557480314956
20
-3.366822834645669
11
6.1729736220472438
21
-3.3667205511811025
0
LINE
8
BLACK
6
CONTINUOUS
10
6.1729736220472438
20
-3.3667205511811025
11
6.1733452755905507
21
-3.3662677559055116
0
LINE
8
BLACK
6
CONTINUOUS
10
6.1733452755905507
20
-3.3662677559055116
11
6.1757824803149601
21
-3.3638305511811022
0
LINE
8
BLACK
6
CONTINUOUS
10
6.1757824803149601
20
-3.3638305511811022
11
6.1762352755905514
21
-3.3634588976377953
0
LINE
8
BLACK
6
CONTINUOUS
10
6.1762352755905514
20
-3.3634588976377953
11
6.1763375196850392
21
-3.3633410629921259
0
LINE
8
BLACK
6
CONTINUOUS
10
6.1763375196850392
20
-3.3633410629921259
11
6.176515196850394
21
-3.3632292125984251
0
LINE
8
BLACK
6
CONTINUOUS
10
6.176515196850394
20
-3.3632292125984251
11
6.1766774015748034
21
-3.3630961023622046
0
LINE
8
BLACK
6
CONTINUOUS
10
6.1766774015748034
20
-3.3630961023622046
11
6.1768214566929132
21
-3.3630364173228346
0
LINE
8
BLACK
6
CONTINUOUS
10
6.1768214566929132
20
-3.3630364173228346
11
6.1773172834645669
21
-3.3627243307086614
0
LINE
8
BLACK
6
CONTINUOUS
10
6.1773172834645669
20
-3.3627243307086614
11
6.1821916929133858
21
-3.3602871259842519
0
LINE
8
BLACK
6
CONTINUOUS
10
6.1821916929133858
20
-3.3602871259842519
11
6.1832729527559049
21
-3.359873346456693
0
LINE
8
BLACK
6
CONTINUOUS
10
6.1832729527559049
20
-3.359873346456693
11
6.1834845669291338
21
-3.3598583070866139
0
LINE
8
BLACK
6
CONTINUOUS
10
6.1834845669291338
20
-3.3598583070866139
11
6.1836805905511811
21
-3.3597771259842517
0
LINE
8
BLACK
6
CONTINUOUS
10
6.1836805905511811
20
-3.3597771259842517
11
6.1848327165354329
21
-3.359663661417323
0
LINE
8
BLACK
6
CONTINUOUS
10
6.1848327165354329
20
-3.359663661417323
11
6.2043302755905509
21
-3.359663661417323
0
LINE
8
BLACK
6
CONTINUOUS
10
6.2043302755905509
20
-3.359663661417323
11
6.2054824015748027
21
-3.3597771259842517
0
LINE
8
BLACK
6
CONTINUOUS
10
6.1834564960629921
20
-3.3728598425196852
11
6.1823745669291341
21
-3.3739417322834644
0
LINE
8
BLACK
6
CONTINUOUS
10
6.1823745669291341
20
-3.3739417322834644
11
6.1809894488188979
21
-3.3767120078740156
0
LINE
8
BLACK
6
CONTINUOUS
10
6.1809894488188979
20
-3.3767120078740156
11
6.1809894488188979
21
-3.3812354724409448
0
LINE
8
BLACK
6
CONTINUOUS
10
6.1809894488188979
20
-3.3812354724409448
11
6.1823745669291341
21
-3.384005748031496
0
LINE
8
BLACK
6
CONTINUOUS
10
6.1823745669291341
20
-3.384005748031496
11
6.1834564960629921
21
-3.3850876771653544
0
LINE
8
BLACK
6
CONTINUOUS
10
6.1834564960629921
20
-3.3850876771653544
11
6.186226811023622
21
-3.3864728346456694
0
LINE
8
BLACK
6
CONTINUOUS
10
6.186226811023622
20
-3.3864728346456694
11
6.1984247637795278
21
-3.3864728346456694
0
LINE
8
BLACK
6
CONTINUOUS
10
6.1984247637795278
20
-3.3864728346456694
11
6.1984247637795278
21
-3.3714746850393702
0
LINE
8
BLACK
6
CONTINUOUS
10
6.1984247637795278
20
-3.3714746850393702
11
6.186226811023622
21
-3.3714746850393702
0
LINE
8
BLACK
6
CONTINUOUS
10
6.186226811023622
20
-3.3714746850393702
11
6.1834564960629921
21
-3.3728598425196852
0
LINE
8
BLACK
6
CONTINUOUS
10
6.8630288976377951
20
-3.3367268897637796
11
6.8632249606299212
21
-3.3368081102362206
0
LINE
8
BLACK
6
CONTINUOUS
10
6.8632249606299212
20
-3.3368081102362206
11
6.8634365748031492
21
-3.3368231496062992
0
LINE
8
BLACK
6
CONTINUOUS
10
6.8634365748031492
20
-3.3368231496062992
11
6.8645177952755905
21
-3.3372368897637794
0
LINE
8
BLACK
6
CONTINUOUS
10
6.8645177952755905
20
-3.3372368897637794
11
6.8701420866141731
21
-3.3400490551181101
0
LINE
8
BLACK
6
CONTINUOUS
10
6.8701420866141731
20
-3.3400490551181101
11
6.8706379527559056
21
-3.3403611811023621
0
LINE
8
BLACK
6
CONTINUOUS
10
6.8706379527559056
20
-3.3403611811023621
11
6.8707819291338579
21
-3.3404208267716533
0
LINE
8
BLACK
6
CONTINUOUS
10
6.8707819291338579
20
-3.3404208267716533
11
6.870944015748031
21
-3.3405538582677163
0
LINE
8
BLACK
6
CONTINUOUS
10
6.870944015748031
20
-3.3405538582677163
11
6.8711218503937008
21
-3.3406657874015746
0
LINE
8
BLACK
6
CONTINUOUS
10
6.8711218503937008
20
-3.3406657874015746
11
6.8712240944881886
21
-3.3407836614173227
0
LINE
8
BLACK
6
CONTINUOUS
10
6.8712240944881886
20
-3.3407836614173227
11
6.8716768503937002
21
-3.3411552362204722
0
LINE
8
BLACK
6
CONTINUOUS
10
6.8716768503937002
20
-3.3411552362204722
11
6.874489015748031
21
-3.3439673622047241
0
LINE
8
BLACK
6
CONTINUOUS
10
6.874489015748031
20
-3.3439673622047241
11
6.8744916535433065
21
-3.343970590551181
0
LINE
8
BLACK
6
CONTINUOUS
10
6.8744916535433065
20
-3.343970590551181
11
6.8744934251968504
21
-3.3439717716535431
0
LINE
8
BLACK
6
CONTINUOUS
10
6.8744934251968504
20
-3.3439717716535431
11
6.8748654724409448
21
-3.3444260629921261
0
LINE
8
BLACK
6
CONTINUOUS
10
6.8748654724409448
20
-3.3444260629921261
11
6.875223464566929
21
-3.3448622834645669
0
LINE
8
BLACK
6
CONTINUOUS
10
6.875223464566929
20
-3.3448622834645669
11
6.8752242125984253
21
-3.3448641338582674
0
LINE
8
BLACK
6
CONTINUOUS
10
6.8752242125984253
20
-3.3448641338582674
11
6.8752269291338584
21
-3.3448674409448818
0
LINE
8
BLACK
6
CONTINUOUS
10
6.8752269291338584
20
-3.3448674409448818
11
6.880851220472441
21
-3.3533038976377951
0
LINE
8
BLACK
6
CONTINUOUS
10
6.880851220472441
20
-3.3533038976377951
11
6.8811903937007877
21
-3.3539400787401572
0
LINE
8
BLACK
6
CONTINUOUS
10
6.8811903937007877
20
-3.3539400787401572
11
6.8812772047244097
21
-3.3540572047244095
0
LINE
8
BLACK
6
CONTINUOUS
10
6.8812772047244097
20
-3.3540572047244095
11
6.8813266141732283
21
-3.3541955118110236
0
LINE
8
BLACK
6
CONTINUOUS
10
6.8813266141732283
20
-3.3541955118110236
11
6.8813959055118108
21
-3.3543254724409448
0
LINE
8
BLACK
6
CONTINUOUS
10
6.8813959055118108
20
-3.3543254724409448
11
6.8814242519685038
21
-3.3544688188976379
0
LINE
8
BLACK
6
CONTINUOUS
10
6.8814242519685038
20
-3.3544688188976379
11
6.8816666929133854
21
-3.3551474015748033
0
LINE
8
BLACK
6
CONTINUOUS
10
6.8816666929133854
20
-3.3551474015748033
11
6.8844788188976374
21
-3.3663959842519686
0
LINE
8
BLACK
6
CONTINUOUS
10
6.8844788188976374
20
-3.3663959842519686
11
6.8845083070866142
21
-3.3665956299212598
0
LINE
8
BLACK
6
CONTINUOUS
10
6.8845083070866142
20
-3.3665956299212598
11
6.8845416929133858
21
-3.3666761417322832
0
LINE
8
BLACK
6
CONTINUOUS
10
6.8845416929133858
20
-3.3666761417322832
11
6.8845844094488191
21
-3.3671100787401573
0
LINE
8
BLACK
6
CONTINUOUS
10
6.8845844094488191
20
-3.3671100787401573
11
6.884648188976378
21
-3.3675412204724409
0
LINE
8
BLACK
6
CONTINUOUS
10
6.884648188976378
20
-3.3675412204724409
11
6.8846353543307082
21
-3.3676273228346454
0
LINE
8
BLACK
6
CONTINUOUS
10
6.8846353543307082
20
-3.3676273228346454
11
6.8846551574803145
21
-3.3678282677165354
0
LINE
8
BLACK
6
CONTINUOUS
10
6.8846551574803145
20
-3.3678282677165354
11
6.8846551574803145
21
-3.3903254724409448
0
LINE
8
BLACK
6
CONTINUOUS
10
6.8846551574803145
20
-3.3903254724409448
11
6.8845416929133858
21
-3.3914775984251966
0
LINE
8
BLACK
6
CONTINUOUS
10
6.8845416929133858
20
-3.3914775984251966
11
6.8844604724409448
21
-3.3916735826771651
0
LINE
8
BLACK
6
CONTINUOUS
10
6.8844604724409448
20
-3.3916735826771651
11
6.8844454724409445
21
-3.3918852362204723
0
LINE
8
BLACK
6
CONTINUOUS
10
6.8844454724409445
20
-3.3918852362204723
11
6.8840316929133856
21
-3.3929664566929132
0
LINE
8
BLACK
6
CONTINUOUS
10
6.8840316929133856
20
-3.3929664566929132
11
6.8812195669291336
21
-3.3985907874015746
0
LINE
8
BLACK
6
CONTINUOUS
10
6.8812195669291336
20
-3.3985907874015746
11
6.8809074803149608
21
-3.3990864960629921
0
LINE
8
BLACK
6
CONTINUOUS
10
6.8809074803149608
20
-3.3990864960629921
11
6.8808477952755904
21
-3.3992306692913385
0
LINE
8
BLACK
6
CONTINUOUS
10
6.8808477952755904
20
-3.3992306692913385
11
6.8807145669291341
21
-3.3993929527559055
0
LINE
8
BLACK
6
CONTINUOUS
10
6.8807145669291341
20
-3.3993929527559055
11
6.8806028346456696
21
-3.3995705118110235
0
LINE
8
BLACK
6
CONTINUOUS
10
6.8806028346456696
20
-3.3995705118110235
11
6.8804850393700789
21
-3.3996726377952755
0
LINE
8
BLACK
6
CONTINUOUS
10
6.8804850393700789
20
-3.3996726377952755
11
6.8801133464566924
21
-3.4001255905511809
0
LINE
8
BLACK
6
CONTINUOUS
10
6.8801133464566924
20
-3.4001255905511809
11
6.8773011811023617
21
-3.4029377559055116
0
LINE
8
BLACK
6
CONTINUOUS
10
6.8773011811023617
20
-3.4029377559055116
11
6.8768483464566925
21
-3.4033093700787402
0
LINE
8
BLACK
6
CONTINUOUS
10
6.8768483464566925
20
-3.4033093700787402
11
6.8767461417322835
21
-3.4034272440944879
0
LINE
8
BLACK
6
CONTINUOUS
10
6.8767461417322835
20
-3.4034272440944879
11
6.87656842519685
21
-3.4035390551181099
0
LINE
8
BLACK
6
CONTINUOUS
10
6.87656842519685
20
-3.4035390551181099
11
6.8764062598425193
21
-3.4036722047244092
0
LINE
8
BLACK
6
CONTINUOUS
10
6.8764062598425193
20
-3.4036722047244092
11
6.8762621653543308
21
-3.4037318503937009
0
LINE
8
BLACK
6
CONTINUOUS
10
6.8762621653543308
20
-3.4037318503937009
11
6.8757663779527558
21
-3.4040439763779529
0
LINE
8
BLACK
6
CONTINUOUS
10
6.8757663779527558
20
-3.4040439763779529
11
6.8701420866141731
21
-3.4068561023622048
0
LINE
8
BLACK
6
CONTINUOUS
10
6.8701420866141731
20
-3.4068561023622048
11
6.8690608267716531
21
-3.4072698818897638
0
LINE
8
BLACK
6
CONTINUOUS
10
6.8690608267716531
20
-3.4072698818897638
11
6.8688491732283463
21
-3.4072848818897636
0
LINE
8
BLACK
6
CONTINUOUS
10
6.8688491732283463
20
-3.4072848818897636
11
6.8686531889763778
21
-3.4073661023622046
0
LINE
8
BLACK
6
CONTINUOUS
10
6.8686531889763778
20
-3.4073661023622046
11
6.867501062992126
21
-3.4074795669291338
0
LINE
8
BLACK
6
CONTINUOUS
10
6.867501062992126
20
-3.4074795669291338
11
6.8562524803149607
21
-3.4074795669291338
0
LINE
8
BLACK
6
CONTINUOUS
10
6.8562524803149607
20
-3.4074795669291338
11
6.8551003543307081
21
-3.4073661023622046
0
LINE
8
BLACK
6
CONTINUOUS
10
6.8551003543307081
20
-3.4073661023622046
11
6.8549043307086617
21
-3.4072848818897636
0
LINE
8
BLACK
6
CONTINUOUS
10
6.8549043307086617
20
-3.4072848818897636
11
6.8546927165354328
21
-3.4072698818897638
0
LINE
8
BLACK
6
CONTINUOUS
10
6.8546927165354328
20
-3.4072698818897638
11
6.8536114960629924
21
-3.4068561023622048
0
LINE
8
BLACK
6
CONTINUOUS
10
6.8536114960629924
20
-3.4068561023622048
11
6.8479871653543309
21
-3.4040439763779529
0
LINE
8
BLACK
6
CONTINUOUS
10
6.8479871653543309
20
-3.4040439763779529
11
6.8474914173228347
21
-3.4037318897637796
0
LINE
8
BLACK
6
CONTINUOUS
10
6.8474914173228347
20
-3.4037318897637796
11
6.8473472834645666
21
-3.4036722047244092
0
LINE
8
BLACK
6
CONTINUOUS
10
6.8473472834645666
20
-3.4036722047244092
11
6.8471849606299209
21
-3.4035389763779529
0
LINE
8
BLACK
6
CONTINUOUS
10
6.8471849606299209
20
-3.4035389763779529
11
6.847007440944882
21
-3.4034272440944879
0
LINE
8
BLACK
6
CONTINUOUS
10
6.847007440944882
20
-3.4034272440944879
11
6.8469052755905508
21
-3.4033094488188977
0
LINE
8
BLACK
6
CONTINUOUS
10
6.8469052755905508
20
-3.4033094488188977
11
6.8464523622047242
21
-3.4029377559055116
0
LINE
8
BLACK
6
CONTINUOUS
10
6.8464523622047242
20
-3.4029377559055116
11
6.8436401968503935
21
-3.4001255905511809
0
LINE
8
BLACK
6
CONTINUOUS
10
6.8436401968503935
20
-3.4001255905511809
11
6.8432685433070866
21
-3.3996727559055118
0
LINE
8
BLACK
6
CONTINUOUS
10
6.8432685433070866
20
-3.3996727559055118
11
6.8431507086614172
21
-3.3995705511811023
0
LINE
8
BLACK
6
CONTINUOUS
10
6.8431507086614172
20
-3.3995705511811023
11
6.8430388582677164
21
-3.3993928346456692
0
LINE
8
BLACK
6
CONTINUOUS
10
6.8430388582677164
20
-3.3993928346456692
11
6.8429057480314963
21
-3.3992306692913385
0
LINE
8
BLACK
6
CONTINUOUS
10
6.8429057480314963
20
-3.3992306692913385
11
6.8428460629921259
21
-3.3990865748031496
0
LINE
8
BLACK
6
CONTINUOUS
10
6.8428460629921259
20
-3.3990865748031496
11
6.8425339763779522
21
-3.3985907874015746
0
LINE
8
BLACK
6
CONTINUOUS
10
6.8425339763779522
20
-3.3985907874015746
11
6.8397218110236215
21
-3.3929664960629919
0
LINE
8
BLACK
6
CONTINUOUS
10
6.8397218110236215
20
-3.3929664960629919
11
6.8393080708661413
21
-3.3918852755905511
0
LINE
8
BLACK
6
CONTINUOUS
10
6.8393080708661413
20
-3.3918852755905511
11
6.8392930314960632
21
-3.3916736614173226
0
LINE
8
BLACK
6
CONTINUOUS
10
6.8392930314960632
20
-3.3916736614173226
11
6.8392118110236222
21
-3.3914775984251966
0
LINE
8
BLACK
6
CONTINUOUS
10
6.8392118110236222
20
-3.3914775984251966
11
6.8390983464566926
21
-3.3903254724409448
0
LINE
8
BLACK
6
CONTINUOUS
10
6.8390983464566926
20
-3.3903254724409448
11
6.8390983464566926
21
-3.3762647244094488
0
LINE
8
BLACK
6
CONTINUOUS
10
6.8390983464566926
20
-3.3762647244094488
11
6.8392118110236222
21
-3.3751125984251966
0
LINE
8
BLACK
6
CONTINUOUS
10
6.8392118110236222
20
-3.3751125984251966
11
6.8392930314960632
21
-3.3749164960629923
0
LINE
8
BLACK
6
CONTINUOUS
10
6.8392930314960632
20
-3.3749164960629923
11
6.8393080708661413
21
-3.3747049212598426
0
LINE
8
BLACK
6
CONTINUOUS
10
6.8393080708661413
20
-3.3747049212598426
11
6.8397218110236215
21
-3.3736237007874017
0
LINE
8
BLACK
6
CONTINUOUS
10
6.8397218110236215
20
-3.3736237007874017
11
6.8425339763779522
21
-3.367999409448819
0
LINE
8
BLACK
6
CONTINUOUS
10
6.8425339763779522
20
-3.367999409448819
11
6.8428460629921259
21
-3.3675035826771653
0
LINE
8
BLACK
6
CONTINUOUS
10
6.8428460629921259
20
-3.3675035826771653
11
6.8429057480314963
21
-3.3673595275590551
0
LINE
8
BLACK
6
CONTINUOUS
10
6.8429057480314963
20
-3.3673595275590551
11
6.8430388582677164
21
-3.3671973228346457
0
LINE
8
BLACK
6
CONTINUOUS
10
6.8430388582677164
20
-3.3671973228346457
11
6.8431507086614172
21
-3.3670196456692914
0
LINE
8
BLACK
6
CONTINUOUS
10
6.8431507086614172
20
-3.3670196456692914
11
6.8432685433070866
21
-3.3669174015748031
0
LINE
8
BLACK
6
CONTINUOUS
10
6.8432685433070866
20
-3.3669174015748031
11
6.8436401968503935
21
-3.3664646062992127
0
LINE
8
BLACK
6
CONTINUOUS
10
6.8436401968503935
20
-3.3664646062992127
11
6.8464523622047242
21
-3.363652440944882
0
LINE
8
BLACK
6
CONTINUOUS
10
6.8464523622047242
20
-3.363652440944882
11
6.8469052755905508
21
-3.3632807086614172
0
LINE
8
BLACK
6
CONTINUOUS
10
6.8469052755905508
20
-3.3632807086614172
11
6.847007440944882
21
-3.3631629527559053
0
LINE
8
BLACK
6
CONTINUOUS
10
6.847007440944882
20
-3.3631629527559053
11
6.8471849606299209
21
-3.363051181102362
0
LINE
8
BLACK
6
CONTINUOUS
10
6.8471849606299209
20
-3.363051181102362
11
6.8473472834645666
21
-3.362917992125984
0
LINE
8
BLACK
6
CONTINUOUS
10
6.8473472834645666
20
-3.362917992125984
11
6.8474914173228347
21
-3.3628582677165353
0
LINE
8
BLACK
6
CONTINUOUS
10
6.8474914173228347
20
-3.3628582677165353
11
6.8479871653543309
21
-3.3625462204724408
0
LINE
8
BLACK
6
CONTINUOUS
10
6.8479871653543309
20
-3.3625462204724408
11
6.8536114960629924
21
-3.3597340944881888
0
LINE
8
BLACK
6
CONTINUOUS
10
6.8536114960629924
20
-3.3597340944881888
11
6.8546927165354328
21
-3.3593203149606299
0
LINE
8
BLACK
6
CONTINUOUS
10
6.8546927165354328
20
-3.3593203149606299
11
6.8549043307086617
21
-3.3593052755905513
0
LINE
8
BLACK
6
CONTINUOUS
10
6.8549043307086617
20
-3.3593052755905513
11
6.8551003543307081
21
-3.359224094488189
0
LINE
8
BLACK
6
CONTINUOUS
10
6.8551003543307081
20
-3.359224094488189
11
6.8562524803149607
21
-3.3591106299212599
0
LINE
8
BLACK
6
CONTINUOUS
10
6.8562524803149607
20
-3.3591106299212599
11
6.867501062992126
21
-3.3591106299212599
0
LINE
8
BLACK
6
CONTINUOUS
10
6.867501062992126
20
-3.3591106299212599
11
6.8686531889763778
21
-3.359224094488189
0
LINE
8
BLACK
6
CONTINUOUS
10
6.8686531889763778
20
-3.359224094488189
11
6.8688491732283463
21
-3.3593052755905513
0
LINE
8
BLACK
6
CONTINUOUS
10
6.8688491732283463
20
-3.3593052755905513
11
6.8690608267716531
21
-3.3593203149606299
0
LINE
8
BLACK
6
CONTINUOUS
10
6.8690608267716531
20
-3.3593203149606299
11
6.8701420866141731
21
-3.3597340944881888
0
LINE
8
BLACK
6
CONTINUOUS
10
6.8701420866141731
20
-3.3597340944881888
11
6.8707098425196849
21
-3.3600179527559053
0
LINE
8
BLACK
6
CONTINUOUS
10
6.8707098425196849
20
-3.3600179527559053
11
6.8704564173228349
21
-3.3590043307086614
0
LINE
8
BLACK
6
CONTINUOUS
10
6.8704564173228349
20
-3.3590043307086614
11
6.8657238582677165
21
-3.3519055118110237
0
LINE
8
BLACK
6
CONTINUOUS
10
6.8657238582677165
20
-3.3519055118110237
11
6.8640029133858267
21
-3.3501845669291339
0
LINE
8
BLACK
6
CONTINUOUS
10
6.8640029133858267
20
-3.3501845669291339
11
6.8604826771653542
21
-3.3484244488188977
0
LINE
8
BLACK
6
CONTINUOUS
10
6.8604826771653542
20
-3.3484244488188977
11
6.850628188976378
21
-3.3484244488188977
0
LINE
8
BLACK
6
CONTINUOUS
10
6.850628188976378
20
-3.3484244488188977
11
6.8494760629921254
21
-3.3483109842519685
0
LINE
8
BLACK
6
CONTINUOUS
10
6.8494760629921254
20
-3.3483109842519685
11
6.8473472440944878
21
-3.3474291732283463
0
LINE
8
BLACK
6
CONTINUOUS
10
6.8473472440944878
20
-3.3474291732283463
11
6.8457179527559058
21
-3.3457998818897638
0
LINE
8
BLACK
6
CONTINUOUS
10
6.8457179527559058
20
-3.3457998818897638
11
6.8448361417322836
21
-3.3436710629921258
0
LINE
8
BLACK
6
CONTINUOUS
10
6.8448361417322836
20
-3.3436710629921258
11
6.8448361417322836
21
-3.3413668110236219
0
LINE
8
BLACK
6
CONTINUOUS
10
6.8448361417322836
20
-3.3413668110236219
11
6.8457179527559058
21
-3.3392379921259843
0
LINE
8
BLACK
6
CONTINUOUS
10
6.8457179527559058
20
-3.3392379921259843
11
6.8473472440944878
21
-3.3376087007874014
0
LINE
8
BLACK
6
CONTINUOUS
10
6.8473472440944878
20
-3.3376087007874014
11
6.8494760629921254
21
-3.3367268897637796
0
LINE
8
BLACK
6
CONTINUOUS
10
6.8494760629921254
20
-3.3367268897637796
11
6.850628188976378
21
-3.3366134251968504
0
LINE
8
BLACK
6
CONTINUOUS
10
6.850628188976378
20
-3.3366134251968504
11
6.8618767716535434
21
-3.3366134251968504
0
LINE
8
BLACK
6
CONTINUOUS
10
6.8618767716535434
20
-3.3366134251968504
11
6.8630288976377951
21
-3.3367268897637796
0
LINE
8
BLACK
6
CONTINUOUS
10
6.8541263385826774
20
-3.3726817322834646
11
6.852669488188976
21
-3.3741385826771655
0
LINE
8
BLACK
6
CONTINUOUS
10
6.852669488188976
20
-3.3741385826771655
11
6.8509093700787398
21
-3.3776588188976375
0
LINE
8
BLACK
6
CONTINUOUS
10
6.8509093700787398
20
-3.3776588188976375
11
6.8509093700787398
21
-3.3889313385826769
0
LINE
8
BLACK
6
CONTINUOUS
10
6.8509093700787398
20
-3.3889313385826769
11
6.852669488188976
21
-3.3924515748031494
0
LINE
8
BLACK
6
CONTINUOUS
10
6.852669488188976
20
-3.3924515748031494
11
6.8541263385826774
21
-3.3939084251968503
0
LINE
8
BLACK
6
CONTINUOUS
10
6.8541263385826774
20
-3.3939084251968503
11
6.8576465748031499
21
-3.3956685433070866
0
LINE
8
BLACK
6
CONTINUOUS
10
6.8576465748031499
20
-3.3956685433070866
11
6.8661069685039369
21
-3.3956685433070866
0
LINE
8
BLACK
6
CONTINUOUS
10
6.8661069685039369
20
-3.3956685433070866
11
6.8696271259842518
21
-3.3939084645669291
0
LINE
8
BLACK
6
CONTINUOUS
10
6.8696271259842518
20
-3.3939084645669291
11
6.8710840157480311
21
-3.3924515748031494
0
LINE
8
BLACK
6
CONTINUOUS
10
6.8710840157480311
20
-3.3924515748031494
11
6.8728441338582673
21
-3.3889313779527557
0
LINE
8
BLACK
6
CONTINUOUS
10
6.8728441338582673
20
-3.3889313779527557
11
6.8728441338582673
21
-3.3776587795275588
0
LINE
8
BLACK
6
CONTINUOUS
10
6.8728441338582673
20
-3.3776587795275588
11
6.8710840157480311
21
-3.3741385826771655
0
LINE
8
BLACK
6
CONTINUOUS
10
6.8710840157480311
20
-3.3741385826771655
11
6.8696271259842518
21
-3.3726816929133858
0
LINE
8
BLACK
6
CONTINUOUS
10
6.8696271259842518
20
-3.3726816929133858
11
6.8661069685039369
21
-3.3709216535433071
0
LINE
8
BLACK
6
CONTINUOUS
10
6.8661069685039369
20
-3.3709216535433071
11
6.8576465748031499
21
-3.3709216535433071
0
LINE
8
BLACK
6
CONTINUOUS
10
6.8576465748031499
20
-3.3709216535433071
11
6.8541263385826774
21
-3.3726817322834646
0
LINE
8
BLACK
6
CONTINUOUS
10
6.9277083070866139
20
-3.3367268897637796
11
6.9279043700787399
21
-3.3368081102362206
0
LINE
8
BLACK
6
CONTINUOUS
10
6.9279043700787399
20
-3.3368081102362206
11
6.928115984251968
21
-3.3368231496062992
0
LINE
8
BLACK
6
CONTINUOUS
10
6.928115984251968
20
-3.3368231496062992
11
6.9291972047244093
21
-3.3372368897637794
0
LINE
8
BLACK
6
CONTINUOUS
10
6.9291972047244093
20
-3.3372368897637794
11
6.9348214960629919
21
-3.3400490551181101
0
LINE
8
BLACK
6
CONTINUOUS
10
6.9348214960629919
20
-3.3400490551181101
11
6.9353172834645669
21
-3.3403611417322834
0
LINE
8
BLACK
6
CONTINUOUS
10
6.9353172834645669
20
-3.3403611417322834
11
6.9354613779527554
21
-3.3404208267716533
0
LINE
8
BLACK
6
CONTINUOUS
10
6.9354613779527554
20
-3.3404208267716533
11
6.9356235433070861
21
-3.3405539370078738
0
LINE
8
BLACK
6
CONTINUOUS
10
6.9356235433070861
20
-3.3405539370078738
11
6.9358012598425196
21
-3.3406657874015746
0
LINE
8
BLACK
6
CONTINUOUS
10
6.9358012598425196
20
-3.3406657874015746
11
6.9359034645669286
21
-3.340783622047244
0
LINE
8
BLACK
6
CONTINUOUS
10
6.9359034645669286
20
-3.340783622047244
11
6.9363562992125987
21
-3.3411552755905509
0
LINE
8
BLACK
6
CONTINUOUS
10
6.9363562992125987
20
-3.3411552755905509
11
6.9391684251968506
21
-3.3439674015748029
0
LINE
8
BLACK
6
CONTINUOUS
10
6.9391684251968506
20
-3.3439674015748029
11
6.9399028740157478
21
-3.3448622834645669
0
LINE
8
BLACK
6
CONTINUOUS
10
6.9399028740157478
20
-3.3448622834645669
11
6.9407846062992125
21
-3.3469911417322833
0
LINE
8
BLACK
6
CONTINUOUS
10
6.9407846062992125
20
-3.3469911417322833
11
6.9407846062992125
21
-3.3492953149606297
0
LINE
8
BLACK
6
CONTINUOUS
10
6.9407846062992125
20
-3.3492953149606297
11
6.9399028740157478
21
-3.3514241338582678
0
LINE
8
BLACK
6
CONTINUOUS
10
6.9399028740157478
20
-3.3514241338582678
11
6.9382735039370074
21
-3.3530535039370077
0
LINE
8
BLACK
6
CONTINUOUS
10
6.9382735039370074
20
-3.3530535039370077
11
6.9361446850393698
21
-3.3539352362204724
0
LINE
8
BLACK
6
CONTINUOUS
10
6.9361446850393698
20
-3.3539352362204724
11
6.9338405118110238
21
-3.3539352362204724
0
LINE
8
BLACK
6
CONTINUOUS
10
6.9338405118110238
20
-3.3539352362204724
11
6.9317116535433065
21
-3.3530535039370077
0
LINE
8
BLACK
6
CONTINUOUS
10
6.9317116535433065
20
-3.3530535039370077
11
6.9308167716535429
21
-3.3523190551181101
0
LINE
8
BLACK
6
CONTINUOUS
10
6.9308167716535429
20
-3.3523190551181101
11
6.9286822834645667
21
-3.3501845669291339
0
LINE
8
BLACK
6
CONTINUOUS
10
6.9286822834645667
20
-3.3501845669291339
11
6.925162086614173
21
-3.3484244488188977
0
LINE
8
BLACK
6
CONTINUOUS
10
6.925162086614173
20
-3.3484244488188977
11
6.9138895275590553
21
-3.3484244488188977
0
LINE
8
BLACK
6
CONTINUOUS
10
6.9138895275590553
20
-3.3484244488188977
11
6.9103692913385828
21
-3.3501845669291339
0
LINE
8
BLACK
6
CONTINUOUS
10
6.9103692913385828
20
-3.3501845669291339
11
6.9089124409448814
21
-3.3516413779527556
0
LINE
8
BLACK
6
CONTINUOUS
10
6.9089124409448814
20
-3.3516413779527556
11
6.9071523228346452
21
-3.3551616141732281
0
LINE
8
BLACK
6
CONTINUOUS
10
6.9071523228346452
20
-3.3551616141732281
11
6.9071523228346452
21
-3.3584335039370079
0
LINE
8
BLACK
6
CONTINUOUS
10
6.9071523228346452
20
-3.3584335039370079
11
6.909220551181102
21
-3.3646381889763779
0
LINE
8
BLACK
6
CONTINUOUS
10
6.909220551181102
20
-3.3646381889763779
11
6.9419805905511813
21
-3.3973982283464568
0
LINE
8
BLACK
6
CONTINUOUS
10
6.9419805905511813
20
-3.3973982283464568
11
6.9427150393700785
21
-3.3982931102362204
0
LINE
8
BLACK
6
CONTINUOUS
10
6.9427150393700785
20
-3.3982931102362204
11
6.9433385039370075
21
-3.3997984251968503
0
LINE
8
BLACK
6
CONTINUOUS
10
6.9433385039370075
20
-3.3997984251968503
11
6.9434740157480315
21
-3.4001255511811022
0
LINE
8
BLACK
6
CONTINUOUS
10
6.9434740157480315
20
-3.4001255511811022
11
6.9435968110236219
21
-3.4004219685039367
0
LINE
8
BLACK
6
CONTINUOUS
10
6.9435968110236219
20
-3.4004219685039367
11
6.9435968110236219
21
-3.4027261417322836
0
LINE
8
BLACK
6
CONTINUOUS
10
6.9435968110236219
20
-3.4027261417322836
11
6.9427150393700785
21
-3.4048549606299212
0
LINE
8
BLACK
6
CONTINUOUS
10
6.9427150393700785
20
-3.4048549606299212
11
6.9410856692913381
21
-3.4064843307086612
0
LINE
8
BLACK
6
CONTINUOUS
10
6.9410856692913381
20
-3.4064843307086612
11
6.9401881102362202
21
-3.4068561023622048
0
LINE
8
BLACK
6
CONTINUOUS
10
6.9401881102362202
20
-3.4068561023622048
11
6.9389568897637792
21
-3.4073661023622046
0
LINE
8
BLACK
6
CONTINUOUS
10
6.9389568897637792
20
-3.4073661023622046
11
6.9378047637795275
21
-3.4074795669291338
0
LINE
8
BLACK
6
CONTINUOUS
10
6.9378047637795275
20
-3.4074795669291338
11
6.901246811023622
21
-3.4074795669291338
0
LINE
8
BLACK
6
CONTINUOUS
10
6.901246811023622
20
-3.4074795669291338
11
6.9000946850393703
21
-3.4073661023622046
0
LINE
8
BLACK
6
CONTINUOUS
10
6.9000946850393703
20
-3.4073661023622046
11
6.8979658661417318
21
-3.4064842913385824
0
LINE
8
BLACK
6
CONTINUOUS
10
6.8979658661417318
20
-3.4064842913385824
11
6.8963365748031498
21
-3.404855
0
LINE
8
BLACK
6
CONTINUOUS
10
6.8963365748031498
20
-3.404855
11
6.8954547637795276
21
-3.4027261811023619
0
LINE
8
BLACK
6
CONTINUOUS
10
6.8954547637795276
20
-3.4027261811023619
11
6.8954547637795276
21
-3.400421929133858
0
LINE
8
BLACK
6
CONTINUOUS
10
6.8954547637795276
20
-3.400421929133858
11
6.8963365748031498
21
-3.3982931102362204
0
LINE
8
BLACK
6
CONTINUOUS
10
6.8963365748031498
20
-3.3982931102362204
11
6.8979658661417318
21
-3.3966638188976379
0
LINE
8
BLACK
6
CONTINUOUS
10
6.8979658661417318
20
-3.3966638188976379
11
6.9000946850393703
21
-3.3957820078740157
0
LINE
8
BLACK
6
CONTINUOUS
10
6.9000946850393703
20
-3.3957820078740157
11
6.901246811023622
21
-3.3956685433070866
0
LINE
8
BLACK
6
CONTINUOUS
10
6.901246811023622
20
-3.3956685433070866
11
6.9235475984251966
21
-3.3956685433070866
0
LINE
8
BLACK
6
CONTINUOUS
10
6.9235475984251966
20
-3.3956685433070866
11
6.8998831496062989
21
-3.3720040944881888
0
LINE
8
BLACK
6
CONTINUOUS
10
6.8998831496062989
20
-3.3720040944881888
11
6.8991487007874017
21
-3.3711091732283465
0
LINE
8
BLACK
6
CONTINUOUS
10
6.8991487007874017
20
-3.3711091732283465
11
6.8990674803149608
21
-3.3709131102362204
0
LINE
8
BLACK
6
CONTINUOUS
10
6.8990674803149608
20
-3.3709131102362204
11
6.8989285039370074
21
-3.3707528740157477
0
LINE
8
BLACK
6
CONTINUOUS
10
6.8989285039370074
20
-3.3707528740157477
11
6.8984565354330707
21
-3.369695748031496
0
LINE
8
BLACK
6
CONTINUOUS
10
6.8984565354330707
20
-3.369695748031496
11
6.89564437007874
21
-3.3612593700787401
0
LINE
8
BLACK
6
CONTINUOUS
10
6.89564437007874
20
-3.3612593700787401
11
6.8955144488188971
21
-3.3606881102362203
0
LINE
8
BLACK
6
CONTINUOUS
10
6.8955144488188971
20
-3.3606881102362203
11
6.8954547637795276
21
-3.3605439763779525
0
LINE
8
BLACK
6
CONTINUOUS
10
6.8954547637795276
20
-3.3605439763779525
11
6.8954341732283462
21
-3.3603349606299213
0
LINE
8
BLACK
6
CONTINUOUS
10
6.8954341732283462
20
-3.3603349606299213
11
6.8953876771653544
21
-3.3601304724409449
0
LINE
8
BLACK
6
CONTINUOUS
10
6.8953876771653544
20
-3.3601304724409449
11
6.8953987007874016
21
-3.3599749606299212
0
LINE
8
BLACK
6
CONTINUOUS
10
6.8953987007874016
20
-3.3599749606299212
11
6.895341299212598
21
-3.3593918503937008
0
LINE
8
BLACK
6
CONTINUOUS
10
6.895341299212598
20
-3.3593918503937008
11
6.895341299212598
21
-3.3537675196850394
0
LINE
8
BLACK
6
CONTINUOUS
10
6.895341299212598
20
-3.3537675196850394
11
6.8954547637795276
21
-3.3526153937007872
0
LINE
8
BLACK
6
CONTINUOUS
10
6.8954547637795276
20
-3.3526153937007872
11
6.8955359842519686
21
-3.3524192913385824
0
LINE
8
BLACK
6
CONTINUOUS
10
6.8955359842519686
20
-3.3524192913385824
11
6.8955510236220467
21
-3.3522077165354331
0
LINE
8
BLACK
6
CONTINUOUS
10
6.8955510236220467
20
-3.3522077165354331
11
6.8959647637795278
21
-3.3511264960629918
0
LINE
8
BLACK
6
CONTINUOUS
10
6.8959647637795278
20
-3.3511264960629918
11
6.8987769291338585
21
-3.3455022047244092
0
LINE
8
BLACK
6
CONTINUOUS
10
6.8987769291338585
20
-3.3455022047244092
11
6.8990890551181101
21
-3.3450062992125984
0
LINE
8
BLACK
6
CONTINUOUS
10
6.8990890551181101
20
-3.3450062992125984
11
6.8991487401574805
21
-3.3448622834645669
0
LINE
8
BLACK
6
CONTINUOUS
10
6.8991487401574805
20
-3.3448622834645669
11
6.8992817716535431
21
-3.344700157480315
0
LINE
8
BLACK
6
CONTINUOUS
10
6.8992817716535431
20
-3.344700157480315
11
6.8993936614173226
21
-3.3445224409448819
0
LINE
8
BLACK
6
CONTINUOUS
10
6.8993936614173226
20
-3.3445224409448819
11
6.8995115354330707
21
-3.3444201968503937
0
LINE
8
BLACK
6
CONTINUOUS
10
6.8995115354330707
20
-3.3444201968503937
11
6.8998831889763776
21
-3.3439673622047241
0
LINE
8
BLACK
6
CONTINUOUS
10
6.8998831889763776
20
-3.3439673622047241
11
6.9026953543307084
21
-3.3411552362204722
0
LINE
8
BLACK
6
CONTINUOUS
10
6.9026953543307084
20
-3.3411552362204722
11
6.90314811023622
21
-3.340783622047244
0
LINE
8
BLACK
6
CONTINUOUS
10
6.90314811023622
20
-3.340783622047244
11
6.9032503543307087
21
-3.3406657874015746
0
LINE
8
BLACK
6
CONTINUOUS
10
6.9032503543307087
20
-3.3406657874015746
11
6.9034279921259838
21
-3.3405539370078738
0
LINE
8
BLACK
6
CONTINUOUS
10
6.9034279921259838
20
-3.3405539370078738
11
6.903590236220472
21
-3.3404208267716533
0
LINE
8
BLACK
6
CONTINUOUS
10
6.903590236220472
20
-3.3404208267716533
11
6.9037342913385826
21
-3.3403611417322834
0
LINE
8
BLACK
6
CONTINUOUS
10
6.9037342913385826
20
-3.3403611417322834
11
6.9042301181102363
21
-3.3400490551181101
0
LINE
8
BLACK
6
CONTINUOUS
10
6.9042301181102363
20
-3.3400490551181101
11
6.9098543700787403
21
-3.3372368897637794
0
LINE
8
BLACK
6
CONTINUOUS
10
6.9098543700787403
20
-3.3372368897637794
11
6.9109356299212594
21
-3.3368231496062992
0
LINE
8
BLACK
6
CONTINUOUS
10
6.9109356299212594
20
-3.3368231496062992
11
6.9111472047244096
21
-3.3368081102362206
0
LINE
8
BLACK
6
CONTINUOUS
10
6.9111472047244096
20
-3.3368081102362206
11
6.9113433070866144
21
-3.3367268897637796
0
LINE
8
BLACK
6
CONTINUOUS
10
6.9113433070866144
20
-3.3367268897637796
11
6.9124954330708661
21
-3.3366134251968504
0
LINE
8
BLACK
6
CONTINUOUS
10
6.9124954330708661
20
-3.3366134251968504
11
6.9265561811023622
21
-3.3366134251968504
0
LINE
8
BLACK
6
CONTINUOUS
10
6.9265561811023622
20
-3.3366134251968504
11
6.9277083070866139
21
-3.3367268897637796
0
LINE
8
BLACK
6
CONTINUOUS
10
6.9783269291338579
20
-3.3367268897637796
11
6.9785228740157477
21
-3.3368080314960631
0
LINE
8
BLACK
6
CONTINUOUS
10
6.9785228740157477
20
-3.3368080314960631
11
6.9787346062992128
21
-3.3368231102362205
0
LINE
8
BLACK
6
CONTINUOUS
10
6.9787346062992128
20
-3.3368231102362205
11
6.9798158267716532
21
-3.3372368897637794
0
LINE
8
BLACK
6
CONTINUOUS
10
6.9798158267716532
20
-3.3372368897637794
11
6.9854401574803147
21
-3.3400490551181101
0
LINE
8
BLACK
6
CONTINUOUS
10
6.9854401574803147
20
-3.3400490551181101
11
6.9859359448818896
21
-3.3403611417322834
0
LINE
8
BLACK
6
CONTINUOUS
10
6.9859359448818896
20
-3.3403611417322834
11
6.9860800393700782
21
-3.3404208267716533
0
LINE
8
BLACK
6
CONTINUOUS
10
6.9860800393700782
20
-3.3404208267716533
11
6.9862422047244097
21
-3.3405539370078738
0
LINE
8
BLACK
6
CONTINUOUS
10
6.9862422047244097
20
-3.3405539370078738
11
6.9864199212598423
21
-3.3406657874015746
0
LINE
8
BLACK
6
CONTINUOUS
10
6.9864199212598423
20
-3.3406657874015746
11
6.9865221259842514
21
-3.340783622047244
0
LINE
8
BLACK
6
CONTINUOUS
10
6.9865221259842514
20
-3.340783622047244
11
6.9869749606299214
21
-3.3411552755905509
0
LINE
8
BLACK
6
CONTINUOUS
10
6.9869749606299214
20
-3.3411552755905509
11
6.9897870866141734
21
-3.3439674015748029
0
LINE
8
BLACK
6
CONTINUOUS
10
6.9897870866141734
20
-3.3439674015748029
11
6.9901587401574803
21
-3.3444202362204725
0
LINE
8
BLACK
6
CONTINUOUS
10
6.9901587401574803
20
-3.3444202362204725
11
6.9902765748031497
21
-3.3445224409448819
0
LINE
8
BLACK
6
CONTINUOUS
10
6.9902765748031497
20
-3.3445224409448819
11
6.9903883070866142
21
-3.3446999606299213
0
LINE
8
BLACK
6
CONTINUOUS
10
6.9903883070866142
20
-3.3446999606299213
11
6.9905215354330705
21
-3.3448622834645669
0
LINE
8
BLACK
6
CONTINUOUS
10
6.9905215354330705
20
-3.3448622834645669
11
6.9905812204724409
21
-3.3450064566929134
0
LINE
8
BLACK
6
CONTINUOUS
10
6.9905812204724409
20
-3.3450064566929134
11
6.9908933070866137
21
-3.3455022047244092
0
LINE
8
BLACK
6
CONTINUOUS
10
6.9908933070866137
20
-3.3455022047244092
11
6.9937054724409444
21
-3.3511264566929131
0
LINE
8
BLACK
6
CONTINUOUS
10
6.9937054724409444
20
-3.3511264566929131
11
6.9937377165354331
21
-3.3512107874015746
0
LINE
8
BLACK
6
CONTINUOUS
10
6.9937377165354331
20
-3.3512107874015746
11
6.9937631102362205
21
-3.3512450393700788
0
LINE
8
BLACK
6
CONTINUOUS
10
6.9937631102362205
20
-3.3512450393700788
11
6.9939357086614171
21
-3.3517281496062989
0
LINE
8
BLACK
6
CONTINUOUS
10
6.9939357086614171
20
-3.3517281496062989
11
6.9941192125984246
21
-3.3522077165354331
0
LINE
8
BLACK
6
CONTINUOUS
10
6.9941192125984246
20
-3.3522077165354331
11
6.9941222047244089
21
-3.3522502362204722
0
LINE
8
BLACK
6
CONTINUOUS
10
6.9941222047244089
20
-3.3522502362204722
11
6.9941525984251971
21
-3.3523352362204726
0
LINE
8
BLACK
6
CONTINUOUS
10
6.9941525984251971
20
-3.3523352362204726
11
6.9969647244094491
21
-3.3635838582677167
0
LINE
8
BLACK
6
CONTINUOUS
10
6.9969647244094491
20
-3.3635838582677167
11
6.996994212598425
21
-3.3637835039370079
0
LINE
8
BLACK
6
CONTINUOUS
10
6.996994212598425
20
-3.3637835039370079
11
6.9970275984251966
21
-3.3638640157480313
0
LINE
8
BLACK
6
CONTINUOUS
10
6.9970275984251966
20
-3.3638640157480313
11
6.9970703149606299
21
-3.3642979527559054
0
LINE
8
BLACK
6
CONTINUOUS
10
6.9970703149606299
20
-3.3642979527559054
11
6.9971340944881888
21
-3.3647290944881889
0
LINE
8
BLACK
6
CONTINUOUS
10
6.9971340944881888
20
-3.3647290944881889
11
6.9971212598425199
21
-3.3648151968503934
0
LINE
8
BLACK
6
CONTINUOUS
10
6.9971212598425199
20
-3.3648151968503934
11
6.9971410629921262
21
-3.3650161417322835
0
LINE
8
BLACK
6
CONTINUOUS
10
6.9971410629921262
20
-3.3650161417322835
11
6.9971410629921262
21
-3.3790768897637795
0
LINE
8
BLACK
6
CONTINUOUS
10
6.9971410629921262
20
-3.3790768897637795
11
6.9971212598425199
21
-3.3792777952755904
0
LINE
8
BLACK
6
CONTINUOUS
10
6.9971212598425199
20
-3.3792777952755904
11
6.9971340944881888
21
-3.3793639370078741
0
LINE
8
BLACK
6
CONTINUOUS
10
6.9971340944881888
20
-3.3793639370078741
11
6.9970703149606299
21
-3.3797950393700789
0
LINE
8
BLACK
6
CONTINUOUS
10
6.9970703149606299
20
-3.3797950393700789
11
6.9970275984251966
21
-3.3802290157480313
0
LINE
8
BLACK
6
CONTINUOUS
10
6.9970275984251966
20
-3.3802290157480313
11
6.996994212598425
21
-3.3803094881889764
0
LINE
8
BLACK
6
CONTINUOUS
10
6.996994212598425
20
-3.3803094881889764
11
6.9969647244094491
21
-3.3805091732283463
0
LINE
8
BLACK
6
CONTINUOUS
10
6.9969647244094491
20
-3.3805091732283463
11
6.9941525984251971
21
-3.3917577559055117
0
LINE
8
BLACK
6
CONTINUOUS
10
6.9941525984251971
20
-3.3917577559055117
11
6.9941222047244089
21
-3.3918427165354328
0
LINE
8
BLACK
6
CONTINUOUS
10
6.9941222047244089
20
-3.3918427165354328
11
6.9941192125984246
21
-3.3918852755905511
0
LINE
8
BLACK
6
CONTINUOUS
10
6.9941192125984246
20
-3.3918852755905511
11
6.9939357086614171
21
-3.3923648031496061
0
LINE
8
BLACK
6
CONTINUOUS
10
6.9939357086614171
20
-3.3923648031496061
11
6.9937631102362205
21
-3.3928479527559054
0
LINE
8
BLACK
6
CONTINUOUS
10
6.9937631102362205
20
-3.3928479527559054
11
6.9937377165354331
21
-3.3928821653543308
0
LINE
8
BLACK
6
CONTINUOUS
10
6.9937377165354331
20
-3.3928821653543308
11
6.9937054724409444
21
-3.3929665354330707
0
LINE
8
BLACK
6
CONTINUOUS
10
6.9937054724409444
20
-3.3929665354330707
11
6.9908933070866137
21
-3.3985907874015746
0
LINE
8
BLACK
6
CONTINUOUS
10
6.9908933070866137
20
-3.3985907874015746
11
6.9905811811023622
21
-3.3990865748031496
0
LINE
8
BLACK
6
CONTINUOUS
10
6.9905811811023622
20
-3.3990865748031496
11
6.9905215354330705
21
-3.3992306692913385
0
LINE
8
BLACK
6
CONTINUOUS
10
6.9905215354330705
20
-3.3992306692913385
11
6.9903883858267717
21
-3.399392874015748
0
LINE
8
BLACK
6
CONTINUOUS
10
6.9903883858267717
20
-3.399392874015748
11
6.9902765748031497
21
-3.3995705511811023
0
LINE
8
BLACK
6
CONTINUOUS
10
6.9902765748031497
20
-3.3995705511811023
11
6.9901587007874015
21
-3.3996727559055118
0
LINE
8
BLACK
6
CONTINUOUS
10
6.9901587007874015
20
-3.3996727559055118
11
6.9897871259842521
21
-3.4001255511811022
0
LINE
8
BLACK
6
CONTINUOUS
10
6.9897871259842521
20
-3.4001255511811022
11
6.9869750000000002
21
-3.4029377165354329
0
LINE
8
BLACK
6
CONTINUOUS
10
6.9869750000000002
20
-3.4029377165354329
11
6.986522007874016
21
-3.4033094488188977
0
LINE
8
BLACK
6
CONTINUOUS
10
6.986522007874016
20
-3.4033094488188977
11
6.9864198818897636
21
-3.4034272440944879
0
LINE
8
BLACK
6
CONTINUOUS
10
6.9864198818897636
20
-3.4034272440944879
11
6.9862422834645663
21
-3.4035390157480316
0
LINE
8
BLACK
6
CONTINUOUS
10
6.9862422834645663
20
-3.4035390157480316
11
6.9860800787401569
21
-3.4036721653543305
0
LINE
8
BLACK
6
CONTINUOUS
10
6.9860800787401569
20
-3.4036721653543305
11
6.9859359842519684
21
-3.4037318110236221
0
LINE
8
BLACK
6
CONTINUOUS
10
6.9859359842519684
20
-3.4037318110236221
11
6.9854401574803147
21
-3.4040439763779529
0
LINE
8
BLACK
6
CONTINUOUS
10
6.9854401574803147
20
-3.4040439763779529
11
6.9798157874015745
21
-3.4068561023622048
0
LINE
8
BLACK
6
CONTINUOUS
10
6.9798157874015745
20
-3.4068561023622048
11
6.9787345669291341
21
-3.4072698818897638
0
LINE
8
BLACK
6
CONTINUOUS
10
6.9787345669291341
20
-3.4072698818897638
11
6.9785229133858264
21
-3.4072848818897636
0
LINE
8
BLACK
6
CONTINUOUS
10
6.9785229133858264
20
-3.4072848818897636
11
6.9783269291338579
21
-3.4073661023622046
0
LINE
8
BLACK
6
CONTINUOUS
10
6.9783269291338579
20
-3.4073661023622046
11
6.9771748031496061
21
-3.4074795669291338
0
LINE
8
BLACK
6
CONTINUOUS
10
6.9771748031496061
20
-3.4074795669291338
11
6.9715505118110235
21
-3.4074795669291338
0
LINE
8
BLACK
6
CONTINUOUS
10
6.9715505118110235
20
-3.4074795669291338
11
6.9703983858267717
21
-3.4073661023622046
0
LINE
8
BLACK
6
CONTINUOUS
10
6.9703983858267717
20
-3.4073661023622046
11
6.9702023622047244
21
-3.4072848818897636
0
LINE
8
BLACK
6
CONTINUOUS
10
6.9702023622047244
20
-3.4072848818897636
11
6.9699907480314955
21
-3.4072698818897638
0
LINE
8
BLACK
6
CONTINUOUS
10
6.9699907480314955
20
-3.4072698818897638
11
6.9689095275590551
21
-3.4068561023622048
0
LINE
8
BLACK
6
CONTINUOUS
10
6.9689095275590551
20
-3.4068561023622048
11
6.9632851968503937
21
-3.4040439763779529
0
LINE
8
BLACK
6
CONTINUOUS
10
6.9632851968503937
20
-3.4040439763779529
11
6.9627893307086612
21
-3.4037318110236221
0
LINE
8
BLACK
6
CONTINUOUS
10
6.9627893307086612
20
-3.4037318110236221
11
6.9626452755905515
21
-3.4036721653543305
0
LINE
8
BLACK
6
CONTINUOUS
10
6.9626452755905515
20
-3.4036721653543305
11
6.9624830314960624
21
-3.4035390157480316
0
LINE
8
BLACK
6
CONTINUOUS
10
6.9624830314960624
20
-3.4035390157480316
11
6.9623054724409448
21
-3.4034272440944879
0
LINE
8
BLACK
6
CONTINUOUS
10
6.9623054724409448
20
-3.4034272440944879
11
6.9622033070866136
21
-3.4033094488188977
0
LINE
8
BLACK
6
CONTINUOUS
10
6.9622033070866136
20
-3.4033094488188977
11
6.9617503543307082
21
-3.4029377165354329
0
LINE
8
BLACK
6
CONTINUOUS
10
6.9617503543307082
20
-3.4029377165354329
11
6.9589382283464563
21
-3.4001255511811022
0
LINE
8
BLACK
6
CONTINUOUS
10
6.9589382283464563
20
-3.4001255511811022
11
6.9585666535433068
21
-3.3996727952755905
0
LINE
8
BLACK
6
CONTINUOUS
10
6.9585666535433068
20
-3.3996727952755905
11
6.9584487795275587
21
-3.3995705511811023
0
LINE
8
BLACK
6
CONTINUOUS
10
6.9584487795275587
20
-3.3995705511811023
11
6.9583368503937004
21
-3.399392716535433
0
LINE
8
BLACK
6
CONTINUOUS
10
6.9583368503937004
20
-3.399392716535433
11
6.9582038188976378
21
-3.3992306299212598
0
LINE
8
BLACK
6
CONTINUOUS
10
6.9582038188976378
20
-3.3992306299212598
11
6.9581441732283462
21
-3.3990866535433071
0
LINE
8
BLACK
6
CONTINUOUS
10
6.9581441732283462
20
-3.3990866535433071
11
6.9578320472440947
21
-3.3985907874015746
0
LINE
8
BLACK
6
CONTINUOUS
10
6.9578320472440947
20
-3.3985907874015746
11
6.9550198818897639
21
-3.3929664960629919
0
LINE
8
BLACK
6
CONTINUOUS
10
6.9550198818897639
20
-3.3929664960629919
11
6.9549875984251965
21
-3.3928822047244092
0
LINE
8
BLACK
6
CONTINUOUS
10
6.9549875984251965
20
-3.3928822047244092
11
6.9549622440944878
21
-3.3928479527559054
0
LINE
8
BLACK
6
CONTINUOUS
10
6.9549622440944878
20
-3.3928479527559054
11
6.954789527559055
21
-3.3923645669291336
0
LINE
8
BLACK
6
CONTINUOUS
10
6.954789527559055
20
-3.3923645669291336
11
6.9546061417322829
21
-3.3918852755905511
0
LINE
8
BLACK
6
CONTINUOUS
10
6.9546061417322829
20
-3.3918852755905511
11
6.9546031102362207
21
-3.3918427165354328
0
LINE
8
BLACK
6
CONTINUOUS
10
6.9546031102362207
20
-3.3918427165354328
11
6.9545727559055113
21
-3.3917577559055117
0
LINE
8
BLACK
6
CONTINUOUS
10
6.9545727559055113
20
-3.3917577559055117
11
6.9517605905511806
21
-3.3805092125984251
0
LINE
8
BLACK
6
CONTINUOUS
10
6.9517605905511806
20
-3.3805092125984251
11
6.9517310236220471
21
-3.3803094881889764
0
LINE
8
BLACK
6
CONTINUOUS
10
6.9517310236220471
20
-3.3803094881889764
11
6.951697716535433
21
-3.3802290157480313
0
LINE
8
BLACK
6
CONTINUOUS
10
6.951697716535433
20
-3.3802290157480313
11
6.9516549606299209
21
-3.3797950787401576
0
LINE
8
BLACK
6
CONTINUOUS
10
6.9516549606299209
20
-3.3797950787401576
11
6.9515912204724408
21
-3.3793639370078741
0
LINE
8
BLACK
6
CONTINUOUS
10
6.9515912204724408
20
-3.3793639370078741
11
6.951604015748031
21
-3.3792777952755904
0
LINE
8
BLACK
6
CONTINUOUS
10
6.951604015748031
20
-3.3792777952755904
11
6.9515842519685034
21
-3.3790768897637795
0
LINE
8
BLACK
6
CONTINUOUS
10
6.9515842519685034
20
-3.3790768897637795
11
6.9515842519685034
21
-3.3650161417322835
0
LINE
8
BLACK
6
CONTINUOUS
10
6.9515842519685034
20
-3.3650161417322835
11
6.951604015748031
21
-3.3648151968503934
0
LINE
8
BLACK
6
CONTINUOUS
10
6.951604015748031
20
-3.3648151968503934
11
6.9515912204724408
21
-3.3647290944881889
0
LINE
8
BLACK
6
CONTINUOUS
10
6.9515912204724408
20
-3.3647290944881889
11
6.9516549606299209
21
-3.3642979527559054
0
LINE
8
BLACK
6
CONTINUOUS
10
6.9516549606299209
20
-3.3642979527559054
11
6.951697716535433
21
-3.3638640157480313
0
LINE
8
BLACK
6
CONTINUOUS
10
6.951697716535433
20
-3.3638640157480313
11
6.9517310629921258
21
-3.3637835039370079
0
LINE
8
BLACK
6
CONTINUOUS
10
6.9517310629921258
20
-3.3637835039370079
11
6.9517605905511806
21
-3.3635838582677167
0
LINE
8
BLACK
6
CONTINUOUS
10
6.9517605905511806
20
-3.3635838582677167
11
6.9545727559055113
21
-3.3523352362204726
0
LINE
8
BLACK
6
CONTINUOUS
10
6.9545727559055113
20
-3.3523352362204726
11
6.9546031102362207
21
-3.3522502362204722
0
LINE
8
BLACK
6
CONTINUOUS
10
6.9546031102362207
20
-3.3522502362204722
11
6.9546061417322829
21
-3.3522077165354331
0
LINE
8
BLACK
6
CONTINUOUS
10
6.9546061417322829
20
-3.3522077165354331
11
6.954789527559055
21
-3.3517283858267715
0
LINE
8
BLACK
6
CONTINUOUS
10
6.954789527559055
20
-3.3517283858267715
11
6.9549622440944878
21
-3.3512450393700788
0
LINE
8
BLACK
6
CONTINUOUS
10
6.9549622440944878
20
-3.3512450393700788
11
6.9549875984251965
21
-3.3512107480314959
0
LINE
8
BLACK
6
CONTINUOUS
10
6.9549875984251965
20
-3.3512107480314959
11
6.9550198818897639
21
-3.3511264960629918
0
LINE
8
BLACK
6
CONTINUOUS
10
6.9550198818897639
20
-3.3511264960629918
11
6.9578320472440947
21
-3.3455022047244092
0
LINE
8
BLACK
6
CONTINUOUS
10
6.9578320472440947
20
-3.3455022047244092
11
6.9581441338582675
21
-3.3450063779527559
0
LINE
8
BLACK
6
CONTINUOUS
10
6.9581441338582675
20
-3.3450063779527559
11
6.9582038188976378
21
-3.3448623228346457
0
LINE
8
BLACK
6
CONTINUOUS
10
6.9582038188976378
20
-3.3448623228346457
11
6.9583369291338579
21
-3.3447001181102363
0
LINE
8
BLACK
6
CONTINUOUS
10
6.9583369291338579
20
-3.3447001181102363
11
6.9584487795275587
21
-3.3445224409448819
0
LINE
8
BLACK
6
CONTINUOUS
10
6.9584487795275587
20
-3.3445224409448819
11
6.9585666141732281
21
-3.3444201968503937
0
LINE
8
BLACK
6
CONTINUOUS
10
6.9585666141732281
20
-3.3444201968503937
11
6.958938267716535
21
-3.3439674015748029
0
LINE
8
BLACK
6
CONTINUOUS
10
6.958938267716535
20
-3.3439674015748029
11
6.961750393700787
21
-3.3411552755905509
0
LINE
8
BLACK
6
CONTINUOUS
10
6.961750393700787
20
-3.3411552755905509
11
6.9622032283464561
21
-3.3407835826771652
0
LINE
8
BLACK
6
CONTINUOUS
10
6.9622032283464561
20
-3.3407835826771652
11
6.962305433070866
21
-3.3406657874015746
0
LINE
8
BLACK
6
CONTINUOUS
10
6.962305433070866
20
-3.3406657874015746
11
6.9624829527559058
21
-3.3405540157480313
0
LINE
8
BLACK
6
CONTINUOUS
10
6.9624829527559058
20
-3.3405540157480313
11
6.9626452755905515
21
-3.3404208267716533
0
LINE
8
BLACK
6
CONTINUOUS
10
6.9626452755905515
20
-3.3404208267716533
11
6.9627894488188975
21
-3.3403611023622046
0
LINE
8
BLACK
6
CONTINUOUS
10
6.9627894488188975
20
-3.3403611023622046
11
6.9632851968503937
21
-3.3400490551181101
0
LINE
8
BLACK
6
CONTINUOUS
10
6.9632851968503937
20
-3.3400490551181101
11
6.9689094488188976
21
-3.3372368897637794
0
LINE
8
BLACK
6
CONTINUOUS
10
6.9689094488188976
20
-3.3372368897637794
11
6.9699907086614168
21
-3.3368231496062992
0
LINE
8
BLACK
6
CONTINUOUS
10
6.9699907086614168
20
-3.3368231496062992
11
6.9702022834645669
21
-3.3368081102362206
0
LINE
8
BLACK
6
CONTINUOUS
10
6.9702022834645669
20
-3.3368081102362206
11
6.9703983858267717
21
-3.3367268897637796
0
LINE
8
BLACK
6
CONTINUOUS
10
6.9703983858267717
20
-3.3367268897637796
11
6.9715505118110235
21
-3.3366134251968504
0
LINE
8
BLACK
6
CONTINUOUS
10
6.9715505118110235
20
-3.3366134251968504
11
6.9771748031496061
21
-3.3366134251968504
0
LINE
8
BLACK
6
CONTINUOUS
10
6.9771748031496061
20
-3.3366134251968504
11
6.9783269291338579
21
-3.3367268897637796
0
LINE
8
BLACK
6
CONTINUOUS
10
6.9694244094488189
20
-3.3501845275590552
11
6.9679675590551176
21
-3.3516413779527556
0
LINE
8
BLACK
6
CONTINUOUS
10
6.9679675590551176
20
-3.3516413779527556
11
6.9658738582677167
21
-3.3558287401574804
0
LINE
8
BLACK
6
CONTINUOUS
10
6.9658738582677167
20
-3.3558287401574804
11
6.9633952755905506
21
-3.3657430708661416
0
LINE
8
BLACK
6
CONTINUOUS
10
6.9633952755905506
20
-3.3657430708661416
11
6.9633952755905506
21
-3.3783498818897635
0
LINE
8
BLACK
6
CONTINUOUS
10
6.9633952755905506
20
-3.3783498818897635
11
6.9658738582677167
21
-3.388264212598425
0
LINE
8
BLACK
6
CONTINUOUS
10
6.9658738582677167
20
-3.388264212598425
11
6.9679675590551176
21
-3.3924516141732282
0
LINE
8
BLACK
6
CONTINUOUS
10
6.9679675590551176
20
-3.3924516141732282
11
6.9694244094488189
21
-3.3939084645669291
0
LINE
8
BLACK
6
CONTINUOUS
10
6.9694244094488189
20
-3.3939084645669291
11
6.9729446062992126
21
-3.3956685433070866
0
LINE
8
BLACK
6
CONTINUOUS
10
6.9729446062992126
20
-3.3956685433070866
11
6.9757807480314957
21
-3.3956685433070866
0
LINE
8
BLACK
6
CONTINUOUS
10
6.9757807480314957
20
-3.3956685433070866
11
6.9793009448818895
21
-3.3939084251968503
0
LINE
8
BLACK
6
CONTINUOUS
10
6.9793009448818895
20
-3.3939084251968503
11
6.9807577559055121
21
-3.3924515748031494
0
LINE
8
BLACK
6
CONTINUOUS
10
6.9807577559055121
20
-3.3924515748031494
11
6.982851456692913
21
-3.3882641732283463
0
LINE
8
BLACK
6
CONTINUOUS
10
6.982851456692913
20
-3.3882641732283463
11
6.985330039370079
21
-3.378349960629921
0
LINE
8
BLACK
6
CONTINUOUS
10
6.985330039370079
20
-3.378349960629921
11
6.985330039370079
21
-3.3657430314960628
0
LINE
8
BLACK
6
CONTINUOUS
10
6.985330039370079
20
-3.3657430314960628
11
6.982851456692913
21
-3.3558287795275588
0
LINE
8
BLACK
6
CONTINUOUS
10
6.982851456692913
20
-3.3558287795275588
11
6.9807577952755908
21
-3.3516414173228344
0
LINE
8
BLACK
6
CONTINUOUS
10
6.9807577952755908
20
-3.3516414173228344
11
6.9793009448818895
21
-3.3501845669291339
0
LINE
8
BLACK
6
CONTINUOUS
10
6.9793009448818895
20
-3.3501845669291339
11
6.975780708661417
21
-3.3484244488188977
0
LINE
8
BLACK
6
CONTINUOUS
10
6.975780708661417
20
-3.3484244488188977
11
6.9729446062992126
21
-3.3484244488188977
0
LINE
8
BLACK
6
CONTINUOUS
10
6.9729446062992126
20
-3.3484244488188977
11
6.9694244094488189
21
-3.3501845275590552
0
LINE
8
BLACK
6
CONTINUOUS
10
7.0401942125984247
20
-3.3367268897637796
11
7.0403902755905508
21
-3.3368081102362206
0
LINE
8
BLACK
6
CONTINUOUS
10
7.0403902755905508
20
-3.3368081102362206
11
7.0406018897637797
21
-3.3368231496062992
0
LINE
8
BLACK
6
CONTINUOUS
10
7.0406018897637797
20
-3.3368231496062992
11
7.0416831102362201
21
-3.3372368897637794
0
LINE
8
BLACK
6
CONTINUOUS
10
7.0416831102362201
20
-3.3372368897637794
11
7.0473074015748027
21
-3.3400490551181101
0
LINE
8
BLACK
6
CONTINUOUS
10
7.0473074015748027
20
-3.3400490551181101
11
7.0478031889763777
21
-3.3403611417322834
0
LINE
8
BLACK
6
CONTINUOUS
10
7.0478031889763777
20
-3.3403611417322834
11
7.0479472834645671
21
-3.3404208267716533
0
LINE
8
BLACK
6
CONTINUOUS
10
7.0479472834645671
20
-3.3404208267716533
11
7.0481094488188978
21
-3.3405539370078738
0
LINE
8
BLACK
6
CONTINUOUS
10
7.0481094488188978
20
-3.3405539370078738
11
7.0482871653543304
21
-3.3406657874015746
0
LINE
8
BLACK
6
CONTINUOUS
10
7.0482871653543304
20
-3.3406657874015746
11
7.0483893700787403
21
-3.340783622047244
0
LINE
8
BLACK
6
CONTINUOUS
10
7.0483893700787403
20
-3.340783622047244
11
7.0488422047244095
21
-3.3411552755905509
0
LINE
8
BLACK
6
CONTINUOUS
10
7.0488422047244095
20
-3.3411552755905509
11
7.0516543307086614
21
-3.3439674015748029
0
LINE
8
BLACK
6
CONTINUOUS
10
7.0516543307086614
20
-3.3439674015748029
11
7.0523887795275586
21
-3.3448622834645669
0
LINE
8
BLACK
6
CONTINUOUS
10
7.0523887795275586
20
-3.3448622834645669
11
7.0532705118110233
21
-3.3469911417322833
0
LINE
8
BLACK
6
CONTINUOUS
10
7.0532705118110233
20
-3.3469911417322833
11
7.0532705118110233
21
-3.3492953149606297
0
LINE
8
BLACK
6
CONTINUOUS
10
7.0532705118110233
20
-3.3492953149606297
11
7.0523887795275586
21
-3.3514241338582678
0
LINE
8
BLACK
6
CONTINUOUS
10
7.0523887795275586
20
-3.3514241338582678
11
7.0507594094488191
21
-3.3530535039370077
0
LINE
8
BLACK
6
CONTINUOUS
10
7.0507594094488191
20
-3.3530535039370077
11
7.0486305905511806
21
-3.3539352362204724
0
LINE
8
BLACK
6
CONTINUOUS
10
7.0486305905511806
20
-3.3539352362204724
11
7.0463264173228346
21
-3.3539352362204724
0
LINE
8
BLACK
6
CONTINUOUS
10
7.0463264173228346
20
-3.3539352362204724
11
7.0441975590551182
21
-3.3530535039370077
0
LINE
8
BLACK
6
CONTINUOUS
10
7.0441975590551182
20
-3.3530535039370077
11
7.0433026771653537
21
-3.3523190551181101
0
LINE
8
BLACK
6
CONTINUOUS
10
7.0433026771653537
20
-3.3523190551181101
11
7.0411681889763775
21
-3.3501845669291339
0
LINE
8
BLACK
6
CONTINUOUS
10
7.0411681889763775
20
-3.3501845669291339
11
7.0376479921259838
21
-3.3484244488188977
0
LINE
8
BLACK
6
CONTINUOUS
10
7.0376479921259838
20
-3.3484244488188977
11
7.0263754330708661
21
-3.3484244488188977
0
LINE
8
BLACK
6
CONTINUOUS
10
7.0263754330708661
20
-3.3484244488188977
11
7.0228551968503936
21
-3.3501845669291339
0
LINE
8
BLACK
6
CONTINUOUS
10
7.0228551968503936
20
-3.3501845669291339
11
7.0213983464566931
21
-3.3516413779527556
0
LINE
8
BLACK
6
CONTINUOUS
10
7.0213983464566931
20
-3.3516413779527556
11
7.0196382283464569
21
-3.3551616141732281
0
LINE
8
BLACK
6
CONTINUOUS
10
7.0196382283464569
20
-3.3551616141732281
11
7.0196382283464569
21
-3.3584335039370079
0
LINE
8
BLACK
6
CONTINUOUS
10
7.0196382283464569
20
-3.3584335039370079
11
7.0217064566929128
21
-3.3646381889763779
0
LINE
8
BLACK
6
CONTINUOUS
10
7.0217064566929128
20
-3.3646381889763779
11
7.0544664960629921
21
-3.3973982283464568
0
LINE
8
BLACK
6
CONTINUOUS
10
7.0544664960629921
20
-3.3973982283464568
11
7.0552009448818893
21
-3.3982931102362204
0
LINE
8
BLACK
6
CONTINUOUS
10
7.0552009448818893
20
-3.3982931102362204
11
7.0558244094488192
21
-3.3997984251968503
0
LINE
8
BLACK
6
CONTINUOUS
10
7.0558244094488192
20
-3.3997984251968503
11
7.0559599212598423
21
-3.4001255511811022
0
LINE
8
BLACK
6
CONTINUOUS
10
7.0559599212598423
20
-3.4001255511811022
11
7.0560827165354327
21
-3.4004219685039367
0
LINE
8
BLACK
6
CONTINUOUS
10
7.0560827165354327
20
-3.4004219685039367
11
7.0560827165354327
21
-3.4027261417322836
0
LINE
8
BLACK
6
CONTINUOUS
10
7.0560827165354327
20
-3.4027261417322836
11
7.0552009448818893
21
-3.4048549606299212
0
LINE
8
BLACK
6
CONTINUOUS
10
7.0552009448818893
20
-3.4048549606299212
11
7.0535715748031498
21
-3.4064843307086612
0
LINE
8
BLACK
6
CONTINUOUS
10
7.0535715748031498
20
-3.4064843307086612
11
7.052674015748031
21
-3.4068561023622048
0
LINE
8
BLACK
6
CONTINUOUS
10
7.052674015748031
20
-3.4068561023622048
11
7.05144279527559
21
-3.4073661023622046
0
LINE
8
BLACK
6
CONTINUOUS
10
7.05144279527559
20
-3.4073661023622046
11
7.0502906692913383
21
-3.4074795669291338
0
LINE
8
BLACK
6
CONTINUOUS
10
7.0502906692913383
20
-3.4074795669291338
11
7.0137327165354328
21
-3.4074795669291338
0
LINE
8
BLACK
6
CONTINUOUS
10
7.0137327165354328
20
-3.4074795669291338
11
7.0125805905511811
21
-3.4073661023622046
0
LINE
8
BLACK
6
CONTINUOUS
10
7.0125805905511811
20
-3.4073661023622046
11
7.0104517716535435
21
-3.4064842913385824
0
LINE
8
BLACK
6
CONTINUOUS
10
7.0104517716535435
20
-3.4064842913385824
11
7.0088224803149606
21
-3.404855
0
LINE
8
BLACK
6
CONTINUOUS
10
7.0088224803149606
20
-3.404855
11
7.0079406692913384
21
-3.4027261811023619
0
LINE
8
BLACK
6
CONTINUOUS
10
7.0079406692913384
20
-3.4027261811023619
11
7.0079406692913384
21
-3.400421929133858
0
LINE
8
BLACK
6
CONTINUOUS
10
7.0079406692913384
20
-3.400421929133858
11
7.0088224803149606
21
-3.3982931102362204
0
LINE
8
BLACK
6
CONTINUOUS
10
7.0088224803149606
20
-3.3982931102362204
11
7.0104517716535435
21
-3.3966638188976379
0
LINE
8
BLACK
6
CONTINUOUS
10
7.0104517716535435
20
-3.3966638188976379
11
7.0125805905511811
21
-3.3957820078740157
0
LINE
8
BLACK
6
CONTINUOUS
10
7.0125805905511811
20
-3.3957820078740157
11
7.0137327165354328
21
-3.3956685433070866
0
LINE
8
BLACK
6
CONTINUOUS
10
7.0137327165354328
20
-3.3956685433070866
11
7.0360335039370074
21
-3.3956685433070866
0
LINE
8
BLACK
6
CONTINUOUS
10
7.0360335039370074
20
-3.3956685433070866
11
7.0123690551181097
21
-3.3720040944881888
0
LINE
8
BLACK
6
CONTINUOUS
10
7.0123690551181097
20
-3.3720040944881888
11
7.0116346062992125
21
-3.3711091732283465
0
LINE
8
BLACK
6
CONTINUOUS
10
7.0116346062992125
20
-3.3711091732283465
11
7.0115533858267716
21
-3.3709131102362204
0
LINE
8
BLACK
6
CONTINUOUS
10
7.0115533858267716
20
-3.3709131102362204
11
7.0114144094488191
21
-3.3707528740157477
0
LINE
8
BLACK
6
CONTINUOUS
10
7.0114144094488191
20
-3.3707528740157477
11
7.0109424409448815
21
-3.369695748031496
0
LINE
8
BLACK
6
CONTINUOUS
10
7.0109424409448815
20
-3.369695748031496
11
7.0081302755905508
21
-3.3612593700787401
0
LINE
8
BLACK
6
CONTINUOUS
10
7.0081302755905508
20
-3.3612593700787401
11
7.0080003543307088
21
-3.3606881102362203
0
LINE
8
BLACK
6
CONTINUOUS
10
7.0080003543307088
20
-3.3606881102362203
11
7.0079406692913384
21
-3.3605439763779525
0
LINE
8
BLACK
6
CONTINUOUS
10
7.0079406692913384
20
-3.3605439763779525
11
7.007920078740157
21
-3.3603349606299213
0
LINE
8
BLACK
6
CONTINUOUS
10
7.007920078740157
20
-3.3603349606299213
11
7.0078735826771652
21
-3.3601304724409449
0
LINE
8
BLACK
6
CONTINUOUS
10
7.0078735826771652
20
-3.3601304724409449
11
7.0078846062992124
21
-3.3599749606299212
0
LINE
8
BLACK
6
CONTINUOUS
10
7.0078846062992124
20
-3.3599749606299212
11
7.0078272047244097
21
-3.3593918503937008
0
LINE
8
BLACK
6
CONTINUOUS
10
7.0078272047244097
20
-3.3593918503937008
11
7.0078272047244097
21
-3.3537675196850394
0
LINE
8
BLACK
6
CONTINUOUS
10
7.0078272047244097
20
-3.3537675196850394
11
7.0079406692913384
21
-3.3526153937007872
0
LINE
8
BLACK
6
CONTINUOUS
10
7.0079406692913384
20
-3.3526153937007872
11
7.0080218897637794
21
-3.3524192913385824
0
LINE
8
BLACK
6
CONTINUOUS
10
7.0080218897637794
20
-3.3524192913385824
11
7.0080369291338585
21
-3.3522077165354331
0
LINE
8
BLACK
6
CONTINUOUS
10
7.0080369291338585
20
-3.3522077165354331
11
7.0084506692913386
21
-3.3511264960629918
0
LINE
8
BLACK
6
CONTINUOUS
10
7.0084506692913386
20
-3.3511264960629918
11
7.0112628346456694
21
-3.3455022047244092
0
LINE
8
BLACK
6
CONTINUOUS
10
7.0112628346456694
20
-3.3455022047244092
11
7.0115749606299209
21
-3.3450062992125984
0
LINE
8
BLACK
6
CONTINUOUS
10
7.0115749606299209
20
-3.3450062992125984
11
7.0116346456692913
21
-3.3448622834645669
0
LINE
8
BLACK
6
CONTINUOUS
10
7.0116346456692913
20
-3.3448622834645669
11
7.0117676771653539
21
-3.344700157480315
0
LINE
8
BLACK
6
CONTINUOUS
10
7.0117676771653539
20
-3.344700157480315
11
7.0118795669291334
21
-3.3445224409448819
0
LINE
8
BLACK
6
CONTINUOUS
10
7.0118795669291334
20
-3.3445224409448819
11
7.0119974409448815
21
-3.3444201968503937
0
LINE
8
BLACK
6
CONTINUOUS
10
7.0119974409448815
20
-3.3444201968503937
11
7.0123690944881885
21
-3.3439673622047241
0
LINE
8
BLACK
6
CONTINUOUS
10
7.0123690944881885
20
-3.3439673622047241
11
7.0151812598425192
21
-3.3411552362204722
0
LINE
8
BLACK
6
CONTINUOUS
10
7.0151812598425192
20
-3.3411552362204722
11
7.0156340157480317
21
-3.340783622047244
0
LINE
8
BLACK
6
CONTINUOUS
10
7.0156340157480317
20
-3.340783622047244
11
7.0157362598425195
21
-3.3406657874015746
0
LINE
8
BLACK
6
CONTINUOUS
10
7.0157362598425195
20
-3.3406657874015746
11
7.0159138976377955
21
-3.3405539370078738
0
LINE
8
BLACK
6
CONTINUOUS
10
7.0159138976377955
20
-3.3405539370078738
11
7.0160761417322837
21
-3.3404208267716533
0
LINE
8
BLACK
6
CONTINUOUS
10
7.0160761417322837
20
-3.3404208267716533
11
7.0162201968503934
21
-3.3403611417322834
0
LINE
8
BLACK
6
CONTINUOUS
10
7.0162201968503934
20
-3.3403611417322834
11
7.0167160236220472
21
-3.3400490551181101
0
LINE
8
BLACK
6
CONTINUOUS
10
7.0167160236220472
20
-3.3400490551181101
11
7.0223402755905511
21
-3.3372368897637794
0
LINE
8
BLACK
6
CONTINUOUS
10
7.0223402755905511
20
-3.3372368897637794
11
7.0234215354330711
21
-3.3368231496062992
0
LINE
8
BLACK
6
CONTINUOUS
10
7.0234215354330711
20
-3.3368231496062992
11
7.0236331102362204
21
-3.3368081102362206
0
LINE
8
BLACK
6
CONTINUOUS
10
7.0236331102362204
20
-3.3368081102362206
11
7.0238292125984252
21
-3.3367268897637796
0
LINE
8
BLACK
6
CONTINUOUS
10
7.0238292125984252
20
-3.3367268897637796
11
7.0249813385826769
21
-3.3366134251968504
0
LINE
8
BLACK
6
CONTINUOUS
10
7.0249813385826769
20
-3.3366134251968504
11
7.039042086614173
21
-3.3366134251968504
0
LINE
8
BLACK
6
CONTINUOUS
10
7.039042086614173
20
-3.3366134251968504
11
7.0401942125984247
21
-3.3367268897637796
0
LINE
8
BLACK
6
CONTINUOUS
10
5.3800585826771652
20
-3.2256779921259842
11
5.3813370078740155
21
-3.2269564173228344
0
LINE
8
BLACK
6
CONTINUOUS
10
5.3813370078740155
20
-3.2269564173228344
11
5.3813370078740155
21
-3.2287643700787401
0
LINE
8
BLACK
6
CONTINUOUS
10
5.3813370078740155
20
-3.2287643700787401
11
5.3800585826771652
21
-3.2300427952755904
0
LINE
8
BLACK
6
CONTINUOUS
10
5.3800585826771652
20
-3.2300427952755904
11
5.3791546062992124
21
-3.2302225984251969
0
LINE
8
BLACK
6
CONTINUOUS
10
5.3791546062992124
20
-3.2302225984251969
11
5.3161624803149605
21
-3.2302225984251969
0
LINE
8
BLACK
6
CONTINUOUS
10
5.3161624803149605
20
-3.2302225984251969
11
5.3152585039370077
21
-3.2300427952755904
0
LINE
8
BLACK
6
CONTINUOUS
10
5.3152585039370077
20
-3.2300427952755904
11
5.3139800787401574
21
-3.2287643700787401
0
LINE
8
BLACK
6
CONTINUOUS
10
5.3139800787401574
20
-3.2287643700787401
11
5.3139800787401574
21
-3.2269564173228344
0
LINE
8
BLACK
6
CONTINUOUS
10
5.3139800787401574
20
-3.2269564173228344
11
5.3152585039370077
21
-3.2256779921259842
0
LINE
8
BLACK
6
CONTINUOUS
10
5.3152585039370077
20
-3.2256779921259842
11
5.3161624803149605
21
-3.2254981889763781
0
LINE
8
BLACK
6
CONTINUOUS
10
5.3161624803149605
20
-3.2254981889763781
11
5.3791546062992124
21
-3.2254981889763781
0
LINE
8
BLACK
6
CONTINUOUS
10
5.3791546062992124
20
-3.2254981889763781
11
5.3800585826771652
21
-3.2256779921259842
0
LINE
8
BLACK
6
CONTINUOUS
10
5.6162790551181105
20
-3.2256779921259842
11
5.6175574803149608
21
-3.2269564173228344
0
LINE
8
BLACK
6
CONTINUOUS
10
5.6175574803149608
20
-3.2269564173228344
11
5.6175574803149608
21
-3.2287643700787401
0
LINE
8
BLACK
6
CONTINUOUS
10
5.6175574803149608
20
-3.2287643700787401
11
5.6162790551181105
21
-3.2300427952755904
0
LINE
8
BLACK
6
CONTINUOUS
10
5.6162790551181105
20
-3.2300427952755904
11
5.6153750787401577
21
-3.2302225984251969
0
LINE
8
BLACK
6
CONTINUOUS
10
5.6153750787401577
20
-3.2302225984251969
11
5.552382952755905
21
-3.2302225984251969
0
LINE
8
BLACK
6
CONTINUOUS
10
5.552382952755905
20
-3.2302225984251969
11
5.5514789763779531
21
-3.2300427952755904
0
LINE
8
BLACK
6
CONTINUOUS
10
5.5514789763779531
20
-3.2300427952755904
11
5.5502005511811019
21
-3.2287643700787401
0
LINE
8
BLACK
6
CONTINUOUS
10
5.5502005511811019
20
-3.2287643700787401
11
5.5502005511811019
21
-3.2269564173228344
0
LINE
8
BLACK
6
CONTINUOUS
10
5.5502005511811019
20
-3.2269564173228344
11
5.5514789763779531
21
-3.2256779921259842
0
LINE
8
BLACK
6
CONTINUOUS
10
5.5514789763779531
20
-3.2256779921259842
11
5.552382952755905
21
-3.2254981889763781
0
LINE
8
BLACK
6
CONTINUOUS
10
5.552382952755905
20
-3.2254981889763781
11
5.6153750787401577
21
-3.2254981889763781
0
LINE
8
BLACK
6
CONTINUOUS
10
5.6153750787401577
20
-3.2254981889763781
11
5.6162790551181105
21
-3.2256779921259842
0
LINE
8
BLACK
6
CONTINUOUS
10
5.852499527559055
20
-3.2256779921259842
11
5.8537779527559053
21
-3.2269564173228344
0
LINE
8
BLACK
6
CONTINUOUS
10
5.8537779527559053
20
-3.2269564173228344
11
5.8537779527559053
21
-3.2287643700787401
0
LINE
8
BLACK
6
CONTINUOUS
10
5.8537779527559053
20
-3.2287643700787401
11
5.852499527559055
21
-3.2300427952755904
0
LINE
8
BLACK
6
CONTINUOUS
10
5.852499527559055
20
-3.2300427952755904
11
5.8515955511811022
21
-3.2302225984251969
0
LINE
8
BLACK
6
CONTINUOUS
10
5.8515955511811022
20
-3.2302225984251969
11
5.7886034251968503
21
-3.2302225984251969
0
LINE
8
BLACK
6
CONTINUOUS
10
5.7886034251968503
20
-3.2302225984251969
11
5.7876994488188975
21
-3.2300427952755904
0
LINE
8
BLACK
6
CONTINUOUS
10
5.7876994488188975
20
-3.2300427952755904
11
5.7864210236220472
21
-3.2287643700787401
0
LINE
8
BLACK
6
CONTINUOUS
10
5.7864210236220472
20
-3.2287643700787401
11
5.7864210236220472
21
-3.2269564173228344
0
LINE
8
BLACK
6
CONTINUOUS
10
5.7864210236220472
20
-3.2269564173228344
11
5.7876994488188975
21
-3.2256779921259842
0
LINE
8
BLACK
6
CONTINUOUS
10
5.7876994488188975
20
-3.2256779921259842
11
5.7886034251968503
21
-3.2254981889763781
0
LINE
8
BLACK
6
CONTINUOUS
10
5.7886034251968503
20
-3.2254981889763781
11
5.8515955511811022
21
-3.2254981889763781
0
LINE
8
BLACK
6
CONTINUOUS
10
5.8515955511811022
20
-3.2254981889763781
11
5.852499527559055
21
-3.2256779921259842
0
LINE
8
BLACK
6
CONTINUOUS
10
6.0887199999999995
20
-3.2256779921259842
11
6.0899984251968506
21
-3.2269564173228344
0
LINE
8
BLACK
6
CONTINUOUS
10
6.0899984251968506
20
-3.2269564173228344
11
6.0899984251968506
21
-3.2287643700787401
0
LINE
8
BLACK
6
CONTINUOUS
10
6.0899984251968506
20
-3.2287643700787401
11
6.0887199999999995
21
-3.2300427952755904
0
LINE
8
BLACK
6
CONTINUOUS
10
6.0887199999999995
20
-3.2300427952755904
11
6.0878160236220475
21
-3.2302225984251969
0
LINE
8
BLACK
6
CONTINUOUS
10
6.0878160236220475
20
-3.2302225984251969
11
6.0248238976377948
21
-3.2302225984251969
0
LINE
8
BLACK
6
CONTINUOUS
10
6.0248238976377948
20
-3.2302225984251969
11
6.023919921259842
21
-3.2300427952755904
0
LINE
8
BLACK
6
CONTINUOUS
10
6.023919921259842
20
-3.2300427952755904
11
6.0226414960629917
21
-3.2287643700787401
0
LINE
8
BLACK
6
CONTINUOUS
10
6.0226414960629917
20
-3.2287643700787401
11
6.0226414960629917
21
-3.2269564173228344
0
LINE
8
BLACK
6
CONTINUOUS
10
6.0226414960629917
20
-3.2269564173228344
11
6.023919921259842
21
-3.2256779921259842
0
LINE
8
BLACK
6
CONTINUOUS
10
6.023919921259842
20
-3.2256779921259842
11
6.0248238976377948
21
-3.2254981889763781
0
LINE
8
BLACK
6
CONTINUOUS
10
6.0248238976377948
20
-3.2254981889763781
11
6.0878160236220475
21
-3.2254981889763781
0
LINE
8
BLACK
6
CONTINUOUS
10
6.0878160236220475
20
-3.2254981889763781
11
6.0887199999999995
21
-3.2256779921259842
0
LINE
8
BLACK
6
CONTINUOUS
10
6.3249404724409448
20
-3.2256779921259842
11
6.3262188976377951
21
-3.2269564173228344
0
LINE
8
BLACK
6
CONTINUOUS
10
6.3262188976377951
20
-3.2269564173228344
11
6.3262188976377951
21
-3.2287643700787401
0
LINE
8
BLACK
6
CONTINUOUS
10
6.3262188976377951
20
-3.2287643700787401
11
6.3249404724409448
21
-3.2300427952755904
0
LINE
8
BLACK
6
CONTINUOUS
10
6.3249404724409448
20
-3.2300427952755904
11
6.324036496062992
21
-3.2302225984251969
0
LINE
8
BLACK
6
CONTINUOUS
10
6.324036496062992
20
-3.2302225984251969
11
6.2610443700787402
21
-3.2302225984251969
0
LINE
8
BLACK
6
CONTINUOUS
10
6.2610443700787402
20
-3.2302225984251969
11
6.2601403937007873
21
-3.2300427952755904
0
LINE
8
BLACK
6
CONTINUOUS
10
6.2601403937007873
20
-3.2300427952755904
11
6.2588619685039371
21
-3.2287643700787401
0
LINE
8
BLACK
6
CONTINUOUS
10
6.2588619685039371
20
-3.2287643700787401
11
6.2588619685039371
21
-3.2269564173228344
0
LINE
8
BLACK
6
CONTINUOUS
10
6.2588619685039371
20
-3.2269564173228344
11
6.2601403937007873
21
-3.2256779921259842
0
LINE
8
BLACK
6
CONTINUOUS
10
6.2601403937007873
20
-3.2256779921259842
11
6.2610443700787402
21
-3.2254981889763781
0
LINE
8
BLACK
6
CONTINUOUS
10
6.2610443700787402
20
-3.2254981889763781
11
6.324036496062992
21
-3.2254981889763781
0
LINE
8
BLACK
6
CONTINUOUS
10
6.324036496062992
20
-3.2254981889763781
11
6.3249404724409448
21
-3.2256779921259842
0
CIRCLE
8
BLACK
10
4.485611338582677
20
-3.323687125984252
40
0.0068897637795276
0
CIRCLE
8
BLACK
10
6.6466349212598423
20
-3.323687125984252
40
0.0068897637795276
0
CIRCLE
8
BLACK
10
7.1552963385826773
20
-4.823687125984252
40
0.0068897637795276
0
CIRCLE
8
BLACK
10
3.7800994881889762
20
-4.9236871653543304
40
0.0068897637795276
0
CIRCLE
8
BLACK
10
4.4300994881889766
20
-4.4969154724409446
40
0.0068897637795276
0
CIRCLE
8
BLACK
10
4.2332490944881886
20
-4.4969154724409446
40
0.0068897637795276
0
CIRCLE
8
BLACK
10
6.1000994881889765
20
-4.7036871259842519
40
0.0068897637795276
0
CIRCLE
8
BLACK
10
6.1000994881889765
20
-4.6036871259842522
40
0.0068897637795276
0
CIRCLE
8
BLACK
10
6.000099488188976
20
-4.6036871259842522
40
0.0068897637795276
0
CIRCLE
8
BLACK
10
5.9000994881889763
20
-4.6036871259842522
40
0.0068897637795276
0
CIRCLE
8
BLACK
10
6.000099488188976
20
-4.7036871259842519
40
0.0068897637795276
0
CIRCLE
8
BLACK
10
6.4000994881889763
20
-4.6036871259842522
40
0.0068897637795276
0
CIRCLE
8
BLACK
10
6.4000994881889763
20
-4.7036871259842519
40
0.0068897637795276
0
CIRCLE
8
BLACK
10
6.2000994881889762
20
-4.6036871259842522
40
0.0068897637795276
0
CIRCLE
8
BLACK
10
6.2000994881889762
20
-4.7036871259842519
40
0.0068897637795276
0
CIRCLE
8
BLACK
10
5.9000994881889763
20
-4.7036871259842519
40
0.0068897637795276
0
CIRCLE
8
BLACK
10
6.3000994881889758
20
-4.7036871259842519
40
0.0068897637795276
0
CIRCLE
8
BLACK
10
6.3000994881889758
20
-4.6036871259842522
40
0.0068897637795276
0
CIRCLE
8
BLACK
10
4.485611338582677
20
-3.323687125984252
40
0.0068897637795276
0
CIRCLE
8
BLACK
10
6.6466349212598423
20
-3.323687125984252
40
0.0068897637795276
0
CIRCLE
8
BLACK
10
7.1552963385826773
20
-4.823687125984252
40
0.0068897637795276
0
CIRCLE
8
BLACK
10
3.7800994881889762
20
-4.9236871653543304
40
0.0068897637795276
0
CIRCLE
8
BLACK
10
4.4300994881889766
20
-4.4969154724409446
40
0.0068897637795276
0
CIRCLE
8
BLACK
10
4.2332490944881886
20
-4.4969154724409446
40
0.0068897637795276
0
CIRCLE
8
WHITE
10
6.1000994881889765
20
-4.7036871259842519
40
0.0068897637795276
0
CIRCLE
8
WHITE
10
6.1000994881889765
20
-4.6036871259842522
40
0.0068897637795276
0
CIRCLE
8
WHITE
10
6.000099488188976
20
-4.6036871259842522
40
0.0068897637795276
0
CIRCLE
8
WHITE
10
5.9000994881889763
20
-4.6036871259842522
40
0.0068897637795276
0
CIRCLE
8
WHITE
10
6.000099488188976
20
-4.7036871259842519
40
0.0068897637795276
0
CIRCLE
8
WHITE
10
6.4000994881889763
20
-4.6036871259842522
40
0.0068897637795276
0
CIRCLE
8
WHITE
10
6.4000994881889763
20
-4.7036871259842519
40
0.0068897637795276
0
CIRCLE
8
WHITE
10
6.2000994881889762
20
-4.6036871259842522
40
0.0068897637795276
0
CIRCLE
8
WHITE
10
6.2000994881889762
20
-4.7036871259842519
40
0.0068897637795276
0
CIRCLE
8
WHITE
10
5.9000994881889763
20
-4.7036871259842519
40
0.0068897637795276
0
CIRCLE
8
WHITE
10
6.3000994881889758
20
-4.7036871259842519
40
0.0068897637795276
0
CIRCLE
8
WHITE
10
6.3000994881889758
20
-4.6036871259842522
40
0.0068897637795276
  0
ENDSEC
  0
EOF
